{"cursor":"6569","size":15,"audio":[],"currentlang":"en","article":"\nIn artificial intelligence (AI), 'anticipation' is the concept of an agent\nmaking decisions based on predictions, expectations, or beliefs about the\nfuture. It is widely considered that anticipation is a vital component of\ncomplex natural cognitive systems. As a branch of AI, anticipatory systems is a\nspecialization still echoing the debates from the 1980s about the necessity for\nAI for an internal model.\n","linknr":123,"url":"Anticipation_(artificial_intelligence)","recorded":1374522401,"links":["/w/index.php?title=Anticipation_(artificial_intelligence)&action=edit","/w/index.php?title=Anticipation_(artificial_intelligence)&action=edit","//bits.wikimedia.org/favicon/wikipedia.ico","/w/opensearch_desc.php","//en.wikipedia.org/w/api.php?action=rsd","//creativecommons.org/licenses/by-sa/3.0/","/w/index.php?title=Special:RecentChanges&feed=atom","//bits.wikimedia.org/en.wikipedia.org/load.php?debug=false&lang=en&modules=ext.gadget.DRN-wizard%2CReferenceTooltips%2Ccharinsert%2Cteahouse%7Cext.rtlcite%2Cwikihiero%7Cext.uls.nojs%7Cmediawiki.legacy.commonPrint%2Cshared%7Cmw.PopUpMediaTransform%7Cskins.vector&only=styles&skin=vector&*","//bits.wikimedia.org/en.wikipedia.org/load.php?debug=false&lang=en&modules=site&only=styles&skin=vector&*","//bits.wikimedia.org/en.wikipedia.org/load.php?debug=false&lang=en&modules=startup&only=scripts&skin=vector&*","//bits.wikimedia.org/geoiplookup","//meta.wikimedia.org","#mw-navigation","#p-search","//upload.wikimedia.org/wikipedia/en/thumb/9/99/Question_book-new.svg/50px-Question_book-new.svg.png","//en.wikipedia.org/w/index.php?title=Anticipation_(artificial_intelligence)&action=edit","/wiki/Help:Introduction_to_referencing/1","/wiki/Template:Citation_needed","/wiki/Wikipedia:Verifiability#Burden_of_evidence","/wiki/Artificial_intelligence","/wiki/Intelligent_agent","/wiki/Cognitive","/wiki/Model_(abstract)","#Reaction.2C_proaction_and_anticipation","#Anticipation_in_evolution_and_cognition","#From_Anticipation_to_Curiosity","#See_also","#References","#External_links","/w/index.php?title=Anticipation_(artificial_intelligence)&action=edit&section=1","/wiki/Reactive_planning","/wiki/Decision_making","/wiki/Proactive","/wiki/Knowledge_representation","/wiki/Reasoning","/wiki/Reactive_planning","/wiki/Autonomous","/wiki/Robert_Rosen_(theoretical_biologist)","#cite_note-1","/wiki/Machine_learning","/wiki/Automated_planning_and_scheduling","/w/index.php?title=Anticipation_(artificial_intelligence)&action=edit&section=2","/wiki/Reinforcement_learning","#cite_note-2","/w/index.php?title=Anticipation_(artificial_intelligence)&action=edit&section=3","/wiki/J%C3%BCrgen_Schmidhuber","/wiki/Back_propagation","/w/index.php?title=Anticipation_(artificial_intelligence)&action=edit&section=4","/wiki/Action_selection","/wiki/Cognition","/wiki/Dynamic_planning","/wiki/History_of_artificial_intelligence","/wiki/MindRACES","/wiki/Nature-nurture","/wiki/Physical_symbol_system","/wiki/Strong_AI","/wiki/Robert_Rosen_(theoretical_biologist)","/wiki/Teleonomy","/w/index.php?title=Anticipation_(artificial_intelligence)&action=edit&section=5","#cite_ref-1","/wiki/Anticipatory_Systems;_Philosophical,_Mathematical,_and_Methodological_Foundations","#cite_ref-2","http://www.lucs.lu.se/People/Christian.Balkenius/Thesis/","/wiki/International_Standard_Book_Number","/wiki/Special:BookSources/91-628-1599-7","/w/index.php?title=Anticipation_(artificial_intelligence)&action=edit&section=6","http://www.mindraces.org","//en.wikipedia.org/w/index.php?title=Special:CentralAutoLogin/start&type=1x1&from=enwiki","http://en.wikipedia.org/w/index.php?title=Anticipation_(artificial_intelligence)&oldid=536861059","/wiki/Help:Categories","/wiki/Category:Artificial_intelligence","/wiki/Category:Articles_needing_additional_references_from_June_2012","/wiki/Category:All_articles_needing_additional_references","/w/index.php?title=Special:UserLogin&returnto=Anticipation+%28artificial+intelligence%29&type=signup","/w/index.php?title=Special:UserLogin&returnto=Anticipation+%28artificial+intelligence%29","/wiki/Anticipation_(artificial_intelligence)","/wiki/Talk:Anticipation_(artificial_intelligence)","#","/wiki/Anticipation_(artificial_intelligence)","/w/index.php?title=Anticipation_(artificial_intelligence)&action=edit","/w/index.php?title=Anticipation_(artificial_intelligence)&action=history","#","/w/index.php","//bits.wikimedia.org/static-1.22wmf10/skins/vector/images/search-ltr.png?303-4","/wiki/Main_Page","/wiki/Main_Page","/wiki/Portal:Contents","/wiki/Portal:Featured_content","/wiki/Portal:Current_events","/wiki/Special:Random","//donate.wikimedia.org/wiki/Special:FundraiserRedirector?utm_source=donate&utm_medium=sidebar&utm_campaign=C13_en.wikipedia.org&uselang=en","/wiki/Help:Contents","/wiki/Wikipedia:About","/wiki/Wikipedia:Community_portal","/wiki/Special:RecentChanges","//en.wikipedia.org/wiki/Wikipedia:Contact_us","/wiki/Special:WhatLinksHere/Anticipation_(artificial_intelligence)","/wiki/Special:RecentChangesLinked/Anticipation_(artificial_intelligence)","/wiki/Wikipedia:File_Upload_Wizard","/wiki/Special:SpecialPages","/w/index.php?title=Anticipation_(artificial_intelligence)&oldid=536861059","/w/index.php?title=Anticipation_(artificial_intelligence)&action=info","//www.wikidata.org/wiki/Q4774623","/w/index.php?title=Special:Cite&page=Anticipation_%28artificial_intelligence%29&id=536861059","/w/index.php?title=Special:Book&bookcmd=book_creator&referer=Anticipation+%28artificial+intelligence%29","/w/index.php?title=Special:Book&bookcmd=render_article&arttitle=Anticipation+%28artificial+intelligence%29&oldid=536861059&writer=rl","/w/index.php?title=Anticipation_(artificial_intelligence)&printable=yes","#","//www.wikidata.org/wiki/Q4774623#sitelinks-wikipedia","//en.wikipedia.org/wiki/Wikipedia:Text_of_Creative_Commons_Attribution-ShareAlike_3.0_Unported_License","//creativecommons.org/licenses/by-sa/3.0/","//wikimediafoundation.org/wiki/Terms_of_Use","//wikimediafoundation.org/wiki/Privacy_policy","//www.wikimediafoundation.org/","//wikimediafoundation.org/wiki/Privacy_policy","/wiki/Wikipedia:About","/wiki/Wikipedia:General_disclaimer","//en.wikipedia.org/wiki/Wikipedia:Contact_us","//en.m.wikipedia.org/wiki/Anticipation_(artificial_intelligence)","//wikimediafoundation.org/","//bits.wikimedia.org/images/wikimedia-button.png","//www.mediawiki.org/","//bits.wikimedia.org/static-1.22wmf10/skins/common/images/poweredby_mediawiki_88x31.png","//bits.wikimedia.org/en.wikipedia.org/load.php?debug=false&lang=en&modules=site&only=scripts&skin=vector&*"],"instances":["abstract","theoretical_biologist"],"pdf":[],"categories":["Artificial intelligence"],"headings":["Reaction, proaction and anticipation","Anticipation in evolution and cognition","From Anticipation to Curiosity","See also","References","External links"],"image":["//upload.wikimedia.org/wikipedia/en/thumb/9/99/Question_book-new.svg/50px-Question_book-new.svg.png","//en.wikipedia.org/w/index.php?title=Special:CentralAutoLogin/start&type=1x1&from=enwiki","//bits.wikimedia.org/static-1.22wmf10/skins/vector/images/search-ltr.png?303-4","//bits.wikimedia.org/images/wikimedia-button.png","//bits.wikimedia.org/static-1.22wmf10/skins/common/images/poweredby_mediawiki_88x31.png"],"tags":[["model","abstract"],["robert_rosen","theoretical_biologist"],["robert_rosen","theoretical_biologist"]],"members":["model","robert_rosen"],"related":["Artificial_intelligence","Intelligent_agent","Cognitive","Model_(abstract)","Reactive_planning","Decision_making","Proactive","Knowledge_representation","Reasoning","Reactive_planning","Autonomous","Robert_Rosen_(theoretical_biologist)","Machine_learning","Automated_planning_and_scheduling","Reinforcement_learning","Jürgen_Schmidhuber","Back_propagation","Action_selection","Cognition","Dynamic_planning","History_of_artificial_intelligence","MindRACES","Nature-nurture","Physical_symbol_system","Strong_AI","Robert_Rosen_(theoretical_biologist)","Teleonomy"]}