{"cursor":"15750","size":15,"audio":[],"currentlang":"en","article":"Artificial intelligence has been used in a wide range of fields including\nmedical diagnosis, stock trading, robot control, law, remote sensing, scientific\ndiscovery and toys. However, many AI applications are not perceived as AI: \"A\nlot of cutting edge AI has filtered into general applications, often without\nbeing called AI because once something becomes useful enough and common enough\nit's not labeled AI anymore,\" Nick Bostrom\nreports. [http://www.cnn.com/2006/TECH/science/07/24/ai.bostrom/ AI set to\nexceed human brain power] CNN.com (July 26, 2006) \"Many thousands of AI\napplications are deeply embedded in the infrastructure of every industry.\" the\nlate 90s and early 21st century, AI technology became widely used as elements of\nlarger systems, but the field is rarely credited for these successes.\n","linknr":508,"url":"Applications_of_artificial_intelligence","recorded":1376545332,"links":["/w/index.php?title=Applications_of_artificial_intelligence&action=edit","/w/index.php?title=Applications_of_artificial_intelligence&action=edit","//bits.wikimedia.org/favicon/wikipedia.ico","/w/opensearch_desc.php","//en.wikipedia.org/w/api.php?action=rsd","//creativecommons.org/licenses/by-sa/3.0/","/w/index.php?title=Special:RecentChanges&feed=atom","http://en.wikipedia.org/wiki/Applications_of_artificial_intelligence","//bits.wikimedia.org/en.wikipedia.org/load.php?debug=false&lang=en&modules=ext.gadget.DRN-wizard%2CReferenceTooltips%2Ccharinsert%2Cteahouse%7Cext.rtlcite%2Cwikihiero%7Cext.uls.nojs%7Cmediawiki.legacy.commonPrint%2Cshared%7Cmw.PopUpMediaTransform%7Cskins.vector&only=styles&skin=vector&*","//bits.wikimedia.org/en.wikipedia.org/load.php?debug=false&lang=en&modules=ext.visualEditor.viewPageTarget.noscript&only=styles&skin=vector&*","//bits.wikimedia.org/en.wikipedia.org/load.php?debug=false&lang=en&modules=site&only=styles&skin=vector&*","//bits.wikimedia.org/en.wikipedia.org/load.php?debug=false&lang=en&modules=startup&only=scripts&skin=vector&*","//bits.wikimedia.org/geoiplookup","//meta.wikimedia.org","#mw-navigation","#p-search","/wiki/Artificial_intelligence","/wiki/Medical_diagnosis","/wiki/Day_trading","/wiki/Robot_control","/wiki/Law","/wiki/Remote_sensing","/wiki/Nick_Bostrom","#cite_note-1","#cite_note-FOOTNOTEKurzweil2005264-2","#cite_note-FOOTNOTEKurzweil2005264-2","#cite_note-FOOTNOTENRC1999.22Artificial_Intelligence_in_the_90s.22-3","#Finance","#Hospitals_and_medicine","#Heavy_industry","#Online_and_telephone_customer_service","#Transportation","#Telecommunications","#Toys_and_games","#Music","#Aviation","#News.2C_Publishing_.26_Writing","#Other","#List_of_applications","#See_also","#External_links","#Notes","#References","/w/index.php?title=Applications_of_artificial_intelligence&action=edit&section=1","/w/index.php?title=Applications_of_artificial_intelligence&veaction=edit&section=1","/wiki/Stock_trader","#cite_note-4","/wiki/Financial_institution","/wiki/Artificial_neural_network","http://www.creativevirtual.com/","/w/index.php?title=Applications_of_artificial_intelligence&action=edit&section=2","/w/index.php?title=Applications_of_artificial_intelligence&veaction=edit&section=2","/wiki/Artificial_neural_networks","/wiki/Clinical_decision_support_system","/wiki/Medical_diagnosis","/wiki/Concept_Processing","/wiki/Electronic_medical_record","/wiki/Computer-aided_radiologic_interpretation","/wiki/Computed_tomography","/wiki/Heart_sound","#cite_note-5","/w/index.php?title=Applications_of_artificial_intelligence&action=edit&section=3","/w/index.php?title=Applications_of_artificial_intelligence&veaction=edit&section=3","/wiki/Robot","/wiki/Japan","#cite_note-surveying-6","/w/index.php?title=Applications_of_artificial_intelligence&action=edit&section=4","/w/index.php?title=Applications_of_artificial_intelligence&veaction=edit&section=4","/wiki/File:Automated_online_assistant.png","//upload.wikimedia.org/wikipedia/commons/thumb/8/8b/Automated_online_assistant.png/170px-Automated_online_assistant.png","/wiki/File:Automated_online_assistant.png","//bits.wikimedia.org/static-1.22wmf12/skins/common/images/magnify-clip.png","/wiki/Automated_online_assistant","/wiki/Customer_service","/wiki/Automated_online_assistant","/wiki/Avatar_(computing)#Artificial_intelligence","#cite_note-Kongthon-7","#cite_note-Kongthon-7","/wiki/Natural_language_processing","#cite_note-Kongthon-7","/wiki/Answering_machine","/wiki/Call_centre","/wiki/Speech_recognition","/wiki/Customer_support","/wiki/Text_mining","/wiki/Natural_language_processing","/wiki/Best_practices","/wiki/Support_automation","/wiki/Customer_satisfaction","#cite_note-8","/w/index.php?title=Applications_of_artificial_intelligence&action=edit&section=5","/w/index.php?title=Applications_of_artificial_intelligence&veaction=edit&section=5","/wiki/Fuzzy_logic","/wiki/Wikipedia:Citation_needed","/wiki/%C5%A0koda_Fabia","/w/index.php?title=Applications_of_artificial_intelligence&action=edit&section=6","/w/index.php?title=Applications_of_artificial_intelligence&veaction=edit&section=6","/wiki/Search_algorithm","/wiki/BT_Group","#cite_note-TheorSoc-9","/w/index.php?title=Applications_of_artificial_intelligence&action=edit&section=7","/w/index.php?title=Applications_of_artificial_intelligence&veaction=edit&section=7","/wiki/Digital_Revolution","/wiki/Tamagotchi","/wiki/Giga_Pet","/wiki/IPod_Touch","/wiki/Internet","/wiki/Furby","/wiki/Domestic_robot","/wiki/Aibo","/wiki/Autonomy","/wiki/Game_artificial_intelligence","/w/index.php?title=Applications_of_artificial_intelligence&action=edit&section=8","/w/index.php?title=Applications_of_artificial_intelligence&veaction=edit&section=8","/wiki/Emulate","/wiki/Music_and_Artificial_Intelligence","/w/index.php?title=Applications_of_artificial_intelligence&action=edit&section=9","/w/index.php?title=Applications_of_artificial_intelligence&veaction=edit&section=9","/wiki/Expert_systems","/wiki/Artificial_intelligence","/wiki/Air_traffic_controllers","/wiki/TF-30","/wiki/Speech_recognition","/wiki/Neural_networks","#cite_note-10","/wiki/NASA","/wiki/Dryden_Flight_Research_Center","/w/index.php?title=Applications_of_artificial_intelligence&action=edit&section=10","/w/index.php?title=Applications_of_artificial_intelligence&veaction=edit&section=10","#cite_note-11","#cite_note-12","/w/index.php?title=Applications_of_artificial_intelligence&action=edit&section=11","/w/index.php?title=Applications_of_artificial_intelligence&veaction=edit&section=11","/wiki/Homeland_security","/wiki/Data_mining","/wiki/E-mail_spam","/wiki/Gesture_recognition","/wiki/Speech_recognition","/wiki/Robot_navigation","/wiki/Object_recognition","/wiki/Wikipedia:Citation_needed","/w/index.php?title=Applications_of_artificial_intelligence&action=edit&section=12","/w/index.php?title=Applications_of_artificial_intelligence&veaction=edit&section=12","/wiki/Pattern_recognition","/wiki/Optical_character_recognition","/wiki/Handwriting_recognition","/wiki/Speech_recognition","/wiki/Facial_recognition_system","/wiki/Artificial_Creativity","/wiki/Computer_vision","/wiki/Virtual_reality","/wiki/Image_processing","/wiki/Diagnosis_(artificial_intelligence)","/wiki/Game_theory","/wiki/Strategic_planning","/wiki/Game_artificial_intelligence","/wiki/Computer_game_bot","/wiki/Natural_language_processing","/wiki/Translation","/wiki/Chatterbot","/wiki/Nonlinear_control","/wiki/Robot","/wiki/Artificial_life","/wiki/Automated_reasoning","/wiki/Automation","/wiki/Biologically_inspired_computing","/wiki/Concept_mining","/wiki/Data_mining","/wiki/Knowledge_representation","/wiki/Semantic_Web","/wiki/E-mail_spam","/wiki/Robot","/wiki/Behavior-based_robotics","/wiki/Cognitive","/wiki/Cybernetics","/wiki/Developmental_robotics","/wiki/Epigenetic_robotics","/wiki/Evolutionary_robotics","/wiki/Hybrid_intelligent_system","/wiki/Intelligent_agent","/wiki/Intelligent_control","/wiki/Litigation","/w/index.php?title=Applications_of_artificial_intelligence&action=edit&section=13","/w/index.php?title=Applications_of_artificial_intelligence&veaction=edit&section=13","/wiki/Progress_in_artificial_intelligence","/w/index.php?title=Applications_of_artificial_intelligence&action=edit&section=14","/w/index.php?title=Applications_of_artificial_intelligence&veaction=edit&section=14","http://aitopics.org/topic/applications","/w/index.php?title=Applications_of_artificial_intelligence&action=edit&section=15","/w/index.php?title=Applications_of_artificial_intelligence&veaction=edit&section=15","#cite_ref-1","http://www.cnn.com/2006/TECH/science/07/24/ai.bostrom/","#cite_ref-FOOTNOTEKurzweil2005264_2-0","#cite_ref-FOOTNOTEKurzweil2005264_2-1","#CITEREFKurzweil2005","#cite_ref-FOOTNOTENRC1999.22Artificial_Intelligence_in_the_90s.22_3-0","#CITEREFNRC1999","#cite_ref-4","http://news.bbc.co.uk/2/hi/business/1481339.stm","#cite_ref-5","/wiki/Digital_object_identifier","http://dx.doi.org/10.1016%2Fj.simpat.2003.11.005","//en.wikipedia.org/w/index.php?title=Template:Cite_doi/10.1016.2Fj.simpat.2003.11.005&action=edit&editintro=Template:Cite_doi/editintro2","#cite_ref-surveying_6-0","http://www.4c.ucc.ie/web/upload/publications/mastersThesis/Artificial_Intelligence_in_Business.pdf","#cite_ref-Kongthon_7-0","#cite_ref-Kongthon_7-1","#cite_ref-Kongthon_7-2","http://portal.acm.org/citation.cfm?id=1643823.1643908","/wiki/Special:BookSources/9781605588292","/wiki/Digital_object_identifier","http://dx.doi.org/10.1145%2F1643823.1643908","#cite_ref-8","http://lvs004.googlepages.com/callcenters.pdf","#cite_ref-TheorSoc_9-0","http://www.theorsociety.com/Science_of_Better/htdocs/prospect/can_do/success_stories/dwsbt.htm","#cite_ref-10","http://www.kbs.twi.tudelft.nl/Research/Projects/AIDA/","#cite_ref-11","http://www.narrativescience.com/solutions.html","#cite_ref-12","http://yseop.com/EN/solutions.html","/w/index.php?title=Applications_of_artificial_intelligence&action=edit&section=16","/w/index.php?title=Applications_of_artificial_intelligence&veaction=edit&section=16","/wiki/Stuart_J._Russell","/wiki/Peter_Norvig","http://aima.cs.berkeley.edu/","/wiki/International_Standard_Book_Number","/wiki/Special:BookSources/0-13-790395-2","/wiki/International_Standard_Book_Number","/wiki/Special:BookSources/978-0-670-03384-3","/wiki/United_States_National_Research_Council","/wiki/International_Standard_Book_Number","/wiki/Special:BookSources/0-309-06278-0","/wiki/OCLC","//www.worldcat.org/oclc/246584055","/wiki/Template:Emerging_technologies","/wiki/Template_talk:Emerging_technologies","//en.wikipedia.org/w/index.php?title=Template:Emerging_technologies&action=edit","/wiki/Emerging_technologies","/wiki/Technology","/wiki/Agriculture","/wiki/Agricultural_robot","/wiki/In_vitro_meat","/wiki/Genetically_modified_food","/wiki/Precision_agriculture","/wiki/Vertical_farming","/wiki/Biomedical_technology","/wiki/Ampakine","/wiki/Brain_transplant","/wiki/Cryonics","/wiki/Cells_Alive_System","/wiki/Full_genome_sequencing","/wiki/Genetic_engineering","/wiki/Gene_therapy","/wiki/Personalized_medicine","/wiki/Regenerative_medicine","/wiki/Stem_cell_treatments","/wiki/Tissue_engineering","/wiki/Head_transplant","/wiki/Isolated_brain","/wiki/Robotic_surgery","/wiki/Strategies_for_Engineered_Negligible_Senescence","/wiki/Suspended_animation","/wiki/Synthetic_biology","/wiki/Synthetic_genomics","/wiki/Autostereoscopy","/wiki/Holographic_display","/wiki/Next_generation_of_display_technology","/wiki/Screenless","/wiki/Bionic_contact_lens","/wiki/Head-mounted_display","/wiki/Head-up_display","/wiki/Virtual_retinal_display","/wiki/Electronic_nose","/wiki/Electronic_textile","/wiki/Flexible_electronics","/wiki/Memristor","/wiki/Spintronics","/wiki/Thermal_copper_pillar_bump","/wiki/Energy_storage","/wiki/Beltway_battery","/wiki/Carbon_neutral_fuel","/wiki/Compressed_air_energy_storage","/wiki/Flywheel_energy_storage","/wiki/Grid_energy_storage","/wiki/Lithium_air_battery","/wiki/Molten_salt_battery","/wiki/Nanowire_battery","/wiki/Silicon_air_battery","/wiki/Thermal_energy_storage","/wiki/Electric_double-layer_capacitor","/wiki/Fusion_power","/wiki/Molten_salt_reactor","/wiki/Renewable_energy","/wiki/Airborne_wind_turbine","/wiki/Artificial_photosynthesis","/wiki/Biofuel","/wiki/Carbon_negative_fuel","/wiki/Concentrated_solar_power","/wiki/Home_fuel_cell","/wiki/Hydrogen_economy","/wiki/Nantenna","/wiki/Solar_roadway","/wiki/Space-based_solar_power","/wiki/Smart_grid","/wiki/Contactless_energy_transfer","/wiki/Information_and_communication_technologies","/wiki/Artificial_intelligence","/wiki/Progress_in_artificial_intelligence","/wiki/Machine_translation","/wiki/Machine_vision","/wiki/Semantic_Web","/wiki/Speech_recognition","/wiki/Atomtronics","/wiki/Cybermethodology","/wiki/Optical_disc#Fourth-generation","/wiki/3D_optical_data_storage","/wiki/Holographic_data_storage","/wiki/GPGPU","/wiki/CBRAM","/wiki/Ferroelectric_RAM","/wiki/Millipede_memory","/wiki/Magnetoresistive_random-access_memory","/wiki/Nano-RAM","/wiki/Phase-change_memory","/wiki/Racetrack_memory","/wiki/RRAM","/wiki/SONOS","/wiki/Optical_computing","/wiki/Quantum_computer","/wiki/Quantum_cryptography","/wiki/Radio-frequency_identification","/wiki/Three-dimensional_integrated_circuit","/wiki/3D_printing","/wiki/Contour_Crafting","/wiki/Claytronics","/wiki/Molecular_assembler","/wiki/Utility_fog","/wiki/Materials_science","/wiki/Artificial_muscle","/wiki/Graphene","/wiki/High-temperature_superconductivity","/wiki/Superfluid","/wiki/Metamaterial","/wiki/Metamaterial_cloaking","/wiki/Multi-function_structure","/wiki/Nanotechnology","/wiki/Carbon_nanotube","/wiki/Molecular_nanotechnology","/wiki/Nanomaterials","/wiki/Programmable_matter","/wiki/Quantum_dot","/wiki/Military_technology","/wiki/Antimatter_weapon","/wiki/Directed-energy_weapon","/wiki/Laser","/wiki/Maser","/wiki/Particle_beam_weapon","/wiki/Sonic_weapon","/wiki/Electromagnetic_weapon","/wiki/Coilgun","/wiki/Railgun","/wiki/Plasma_weapon","/wiki/Pure_fusion_weapon","/wiki/Neuroscience","/wiki/Artificial_brain","/wiki/Blue_Brain_Project","/wiki/Electroencephalography","/wiki/Mind_uploading","/wiki/Brain-reading","/wiki/Neuroinformatics","/wiki/Neuroprosthetics","/wiki/Visual_prosthesis","/wiki/Brain_implant","/wiki/Exocortex","/wiki/Retinal_implant","/wiki/Future_of_robotics","/wiki/Nanorobotics","/wiki/Powered_exoskeleton","/wiki/Self-reconfiguring_modular_robot","/wiki/Swarm_robotics","/wiki/Adaptive_Compliant_Wing","/wiki/Alternative_fuel_vehicle","/wiki/Hydrogen_vehicle","/wiki/Backpack_helicopter","/wiki/Autonomous_car","/wiki/Flying_car_(aircraft)","/wiki/Ground_effect_train","/wiki/Hyperloop","/wiki/Jet_pack","/wiki/Interstellar_travel","/wiki/Laser_propulsion","/wiki/Maglev","/wiki/Non-rocket_spacelaunch","/wiki/Mass_driver","/wiki/Orbital_ring","/wiki/Skyhook_(structure)","/wiki/Space_elevator","/wiki/Space_fountain","/wiki/Space_tether","/wiki/Personal_rapid_transit","/wiki/Plasma_propulsion_engine","/wiki/Helicon_Double_Layer_Thruster","/wiki/Variable_Specific_Impulse_Magnetoplasma_Rocket","/wiki/Pulse_detonation_engine","/wiki/Nuclear_pulse_propulsion","/wiki/Scramjet","/wiki/Solar_sail","/wiki/Spaceplane","/wiki/Supersonic_transport","/wiki/Tweel","/wiki/Vactrain","/wiki/Anti-gravity","/wiki/Arcology","/wiki/Cloak_of_invisibility","/wiki/Digital_scent_technology","/wiki/Domed_city","/wiki/Force_shield","/wiki/Plasma_window","/wiki/Immersion_(virtual_reality)","/wiki/Magnetic_refrigeration","/wiki/Phased-array_optics","/wiki/Quantum_technology","/wiki/Quantum_teleportation","/wiki/Collingridge_dilemma","/wiki/Differential_technological_development","/wiki/Ephemeralization","/wiki/Exploratory_engineering","/wiki/Fictional_technology","/wiki/Proactionary_principle","/wiki/Technological_change","/wiki/Technological_convergence","/wiki/Technological_evolution","/wiki/Technological_unemployment","/wiki/Technology_forecasting","/wiki/Accelerating_change","/wiki/Moore%27s_law","/wiki/Timeline_of_the_future_in_forecasts","/wiki/Technological_singularity","/wiki/Technology_scouting","/wiki/Technology_readiness_level","/wiki/Technology_roadmap","/wiki/Transhumanism","/wiki/Virtusphere","//upload.wikimedia.org/wikipedia/en/thumb/4/48/Folder_Hexagonal_Icon.svg/16px-Folder_Hexagonal_Icon.svg.png","/wiki/Category:Emerging_technologies","//upload.wikimedia.org/wikipedia/en/thumb/d/db/Symbol_list_class.svg/16px-Symbol_list_class.svg.png","/wiki/List_of_emerging_technologies","//en.wikipedia.org/w/index.php?title=Special:CentralAutoLogin/start&type=1x1&from=enwiki","http://en.wikipedia.org/w/index.php?title=Applications_of_artificial_intelligence&oldid=565630281","/wiki/Help:Category","/wiki/Category:Artificial_intelligence","/wiki/Category:All_articles_with_unsourced_statements","/wiki/Category:Articles_with_unsourced_statements_from_February_2011","/wiki/Category:Articles_with_unsourced_statements_from_May_2011","/wiki/Category:Articles_with_inconsistent_citation_formats","/w/index.php?title=Special:UserLogin&returnto=Applications+of+artificial+intelligence&type=signup","/w/index.php?title=Special:UserLogin&returnto=Applications+of+artificial+intelligence","/wiki/Applications_of_artificial_intelligence","/wiki/Talk:Applications_of_artificial_intelligence","#","/wiki/Applications_of_artificial_intelligence","/w/index.php?title=Applications_of_artificial_intelligence&action=edit","/w/index.php?title=Applications_of_artificial_intelligence&veaction=edit","/w/index.php?title=Applications_of_artificial_intelligence&action=history","#","/w/index.php","//bits.wikimedia.org/static-1.22wmf12/skins/vector/images/search-ltr.png?303-4","/wiki/Main_Page","/wiki/Main_Page","/wiki/Portal:Contents","/wiki/Portal:Featured_content","/wiki/Portal:Current_events","/wiki/Special:Random","https://donate.wikimedia.org/wiki/Special:FundraiserRedirector?utm_source=donate&utm_medium=sidebar&utm_campaign=C13_en.wikipedia.org&uselang=en","/wiki/Help:Contents","/wiki/Wikipedia:About","/wiki/Wikipedia:Community_portal","/wiki/Special:RecentChanges","//en.wikipedia.org/wiki/Wikipedia:Contact_us","/wiki/Special:WhatLinksHere/Applications_of_artificial_intelligence","/wiki/Special:RecentChangesLinked/Applications_of_artificial_intelligence","/wiki/Wikipedia:File_Upload_Wizard","/wiki/Special:SpecialPages","/w/index.php?title=Applications_of_artificial_intelligence&oldid=565630281","/w/index.php?title=Applications_of_artificial_intelligence&action=info","//www.wikidata.org/wiki/Q4781507","/w/index.php?title=Special:Cite&page=Applications_of_artificial_intelligence&id=565630281","/w/index.php?title=Special:Book&bookcmd=book_creator&referer=Applications+of+artificial+intelligence","/w/index.php?title=Special:Book&bookcmd=render_article&arttitle=Applications+of+artificial+intelligence&oldid=565630281&writer=rl","/w/index.php?title=Applications_of_artificial_intelligence&printable=yes","#","//www.wikidata.org/wiki/Q4781507#sitelinks-wikipedia","//en.wikipedia.org/wiki/Wikipedia:Text_of_Creative_Commons_Attribution-ShareAlike_3.0_Unported_License","//creativecommons.org/licenses/by-sa/3.0/","//wikimediafoundation.org/wiki/Terms_of_Use","//wikimediafoundation.org/wiki/Privacy_policy","//www.wikimediafoundation.org/","//wikimediafoundation.org/wiki/Privacy_policy","/wiki/Wikipedia:About","/wiki/Wikipedia:General_disclaimer","//en.wikipedia.org/wiki/Wikipedia:Contact_us","//en.m.wikipedia.org/wiki/Applications_of_artificial_intelligence","//wikimediafoundation.org/","//bits.wikimedia.org/images/wikimedia-button.png","//www.mediawiki.org/","//bits.wikimedia.org/static-1.22wmf12/skins/common/images/poweredby_mediawiki_88x31.png","//bits.wikimedia.org/en.wikipedia.org/load.php?debug=false&lang=en&modules=site&only=scripts&skin=vector&*"],"instances":["artificial_intelligence"],"pdf":["http://www.4c.ucc.ie/web/upload/publications/mastersThesis/Artificial_Intelligence_in_Business.pdf","http://lvs004.googlepages.com/callcenters.pdf"],"categories":["Artificial intelligence"],"headings":["Finance","Hospitals and medicine","Heavy industry","Online and telephone customer service","Transportation","Telecommunications","Toys and games","Music","Aviation","News, Publishing & Writing","Other","List of applications","See also","External links","Notes","References"],"image":["//upload.wikimedia.org/wikipedia/commons/thumb/8/8b/Automated_online_assistant.png/170px-Automated_online_assistant.png","//bits.wikimedia.org/static-1.22wmf12/skins/common/images/magnify-clip.png","//upload.wikimedia.org/wikipedia/en/thumb/4/48/Folder_Hexagonal_Icon.svg/16px-Folder_Hexagonal_Icon.svg.png","//upload.wikimedia.org/wikipedia/en/thumb/d/db/Symbol_list_class.svg/16px-Symbol_list_class.svg.png","//en.wikipedia.org/w/index.php?title=Special:CentralAutoLogin/start&type=1x1&from=enwiki","//bits.wikimedia.org/static-1.22wmf12/skins/vector/images/search-ltr.png?303-4","//bits.wikimedia.org/images/wikimedia-button.png","//bits.wikimedia.org/static-1.22wmf12/skins/common/images/poweredby_mediawiki_88x31.png"],"tags":[["avatar","computing#artificial_intelligence"],["diagnosis","artificial_intelligence"]],"members":["diagnosis","avatar"],"related":["Artificial_intelligence","Medical_diagnosis","Day_trading","Robot_control","Law","Remote_sensing","Nick_Bostrom","Stock_trader","Financial_institution","Artificial_neural_network","Artificial_neural_networks","Clinical_decision_support_system","Medical_diagnosis","Concept_Processing","Electronic_medical_record","Computer-aided_radiologic_interpretation","Computed_tomography","Heart_sound","Robot","Japan","Customer_service","Automated_online_assistant","Natural_language_processing","Answering_machine","Call_centre","Speech_recognition","Customer_support","Text_mining","Natural_language_processing","Best_practices","Support_automation","Customer_satisfaction","Fuzzy_logic","Škoda_Fabia","Search_algorithm","BT_Group","Digital_Revolution","Tamagotchi","Giga_Pet","IPod_Touch","Internet","Furby","Domestic_robot","Aibo","Autonomy","Game_artificial_intelligence","Emulate","Music_and_Artificial_Intelligence","Expert_systems","Artificial_intelligence","Air_traffic_controllers","TF-30","Speech_recognition","Neural_networks","NASA","Dryden_Flight_Research_Center","Homeland_security","Data_mining","E-mail_spam","Gesture_recognition","Speech_recognition","Robot_navigation","Object_recognition","Pattern_recognition","Optical_character_recognition","Handwriting_recognition","Speech_recognition","Facial_recognition_system","Artificial_Creativity","Computer_vision","Virtual_reality","Image_processing","Diagnosis_(artificial_intelligence)","Game_theory","Strategic_planning","Game_artificial_intelligence","Computer_game_bot","Natural_language_processing","Translation","Chatterbot","Nonlinear_control","Robot","Artificial_life","Automated_reasoning","Automation","Biologically_inspired_computing","Concept_mining","Data_mining","Knowledge_representation","Semantic_Web","E-mail_spam","Robot","Behavior-based_robotics","Cognitive","Cybernetics","Developmental_robotics","Epigenetic_robotics","Evolutionary_robotics","Hybrid_intelligent_system","Intelligent_agent","Intelligent_control","Litigation","Progress_in_artificial_intelligence"]}