{"cursor":"33358","size":15,"audio":[],"currentlang":"en","article":"{{multiple issues|\n\n\n}}\n\nAn 'artificial heart valve' is a device implanted in the heart of a patient with\nvalvular heart disease. Bertazzo, S. et al.Nano-analytical electron\nmicroscopy reveals fundamental insights into human cardiovascular tissue\ncalcification. Nature Materials '12', 576-583 (2013). Miller,J. D.\nCardiovascular calcification: Orbicular origins. Nature Materials '12', 476-478\n(2013). When one of the four heart valves malfunctions, the medical choice\nmay be to replace the natural valve with an artificial valve. This requires open-\nheart surgery.\n\nValves are integral to the normal physiological functioning of the human heart.\nNatural heart valves are evolved to forms that perform the functional\nrequirement of inducing unidirectional blood flow through the valve structure\nfrom one chamber of the heart to another. Natural heart valves become\ndysfunctional for a variety of pathological causes. Some pathologies may require\ncomplete surgical replacement of the natural heart valve with a heart valve\nprosthesis.\n","linknr":336,"url":"artificial_heart_valves","recorded":1376423666,"links":["/w/index.php?title=Artificial_heart_valve&action=edit","/w/index.php?title=Artificial_heart_valve&action=edit","//bits.wikimedia.org/favicon/wikipedia.ico","/w/opensearch_desc.php","//en.wikipedia.org/w/api.php?action=rsd","//creativecommons.org/licenses/by-sa/3.0/","/w/index.php?title=Special:RecentChanges&feed=atom","http://en.wikipedia.org/wiki/Artificial_heart_valve","//bits.wikimedia.org/en.wikipedia.org/load.php?debug=false&lang=en&modules=ext.gadget.DRN-wizard%2CReferenceTooltips%2Ccharinsert%2Cteahouse%7Cext.rtlcite%2Cwikihiero%7Cext.uls.nojs%7Cmediawiki.legacy.commonPrint%2Cshared%7Cmw.PopUpMediaTransform%7Cskins.vector&only=styles&skin=vector&*","//bits.wikimedia.org/en.wikipedia.org/load.php?debug=false&lang=en&modules=ext.visualEditor.viewPageTarget.noscript&only=styles&skin=vector&*","//bits.wikimedia.org/en.wikipedia.org/load.php?debug=false&lang=en&modules=site&only=styles&skin=vector&*","//bits.wikimedia.org/en.wikipedia.org/load.php?debug=false&lang=en&modules=startup&only=scripts&skin=vector&*","//bits.wikimedia.org/geoiplookup","//meta.wikimedia.org","/w/index.php?title=Artificial_heart_valves&redirect=no","#mw-navigation","#p-search","//upload.wikimedia.org/wikipedia/en/f/f4/Ambox_content.png","//en.wikipedia.org/w/index.php?title=Artificial_heart_valve&action=edit","/wiki/Talk:Artificial_heart_valve","//upload.wikimedia.org/wikipedia/en/thumb/9/99/Question_book-new.svg/50px-Question_book-new.svg.png","//en.wikipedia.org/w/index.php?title=Artificial_heart_valve&action=edit","/wiki/Help:Introduction_to_referencing/1","/wiki/Template:Citation_needed","/wiki/Wikipedia:Verifiability#Burden_of_evidence","//upload.wikimedia.org/wikipedia/commons/thumb/a/a4/Text_document_with_red_question_mark.svg/40px-Text_document_with_red_question_mark.svg.png","/wiki/Wikipedia:Citing_sources","/wiki/Wikipedia:INCITE","/wiki/Wikipedia:WikiProject_Fact_and_Reference_Check","/wiki/Wikipedia:When_to_cite","/wiki/Implant_(medicine)","/wiki/Heart","/wiki/Patient","/wiki/Valvular_heart_disease","#cite_note-1","#cite_note-2","/wiki/Heart_valve","/wiki/Cardiac_surgery","/wiki/Heart_valve","/wiki/Human_physiology","/wiki/Human","/wiki/Heart","/wiki/Heart_valve","/wiki/Evolved","/wiki/Blood_flow","/wiki/Dysfunctional","/wiki/Pathological","/wiki/Surgical","/wiki/Prosthesis","#cite_note-3","#Types_of_heart_valve_prostheses","#Mechanical_valves","#Types_of_mechanical_heart_valves","#Durability","#Cavitation","#Fluid_mechanics","#Blood_damage","#Tissue_.28biological.29_valves","#Functional_requirements_of_heart_valve_prostheses","#Design_challenges_of_heart_valve_prostheses","#Replaceable_models_of_heart_valve_prostheses","#Typical_configuration_of_a_heart_valve_prosthesis","#See_also","#References","#Sources","#External_links","/w/index.php?title=Artificial_heart_valve&action=edit&section=1","/w/index.php?title=Artificial_heart_valve&veaction=edit&section=1","/wiki/Percutaneous","/wiki/Stent","/wiki/Sternotomy","/wiki/Thoracotomy","/wiki/Allograft","/wiki/Isograft","/wiki/Xenograft","/w/index.php?title=Artificial_heart_valve&action=edit&section=2","/w/index.php?title=Artificial_heart_valve&veaction=edit&section=2","/wiki/File:Heartvalve.jpg","//upload.wikimedia.org/wikipedia/en/0/09/Heartvalve.jpg","/wiki/File:Heartvalve.jpg","//bits.wikimedia.org/static-1.22wmf12/skins/common/images/magnify-clip.png","/wiki/Tricuspid_valve","/wiki/Pulmonic_valve","/wiki/Mitral_valve","/wiki/Aortic_valve","/wiki/Pulmonary_artery","/wiki/Aorta","/wiki/Heart_failure","//en.wiktionary.org/wiki/mechanical","/wiki/Warfarin","/wiki/Anticoagulation","/wiki/Pig","/w/index.php?title=Artificial_heart_valve&action=edit&section=3","/w/index.php?title=Artificial_heart_valve&veaction=edit&section=3","/wiki/File:Starr-Edwards-Mitral-Valve.jpg","//upload.wikimedia.org/wikipedia/commons/thumb/d/d5/Starr-Edwards-Mitral-Valve.jpg/150px-Starr-Edwards-Mitral-Valve.jpg","/wiki/File:Starr-Edwards-Mitral-Valve.jpg","//bits.wikimedia.org/static-1.22wmf12/skins/common/images/magnify-clip.png","/wiki/File:Prosthetic_Cardiac_Ball_Valves.jpg","//upload.wikimedia.org/wikipedia/commons/thumb/d/de/Prosthetic_Cardiac_Ball_Valves.jpg/220px-Prosthetic_Cardiac_Ball_Valves.jpg","/wiki/File:Prosthetic_Cardiac_Ball_Valves.jpg","//bits.wikimedia.org/static-1.22wmf12/skins/common/images/magnify-clip.png","/wiki/Charles_A._Hufnagel","/wiki/Albert_Starr","/wiki/Prothrombin_time#International_normalized_ratio","/w/index.php?title=Edwards_Lifesciences&action=edit&redlink=1","/wiki/EPTFE","/wiki/Surgical_suture","/wiki/Pyrolytic_carbon","/wiki/Medtronic","/w/index.php?title=Artificial_heart_valve&action=edit&section=4","/w/index.php?title=Artificial_heart_valve&veaction=edit&section=4","/w/index.php?title=Bioprosthetic&action=edit&redlink=1","/wiki/Pyrolytic_carbon","/wiki/Teflon","/wiki/Impact_(mechanics)","/wiki/Friction","/wiki/Polycrystalline","/w/index.php?title=Artificial_heart_valve&action=edit&section=5","/w/index.php?title=Artificial_heart_valve&veaction=edit&section=5","/wiki/Cavitation","/w/index.php?title=Artificial_heart_valve&action=edit&section=6","/w/index.php?title=Artificial_heart_valve&veaction=edit&section=6","//upload.wikimedia.org/math/7/9/0/790eb1d74ee5ebb5aa7461581362bada.png","//upload.wikimedia.org/math/0/d/d/0ddd364d59a14ae687fa05efccdd3738.png","/wiki/Systole_(medicine)","/wiki/Diastolic","//upload.wikimedia.org/math/7/a/a/7aa41487a1a40b0077afa0c3331ba111.png","/wiki/MmHg","//upload.wikimedia.org/math/9/3/0/930e6b5fa8c39786e4a7dcb162a83ce8.png","//upload.wikimedia.org/math/0/b/5/0b5bb0af684dbea0384fa81a5f5a4b0a.png","/wiki/Pressure","//upload.wikimedia.org/math/f/7/f/f7f177957cf064a93e9811df8fe65ed1.png","/wiki/Density","/wiki/Velocity","/w/index.php?title=Artificial_heart_valve&action=edit&section=7","/w/index.php?title=Artificial_heart_valve&veaction=edit&section=7","/wiki/Pascal_(unit)","/wiki/Mechanical_hemolytic_anemia","/wiki/Red_blood_cell","/w/index.php?title=Artificial_heart_valve&action=edit&section=8","/w/index.php?title=Artificial_heart_valve&veaction=edit&section=8","/wiki/Xenotransplantation","/wiki/Pericardial_sac","/wiki/CryoLife","/w/index.php?title=LifeNet_Health&action=edit&redlink=1","/w/index.php?title=Artificial_heart_valve&action=edit&section=9","/w/index.php?title=Artificial_heart_valve&veaction=edit&section=9","/wiki/Regurgitation_(circulation)","/wiki/Blood","/wiki/Mitral_valve","/wiki/Ventricle_(heart)","/wiki/Atrium_(heart)","#cite_note-4","/wiki/Endocarditis","/wiki/Physiological","/wiki/Cardiac_output","/wiki/Heart_rate","/wiki/Fluid","/wiki/Pressure","/wiki/Gradient","/wiki/Thrombosis","/wiki/Endothelium","/wiki/Thrombus","/w/index.php?title=Heart_valve_leaflets&action=edit&redlink=1","/wiki/Bacteria","/w/index.php?title=Bacterial_vegetation&action=edit&redlink=1","/wiki/Physiology","/wiki/Blood_vessel","/wiki/Connective_tissue","/wiki/Bacteria","/wiki/Arterial_tree","/wiki/Bacteremia","/wiki/Septicaemia","/wiki/Embolism","/wiki/Arterial_tree","/wiki/Brain","/wiki/Bowel","/wiki/Lungs","/wiki/Focus_(geometry)","/wiki/Artery","/wiki/Coronary_artery","/wiki/Myocardial_infarction","/wiki/Cerebral_arteries","/wiki/Stroke","/wiki/Embolism","/wiki/Muscle","/wiki/Cell_(biology)","/wiki/Fibroblasts","/wiki/Connective_tissue","/wiki/Stem_cell","/w/index.php?title=Artificial_heart_valve&action=edit&section=10","/w/index.php?title=Artificial_heart_valve&veaction=edit&section=10","/wiki/File:BiologicalValves.JPG","//upload.wikimedia.org/wikipedia/en/thumb/4/4b/BiologicalValves.JPG/150px-BiologicalValves.JPG","/wiki/File:BiologicalValves.JPG","//bits.wikimedia.org/static-1.22wmf12/skins/common/images/magnify-clip.png","#cite_note-dedalus-5","#cite_note-dedalus_a-6","/w/index.php?title=Artificial_heart_valve&action=edit&section=11","/w/index.php?title=Artificial_heart_valve&veaction=edit&section=11","/wiki/File:The_replaceable_model_of_implantable_heart_valve_bioprosthese_de_Menezes_Lyra_R_1992.tif","//upload.wikimedia.org/wikipedia/commons/thumb/e/ea/The_replaceable_model_of_implantable_heart_valve_bioprosthese_de_Menezes_Lyra_R_1992.tif/lossless-page1-120px-The_replaceable_model_of_implantable_heart_valve_bioprosthese_de_Menezes_Lyra_R_1992.tif.png","#cite_note-7","#cite_note-8","#cite_note-9","#cite_note-10","#cite_note-11","#cite_note-dedalus-5","#cite_note-dedalus_a-6","#cite_note-12","/w/index.php?title=Artificial_heart_valve&action=edit&section=12","/w/index.php?title=Artificial_heart_valve&veaction=edit&section=12","/w/index.php?title=Artificial_heart_valve&action=edit&section=13","/w/index.php?title=Artificial_heart_valve&veaction=edit&section=13","/wiki/Artificial_heart","/w/index.php?title=Artificial_heart_valve&action=edit&section=14","/w/index.php?title=Artificial_heart_valve&veaction=edit&section=14","#cite_ref-1","#cite_ref-2","#cite_ref-3","http://circ.ahajournals.org/content/119/7/1034.full","#cite_ref-4","http://www.ncbi.nlm.nih.gov/pubmed?term=Assessment%20of%20a%20novel%20stentless%20mitral%20valve%20using%20a%20pulsatile%20mitral%20valve%20simulator","/wiki/PubMed_Identifier","//www.ncbi.nlm.nih.gov/pubmed/22474745","#cite_ref-dedalus_5-0","#cite_ref-dedalus_5-1","http://dedalus.usp.br/F/2FILTJSBF3RFERFM94MXR5SY6CCCL6C1S72YS5S9CFUS85BVPB-67227?func=full-set-set&set_number=001956&set_entry=000001&format=040","#cite_ref-dedalus_a_6-0","#cite_ref-dedalus_a_6-1","http://dedalus.usp.br/F/2FILTJSBF3RFERFM94MXR5SY6CCCL6C1S72YS5S9CFUS85BVPB-71893?func=full-set-set&set_number=002033&set_entry=000001&format=040","#cite_ref-7","http://pesquisa.bvsalud.org/regional/resources/lil-22253","#cite_ref-8","http://www.arquivosonline.com.br/pesquisartigos/Pdfs/1984/v43n6/43060007.pdf","/wiki/PubMed_Identifier","//www.ncbi.nlm.nih.gov/pubmed/6399678","#cite_ref-9","http://pesquisa.bvsalud.org/regional/resources/lil-22252","#cite_ref-10","http://www.ncbi.nlm.nih.gov/pubmed?term=Fernandez%20J%20Tascon%20valve","/wiki/PubMed_Central","//www.ncbi.nlm.nih.gov/pmc/articles/PMC324690","/wiki/PubMed_Identifier","//www.ncbi.nlm.nih.gov/pubmed/15227327","#cite_ref-11","http://www.ncbi.nlm.nih.gov/pubmed?term=Initial%20experimental%20experience%20with%20a%20%22replaceable%22%20cardiac%20valve%20prosthesis.","/wiki/Digital_object_identifier","http://dx.doi.org/10.1016%2FS0003-4975%2810%2964532-8","/wiki/PubMed_Identifier","//www.ncbi.nlm.nih.gov/pubmed/3365047","#cite_ref-12","http://www.ncbi.nlm.nih.gov/pubmed/10078262?dopt=Abstract","/wiki/Digital_object_identifier","http://dx.doi.org/10.1111%2Fj.1525-1594.1992.tb00313.x","/wiki/PubMed_Identifier","//www.ncbi.nlm.nih.gov/pubmed/10078262","/w/index.php?title=Artificial_heart_valve&action=edit&section=15","/w/index.php?title=Artificial_heart_valve&veaction=edit&section=15","/wiki/PubMed_Identifier","//www.ncbi.nlm.nih.gov/pubmed/7392405","/wiki/PubMed_Identifier","//www.ncbi.nlm.nih.gov/pubmed/259874","/wiki/PubMed_Identifier","//www.ncbi.nlm.nih.gov/pubmed/6758444","/wiki/Density","/w/index.php?title=Artificial_heart_valve&action=edit&section=16","/w/index.php?title=Artificial_heart_valve&veaction=edit&section=16","http://www.mayoclinic.org/heart-valve-surgery/treatment.html","http://www.sciencedaily.com/releases/2011/11/111122113212.htm","//en.wikipedia.org/w/index.php?title=Special:CentralAutoLogin/start&type=1x1&from=enwiki","http://en.wikipedia.org/w/index.php?title=Artificial_heart_valve&oldid=566421714","/wiki/Help:Category","/wiki/Category:Cardiology","/wiki/Category:Cardiac_surgery","/wiki/Category:Implants","/wiki/Category:Prosthetics","/wiki/Category:Articles_needing_additional_references_from_November_2008","/wiki/Category:All_articles_needing_additional_references","/wiki/Category:Articles_lacking_in-text_citations_from_November_2011","/wiki/Category:All_articles_lacking_in-text_citations","/w/index.php?title=Special:UserLogin&returnto=Artificial+heart+valve&type=signup","/w/index.php?title=Special:UserLogin&returnto=Artificial+heart+valve","/wiki/Artificial_heart_valve","/wiki/Talk:Artificial_heart_valve","#","/wiki/Artificial_heart_valve","/w/index.php?title=Artificial_heart_valve&action=edit","/w/index.php?title=Artificial_heart_valve&veaction=edit","/w/index.php?title=Artificial_heart_valve&action=history","#","/w/index.php","//bits.wikimedia.org/static-1.22wmf12/skins/vector/images/search-ltr.png?303-4","/wiki/Main_Page","/wiki/Main_Page","/wiki/Portal:Contents","/wiki/Portal:Featured_content","/wiki/Portal:Current_events","/wiki/Special:Random","https://donate.wikimedia.org/wiki/Special:FundraiserRedirector?utm_source=donate&utm_medium=sidebar&utm_campaign=C13_en.wikipedia.org&uselang=en","/wiki/Help:Contents","/wiki/Wikipedia:About","/wiki/Wikipedia:Community_portal","/wiki/Special:RecentChanges","//en.wikipedia.org/wiki/Wikipedia:Contact_us","/wiki/Special:WhatLinksHere/Artificial_heart_valve","/wiki/Special:RecentChangesLinked/Artificial_heart_valve","/wiki/Wikipedia:File_Upload_Wizard","/wiki/Special:SpecialPages","/w/index.php?title=Artificial_heart_valve&oldid=566421714","/w/index.php?title=Artificial_heart_valve&action=info","//www.wikidata.org/wiki/Q282454","/w/index.php?title=Special:Cite&page=Artificial_heart_valve&id=566421714","/w/index.php?title=Special:Book&bookcmd=book_creator&referer=Artificial+heart+valve","/w/index.php?title=Special:Book&bookcmd=render_article&arttitle=Artificial+heart+valve&oldid=566421714&writer=rl","/w/index.php?title=Artificial_heart_valve&printable=yes","//de.wikipedia.org/wiki/Herzklappenersatz","//fr.wikipedia.org/wiki/Bioproth%C3%A8se_valvulaire","//it.wikipedia.org/wiki/Protesi_valvolare_cardiaca","#","//www.wikidata.org/wiki/Q282454#sitelinks-wikipedia","//en.wikipedia.org/wiki/Wikipedia:Text_of_Creative_Commons_Attribution-ShareAlike_3.0_Unported_License","//creativecommons.org/licenses/by-sa/3.0/","//wikimediafoundation.org/wiki/Terms_of_Use","//wikimediafoundation.org/wiki/Privacy_policy","//www.wikimediafoundation.org/","//wikimediafoundation.org/wiki/Privacy_policy","/wiki/Wikipedia:About","/wiki/Wikipedia:General_disclaimer","//en.wikipedia.org/wiki/Wikipedia:Contact_us","//en.m.wikipedia.org/wiki/Artificial_heart_valve","//wikimediafoundation.org/","//bits.wikimedia.org/images/wikimedia-button.png","//www.mediawiki.org/","//bits.wikimedia.org/static-1.22wmf12/skins/common/images/poweredby_mediawiki_88x31.png","//bits.wikimedia.org/en.wikipedia.org/load.php?debug=false&lang=en&modules=site&only=scripts&skin=vector&*"],"instances":["medicine","medicine","geometry","heart","unit","circulation","biology","heart","mechanics"],"pdf":["http://www.arquivosonline.com.br/pesquisartigos/Pdfs/1984/v43n6/43060007.pdf"],"categories":["Cardiology","Cardiac surgery","Implants","Prosthetics"],"headings":["Types of heart valve prostheses","Mechanical valves","Tissue (biological) valves","Functional requirements of heart valve prostheses","Design challenges of heart valve prostheses","Replaceable models of heart valve prostheses","Typical configuration of a heart valve prosthesis","See also","References","Sources","External links"],"image":["//upload.wikimedia.org/wikipedia/en/f/f4/Ambox_content.png","//upload.wikimedia.org/wikipedia/en/thumb/9/99/Question_book-new.svg/50px-Question_book-new.svg.png","//upload.wikimedia.org/wikipedia/commons/thumb/a/a4/Text_document_with_red_question_mark.svg/40px-Text_document_with_red_question_mark.svg.png","//upload.wikimedia.org/wikipedia/en/0/09/Heartvalve.jpg","//bits.wikimedia.org/static-1.22wmf12/skins/common/images/magnify-clip.png","//upload.wikimedia.org/wikipedia/commons/thumb/d/d5/Starr-Edwards-Mitral-Valve.jpg/150px-Starr-Edwards-Mitral-Valve.jpg","//bits.wikimedia.org/static-1.22wmf12/skins/common/images/magnify-clip.png","//upload.wikimedia.org/wikipedia/commons/thumb/d/de/Prosthetic_Cardiac_Ball_Valves.jpg/220px-Prosthetic_Cardiac_Ball_Valves.jpg","//bits.wikimedia.org/static-1.22wmf12/skins/common/images/magnify-clip.png","//upload.wikimedia.org/math/7/9/0/790eb1d74ee5ebb5aa7461581362bada.png","//upload.wikimedia.org/math/0/d/d/0ddd364d59a14ae687fa05efccdd3738.png","//upload.wikimedia.org/math/7/a/a/7aa41487a1a40b0077afa0c3331ba111.png","//upload.wikimedia.org/math/9/3/0/930e6b5fa8c39786e4a7dcb162a83ce8.png","//upload.wikimedia.org/math/0/b/5/0b5bb0af684dbea0384fa81a5f5a4b0a.png","//upload.wikimedia.org/math/f/7/f/f7f177957cf064a93e9811df8fe65ed1.png","//upload.wikimedia.org/wikipedia/en/thumb/4/4b/BiologicalValves.JPG/150px-BiologicalValves.JPG","//bits.wikimedia.org/static-1.22wmf12/skins/common/images/magnify-clip.png","//upload.wikimedia.org/wikipedia/commons/thumb/e/ea/The_replaceable_model_of_implantable_heart_valve_bioprosthese_de_Menezes_Lyra_R_1992.tif/lossless-page1-120px-The_replaceable_model_of_implantable_heart_valve_bioprosthese_de_Menezes_Lyra_R_1992.tif.png","//en.wikipedia.org/w/index.php?title=Special:CentralAutoLogin/start&type=1x1&from=enwiki","//bits.wikimedia.org/static-1.22wmf12/skins/vector/images/search-ltr.png?303-4","//bits.wikimedia.org/images/wikimedia-button.png","//bits.wikimedia.org/static-1.22wmf12/skins/common/images/poweredby_mediawiki_88x31.png"],"tags":[["implant","medicine"],["impact","mechanics"],["systole","medicine"],["pascal","unit"],["regurgitation","circulation"],["ventricle","heart"],["atrium","heart"],["focus","geometry"],["cell","biology"]],"members":["implant","systole","focus","ventricle","pascal","regurgitation","cell","atrium","impact"],"related":["Implant_(medicine)","Heart","Patient","Valvular_heart_disease","Heart_valve","Cardiac_surgery","Heart_valve","Human_physiology","Human","Heart","Heart_valve","Evolved","Blood_flow","Dysfunctional","Pathological","Surgical","Prosthesis","Percutaneous","Stent","Sternotomy","Thoracotomy","Allograft","Isograft","Xenograft","Tricuspid_valve","Pulmonic_valve","Mitral_valve","Aortic_valve","Pulmonary_artery","Aorta","Heart_failure","Warfarin","Anticoagulation","Pig","Charles_A._Hufnagel","Albert_Starr","Edwards_Lifesciences","EPTFE","Surgical_suture","Pyrolytic_carbon","Medtronic","Bioprosthetic","Pyrolytic_carbon","Teflon","Impact_(mechanics)","Friction","Polycrystalline","Cavitation","Systole_(medicine)","Diastolic","MmHg","Pressure","Density","Velocity","Pascal_(unit)","Mechanical_hemolytic_anemia","Red_blood_cell","Xenotransplantation","Pericardial_sac","CryoLife","LifeNet_Health","Regurgitation_(circulation)","Blood","Mitral_valve","Ventricle_(heart)","Atrium_(heart)","Endocarditis","Physiological","Cardiac_output","Heart_rate","Fluid","Pressure","Gradient","Thrombosis","Endothelium","Thrombus","Heart_valve_leaflets","Bacteria","Bacterial_vegetation","Physiology","Blood_vessel","Connective_tissue","Bacteria","Arterial_tree","Bacteremia","Septicaemia","Embolism","Arterial_tree","Brain","Bowel","Lungs","Focus_(geometry)","Artery","Coronary_artery","Myocardial_infarction","Cerebral_arteries","Stroke","Embolism","Muscle","Cell_(biology)","Fibroblasts","Connective_tissue","Stem_cell","Artificial_heart","Density"]}