{"cursor":"33301","size":15,"audio":[],"currentlang":"en","article":"'Artificial consciousness' (AC), also known as 'machine consciousness' (MC) or\n'synthetic consciousness', is a field related to artificial intelligence and\ncognitive robotics whose aim is to define that which would have to be\nsynthesized were consciousness to be found in an engineered artifact .\n\nNeuroscience hypothesizes that consciousness is generated by the interoperation\nof various parts of the brain, called the neural correlates of consciousness or\nNCC. Proponents of AC believe it is possible to construct machines (e.g.,\ncomputer systems) that can emulate this NCC interoperation.\n","linknr":342,"url":"Artificial_consciousness","recorded":1362673579,"links":28,"instances":["ghost_in_the_shell","trait","robot","programming_language","cognitive_architecture","the_culture","asimov","philosophy_of_mind"],"pdf":["http://www.s2is.org/Issues/v1/n4/papers/paper4.pdf","http://loebner03.hamill.co.uk/docs/LPC%20Official%20Rules%20v2.0.pdf","http://web.eecs.utk.edu/~itamar/Papers/AI_MAG_2011.pdf","http://www.conscious-robots.com/raul/papers/Arrabales_ICCI09_preprint.pdf","http://www.conscious-robots.com/raul/papers/Arrabales_ICCI09_preprint.pdf","http://srsc.ulb.ac.be/axcWWW/papers/pdf/01-AXCLJ.pdf","http://srsc.ulb.ac.be/axcWWW/papers/pdf/01-AXCLJ.pdf","http://www.d6.dion.ne.jp/~takenof/SAR-LAL-Takeno.pdf","http://ccsl.mae.cornell.edu/sites/default/files/GECCO09_Zagal.pdf","http://www.esf.org/generic/1650/EW0296Report.pdf"],"categories":["Artificial intelligence","Consciousness studies","Computational neuroscience"],"headings":["Philosophical views of artificial consciousness","Consciousness in digital computers","Testing for artificial consciousness","Artificial consciousness in literature and movies","See also","References","Further reading","External links"],"image":["//upload.wikimedia.org/wikipedia/commons/thumb/a/a4/Text_document_with_red_question_mark.svg/40px-Text_document_with_red_question_mark.svg.png","//bits.wikimedia.org/static-1.21wmf10/skins/vector/images/search-ltr.png?303-4","//bits.wikimedia.org/images/wikimedia-button.png","//bits.wikimedia.org/static-1.21wmf10/skins/common/images/poweredby_mediawiki_88x31.png"],"tags":[["functionalism","philosophy_of_mind"],["java","programming_language"],["clarion","cognitive_architecture"],["clarion","cognitive_architecture"],["intelligence","trait"],["jane","ender's_game"],["robot_series","asimov"],["mind","the_culture"],["puppet_master","ghost_in_the_shell"],["kismet","robot"]],"members":["jane","puppet_master","intelligence","kismet","java","clarion","mind","robot_series","functionalism"],"related":["Artificial_intelligence","Cognitive_robotics","Neuroscience","Consciousness","Brain","Neural_correlates_of_consciousness","Computer","Experience","Qualia","Pattern_recognition","Type_physicalism","Functionalism_(philosophy_of_mind)","David_Chalmers","Ethics","Law","Pleasure","Pain","Sentience","Loebner_Prize","David_Hamill","Bernard_Baars","Awareness","Axel_Cleeremans","Igor_Aleksander","Multiple_Drafts_Model","Daniel_Dennett","Qualia","Hard_problem_of_consciousness","Physicalism","Computationalism","Stan_Franklin","Autonomous_agent","Consciousness","Bernard_Baars","Global_Workspace_Theory","US_Navy","University_of_Memphis","Java_(programming_language)","Consciousness","CLARION_(cognitive_architecture)","CLARION_(cognitive_architecture)","Ben_Goertzel","OpenCog","Hugo_de_Garis","Xiamen_University","Mind","Consciousness","Cognitive_architecture","Perception","Inner_imagery","Inner_speech","Pain","Pleasure","Emotions","Cognitive","Artificial_neuron","Algorithms","Computer_program","Autonomous_agent","Meiji_University","Igor_Aleksander","Imperial_College","Artificial_neural_network","Language","Finite_state_machine","Intelligence_(trait)","Turing_test","Arthur_C._Clarke","Frank_Herbert","Jane_(Ender's_Game)","Orson_Scott_Card","HAL_9000","Isaac_Asimov","Robot_series_(Asimov)","Mind_(The_Culture)","Iain_M._Banks","Culture_series","Puppet_Master_(Ghost_in_the_Shell)","Manga","Anime","Artificial_Intelligence","Brain-computer_interface","Consciousness","Consciousness_in_animals","Greedy_reductionism","Identity_of_indiscernibles","Jabberwacky","Kismet_(robot)","Philosophy_of_mind","Psi-Theory","Simulated_reality","Strong_AI","The_Emperor's_New_Mind","Roger_Penrose","William_Grey_Walter","Alan_Rosen"]}