{"cursor":"4746","size":15,"audio":[],"currentlang":"en","article":"An 'artificial chemistry' is a computer model used to simulate various types of\nsystems. Artificial chemistry is in some ways similar to a chemical reaction,\nhence the name. The field of artificial chemistry originated in artificial life\nbut has shown to be a versatile method with applications in many fields such as\nchemistry, economics, sociology and linguistics.\n","linknr":128,"url":"Artificial_chemistry","recorded":1374522903,"links":["/w/index.php?title=Artificial_chemistry&action=edit","/w/index.php?title=Artificial_chemistry&action=edit","//bits.wikimedia.org/favicon/wikipedia.ico","/w/opensearch_desc.php","//en.wikipedia.org/w/api.php?action=rsd","//creativecommons.org/licenses/by-sa/3.0/","/w/index.php?title=Special:RecentChanges&feed=atom","//bits.wikimedia.org/en.wikipedia.org/load.php?debug=false&lang=en&modules=ext.gadget.DRN-wizard%2CReferenceTooltips%2Ccharinsert%2Cteahouse%7Cext.rtlcite%2Cwikihiero%7Cext.uls.nojs%7Cmediawiki.legacy.commonPrint%2Cshared%7Cmw.PopUpMediaTransform%7Cskins.vector&only=styles&skin=vector&*","//bits.wikimedia.org/en.wikipedia.org/load.php?debug=false&lang=en&modules=site&only=styles&skin=vector&*","//bits.wikimedia.org/en.wikipedia.org/load.php?debug=false&lang=en&modules=startup&only=scripts&skin=vector&*","//bits.wikimedia.org/geoiplookup","//meta.wikimedia.org","#mw-navigation","#p-search","/wiki/Computer_model","/wiki/System","/wiki/Artificial_life","/wiki/Chemistry","/wiki/Economics","/wiki/Sociology","/wiki/Linguistics","#Formal_definition","#Types_of_artificial_chemistries","#Important_concepts","#History_of_artificial_chemistries","#Important_contributors","#Applications_of_artificial_chemistries","#See_also","#External_links_and_references","/w/index.php?title=Artificial_chemistry&action=edit&section=1","/wiki/Set_(mathematics)","/wiki/Arity","/wiki/Operation_(mathematics)","/wiki/Algorithm","/wiki/Subset","//upload.wikimedia.org/math/7/a/f/7afa88c2877d79e6a8a190b360edfcd6.png","/w/index.php?title=Artificial_chemistry&action=edit&section=2","/w/index.php?title=Artificial_chemistry&action=edit&section=3","/w/index.php?title=Artificial_chemistry&action=edit&section=4","/wiki/Artificial_life","/w/index.php?title=Strong_artificial_life&action=edit&redlink=1","/w/index.php?title=Artificial_chemistry&action=edit&section=5","/w/index.php?title=John_McCaskill&action=edit&redlink=1","/w/index.php?title=Walter_Fontana&action=edit&redlink=1","/wiki/Leo_Buss","/w/index.php?title=AlChemy_model&action=edit&redlink=1","/wiki/Organization","/w/index.php?title=Takashi_Ikegami&action=edit&redlink=1","/w/index.php?title=Hideaki_Suzuki&action=edit&redlink=1","/wiki/Yasuhiro_Suzuki","/wiki/Germany","/w/index.php?title=Wolfgang_Banzhaf&action=edit&redlink=1","/w/index.php?title=Peter_Dittrich&action=edit&redlink=1","/w/index.php?title=Jens_Ziegler&action=edit&redlink=1","/w/index.php?title=Jens_Ziegler&action=edit&redlink=1","/w/index.php?title=Peter_Dittrich&action=edit&redlink=1","/w/index.php?title=Seceder_model&action=edit&redlink=1","/wiki/Jena","/w/index.php?title=Constructive_dynamical_system&action=edit&redlink=1","/w/index.php?title=Artificial_chemistry&action=edit&section=6","/wiki/Chemistry","/wiki/Biology","/wiki/Yasuhiro_Suzuki","/w/index.php?title=Artificial_chemistry&action=edit&section=7","/wiki/Cellular_automaton","/wiki/Computational_chemistry","/w/index.php?title=Artificial_chemistry&action=edit&section=8","http://web.cs.mun.ca/~banzhaf/papers/alchemistry_review_MIT.pdf","http://www.sq3.org.uk/wiki.pl?Papers","http://www.minet.uni-jena.de/~biosys/twiki/bin/view.pl/ACHEM/WebHome","/w/index.php?title=Peter_Dittrich&action=edit&redlink=1","http://protobiology.org","http://en.wikipedia.org/w/index.php?title=Artificial_chemistry&oldid=549075391","/wiki/Help:Categories","/wiki/Category:Artificial_life","/w/index.php?title=Special:UserLogin&returnto=Artificial+chemistry&type=signup","/w/index.php?title=Special:UserLogin&returnto=Artificial+chemistry","/wiki/Artificial_chemistry","/wiki/Talk:Artificial_chemistry","#","/wiki/Artificial_chemistry","/w/index.php?title=Artificial_chemistry&action=edit","/w/index.php?title=Artificial_chemistry&action=history","#","/w/index.php","//bits.wikimedia.org/static-1.22wmf9/skins/vector/images/search-ltr.png?303-4","/wiki/Main_Page","/wiki/Main_Page","/wiki/Portal:Contents","/wiki/Portal:Featured_content","/wiki/Portal:Current_events","/wiki/Special:Random","//donate.wikimedia.org/wiki/Special:FundraiserRedirector?utm_source=donate&utm_medium=sidebar&utm_campaign=C13_en.wikipedia.org&uselang=en","/wiki/Help:Contents","/wiki/Wikipedia:About","/wiki/Wikipedia:Community_portal","/wiki/Special:RecentChanges","//en.wikipedia.org/wiki/Wikipedia:Contact_us","/wiki/Special:WhatLinksHere/Artificial_chemistry","/wiki/Special:RecentChangesLinked/Artificial_chemistry","/wiki/Wikipedia:File_Upload_Wizard","/wiki/Special:SpecialPages","/w/index.php?title=Artificial_chemistry&oldid=549075391","/w/index.php?title=Artificial_chemistry&action=info","//www.wikidata.org/wiki/Q2731352","/w/index.php?title=Special:Cite&page=Artificial_chemistry&id=549075391","/w/index.php?title=Special:Book&bookcmd=book_creator&referer=Artificial+chemistry","/w/index.php?title=Special:Book&bookcmd=render_article&arttitle=Artificial+chemistry&oldid=549075391&writer=rl","/w/index.php?title=Artificial_chemistry&printable=yes","//fr.wikipedia.org/wiki/Chimie_artificielle","//ru.wikipedia.org/wiki/%D0%98%D1%81%D0%BA%D1%83%D1%81%D1%81%D1%82%D0%B2%D0%B5%D0%BD%D0%BD%D0%B0%D1%8F_%D1%85%D0%B8%D0%BC%D0%B8%D1%8F","//fi.wikipedia.org/wiki/Keinokemia","#","//www.wikidata.org/wiki/Q2731352#sitelinks-wikipedia","//en.wikipedia.org/wiki/Wikipedia:Text_of_Creative_Commons_Attribution-ShareAlike_3.0_Unported_License","//creativecommons.org/licenses/by-sa/3.0/","//wikimediafoundation.org/wiki/Terms_of_Use","//wikimediafoundation.org/wiki/Privacy_policy","//www.wikimediafoundation.org/","//wikimediafoundation.org/wiki/Privacy_policy","/wiki/Wikipedia:About","/wiki/Wikipedia:General_disclaimer","//en.wikipedia.org/wiki/Wikipedia:Contact_us","//en.m.wikipedia.org/wiki/Artificial_chemistry","//wikimediafoundation.org/","//bits.wikimedia.org/images/wikimedia-button.png","//www.mediawiki.org/","//bits.wikimedia.org/static-1.22wmf9/skins/common/images/poweredby_mediawiki_88x31.png","//bits.wikimedia.org/en.wikipedia.org/load.php?debug=false&lang=en&modules=site&only=scripts&skin=vector&*"],"instances":["mathematics","mathematics"],"pdf":["http://web.cs.mun.ca/~banzhaf/papers/alchemistry_review_MIT.pdf"],"categories":["Artificial life"],"headings":["Formal definition","Types of artificial chemistries","Important concepts","History of artificial chemistries","Important contributors","Applications of artificial chemistries","See also","External links and references"],"image":["//upload.wikimedia.org/math/7/a/f/7afa88c2877d79e6a8a190b360edfcd6.png","//bits.wikimedia.org/static-1.22wmf9/skins/vector/images/search-ltr.png?303-4","//bits.wikimedia.org/images/wikimedia-button.png","//bits.wikimedia.org/static-1.22wmf9/skins/common/images/poweredby_mediawiki_88x31.png"],"tags":[["set","mathematics"],["operation","mathematics"]],"members":["operation","set"],"related":["Computer_model","System","Artificial_life","Chemistry","Economics","Sociology","Linguistics","Set_(mathematics)","Arity","Operation_(mathematics)","Algorithm","Subset","Artificial_life","Strong_artificial_life","John_McCaskill","Walter_Fontana","Leo_Buss","AlChemy_model","Organization","Takashi_Ikegami","Hideaki_Suzuki","Yasuhiro_Suzuki","Germany","Wolfgang_Banzhaf","Peter_Dittrich","Jens_Ziegler","Jens_Ziegler","Peter_Dittrich","Seceder_model","Jena","Constructive_dynamical_system","Chemistry","Biology","Yasuhiro_Suzuki","Cellular_automaton","Computational_chemistry","Peter_Dittrich"]}