{"cursor":"5237","size":15,"audio":[],"currentlang":"en","article":"\n\n'Artificial Society' is the specific agent based computational model for\ncomputer simulation in social analysis. It is mostly connected to the theme in\ncomplex system, emergence, Monte Carlo Method, computational sociology, multi-\nagent system, and evolutionary programming. The concept itself is simple enough.\nActually reaching this conceptual point took a while. Complex mathematical\nmodels have been, and are, common; deceivingly simple models only have their\nroots in the late forties, and took the advent of the microcomputer to really\nget up to speed.\n","linknr":154,"url":"Artificial_society","recorded":1376412263,"links":["/w/index.php?title=Artificial_society&action=edit","/w/index.php?title=Artificial_society&action=edit","//bits.wikimedia.org/favicon/wikipedia.ico","/w/opensearch_desc.php","//en.wikipedia.org/w/api.php?action=rsd","//creativecommons.org/licenses/by-sa/3.0/","/w/index.php?title=Special:RecentChanges&feed=atom","http://en.wikipedia.org/wiki/Artificial_society","//bits.wikimedia.org/en.wikipedia.org/load.php?debug=false&lang=en&modules=ext.gadget.DRN-wizard%2CReferenceTooltips%2Ccharinsert%2Cteahouse%7Cext.rtlcite%2Cwikihiero%7Cext.uls.nojs%7Cmediawiki.legacy.commonPrint%2Cshared%7Cmw.PopUpMediaTransform%7Cskins.vector&only=styles&skin=vector&*","//bits.wikimedia.org/en.wikipedia.org/load.php?debug=false&lang=en&modules=ext.visualEditor.viewPageTarget.noscript&only=styles&skin=vector&*","//bits.wikimedia.org/en.wikipedia.org/load.php?debug=false&lang=en&modules=site&only=styles&skin=vector&*","//bits.wikimedia.org/en.wikipedia.org/load.php?debug=false&lang=en&modules=startup&only=scripts&skin=vector&*","//bits.wikimedia.org/geoiplookup","//meta.wikimedia.org","#mw-navigation","#p-search","//upload.wikimedia.org/wikipedia/en/thumb/9/99/Question_book-new.svg/50px-Question_book-new.svg.png","//en.wikipedia.org/w/index.php?title=Artificial_society&action=edit","/wiki/Help:Introduction_to_referencing/1","/wiki/Template:Citation_needed","/wiki/Wikipedia:Verifiability#Burden_of_evidence","/wiki/Computer_simulation","/wiki/Complex_system","/wiki/Emergence","/wiki/Monte_Carlo_Method","/wiki/Computational_sociology","/wiki/Multi_agent_system","/wiki/Evolutionary_programming","#Overview","#See_also","#References","#External_links","/w/index.php?title=Artificial_society&action=edit&section=1","/w/index.php?title=Artificial_society&veaction=edit&section=1","/wiki/Emergence","/wiki/Von_Neumann","/wiki/Von_Neumann","/wiki/Stanislaw_Ulam","/wiki/Von_Neumann","/wiki/Cellular_Automaton","/wiki/John_Horton_Conway","/wiki/Conway%27s_Game_of_Life","/wiki/Conway%27s_Game_of_Life","/wiki/Checkerboard","/wiki/Craig_Reynolds_(computer_graphics)","/wiki/Artificial_life","/wiki/Christopher_Langton","/wiki/Artificial_life","/wiki/Joshua_M._Epstein","/wiki/Robert_Axtell","#cite_note-EpsteinAxtell-1","/wiki/Computational_sociology","/wiki/%C3%89mile_Durkheim","/wiki/Computer_program","/wiki/Computer_simulation","/wiki/Evolutionary_algorithm","/wiki/Genetic_algorithm","/wiki/Genetic_programming","/wiki/Memetic_programming","/wiki/Agent_based_model","/wiki/Cellular_automaton","/wiki/Linguistics","/wiki/Physics","/wiki/Mathematics","/wiki/Philosophy","/wiki/Computer_science","/wiki/Biology","/wiki/Sociology","/wiki/Journal_of_Artificial_Societies_and_Social_Simulation","http://josc.bandungfe.net","/w/index.php?title=Artificial_society&action=edit&section=2","/w/index.php?title=Artificial_society&veaction=edit&section=2","/wiki/Agent_based_model","/wiki/Boids","/wiki/Complex_system","/wiki/Computational_sociology","/wiki/Emergence","/wiki/Evolutionary_algorithm","/wiki/Simulated_reality","/wiki/Social_complexity","/wiki/Social_simulation","/w/index.php?title=Artificial_society&action=edit&section=3","/w/index.php?title=Artificial_society&veaction=edit&section=3","#cite_ref-EpsteinAxtell_1-0","/wiki/Joshua_M._Epstein","/wiki/Robert_Axtell","/wiki/International_Standard_Book_Number","/wiki/Special:BookSources/978-0-262-55025-3","http://www.brook.edu/ES/dynamics/models/history.htm","http://www.cambridge.org/uk/catalogue/catalogue.asp?isbn=0521839645","/w/index.php?title=Artificial_society&action=edit&section=4","/w/index.php?title=Artificial_society&veaction=edit&section=4","http://www.hcs.ucla.edu/","http://www.brookings.edu/","http://jasss.soc.surrey.ac.uk/JASSS.html","http://dl.ucd.ie/","//en.wikipedia.org/w/index.php?title=Special:CentralAutoLogin/start&type=1x1&from=enwiki","http://en.wikipedia.org/w/index.php?title=Artificial_society&oldid=562528076","/wiki/Help:Category","/wiki/Category:Social_sciences_methodology","/wiki/Category:Articles_needing_additional_references_from_February_2011","/wiki/Category:All_articles_needing_additional_references","/w/index.php?title=Special:UserLogin&returnto=Artificial+society&type=signup","/w/index.php?title=Special:UserLogin&returnto=Artificial+society","/wiki/Artificial_society","/wiki/Talk:Artificial_society","#","/wiki/Artificial_society","/w/index.php?title=Artificial_society&action=edit","/w/index.php?title=Artificial_society&veaction=edit","/w/index.php?title=Artificial_society&action=history","#","/w/index.php","//bits.wikimedia.org/static-1.22wmf12/skins/vector/images/search-ltr.png?303-4","/wiki/Main_Page","/wiki/Main_Page","/wiki/Portal:Contents","/wiki/Portal:Featured_content","/wiki/Portal:Current_events","/wiki/Special:Random","https://donate.wikimedia.org/wiki/Special:FundraiserRedirector?utm_source=donate&utm_medium=sidebar&utm_campaign=C13_en.wikipedia.org&uselang=en","/wiki/Help:Contents","/wiki/Wikipedia:About","/wiki/Wikipedia:Community_portal","/wiki/Special:RecentChanges","//en.wikipedia.org/wiki/Wikipedia:Contact_us","/wiki/Special:WhatLinksHere/Artificial_society","/wiki/Special:RecentChangesLinked/Artificial_society","/wiki/Wikipedia:File_Upload_Wizard","/wiki/Special:SpecialPages","/w/index.php?title=Artificial_society&oldid=562528076","/w/index.php?title=Artificial_society&action=info","//www.wikidata.org/wiki/Q4801096","/w/index.php?title=Special:Cite&page=Artificial_society&id=562528076","/w/index.php?title=Special:Book&bookcmd=book_creator&referer=Artificial+society","/w/index.php?title=Special:Book&bookcmd=render_article&arttitle=Artificial+society&oldid=562528076&writer=rl","/w/index.php?title=Artificial_society&printable=yes","//ar.wikipedia.org/wiki/%D9%85%D8%AC%D8%AA%D9%85%D8%B9_%D8%B5%D9%86%D8%A7%D8%B9%D9%8A","#","//www.wikidata.org/wiki/Q4801096#sitelinks-wikipedia","//en.wikipedia.org/wiki/Wikipedia:Text_of_Creative_Commons_Attribution-ShareAlike_3.0_Unported_License","//creativecommons.org/licenses/by-sa/3.0/","//wikimediafoundation.org/wiki/Terms_of_Use","//wikimediafoundation.org/wiki/Privacy_policy","//www.wikimediafoundation.org/","//wikimediafoundation.org/wiki/Privacy_policy","/wiki/Wikipedia:About","/wiki/Wikipedia:General_disclaimer","//en.wikipedia.org/wiki/Wikipedia:Contact_us","//en.m.wikipedia.org/wiki/Artificial_society","//wikimediafoundation.org/","//bits.wikimedia.org/images/wikimedia-button.png","//www.mediawiki.org/","//bits.wikimedia.org/static-1.22wmf12/skins/common/images/poweredby_mediawiki_88x31.png","//bits.wikimedia.org/en.wikipedia.org/load.php?debug=false&lang=en&modules=site&only=scripts&skin=vector&*"],"instances":["computer_graphics"],"pdf":[],"categories":["Social sciences methodology"],"headings":["Overview","See also","References","External links"],"image":["//upload.wikimedia.org/wikipedia/en/thumb/9/99/Question_book-new.svg/50px-Question_book-new.svg.png","//en.wikipedia.org/w/index.php?title=Special:CentralAutoLogin/start&type=1x1&from=enwiki","//bits.wikimedia.org/static-1.22wmf12/skins/vector/images/search-ltr.png?303-4","//bits.wikimedia.org/images/wikimedia-button.png","//bits.wikimedia.org/static-1.22wmf12/skins/common/images/poweredby_mediawiki_88x31.png"],"tags":[["craig_reynolds","computer_graphics"]],"members":["craig_reynolds"],"related":["Computer_simulation","Complex_system","Emergence","Monte_Carlo_Method","Computational_sociology","Multi_agent_system_","Evolutionary_programming","Emergence","Von_Neumann","Von_Neumann","Stanislaw_Ulam","Von_Neumann","Cellular_Automaton","John_Horton_Conway","Conway's_Game_of_Life","Conway's_Game_of_Life","Checkerboard","Craig_Reynolds_(computer_graphics)","Artificial_life","Christopher_Langton","Artificial_life","Joshua_M._Epstein","Robert_Axtell","Computational_sociology","Émile_Durkheim","Computer_program","Computer_simulation","Evolutionary_algorithm","Genetic_algorithm","Genetic_programming","Memetic_programming","Agent_based_model","Cellular_automaton","Linguistics","Physics","Mathematics","Philosophy","Computer_science","Biology","Sociology","Agent_based_model","Boids","Complex_system","Computational_sociology","Emergence","Evolutionary_algorithm","Simulated_reality","Social_complexity","Social_simulation"]}