{"cursor":"63770","size":15,"audio":[],"currentlang":"en","article":"d\n\n\n'Artificial photosynthesis' is a chemical process that replicates the natural\nprocess of photosynthesis, a process that converts sunlight, water, and carbon\ndioxide into carbohydrates and oxygen. The term is commonly used to refer to any\nscheme for capturing and storing the energy from sunlight in the chemical bonds\nof a fuel (a solar fuel). Photocatalytic water splitting converts water into\nprotons (and eventually hydrogen) and oxygen, and is a main research area in\nartificial photosynthesis. Light-driven carbon dioxide reduction is another\nstudied process, replicating natural carbon fixation.\n\nResearch developed in this field encompasses design and assembly of devices (and\ntheir components) for the direct production of solar fuels,\nphotoelectrochemistry and its application in fuel cells, and engineering of\nenzymes and photoautotrophic microorganisms for microbial biofuel and\nbiohydrogen production from sunlight. Many, if not most, of the artificial\napproaches are bio-inspired, i.e., they rely on biomimetics.\n","linknr":1061,"url":"Artificial_photosynthesis","recorded":1376396431,"links":["/w/index.php?title=Artificial_photosynthesis&action=edit","/w/index.php?title=Artificial_photosynthesis&action=edit","//bits.wikimedia.org/favicon/wikipedia.ico","/w/opensearch_desc.php","//en.wikipedia.org/w/api.php?action=rsd","//creativecommons.org/licenses/by-sa/3.0/","/w/index.php?title=Special:RecentChanges&feed=atom","http://en.wikipedia.org/wiki/Artificial_photosynthesis","//bits.wikimedia.org/en.wikipedia.org/load.php?debug=false&lang=en&modules=ext.gadget.DRN-wizard%2CReferenceTooltips%2Ccharinsert%2Cteahouse%7Cext.rtlcite%2Cwikihiero%7Cext.uls.nojs%7Cmediawiki.legacy.commonPrint%2Cshared%7Cmw.PopUpMediaTransform%7Cskins.vector&only=styles&skin=vector&*","//bits.wikimedia.org/en.wikipedia.org/load.php?debug=false&lang=en&modules=ext.visualEditor.viewPageTarget.noscript&only=styles&skin=vector&*","//bits.wikimedia.org/en.wikipedia.org/load.php?debug=false&lang=en&modules=site&only=styles&skin=vector&*","//bits.wikimedia.org/en.wikipedia.org/load.php?debug=false&lang=en&modules=startup&only=scripts&skin=vector&*","//bits.wikimedia.org/geoiplookup","//meta.wikimedia.org","#mw-navigation","#p-search","/wiki/File:Photo_Electric_Cell_Evolving_Hydrogen_and_Oxygen.jpg","//upload.wikimedia.org/wikipedia/commons/thumb/b/bc/Photo_Electric_Cell_Evolving_Hydrogen_and_Oxygen.jpg/220px-Photo_Electric_Cell_Evolving_Hydrogen_and_Oxygen.jpg","/wiki/File:Photo_Electric_Cell_Evolving_Hydrogen_and_Oxygen.jpg","//bits.wikimedia.org/static-1.22wmf12/skins/common/images/magnify-clip.png","/wiki/Chemical_process","/wiki/Photosynthesis","/wiki/Sunlight","/wiki/Water","/wiki/Carbon_dioxide","/wiki/Carbohydrates","/wiki/Oxygen","/wiki/Solar_fuel","/wiki/Photocatalytic_water_splitting","/wiki/Protons","/wiki/Hydrogen","/wiki/Photochemical_carbon_dioxide_reduction","/wiki/Carbon_fixation","/wiki/Photoelectrochemistry","/wiki/Enzyme","/wiki/Photoautotrophic","/wiki/Microorganism","/wiki/Biofuel","/wiki/Biohydrogen","/wiki/Biomimetics","#Overview","#History","#Current_research","#Hydrogen_catalysts","#Water-oxidizing_catalysts","#Photosensitizers","#Carbon_dioxide_reduction_catalysts","#Other_materials_and_components","#Light-driven_methodologies_under_development","#Photoelectrochemical_cells","#Photocatalytic_water_splitting_in_homogeneous_systems","#Hydrogen-producing_artificial_systems","#NADP.2B.2FNADPH_coenzyme-inspired_catalyst","#Photobiological_production_of_fuels","#Employed_research_techniques","#Advantages.2C_disadvantages.2C_and_efficiency","#Potential_global_impact","#See_also","#References","#External_links","/w/index.php?title=Artificial_photosynthesis&action=edit&section=1","/w/index.php?title=Artificial_photosynthesis&veaction=edit&section=1","/wiki/Half-reaction","/wiki/Oxidation","/wiki/Redox","/wiki/Fuel","/wiki/Calvin-Benson_cycle","/wiki/Light-independent_reaction","/wiki/Glucose","/wiki/Photocatalyst","/wiki/Catalyst","/wiki/Photons","#cite_note-Yarris-1","/wiki/Photovoltaics","#cite_note-Styring-2","#cite_note-economist1-3","/wiki/Biofuel","/wiki/Biomass","#cite_note-Listorti-4","/wiki/Solar_fuel","#cite_note-Gathman-5","/wiki/Photocatalytic_water_splitting","/wiki/Alternative_energy","#cite_note-Carraro-6","#cite_note-Bockris-7","/wiki/Wikipedia:Citation_needed","/wiki/Wikipedia:Citation_needed","#cite_note-Navarro-8","#cite_note-Andreiadis-9","/wiki/Compartmentalization_(engineering)","/wiki/PH","/wiki/Electrodes","/wiki/Microalgae","/wiki/Cyanobacteria","/wiki/Strain_(biology)","#cite_note-Magnuson-10","/wiki/Algae_fuel","/wiki/Butanol","/wiki/Methanol","/wiki/Synthetic_biology","#cite_note-Magnuson-10","/wiki/J._Craig_Venter_Institute","#cite_note-11","#cite_note-JCVI2-12","/w/index.php?title=Artificial_photosynthesis&action=edit&section=2","/w/index.php?title=Artificial_photosynthesis&veaction=edit&section=2","/wiki/Akira_Fujishima","/wiki/Titanium_dioxide","/wiki/Hydrolysis","#cite_note-Fujishima-13","/wiki/Lund_University","/wiki/Uppsala_University","/wiki/Stockholm_University","/wiki/Lund","#cite_note-CAP-14","/wiki/Multidisciplinary","#cite_note-Hammarstrom-15","#cite_note-Styring-2","/wiki/Commonwealth_Scientific_and_Industrial_Research_Organisation","#cite_note-16","#cite_note-17","/wiki/Brookhaven_National_Laboratory","#cite_note-18","#cite_note-19","#cite_note-Styring-2","/wiki/European_Office_of_Aerospace_Research_and_Development","#cite_note-Lachance-20","/wiki/MIT","/wiki/Daniel_G._Nocera","#cite_note-Kanan-21","#cite_note-Trafton-22","#cite_note-Lutterman-23","#cite_note-24","#cite_note-Kleiner-25","/wiki/Andrew_B._Bocarsly","#cite_note-Barton-26","#cite_note-27","#cite_note-28","/wiki/University_of_East_Anglia","/wiki/Indium_phosphide","#cite_note-Nann-29","#cite_note-30","/wiki/Solid_solution","#cite_note-31","/wiki/University_of_California,_Santa_Cruz","/wiki/Doping_(semiconductor)","/wiki/Cadmium_selenide","/wiki/Quantum_dots","/wiki/Nanoparticle","/wiki/Nanowire","#cite_note-Hensel-32","/wiki/Mitsubishi_Chemical_Holdings","#cite_note-33","#cite_note-mitsubishi-34","#cite_note-KAITEKI-35","/wiki/United_States_Department_of_Energy","/wiki/United_States_Department_of_Energy#Energy_Innovation_Hubs","/wiki/Joint_Center_for_Artificial_Photosynthesis","#cite_note-36","/wiki/Caltech","/wiki/Nathan_Lewis","/wiki/Caltech","/wiki/Lawrence_Berkeley_National_Laboratory","/wiki/Stanford_University","/wiki/University_of_California_at_Berkeley","/wiki/UCSB","/wiki/UCI","/wiki/UCSD","/wiki/Stanford_Linear_Accelerator","#cite_note-37","/wiki/David_Wendell","/wiki/University_of_Cincinnati","#cite_note-38","/wiki/American_Chemical_Society","#cite_note-artificial_leaf-39","#cite_note-Reece-40","#cite_note-41","/w/index.php?title=Artificial_photosynthesis&action=edit&section=3","/w/index.php?title=Artificial_photosynthesis&veaction=edit&section=3","#cite_note-Andreiadis-9","#cite_note-Hammarstrom-15","/wiki/Light-harvesting_complex","/wiki/Proton-coupled_electron_transfer","/wiki/Photoinduced_charge_separation","/wiki/Biohydrogen","/wiki/File:Triad_general_scheme.svg","//upload.wikimedia.org/wikipedia/commons/thumb/8/83/Triad_general_scheme.svg/400px-Triad_general_scheme.svg.png","/wiki/File:Triad_general_scheme.svg","//bits.wikimedia.org/static-1.22wmf12/skins/common/images/magnify-clip.png","/wiki/Biomimetic","/wiki/Catalytic_triad","/wiki/Photosensitizer","/wiki/Supramolecular","/wiki/Covalent","#cite_note-Andreiadis-9","/wiki/Oxygen-evolving_complex","/wiki/Photoelectrochemical_cell","#cite_note-Kalyanasundaram-42","#cite_note-Gathman-5","/w/index.php?title=Artificial_photosynthesis&action=edit&section=4","/w/index.php?title=Artificial_photosynthesis&veaction=edit&section=4","/wiki/Hydride","/wiki/Hydrogenase","/wiki/Enzyme","/wiki/Spectroscopy","/wiki/Protein_crystallography","#cite_note-Lubitz-43","#cite_note-Fontecilla-Camps-44","/wiki/Hydrogenase_mimic","/wiki/Nickel-dependent_hydrogenase","#cite_note-Andreiadis-9","#cite_note-Pickett-45","#cite_note-Andreiadis-9","#cite_note-Tard-46","#cite_note-Heyduk-47","/wiki/Cobalt","#cite_note-Andreiadis-9","#cite_note-Hu-48","/w/index.php?title=Artificial_photosynthesis&action=edit&section=5","/w/index.php?title=Artificial_photosynthesis&veaction=edit&section=5","/wiki/Oxygen-evolving_complex","/wiki/Photosystem_II","/wiki/Heterogeneous_water_oxidation","#cite_note-Bockris-7","#cite_note-Yano-49","#cite_note-Yasufumi-50","/wiki/Cluster_chemistry","/wiki/Manganese","/wiki/Calcium","/wiki/Cubane#Inorganic_cubes_and_related_derivatives","#cite_note-Dismukes-51","/wiki/Ruthenium","/wiki/Valence_(chemistry)","#cite_note-Andreiadis-9","/wiki/Ruthenium(IV)_oxide","/wiki/Nickel","/wiki/Doping_(semiconductor)","/wiki/Cobalt(II,III)_oxide","/wiki/Manganese_oxide","/wiki/Turnover_frequency","/wiki/Electron_transfer","#cite_note-Carraro-6","/w/index.php?title=Artificial_photosynthesis&action=edit&section=6","/w/index.php?title=Artificial_photosynthesis&veaction=edit&section=6","/wiki/File:Delta-ruthenium-tris(bipyridine)-cation-3D-balls.png","//upload.wikimedia.org/wikipedia/commons/thumb/9/9a/Delta-ruthenium-tris%28bipyridine%29-cation-3D-balls.png/200px-Delta-ruthenium-tris%28bipyridine%29-cation-3D-balls.png","/wiki/File:Delta-ruthenium-tris(bipyridine)-cation-3D-balls.png","//bits.wikimedia.org/static-1.22wmf12/skins/common/images/magnify-clip.png","/wiki/Tris(bipyridine)ruthenium(II)_chloride","/wiki/Biological_pigment","/wiki/Chlorophyll","/wiki/Polypyridine_complex","/wiki/Tris(bipyridine)ruthenium(II)_chloride","/wiki/MLCT","/wiki/Excited_state","#cite_note-Andreiadis-9","/wiki/Platinum","/wiki/Rhodium","/wiki/Iridium","#cite_note-Andreiadis-9","/wiki/Eosin_Y","/wiki/Rose_bengal","#cite_note-Andreiadis-9","/wiki/Nanomaterial","/wiki/Semiconductors","#cite_note-Carraro-6","#cite_note-Kalyanasundaram-42","/w/index.php?title=Artificial_photosynthesis&action=edit&section=7","/w/index.php?title=Artificial_photosynthesis&veaction=edit&section=7","/wiki/Carbon_fixation","/wiki/Green_plants","/wiki/RuBisCO","/wiki/Calvin_cycle","/wiki/Ribulose-1,5-bisphosphate","#cite_note-Ellis-52","/wiki/Redox","/wiki/Glucose","/wiki/Carbohydrates","/wiki/Cellulose","/wiki/Starch","/wiki/Adenosine_triphosphate","/wiki/NADPH","/wiki/Transition_metal","/wiki/Phosphine","#cite_note-Dubois-53","/wiki/Carbon_monoxide","#cite_note-Dubois-53","/w/index.php?title=Artificial_photosynthesis&action=edit&section=8","/w/index.php?title=Artificial_photosynthesis&veaction=edit&section=8","/wiki/Fullerene","/wiki/Carbon_nanotube","/w/index.php?title=Pi-bonding&action=edit&redlink=1","#cite_note-Carraro-6","/wiki/Covalent","/wiki/Ferrocene","/wiki/Porphyrin","/wiki/Phthalocyanine","#cite_note-Carraro-6","/wiki/Carotenoids","#cite_note-McConnell-54","/w/index.php?title=Artificial_photosynthesis&action=edit&section=9","/w/index.php?title=Artificial_photosynthesis&veaction=edit&section=9","/w/index.php?title=Artificial_photosynthesis&action=edit&section=10","/w/index.php?title=Artificial_photosynthesis&veaction=edit&section=10","/wiki/Photoelectrochemical_cell","#cite_note-Kalyanasundaram-42","/wiki/Nafion","#cite_note-Hocking-55","/wiki/Dye-sensitized_solar_cell","#cite_note-Kalyanasundaram-42","/wiki/Solid_state_(electronics)","#cite_note-Kalyanasundaram-42","/w/index.php?title=Artificial_photosynthesis&action=edit&section=11","/w/index.php?title=Artificial_photosynthesis&veaction=edit&section=11","/wiki/Photocatalytic_water_splitting","/wiki/Photoelectrochemical_cell","#cite_note-Yerga-56","/wiki/Adsorption","/wiki/Clay","#cite_note-Andreiadis-9","#cite_note-Andreiadis-9","#cite_note-Andreiadis-9","/wiki/Polyoxometalate","#cite_note-Carraro-6","#cite_note-Andreiadis-9","/wiki/Working_electrode","#cite_note-Badura-57","/w/index.php?title=Artificial_photosynthesis&action=edit&section=12","/w/index.php?title=Artificial_photosynthesis&veaction=edit&section=12","/wiki/File:FeFe_hydrogenase_model_with_Ru_attached.svg","//upload.wikimedia.org/wikipedia/commons/thumb/f/f2/FeFe_hydrogenase_model_with_Ru_attached.svg/300px-FeFe_hydrogenase_model_with_Ru_attached.svg.png","/wiki/File:FeFe_hydrogenase_model_with_Ru_attached.svg","//bits.wikimedia.org/static-1.22wmf12/skins/common/images/magnify-clip.png","#cite_note-Krassen-58","/wiki/Dyad","//toolserver.org/%7Edispenser/cgi-bin/dab_solver.py?page=Artificial_photosynthesis&editintro=Template:Disambiguation_needed/editintro&client=Template:Dn","/wiki/Cobaloximes","#cite_note-Andreiadis-9","#cite_note-Dempsey-59","#cite_note-Andreiadis-9","/wiki/Turnover_number","/wiki/Photosystem_I","#cite_note-Andreiadis-9","#cite_note-Krassen-58","/w/index.php?title=Artificial_photosynthesis&action=edit&section=13","/w/index.php?title=Artificial_photosynthesis&veaction=edit&section=13","/wiki/NADPH","/wiki/Coenzyme","/wiki/Proton","/wiki/Electrons","/wiki/Hydride","/wiki/Carbohydrates","/wiki/Calvin_cycle","/wiki/Coenzyme","/wiki/Hydride","/wiki/Ruthenium","/wiki/Acetone","/wiki/Isopropanol","/wiki/Carbon_dioxide","#cite_note-60","/w/index.php?title=Artificial_photosynthesis&action=edit&section=14","/w/index.php?title=Artificial_photosynthesis&veaction=edit&section=14","/wiki/Photoautotrophic","/wiki/Nitrogen_fixation","/wiki/Cyanobacteria","/wiki/Nitrogenase","/wiki/Ammonia","/wiki/Nostoc_punctiforme","/wiki/Structural_gene","/wiki/Insertional_mutagenesis","#cite_note-Lindberg-61","/wiki/Metabolic_pathway","#cite_note-Magnuson-10","#cite_note-Lan-62","#cite_note-Magnuson-10","#cite_note-Lan-62","/wiki/Photobioreactor","#cite_note-Kunjapur-63","/w/index.php?title=Artificial_photosynthesis&action=edit&section=15","/w/index.php?title=Artificial_photosynthesis&veaction=edit&section=15","#cite_note-Magnuson-10","/wiki/Organic_synthesis","/wiki/Inorganic_chemistry","/wiki/Chemical_synthesis","/wiki/Electrochemistry","/wiki/Photoelectrochemistry","/wiki/Cyclic_voltammetry","/wiki/Bulk_electrolysis","/wiki/Time-resolved_spectroscopy","/wiki/Ultrafast_laser_spectroscopy","/wiki/Nuclear_magnetic_resonance","/wiki/Electron_paramagnetic_resonance","/wiki/EXAFS","/wiki/Crystallography","/wiki/Molecular_biology","/wiki/Microbiology","/wiki/Synthetic_biology","/w/index.php?title=Artificial_photosynthesis&action=edit&section=16","/w/index.php?title=Artificial_photosynthesis&veaction=edit&section=16","/wiki/Photovoltaic","/wiki/Carbon-neutral","/wiki/Photovoltaics","#cite_note-Andreiadis-9","#cite_note-Krassen-58","/wiki/Fossil_fuels","#cite_note-economist1-3","/wiki/Photosynthetic_efficiency","#cite_note-Blankenship-64","/wiki/Glucose","#cite_note-Blankenship-64","#cite_note-Biello-65","/w/index.php?title=Artificial_photosynthesis&action=edit&section=17","/w/index.php?title=Artificial_photosynthesis&veaction=edit&section=17","/wiki/File:Professor_Dan_Nocera_(MIT),_Professor_Peidong_Yang_(UC_Berkeley)_and_Assoc._Prof_Thomas_Faunce_(ANU).jpg","//upload.wikimedia.org/wikipedia/commons/thumb/3/30/Professor_Dan_Nocera_%28MIT%29%2C_Professor_Peidong_Yang_%28UC_Berkeley%29_and_Assoc._Prof_Thomas_Faunce_%28ANU%29.jpg/220px-Professor_Dan_Nocera_%28MIT%29%2C_Professor_Peidong_Yang_%28UC_Berkeley%29_and_Assoc._Prof_Thomas_Faunce_%28ANU%29.jpg","/wiki/File:Professor_Dan_Nocera_(MIT),_Professor_Peidong_Yang_(UC_Berkeley)_and_Assoc._Prof_Thomas_Faunce_(ANU).jpg","//bits.wikimedia.org/static-1.22wmf12/skins/common/images/magnify-clip.png","/wiki/Renewable_energy","/wiki/Biomass","#cite_note-Thomas_Faunce_2013-66","#cite_note-67","#cite_note-68","/wiki/Lord_Howe_Island","/wiki/UNESCO","#cite_note-69","/wiki/Peidong_Yang","/wiki/Dan_Nocera","/wiki/Michael_Kirby_(judge)","#cite_note-70","/wiki/Open-source","/wiki/Australian_Journal_of_Chemistry","#cite_note-71","/wiki/Energy_and_Environmental_Science","#cite_note-72","#cite_note-Thomas_Faunce_2013-66","/wiki/Common_heritage_of_humanity","/wiki/International_law","#cite_note-73","#cite_note-74","#cite_note-75","/wiki/Sustainocene","#cite_note-76","/wiki/Rights_of_Nature","#cite_note-77","/w/index.php?title=Artificial_photosynthesis&action=edit&section=18","/w/index.php?title=Artificial_photosynthesis&veaction=edit&section=18","/wiki/AlgaePARC","/wiki/Carbon_footprint","/wiki/Fuel_cell","/wiki/Hydrogen_economy","/wiki/List_of_emerging_technologies","/wiki/Metabolic_engineering","/wiki/Photovoltaic_cell","/wiki/Photovoltaic_module","/w/index.php?title=Artificial_photosynthesis&action=edit&section=19","/w/index.php?title=Artificial_photosynthesis&veaction=edit&section=19","#cite_ref-Yarris_1-0","http://newscenter.lbl.gov/press-releases/2009/03/10/turning-sunlight-into-liquid-fuels-berkeley-lab-researchers-create-a-nano-sized-photocatalyst-for-artificial-photosynthesis/","#cite_ref-Styring_2-0","#cite_ref-Styring_2-1","#cite_ref-Styring_2-2","http://pubs.rsc.org/en/content/articlelanding/2012/fd/c1fd00113b","/wiki/Bibcode","http://adsabs.harvard.edu/abs/2012FaDi..155..357S","/wiki/Digital_object_identifier","http://dx.doi.org/10.1039%2FC1FD00113B","#cite_ref-economist1_3-0","#cite_ref-economist1_3-1","http://www.economist.com/blogs/babbage/2011/02/artificial_photosynthesis","/wiki/The_Economist","#cite_ref-Listorti_4-0","http://www.nature.com/nmat/journal/v8/n12/abs/nmat2578.html","/wiki/Bibcode","http://adsabs.harvard.edu/abs/2009NatMa...8..929L","/wiki/Digital_object_identifier","http://dx.doi.org/10.1038%2Fnmat2578","#cite_ref-Gathman_5-0","#cite_ref-Gathman_5-1","http://www.rps.psu.edu/0009/energy.html","#cite_ref-Carraro_6-0","#cite_ref-Carraro_6-1","#cite_ref-Carraro_6-2","#cite_ref-Carraro_6-3","#cite_ref-Carraro_6-4","#cite_ref-Carraro_6-5","http://www.springerlink.com/content/n715640k075v4236/","/wiki/Digital_object_identifier","http://dx.doi.org/10.1007%2F128_2011_136","#cite_ref-Bockris_7-0","#cite_ref-Bockris_7-1","http://www.sciencedirect.com/science/article/pii/0360319985900254","/wiki/Digital_object_identifier","http://dx.doi.org/10.1016%2F0360-3199%2885%2990025-4","#cite_ref-Navarro_8-0","http://www.sciencedirect.com/science/article/pii/S0065237709004049","/wiki/Digital_object_identifier","http://dx.doi.org/10.1016%2FS0065-2377%2809%2900404-9","#cite_ref-Andreiadis_9-0","#cite_ref-Andreiadis_9-1","#cite_ref-Andreiadis_9-2","#cite_ref-Andreiadis_9-3","#cite_ref-Andreiadis_9-4","#cite_ref-Andreiadis_9-5","#cite_ref-Andreiadis_9-6","#cite_ref-Andreiadis_9-7","#cite_ref-Andreiadis_9-8","#cite_ref-Andreiadis_9-9","#cite_ref-Andreiadis_9-10","#cite_ref-Andreiadis_9-11","#cite_ref-Andreiadis_9-12","#cite_ref-Andreiadis_9-13","#cite_ref-Andreiadis_9-14","#cite_ref-Andreiadis_9-15","#cite_ref-Andreiadis_9-16","#cite_ref-Andreiadis_9-17","http://onlinelibrary.wiley.com/doi/10.1111/j.1751-1097.2011.00966.x/abstract","/wiki/Digital_object_identifier","http://dx.doi.org/10.1111%2Fj.1751-1097.2011.00966.x","#cite_ref-Magnuson_10-0","#cite_ref-Magnuson_10-1","#cite_ref-Magnuson_10-2","#cite_ref-Magnuson_10-3","#cite_ref-Magnuson_10-4","http://pubs.acs.org/doi/full/10.1021/ar900127h","/wiki/Digital_object_identifier","http://dx.doi.org/10.1021%2Far900127h","#cite_ref-11","http://www.jcvi.org/cms/research/groups/synthetic-biology-bioenergy/","#cite_ref-JCVI2_12-0","http://www.jcvi.org/cms/research/projects/hydrogen-from-water-in-a-novel-recombinant-cyanobacterial-system/overview/","#cite_ref-Fujishima_13-0","http://www.sciencedirect.com/science/article/pii/S1389556700000022","/wiki/Digital_object_identifier","http://dx.doi.org/10.1016%2FS1389-5567%2800%2900002-2","#cite_ref-CAP_14-0","http://www.fotomol.uu.se/Forskning/Biomimetics/consortium/index.shtm","#cite_ref-Hammarstrom_15-0","#cite_ref-Hammarstrom_15-1","http://rstb.royalsocietypublishing.org/content/363/1494/1283.abstract","/wiki/Digital_object_identifier","http://dx.doi.org/10.1098%2Frstb.2007.2225","#cite_ref-16","http://www.sciencedaily.com/releases/2000/11/001127224712.htm","#cite_ref-17","http://www.csiro.au/promos/ozadvances/Series14Artifical.htm","#cite_ref-18","http://www.bnl.gov/bnlweb/pubaf/pr/2003/bnlpr090903.htm","#cite_ref-19","http://www.sciencedaily.com/releases/2003/09/030910073052.htm","#cite_ref-Lachance_20-0","http://www.wpafb.af.mil/news/story.asp?id=123118409","#cite_ref-Kanan_21-0","http://www.sciencemag.org/cgi/content/abstract/321/5892/1072","/wiki/Bibcode","http://adsabs.harvard.edu/abs/2008Sci...321.1072K","/wiki/Digital_object_identifier","http://dx.doi.org/10.1126%2Fscience.1162018","/wiki/PubMed_Identifier","//www.ncbi.nlm.nih.gov/pubmed/18669820","#cite_ref-Trafton_22-0","http://web.mit.edu/newsoffice/2008/oxygen-0731.html","/wiki/Massachusetts_Institute_of_Technology","#cite_ref-Lutterman_23-0","http://pubs.acs.org/doi/abs/10.1021/ja900023k","/wiki/Digital_object_identifier","http://dx.doi.org/10.1021%2Fja900023k","#cite_ref-24","http://www.technologyreview.com/Energy/21155/?a=f","#cite_ref-Kleiner_25-0","http://www.newscientist.com/article/dn14441","#cite_ref-Barton_26-0","http://pubs.acs.org/doi/abs/10.1021/ja0776327","/wiki/Digital_object_identifier","http://dx.doi.org/10.1021%2Fja0776327","#cite_ref-27","http://www.azonano.com/news.asp?newsID=14936","#cite_ref-28","http://onlinelibrary.wiley.com/doi/10.1002/anie.200905115/abstract","/wiki/Digital_object_identifier","http://dx.doi.org/10.1002%2Fanie.200905115","#cite_ref-Nann_29-0","http://onlinelibrary.wiley.com/doi/10.1002/anie.200906262/full","/wiki/Digital_object_identifier","http://dx.doi.org/10.1002%2Fanie.200906262","#cite_ref-30","#cite_ref-31","http://www.sciencedirect.com/science/article/pii/S0920586108004525","/wiki/Digital_object_identifier","http://dx.doi.org/10.1016%2Fj.cattod.2008.09.024","#cite_ref-Hensel_32-0","http://pubs.acs.org/doi/full/10.1021/nl903217w","/wiki/Bibcode","http://adsabs.harvard.edu/abs/2010NanoL..10..478H","/wiki/Digital_object_identifier","http://dx.doi.org/10.1021%2Fnl903217w","#cite_ref-33","http://www.digitalworldtokyo.com/index.php/digital_tokyo/articles/man-made_photosynthesis_looking_to_change_the_world","#cite_ref-mitsubishi_34-0","http://www.mitsubishi.com/e/csr/back/environment.html","#cite_ref-KAITEKI_35-0","http://www.kaiteki-institute.com/research/index.html","#cite_ref-36","http://solarfuelshub.org/","#cite_ref-37","http://media.caltech.edu/press_releases/13365","#cite_ref-38","http://www.uc.edu/news/NR.aspx?id=11558","#cite_ref-artificial_leaf_39-0","http://portal.acs.org/portal/acs/corg/content?_nfpb=true&_pageLabel=PP_ARTICLEMAIN&node_id=222&content_id=CNBP_026944&use_sec=true&sec_url_var=region1&__uuid=fc6e4031-a1f8-4093-9d1a-07bbc67134d0","#cite_ref-Reece_40-0","http://www.sciencemag.org/content/334/6056/645","/wiki/Bibcode","http://adsabs.harvard.edu/abs/2011Sci...334..645R","/wiki/Digital_object_identifier","http://dx.doi.org/10.1126%2Fscience.1209816","#cite_ref-41","http://www.nature.com/news/artificial-leaf-faces-economic-hurdle-1.10703","#cite_ref-Kalyanasundaram_42-0","#cite_ref-Kalyanasundaram_42-1","#cite_ref-Kalyanasundaram_42-2","#cite_ref-Kalyanasundaram_42-3","#cite_ref-Kalyanasundaram_42-4","http://www.sciencedirect.com/science/article/pii/S0958166910000649","/wiki/Digital_object_identifier","http://dx.doi.org/10.1016%2Fj.copbio.2010.03.021","#cite_ref-Lubitz_43-0","http://pubs.acs.org/doi/full/10.1021/cr050186q","/wiki/Digital_object_identifier","http://dx.doi.org/10.1021%2Fcr050186q","#cite_ref-Fontecilla-Camps_44-0","http://pubs.acs.org/doi/full/10.1021/cr050195z","/wiki/Digital_object_identifier","http://dx.doi.org/10.1021%2Fcr050195z","/wiki/PubMed_Identifier","//www.ncbi.nlm.nih.gov/pubmed/17850165","#cite_ref-Pickett_45-0","http://pubs.acs.org/doi/full/10.1021/cr800542q","/wiki/Digital_object_identifier","http://dx.doi.org/10.1021%2Fcr800542q","/wiki/PubMed_Identifier","//www.ncbi.nlm.nih.gov/pubmed/19438209","#cite_ref-Tard_46-0","http://www.nature.com/nature/journal/v433/n7026/abs/nature03298.html","/wiki/Bibcode","http://adsabs.harvard.edu/abs/2005Natur.433..610T","/wiki/Digital_object_identifier","http://dx.doi.org/10.1038%2Fnature03298","#cite_ref-Heyduk_47-0","http://www.sciencemag.org/content/293/5535/1639.full","/wiki/Bibcode","http://adsabs.harvard.edu/abs/2001Sci...293.1639H","/wiki/Digital_object_identifier","http://dx.doi.org/10.1126%2Fscience.1062965","/wiki/PubMed_Identifier","//www.ncbi.nlm.nih.gov/pubmed/11533485","#cite_ref-Hu_48-0","http://pubs.rsc.org/en/content/articlelanding/2005/cc/b509188h","/wiki/Digital_object_identifier","http://dx.doi.org/10.1039%2FB509188H","#cite_ref-Yano_49-0","http://www.pnas.org/content/102/34/12047","/wiki/Bibcode","http://adsabs.harvard.edu/abs/2005PNAS..10212047Y","/wiki/Digital_object_identifier","http://dx.doi.org/10.1073%2Fpnas.0505207102","#cite_ref-Yasufumi_50-0","http://www.nature.com/nature/journal/v473/n7345/full/nature09913.html","/wiki/Bibcode","http://adsabs.harvard.edu/abs/2011Natur.473...55U","/wiki/Digital_object_identifier","http://dx.doi.org/10.1038%2Fnature09913","#cite_ref-Dismukes_51-0","http://pubs.acs.org/doi/abs/10.1021/ar900249x","/wiki/Digital_object_identifier","http://dx.doi.org/10.1021%2Far900249x","#cite_ref-Ellis_52-0","/wiki/Bibcode","http://adsabs.harvard.edu/abs/2010Natur.463..164E","/wiki/Digital_object_identifier","http://dx.doi.org/10.1038%2F463164a","/wiki/PubMed_Identifier","//www.ncbi.nlm.nih.gov/pubmed/20075906","#cite_ref-Dubois_53-0","#cite_ref-Dubois_53-1","/wiki/Digital_object_identifier","http://dx.doi.org/10.1021%2Far900110c","http://pubs.acs.org/doi/abs/10.1021/ar900110c","/wiki/Help:CS1_errors#bare_url_missing_title","#cite_ref-McConnell_54-0","http://www.cell.com/chemistry-biology/abstract/S1074-5521%2810%2900167-5","/wiki/Digital_object_identifier","http://dx.doi.org/10.1016%2Fj.chembiol.2010.05.005","#cite_ref-Hocking_55-0","http://www.nature.com/nchem/journal/v3/n6/full/nchem.1049.html","/wiki/Bibcode","http://adsabs.harvard.edu/abs/2011NatCh...3..461H","/wiki/Digital_object_identifier","http://dx.doi.org/10.1038%2Fnchem.1049","#cite_ref-Yerga_56-0","http://onlinelibrary.wiley.com/doi/10.1002/cssc.200900018/abstract","/wiki/Digital_object_identifier","http://dx.doi.org/10.1002%2Fcssc.200900018","/wiki/PubMed_Identifier","//www.ncbi.nlm.nih.gov/pubmed/19536754","#cite_ref-Badura_57-0","http://onlinelibrary.wiley.com/doi/10.1002/elan.200804191/abstract","/wiki/Digital_object_identifier","http://dx.doi.org/10.1002%2Felan.200804191","#cite_ref-Krassen_58-0","#cite_ref-Krassen_58-1","#cite_ref-Krassen_58-2","http://pubs.rsc.org/en/Content/ArticleLanding/2011/CP/c0cp01163k","/wiki/Bibcode","http://adsabs.harvard.edu/abs/2011PCCP...13...47K","/wiki/Digital_object_identifier","http://dx.doi.org/10.1039%2FC0CP01163K","#cite_ref-Dempsey_59-0","http://pubs.acs.org/doi/abs/10.1021/ar900253e","/wiki/Digital_object_identifier","http://dx.doi.org/10.1021%2Far900253e","#cite_ref-60","http://www.eurekalert.org/pub_releases/2007-03/dnl-ndi032707.php","#cite_ref-Lindberg_61-0","http://www.sciencedirect.com/science/article/pii/S0360319902001210","/wiki/Digital_object_identifier","http://dx.doi.org/10.1016%2FS0360-3199%2802%2900121-0","#cite_ref-Lan_62-0","#cite_ref-Lan_62-1","http://www.sciencedirect.com/science/article/pii/S1096717611000474","/wiki/Digital_object_identifier","http://dx.doi.org/10.1016%2Fj.ymben.2011.04.004","#cite_ref-Kunjapur_63-0","http://pubs.acs.org/doi/abs/10.1021/ie901459u","/wiki/Digital_object_identifier","http://dx.doi.org/10.1021%2Fie901459u","#cite_ref-Blankenship_64-0","#cite_ref-Blankenship_64-1","http://www.sciencemag.org/content/332/6031/805.full","/wiki/Bibcode","http://adsabs.harvard.edu/abs/2011Sci...332..805B","/wiki/Digital_object_identifier","http://dx.doi.org/10.1126%2Fscience.1200165","#cite_ref-Biello_65-0","http://www.scientificamerican.com/article.cfm?id=plants-versus-photovoltaics-at-capturing-sunlight","#cite_ref-Thomas_Faunce_2013_66-0","#cite_ref-Thomas_Faunce_2013_66-1","http://papers.ssrn.com/sol3/papers.cfm?abstract_id=2235961","#cite_ref-67","#cite_ref-68","http://papers.ssrn.com/sol3/papers.cfm?abstract_id=1916493","#cite_ref-69","http://law.anu.edu.au/coast/tgap/conf.htm","#cite_ref-70","http://law.anu.edu.au/StaffUploads/236-Gap%20I%20flyer.pdf","http://law.anu.edu.au/coast/tgap/conf.htm","#cite_ref-71","http://www.publish.csiro.au/nid/52/issue/5915.htm","#cite_ref-72","http://papers.ssrn.com/sol3/papers.cfm?abstract_id=2235958","#cite_ref-73","http://papers.ssrn.com/sol3/papers.cfm?abstract_id=1935748","#cite_ref-74","http://www.e-elgar.com/bookentry_main.lasso?id=13647","#cite_ref-75","http://www.youtube.com/watch?v=dZ8qFS0kcbU","#cite_ref-76","http://www.sciencedirect.com/science/article/pii/S1877705812048047","#cite_ref-77","https://theconversation.com/artificial-photosynthesis-could-extend-rights-to-nature-15380","/w/index.php?title=Artificial_photosynthesis&action=edit&section=20","/w/index.php?title=Artificial_photosynthesis&veaction=edit&section=20","http://www.rsbs.anu.edu.au/ResearchGroups/PBE/index.php","http://techtv.mit.edu/videos/633-daniel-nocera-describes-new-process-for-storing-solar-energy","https://www.youtube.com/watch?v=itoWfzlM5vU","http://www.nanowerk.com/news/newsid=13409.php","http://web.mit.edu/newsoffice/2008/oxygen-0731.html","/wiki/Template:Emerging_technologies","/wiki/Template_talk:Emerging_technologies","//en.wikipedia.org/w/index.php?title=Template:Emerging_technologies&action=edit","/wiki/Emerging_technologies","/wiki/Technology","/wiki/Agriculture","/wiki/Agricultural_robot","/wiki/In_vitro_meat","/wiki/Genetically_modified_food","/wiki/Precision_agriculture","/wiki/Vertical_farming","/wiki/Biomedical_technology","/wiki/Ampakine","/wiki/Brain_transplant","/wiki/Cryonics","/wiki/Cells_Alive_System","/wiki/Full_genome_sequencing","/wiki/Genetic_engineering","/wiki/Gene_therapy","/wiki/Personalized_medicine","/wiki/Regenerative_medicine","/wiki/Stem_cell_treatments","/wiki/Tissue_engineering","/wiki/Head_transplant","/wiki/Isolated_brain","/wiki/Robotic_surgery","/wiki/Strategies_for_Engineered_Negligible_Senescence","/wiki/Suspended_animation","/wiki/Synthetic_biology","/wiki/Synthetic_genomics","/wiki/Autostereoscopy","/wiki/Holographic_display","/wiki/Next_generation_of_display_technology","/wiki/Screenless","/wiki/Bionic_contact_lens","/wiki/Head-mounted_display","/wiki/Head-up_display","/wiki/Virtual_retinal_display","/wiki/Electronic_nose","/wiki/Electronic_textile","/wiki/Flexible_electronics","/wiki/Memristor","/wiki/Spintronics","/wiki/Thermal_copper_pillar_bump","/wiki/Energy_storage","/wiki/Beltway_battery","/wiki/Carbon_neutral_fuel","/wiki/Compressed_air_energy_storage","/wiki/Flywheel_energy_storage","/wiki/Grid_energy_storage","/wiki/Lithium_air_battery","/wiki/Molten_salt_battery","/wiki/Nanowire_battery","/wiki/Silicon_air_battery","/wiki/Thermal_energy_storage","/wiki/Electric_double-layer_capacitor","/wiki/Fusion_power","/wiki/Molten_salt_reactor","/wiki/Renewable_energy","/wiki/Airborne_wind_turbine","/wiki/Biofuel","/wiki/Carbon_negative_fuel","/wiki/Concentrated_solar_power","/wiki/Home_fuel_cell","/wiki/Hydrogen_economy","/wiki/Nantenna","/wiki/Solar_roadway","/wiki/Space-based_solar_power","/wiki/Smart_grid","/wiki/Contactless_energy_transfer","/wiki/Information_and_communication_technologies","/wiki/Artificial_intelligence","/wiki/Applications_of_artificial_intelligence","/wiki/Progress_in_artificial_intelligence","/wiki/Machine_translation","/wiki/Machine_vision","/wiki/Semantic_Web","/wiki/Speech_recognition","/wiki/Atomtronics","/wiki/Cybermethodology","/wiki/Optical_disc#Fourth-generation","/wiki/3D_optical_data_storage","/wiki/Holographic_data_storage","/wiki/GPGPU","/wiki/CBRAM","/wiki/Ferroelectric_RAM","/wiki/Millipede_memory","/wiki/Magnetoresistive_random-access_memory","/wiki/Nano-RAM","/wiki/Phase-change_memory","/wiki/Racetrack_memory","/wiki/RRAM","/wiki/SONOS","/wiki/Optical_computing","/wiki/Quantum_computer","/wiki/Quantum_cryptography","/wiki/Radio-frequency_identification","/wiki/Three-dimensional_integrated_circuit","/wiki/3D_printing","/wiki/Contour_Crafting","/wiki/Claytronics","/wiki/Molecular_assembler","/wiki/Utility_fog","/wiki/Materials_science","/wiki/Artificial_muscle","/wiki/Graphene","/wiki/High-temperature_superconductivity","/wiki/Superfluid","/wiki/Metamaterial","/wiki/Metamaterial_cloaking","/wiki/Multi-function_structure","/wiki/Nanotechnology","/wiki/Carbon_nanotube","/wiki/Molecular_nanotechnology","/wiki/Nanomaterials","/wiki/Programmable_matter","/wiki/Quantum_dot","/wiki/Military_technology","/wiki/Antimatter_weapon","/wiki/Directed-energy_weapon","/wiki/Laser","/wiki/Maser","/wiki/Particle_beam_weapon","/wiki/Sonic_weapon","/wiki/Electromagnetic_weapon","/wiki/Coilgun","/wiki/Railgun","/wiki/Plasma_weapon","/wiki/Pure_fusion_weapon","/wiki/Neuroscience","/wiki/Artificial_brain","/wiki/Blue_Brain_Project","/wiki/Electroencephalography","/wiki/Mind_uploading","/wiki/Brain-reading","/wiki/Neuroinformatics","/wiki/Neuroprosthetics","/wiki/Visual_prosthesis","/wiki/Brain_implant","/wiki/Exocortex","/wiki/Retinal_implant","/wiki/Future_of_robotics","/wiki/Nanorobotics","/wiki/Powered_exoskeleton","/wiki/Self-reconfiguring_modular_robot","/wiki/Swarm_robotics","/wiki/Adaptive_Compliant_Wing","/wiki/Alternative_fuel_vehicle","/wiki/Hydrogen_vehicle","/wiki/Backpack_helicopter","/wiki/Autonomous_car","/wiki/Flying_car_(aircraft)","/wiki/Ground_effect_train","/wiki/Hyperloop","/wiki/Jet_pack","/wiki/Interstellar_travel","/wiki/Laser_propulsion","/wiki/Maglev","/wiki/Non-rocket_spacelaunch","/wiki/Mass_driver","/wiki/Orbital_ring","/wiki/Skyhook_(structure)","/wiki/Space_elevator","/wiki/Space_fountain","/wiki/Space_tether","/wiki/Personal_rapid_transit","/wiki/Plasma_propulsion_engine","/wiki/Helicon_Double_Layer_Thruster","/wiki/Variable_Specific_Impulse_Magnetoplasma_Rocket","/wiki/Pulse_detonation_engine","/wiki/Nuclear_pulse_propulsion","/wiki/Scramjet","/wiki/Solar_sail","/wiki/Spaceplane","/wiki/Supersonic_transport","/wiki/Tweel","/wiki/Vactrain","/wiki/Anti-gravity","/wiki/Arcology","/wiki/Cloak_of_invisibility","/wiki/Digital_scent_technology","/wiki/Domed_city","/wiki/Force_shield","/wiki/Plasma_window","/wiki/Immersion_(virtual_reality)","/wiki/Magnetic_refrigeration","/wiki/Phased-array_optics","/wiki/Quantum_technology","/wiki/Quantum_teleportation","/wiki/Collingridge_dilemma","/wiki/Differential_technological_development","/wiki/Ephemeralization","/wiki/Exploratory_engineering","/wiki/Fictional_technology","/wiki/Proactionary_principle","/wiki/Technological_change","/wiki/Technological_convergence","/wiki/Technological_evolution","/wiki/Technological_unemployment","/wiki/Technology_forecasting","/wiki/Accelerating_change","/wiki/Moore%27s_law","/wiki/Timeline_of_the_future_in_forecasts","/wiki/Technological_singularity","/wiki/Technology_scouting","/wiki/Technology_readiness_level","/wiki/Technology_roadmap","/wiki/Transhumanism","/wiki/Virtusphere","//upload.wikimedia.org/wikipedia/en/thumb/4/48/Folder_Hexagonal_Icon.svg/16px-Folder_Hexagonal_Icon.svg.png","/wiki/Category:Emerging_technologies","//upload.wikimedia.org/wikipedia/en/thumb/d/db/Symbol_list_class.svg/16px-Symbol_list_class.svg.png","/wiki/List_of_emerging_technologies","//en.wikipedia.org/w/index.php?title=Special:CentralAutoLogin/start&type=1x1&from=enwiki","http://en.wikipedia.org/w/index.php?title=Artificial_photosynthesis&oldid=567460410","/wiki/Help:Category","/wiki/Category:Hydrogen_production","/wiki/Category:Photochemistry","/wiki/Category:Renewable_energy_technology","/wiki/Category:Pages_with_citations_having_bare_URLs","/wiki/Category:Use_dmy_dates_from_December_2012","/wiki/Category:All_articles_with_unsourced_statements","/wiki/Category:Articles_with_unsourced_statements_from_March_2013","/wiki/Category:Articles_with_links_needing_disambiguation_from_July_2012","/w/index.php?title=Special:UserLogin&returnto=Artificial+photosynthesis&type=signup","/w/index.php?title=Special:UserLogin&returnto=Artificial+photosynthesis","/wiki/Artificial_photosynthesis","/wiki/Talk:Artificial_photosynthesis","#","/wiki/Artificial_photosynthesis","/w/index.php?title=Artificial_photosynthesis&action=edit","/w/index.php?title=Artificial_photosynthesis&veaction=edit","/w/index.php?title=Artificial_photosynthesis&action=history","#","/w/index.php","//bits.wikimedia.org/static-1.22wmf12/skins/vector/images/search-ltr.png?303-4","/wiki/Main_Page","/wiki/Main_Page","/wiki/Portal:Contents","/wiki/Portal:Featured_content","/wiki/Portal:Current_events","/wiki/Special:Random","https://donate.wikimedia.org/wiki/Special:FundraiserRedirector?utm_source=donate&utm_medium=sidebar&utm_campaign=C13_en.wikipedia.org&uselang=en","/wiki/Help:Contents","/wiki/Wikipedia:About","/wiki/Wikipedia:Community_portal","/wiki/Special:RecentChanges","//en.wikipedia.org/wiki/Wikipedia:Contact_us","/wiki/Special:WhatLinksHere/Artificial_photosynthesis","/wiki/Special:RecentChangesLinked/Artificial_photosynthesis","/wiki/Wikipedia:File_Upload_Wizard","/wiki/Special:SpecialPages","/w/index.php?title=Artificial_photosynthesis&oldid=567460410","/w/index.php?title=Artificial_photosynthesis&action=info","//www.wikidata.org/wiki/Q654623","/w/index.php?title=Special:Cite&page=Artificial_photosynthesis&id=567460410","/w/index.php?title=Special:Book&bookcmd=book_creator&referer=Artificial+photosynthesis","/w/index.php?title=Special:Book&bookcmd=render_article&arttitle=Artificial+photosynthesis&oldid=567460410&writer=rl","/w/index.php?title=Artificial_photosynthesis&printable=yes","//da.wikipedia.org/wiki/Kunstig_fotosyntese","//es.wikipedia.org/wiki/Fotos%C3%ADntesis_artificial","//fr.wikipedia.org/wiki/Photosynth%C3%A8se_artificielle","//nl.wikipedia.org/wiki/Kunstmatige_fotosynthese","//ja.wikipedia.org/wiki/%E4%BA%BA%E5%B7%A5%E5%85%89%E5%90%88%E6%88%90","//pl.wikipedia.org/wiki/Sztuczna_fotosynteza","//pt.wikipedia.org/wiki/Fotoss%C3%ADntese_artificial","//ro.wikipedia.org/wiki/Fotosintez%C4%83_artificial%C4%83","//ru.wikipedia.org/wiki/%D0%98%D1%81%D0%BA%D1%83%D1%81%D1%81%D1%82%D0%B2%D0%B5%D0%BD%D0%BD%D1%8B%D0%B9_%D1%84%D0%BE%D1%82%D0%BE%D1%81%D0%B8%D0%BD%D1%82%D0%B5%D0%B7","//fi.wikipedia.org/wiki/Keinotekoinen_fotosynteesi","#","//www.wikidata.org/wiki/Q654623#sitelinks-wikipedia","//en.wikipedia.org/wiki/Wikipedia:Text_of_Creative_Commons_Attribution-ShareAlike_3.0_Unported_License","//creativecommons.org/licenses/by-sa/3.0/","//wikimediafoundation.org/wiki/Terms_of_Use","//wikimediafoundation.org/wiki/Privacy_policy","//www.wikimediafoundation.org/","//wikimediafoundation.org/wiki/Privacy_policy","/wiki/Wikipedia:About","/wiki/Wikipedia:General_disclaimer","//en.wikipedia.org/wiki/Wikipedia:Contact_us","//en.m.wikipedia.org/wiki/Artificial_photosynthesis","//wikimediafoundation.org/","//bits.wikimedia.org/images/wikimedia-button.png","//www.mediawiki.org/","//bits.wikimedia.org/static-1.22wmf12/skins/common/images/poweredby_mediawiki_88x31.png","//bits.wikimedia.org/en.wikipedia.org/load.php?debug=false&lang=en&modules=site&only=scripts&skin=vector&*"],"instances":["semiconductor","chemistry","biology","electronics","engineering","judge"],"pdf":["http://law.anu.edu.au/StaffUploads/236-Gap%20I%20flyer.pdf"],"categories":["Hydrogen production","Photochemistry","Renewable energy technology"],"headings":["Overview","History","Current research","Light-driven methodologies under development","Employed research techniques","Advantages, disadvantages, and efficiency","Potential global impact","See also","References","External links"],"image":["//upload.wikimedia.org/wikipedia/commons/thumb/b/bc/Photo_Electric_Cell_Evolving_Hydrogen_and_Oxygen.jpg/220px-Photo_Electric_Cell_Evolving_Hydrogen_and_Oxygen.jpg","//bits.wikimedia.org/static-1.22wmf12/skins/common/images/magnify-clip.png","//upload.wikimedia.org/wikipedia/commons/thumb/8/83/Triad_general_scheme.svg/400px-Triad_general_scheme.svg.png","//bits.wikimedia.org/static-1.22wmf12/skins/common/images/magnify-clip.png","//upload.wikimedia.org/wikipedia/commons/thumb/9/9a/Delta-ruthenium-tris%28bipyridine%29-cation-3D-balls.png/200px-Delta-ruthenium-tris%28bipyridine%29-cation-3D-balls.png","//bits.wikimedia.org/static-1.22wmf12/skins/common/images/magnify-clip.png","//upload.wikimedia.org/wikipedia/commons/thumb/f/f2/FeFe_hydrogenase_model_with_Ru_attached.svg/300px-FeFe_hydrogenase_model_with_Ru_attached.svg.png","//bits.wikimedia.org/static-1.22wmf12/skins/common/images/magnify-clip.png","//upload.wikimedia.org/wikipedia/commons/thumb/3/30/Professor_Dan_Nocera_%28MIT%29%2C_Professor_Peidong_Yang_%28UC_Berkeley%29_and_Assoc._Prof_Thomas_Faunce_%28ANU%29.jpg/220px-Professor_Dan_Nocera_%28MIT%29%2C_Professor_Peidong_Yang_%28UC_Berkeley%29_and_Assoc._Prof_Thomas_Faunce_%28ANU%29.jpg","//bits.wikimedia.org/static-1.22wmf12/skins/common/images/magnify-clip.png","//upload.wikimedia.org/wikipedia/en/thumb/4/48/Folder_Hexagonal_Icon.svg/16px-Folder_Hexagonal_Icon.svg.png","//upload.wikimedia.org/wikipedia/en/thumb/d/db/Symbol_list_class.svg/16px-Symbol_list_class.svg.png","//en.wikipedia.org/w/index.php?title=Special:CentralAutoLogin/start&type=1x1&from=enwiki","//bits.wikimedia.org/static-1.22wmf12/skins/vector/images/search-ltr.png?303-4","//bits.wikimedia.org/images/wikimedia-button.png","//bits.wikimedia.org/static-1.22wmf12/skins/common/images/poweredby_mediawiki_88x31.png"],"tags":[["compartmentalization","engineering"],["strain","biology"],["doping","semiconductor"],["valence","chemistry"],["ruthenium(iv_oxide"],["doping","semiconductor"],["cobalt(ii,iii_oxide"],["tris(bipyridineruthenium(ii_chloride"],["solid_state","electronics"],["michael_kirby","judge"]],"members":["doping","valence","strain","solid_state","compartmentalization","michael_kirby"],"related":["Chemical_process","Photosynthesis","Sunlight","Water","Carbon_dioxide","Carbohydrates","Oxygen","Solar_fuel","Photocatalytic_water_splitting","Protons","Hydrogen","Photochemical_carbon_dioxide_reduction","Carbon_fixation","Photoelectrochemistry","Enzyme","Photoautotrophic","Microorganism","Biofuel","Biohydrogen","Biomimetics","Half-reaction","Oxidation","Redox","Fuel","Calvin-Benson_cycle","Light-independent_reaction","Glucose","Photocatalyst","Catalyst","Photons","Photovoltaics","Biofuel","Biomass","Solar_fuel","Photocatalytic_water_splitting","Alternative_energy","Compartmentalization_(engineering)","PH","Electrodes","Microalgae","Cyanobacteria","Strain_(biology)","Algae_fuel","Butanol","Methanol","Synthetic_biology","J._Craig_Venter_Institute","Akira_Fujishima","Titanium_dioxide","Hydrolysis","Lund_University","Uppsala_University","Stockholm_University","Lund","Multidisciplinary","Commonwealth_Scientific_and_Industrial_Research_Organisation","Brookhaven_National_Laboratory","European_Office_of_Aerospace_Research_and_Development","MIT","Daniel_G._Nocera","Andrew_B._Bocarsly","University_of_East_Anglia","Indium_phosphide","Solid_solution","University_of_California,_Santa_Cruz","Doping_(semiconductor)","Cadmium_selenide","Quantum_dots","Nanoparticle","Nanowire","Mitsubishi_Chemical_Holdings","United_States_Department_of_Energy","Joint_Center_for_Artificial_Photosynthesis","Caltech","Nathan_Lewis","Caltech","Lawrence_Berkeley_National_Laboratory","Stanford_University","University_of_California_at_Berkeley","UCSB","UCI","UCSD","Stanford_Linear_Accelerator","David_Wendell","University_of_Cincinnati","American_Chemical_Society","Light-harvesting_complex","Proton-coupled_electron_transfer","Photoinduced_charge_separation","Biohydrogen","Biomimetic","Catalytic_triad","Photosensitizer","Supramolecular","Covalent","Oxygen-evolving_complex","Photoelectrochemical_cell","Hydride","Hydrogenase","Enzyme","Spectroscopy","Protein_crystallography","Hydrogenase_mimic","Nickel-dependent_hydrogenase","Cobalt","Oxygen-evolving_complex","Photosystem_II","Heterogeneous_water_oxidation","Cluster_chemistry","Manganese","Calcium","Ruthenium","Valence_(chemistry)","Ruthenium(IV)_oxide","Nickel","Doping_(semiconductor)","Cobalt(II,III)_oxide","Manganese_oxide","Turnover_frequency","Electron_transfer","Biological_pigment","Chlorophyll","Polypyridine_complex","Tris(bipyridine)ruthenium(II)_chloride","MLCT","Excited_state","Platinum","Rhodium","Iridium","Eosin_Y","Rose_bengal","Nanomaterial","Semiconductors","Carbon_fixation","Green_plants","RuBisCO","Calvin_cycle","Ribulose-1,5-bisphosphate","Redox","Glucose","Carbohydrates","Cellulose","Starch","Adenosine_triphosphate","NADPH","Transition_metal","Phosphine","Carbon_monoxide","Fullerene","Carbon_nanotube","Pi-bonding","Covalent","Ferrocene","Porphyrin","Phthalocyanine","Carotenoids","Nafion","Dye-sensitized_solar_cell","Solid_state_(electronics)","Photoelectrochemical_cell","Adsorption","Clay","Polyoxometalate","Working_electrode","Dyad","Cobaloximes","Turnover_number","Photosystem_I","NADPH","Coenzyme","Proton","Electrons","Hydride","Carbohydrates","Calvin_cycle","Coenzyme","Hydride","Ruthenium","Acetone","Isopropanol","Carbon_dioxide","Photoautotrophic","Nitrogen_fixation","Cyanobacteria","Nitrogenase","Ammonia","Structural_gene","Insertional_mutagenesis","Metabolic_pathway","Photobioreactor","Organic_synthesis","Inorganic_chemistry","Chemical_synthesis","Electrochemistry","Photoelectrochemistry","Cyclic_voltammetry","Bulk_electrolysis","Time-resolved_spectroscopy","Ultrafast_laser_spectroscopy","Nuclear_magnetic_resonance","Electron_paramagnetic_resonance","EXAFS","Crystallography","Molecular_biology","Microbiology","Synthetic_biology","Photovoltaic","Carbon-neutral","Photovoltaics","Fossil_fuels","Photosynthetic_efficiency","Glucose","Renewable_energy","Biomass","Lord_Howe_Island","UNESCO","Peidong_Yang","Dan_Nocera","Michael_Kirby_(judge)","Open-source","Energy_and_Environmental_Science","Common_heritage_of_humanity","International_law","Sustainocene","Rights_of_Nature","AlgaePARC","Carbon_footprint","Fuel_cell","Hydrogen_economy","List_of_emerging_technologies","Metabolic_engineering","Photovoltaic_cell","Photovoltaic_module"]}