{"cursor":"13429","size":15,"audio":[],"currentlang":"en","article":"In computer science, 'artificial immune systems' (AIS) are a class of\ncomputationally intelligent systems inspired by the principles and processes of\nthe vertebrate immune system. The algorithms typically exploit the immune\nsystem's characteristics of learning and memory to solve a problem.\n","linknr":209,"url":"Artificial_immune_system","recorded":1362673577,"links":24,"instances":["mathematics","biology"],"pdf":["http://www.cs.unm.edu/~immsec/publications/virus.pdf","http://www.cs.unm.edu/~immsec/publications/virus.pdf","http://ima.ac.uk/papers/greensmith2009.pdf","http://ima.ac.uk/papers/greensmith2009.pdf","http://mitpress.mit.edu/journals/pdf/EVCO_13_2_145_0.pdf","http://www.dmi.unict.it/nicosia/papers/journals/Nicosia-IEEE-TEVC07.pdf"],"categories":["Artificial immune systems","Immunology","Evolutionary algorithms"],"headings":["Definition","History","Techniques","See also","Notes","References","People","External links"],"image":["//upload.wikimedia.org/wikipedia/commons/thumb/c/c0/Animation2.gif/17px-Animation2.gif","//bits.wikimedia.org/static-1.21wmf10/skins/vector/images/search-ltr.png?303-4","//bits.wikimedia.org/images/wikimedia-button.png","//bits.wikimedia.org/static-1.21wmf10/skins/common/images/poweredby_mediawiki_88x31.png"],"tags":[["degeneracy","biology"],["optimization","mathematics"]],"members":["optimization","degeneracy"],"related":["Computer_science","Immune_system","Learning","Memory","Immune_system","Biologically-inspired_computing","Natural_computation","Machine_Learning","Artificial_Intelligence","Springer_Science+Business_Media","Computational_immunology","Theoretical_biology","DNA_computing","Negative_selection","Clonal_selection","Danger_theory","Innate_immune_system","Degeneracy_(biology)","Immune_system","Immunological_Computation","Mammal","Adaptive_immune_system","Clonal_Selection_Algorithm","Clonal_selection","Lymphocyte","Antigens","Affinity_maturation","Darwinism","Cell_division","Somatic_hypermutation","Optimization_(mathematics)","Pattern_recognition","Hill_climbing","Genetic_algorithm","PDF","Negative_Selection_Algorithm","T_cells","Thymus","Central_tolerance","Apoptosis","Anomaly_detection","Immune_Network_Algorithms","Idiotypic_network","Niels_Kaj_Jerne","Artificial_neural_networks","Dendritic_Cell_Algorithms","Dendritic_cells","Biologically_inspired_computing","Computational_immunology","Computational_intelligence","Reactive_search_optimization","Evolutionary_computation","Immunocomputing","Natural_computation","Swarm_intelligence"]}