{"cursor":"3778","size":15,"audio":[],"currentlang":"en","article":"\n\n'Artificial languages' are languages of a typically very limited size which\nemerge either in computer simulations between artificial agents, robot\ninteractions or controlled psychological experiments with humans. They are\ndifferent from both constructed languages and formal languages in that they have\n'not' been consciously devised by an individual or group but are the result of\n(distributed) conventionalisation processes, much like natural languages.\nOpposed to the idea of a central designer, the field of 'artificial language\nevolution' in which artificial languages are studied can be regarded as a sub-\npart of the more general cultural evolution studies.\n","linknr":114,"url":"artificial_language","recorded":1376547783,"links":["/w/index.php?title=Artificial_language&action=edit","/w/index.php?title=Artificial_language&action=edit","//bits.wikimedia.org/favicon/wikipedia.ico","/w/opensearch_desc.php","//en.wikipedia.org/w/api.php?action=rsd","//creativecommons.org/licenses/by-sa/3.0/","/w/index.php?title=Special:RecentChanges&feed=atom","http://en.wikipedia.org/wiki/Artificial_language","//bits.wikimedia.org/en.wikipedia.org/load.php?debug=false&lang=en&modules=ext.gadget.DRN-wizard%2CReferenceTooltips%2Ccharinsert%2Cteahouse%7Cext.rtlcite%2Cwikihiero%7Cext.uls.nojs%7Cmediawiki.legacy.commonPrint%2Cshared%7Cmw.PopUpMediaTransform%7Cskins.vector&only=styles&skin=vector&*","//bits.wikimedia.org/en.wikipedia.org/load.php?debug=false&lang=en&modules=ext.visualEditor.viewPageTarget.noscript&only=styles&skin=vector&*","//bits.wikimedia.org/en.wikipedia.org/load.php?debug=false&lang=en&modules=site&only=styles&skin=vector&*","//bits.wikimedia.org/en.wikipedia.org/load.php?debug=false&lang=en&modules=startup&only=scripts&skin=vector&*","//bits.wikimedia.org/geoiplookup","//meta.wikimedia.org","#mw-navigation","#p-search","/wiki/Constructed_language","/wiki/Formal_language","/wiki/Language","/wiki/Constructed_language","/wiki/Formal_language","/wiki/Natural_language","/wiki/Cultural_evolution","/w/index.php?title=Artificial_language&action=edit&section=1","/w/index.php?title=Artificial_language&veaction=edit&section=1","/wiki/Evolutionary_linguistics","#cite_note-1","/wiki/Natural_language","/wiki/Complex_adaptive_system","/wiki/Language_change","/wiki/Origin_of_language","#cite_note-2","/w/index.php?title=Experimental_semiotics&action=edit&redlink=1","#cite_note-3","/wiki/Conventional","/wiki/Constructed_language#Planned.2C_constructed.2C_artificial","/w/index.php?title=Artificial_language&action=edit&section=2","/w/index.php?title=Artificial_language&veaction=edit&section=2","#cite_ref-1","/wiki/Digital_object_identifier","http://dx.doi.org/10.1142%2F9789812774262_0041","#cite_ref-2","/wiki/Digital_object_identifier","http://dx.doi.org/10.1016%2Fj.tics.2010.06.006","/wiki/PubMed_Identifier","//www.ncbi.nlm.nih.gov/pubmed/20675183","#cite_ref-3","http://onlinelibrary.wiley.com/doi/10.1111/j.1756-8765.2009.01027.x/abstract","/wiki/Digital_object_identifier","http://dx.doi.org/10.1111%2Fj.1756-8765.2009.01027.x","/w/index.php?title=Artificial_language&action=edit&section=3","/w/index.php?title=Artificial_language&veaction=edit&section=3","/wiki/Evolutionary_linguistics","/wiki/Language-game","/wiki/Signaling_game","//en.wikipedia.org/w/index.php?title=Special:CentralAutoLogin/start&type=1x1&from=enwiki","http://en.wikipedia.org/w/index.php?title=Artificial_language&oldid=553058474","/wiki/Help:Category","/wiki/Category:Language","/w/index.php?title=Special:UserLogin&returnto=Artificial+language&type=signup","/w/index.php?title=Special:UserLogin&returnto=Artificial+language","/wiki/Artificial_language","/wiki/Talk:Artificial_language","#","/wiki/Artificial_language","/w/index.php?title=Artificial_language&action=edit","/w/index.php?title=Artificial_language&veaction=edit","/w/index.php?title=Artificial_language&action=history","#","/w/index.php","//bits.wikimedia.org/static-1.22wmf12/skins/vector/images/search-ltr.png?303-4","/wiki/Main_Page","/wiki/Main_Page","/wiki/Portal:Contents","/wiki/Portal:Featured_content","/wiki/Portal:Current_events","/wiki/Special:Random","https://donate.wikimedia.org/wiki/Special:FundraiserRedirector?utm_source=donate&utm_medium=sidebar&utm_campaign=C13_en.wikipedia.org&uselang=en","/wiki/Help:Contents","/wiki/Wikipedia:About","/wiki/Wikipedia:Community_portal","/wiki/Special:RecentChanges","//en.wikipedia.org/wiki/Wikipedia:Contact_us","/wiki/Special:WhatLinksHere/Artificial_language","/wiki/Special:RecentChangesLinked/Artificial_language","/wiki/Wikipedia:File_Upload_Wizard","/wiki/Special:SpecialPages","/w/index.php?title=Artificial_language&oldid=553058474","/w/index.php?title=Artificial_language&action=info","//www.wikidata.org/wiki/Q3247505","/w/index.php?title=Special:Cite&page=Artificial_language&id=553058474","/w/index.php?title=Special:Book&bookcmd=book_creator&referer=Artificial+language","/w/index.php?title=Special:Book&bookcmd=render_article&arttitle=Artificial+language&oldid=553058474&writer=rl","/w/index.php?title=Artificial_language&printable=yes","//ar.wikipedia.org/wiki/%D9%84%D8%BA%D8%A9_%D9%81%D9%86%D9%8A%D8%A9","//ga.wikipedia.org/wiki/Teanga_shaorga","//he.wikipedia.org/wiki/%D7%A9%D7%A4%D7%94_%D7%9E%D7%9C%D7%90%D7%9B%D7%95%D7%AA%D7%99%D7%AA","//simple.wikipedia.org/wiki/Artificial_language","#","//www.wikidata.org/wiki/Q3247505#sitelinks-wikipedia","//en.wikipedia.org/wiki/Wikipedia:Text_of_Creative_Commons_Attribution-ShareAlike_3.0_Unported_License","//creativecommons.org/licenses/by-sa/3.0/","//wikimediafoundation.org/wiki/Terms_of_Use","//wikimediafoundation.org/wiki/Privacy_policy","//www.wikimediafoundation.org/","//wikimediafoundation.org/wiki/Privacy_policy","/wiki/Wikipedia:About","/wiki/Wikipedia:General_disclaimer","//en.wikipedia.org/wiki/Wikipedia:Contact_us","//en.m.wikipedia.org/wiki/Artificial_language","//wikimediafoundation.org/","//bits.wikimedia.org/images/wikimedia-button.png","//www.mediawiki.org/","//bits.wikimedia.org/static-1.22wmf12/skins/common/images/poweredby_mediawiki_88x31.png","//bits.wikimedia.org/en.wikipedia.org/load.php?debug=false&lang=en&modules=site&only=scripts&skin=vector&*"],"instances":[],"pdf":[],"categories":["Language"],"headings":["Motivation","References","See also"],"image":["//en.wikipedia.org/w/index.php?title=Special:CentralAutoLogin/start&type=1x1&from=enwiki","//bits.wikimedia.org/static-1.22wmf12/skins/vector/images/search-ltr.png?303-4","//bits.wikimedia.org/images/wikimedia-button.png","//bits.wikimedia.org/static-1.22wmf12/skins/common/images/poweredby_mediawiki_88x31.png"],"tags":[],"members":[],"related":["Language","Constructed_language","Formal_language","Natural_language","Cultural_evolution","Evolutionary_linguistics","Natural_language","Complex_adaptive_system","Language_change","Origin_of_language","Experimental_semiotics","Conventional","Evolutionary_linguistics","Language-game","Signaling_game"]}