{"cursor":"50097","size":15,"audio":[],"currentlang":"en","article":"'Strong AI' is hypothetical artificial intelligence that matches or exceeds\nhuman intelligence â the intelligence of a machine that could successfully\nperform any intellectual task that a human being can. or see\n[http://crnano.typepad.com/crnblog/2005/08/advanced_human_.html Advanced Human\nIntelligence] where he defines strong AI as \"machine intelligence with the full\nrange of human intelligence.\" It is a primary goal of artificial\nintelligence research and an important topic for science fiction writers and\nfuturists. Strong AI is also referred to as \"'artificial general intelligence'\"\nor as the ability to perform \"general intelligent action.\" . This the term\nthey use for \"human-level\" intelligence in the physical symbol system\nhypothesis. Strong AI is associated with traits such as consciousness,\nsentience, sapience and self-awareness observed in living beings.\n\nSome references emphasize a distinction between strong AI and \"applied\nAI\" EncyclopÃ¦dia Britannica [http://www.britannica.com/eb/article-219086/artificial-\nintelligence Strong AI, applied AI, and cognitive simulation] or Jack Copeland\n[http://www.cs.usfca.edu/www.AlanTuring.net/turing_archive/pages/Reference%20Ar-\nticles/what_is_AI/What%20is%20AI02.html What is artificial intelligence?] on\nAlanTuring.net (also called \"narrow AI\" or \"weak\nAI\" [http://www.open2.net/nextbigthing/ai/ai_in_depth/in_depth.htm The Open\nUniversity on Strong and Weak AI] ): the use of software to study or\naccomplish specific problem solving or reasoning tasks. Weak AI, in contrast to\nstrong AI, does not attempt to simulate the full range of human cognitive\nabilities.\n\nStrong AI (as defined above) should not be confused John Searle's strong AI\nhypothesis. Strong AI refers the amount of intelligence a computer can display,\nwhereas the strong AI hypothesis is the claim that a computer which behaves as\nintelligently as a person must also necessarily have a mind and consciousness.\n","linknr":721,"url":"artificial_general_intelligence","recorded":1376396369,"links":["/w/index.php?title=Strong_AI&action=edit","/w/index.php?title=Strong_AI&action=edit","//bits.wikimedia.org/favicon/wikipedia.ico","/w/opensearch_desc.php","//en.wikipedia.org/w/api.php?action=rsd","//creativecommons.org/licenses/by-sa/3.0/","/w/index.php?title=Special:RecentChanges&feed=atom","http://en.wikipedia.org/wiki/Strong_AI","//bits.wikimedia.org/en.wikipedia.org/load.php?debug=false&lang=en&modules=ext.gadget.DRN-wizard%2CReferenceTooltips%2Ccharinsert%2Cteahouse%7Cext.rtlcite%2Cwikihiero%7Cext.uls.nojs%7Cmediawiki.legacy.commonPrint%2Cshared%7Cmw.PopUpMediaTransform%7Cskins.vector&only=styles&skin=vector&*","//bits.wikimedia.org/en.wikipedia.org/load.php?debug=false&lang=en&modules=ext.visualEditor.viewPageTarget.noscript&only=styles&skin=vector&*","//bits.wikimedia.org/en.wikipedia.org/load.php?debug=false&lang=en&modules=site&only=styles&skin=vector&*","//bits.wikimedia.org/en.wikipedia.org/load.php?debug=false&lang=en&modules=startup&only=scripts&skin=vector&*","//bits.wikimedia.org/geoiplookup","//meta.wikimedia.org","/w/index.php?title=Artificial_general_intelligence&redirect=no","#mw-navigation","#p-search","/wiki/Artificial_intelligence","/wiki/Intelligence","#cite_note-K-1","/wiki/Artificial_intelligence","/wiki/Science_fiction","/wiki/Futurist","#cite_note-FOOTNOTEVoss2006-2","#cite_note-3","/wiki/Consciousness","/wiki/Sentience","/wiki/Sapience","/wiki/Self-awareness","#cite_note-4","#cite_note-K-1","/wiki/Weak_AI","#cite_note-5","/wiki/Problem_solving","/wiki/Reasoning","/wiki/John_Searle","/wiki/Strong_AI_hypothesis","/wiki/Mind","/wiki/Consciousness","#Requirements","#Mainstream_AI_research","#History_of_mainstream_research_into_strong_AI","#Current_mainstream_AI_research","#Artificial_General_Intelligence_research","#Whole_brain_emulation","#Processing_requirements","#Complications","#Modelling_the_neurons_in_more_detail","#Artificial_consciousness_research","#Origin_of_the_term:_John_Searle.27s_strong_AI","#Possible_explanations_for_the_slow_progress_of_AI_research","#Critique_of_Strong_AI_research","#See_also","#Notes","#References","#External_links","/w/index.php?title=Strong_AI&action=edit&section=1","/w/index.php?title=Strong_AI&veaction=edit&section=1","/wiki/Cognitive_science","/wiki/Intelligence","/wiki/Turing_test","#cite_note-6","#cite_note-7","/wiki/Automated_reasoning","/wiki/Uncertainty","/wiki/Knowledge_representation","/wiki/Commonsense_knowledge_base","/wiki/Automated_planning_and_scheduling","/wiki/Machine_learning","/wiki/Natural_language_processing","/wiki/Machine_perception","/wiki/Computer_vision","/wiki/Robotics","#cite_note-8","/wiki/Hazard","#cite_note-9","/wiki/Cognitive_science","/wiki/Computational_intelligence","/wiki/Decision_making","/wiki/Imagination","#cite_note-10","/wiki/Self-determination_theory","#cite_note-11","/wiki/Computational_creativity","/wiki/Automated_reasoning","/wiki/Decision_support_system","/wiki/Robot","/wiki/Evolutionary_computation","/wiki/Intelligent_agent","/wiki/Science_fiction","/wiki/Ethics_of_artificial_intelligence","/wiki/Consciousness","/wiki/Qualia","/wiki/Thought","#cite_note-12","/wiki/Self-awareness","/wiki/Sentience","/wiki/Sapience","/wiki/Animal_rights","/wiki/Bill_Joy","#cite_note-13","/wiki/Necessary_and_sufficient_condition","/wiki/Consciousness","/wiki/Neural_correlates_of_consciousness","/wiki/Emergence","/w/index.php?title=Strong_AI&action=edit&section=2","/w/index.php?title=Strong_AI&veaction=edit&section=2","/w/index.php?title=Strong_AI&action=edit&section=3","/w/index.php?title=Strong_AI&veaction=edit&section=3","/wiki/History_of_artificial_intelligence","#cite_note-14","/wiki/Herbert_A._Simon","#cite_note-15","/wiki/Stanley_Kubrick","/wiki/Arthur_C._Clarke","/wiki/HAL_9000","/wiki/Marvin_Minsky","#cite_note-16","#cite_note-17","/wiki/Wikipedia:Citation_needed","#cite_note-18","/wiki/Fifth_generation_computer","#cite_note-19","/wiki/Expert_systems","#cite_note-20","#cite_note-21","#cite_note-22","#cite_note-23","/w/index.php?title=Strong_AI&action=edit&section=4","/w/index.php?title=Strong_AI&veaction=edit&section=4","/wiki/Artificial_intelligence","/wiki/Neural_nets","/wiki/Computer_vision","/wiki/Data_mining","#cite_note-24","/wiki/Agent_architecture","/wiki/Cognitive_architecture","/wiki/Subsumption_architecture","/wiki/Hans_Moravec","/wiki/Commonsense_knowledge_base","/wiki/Golden_spike","#cite_note-25","#cite_note-26","/w/index.php?title=Strong_AI&action=edit&section=5","/w/index.php?title=Strong_AI&veaction=edit&section=5","#cite_note-FOOTNOTEGoertzelPennachin2006-27","#cite_note-28","/wiki/Doug_Lenat","/wiki/Cyc","/wiki/Allen_Newell","/wiki/Soar_(cognitive_architecture)","/wiki/Ben_Goertzel","#cite_note-29","/wiki/Conference_on_Artificial_General_Intelligence","#cite_note-FOOTNOTEGoertzelPennachin2006-27","/wiki/Raymond_Kurzweil","/wiki/The_Singularity_is_Near","#cite_note-K-1","#cite_note-FOOTNOTEGoertzel2007-30","/wiki/SmartAction","/wiki/Machine_Intelligence_Research_Institute","/wiki/OpenCog","#cite_note-31","#cite_note-32","/wiki/Numenta","/wiki/Redwood_Neuroscience_Institute","/wiki/AND_Corporation","/w/index.php?title=Strong_AI&action=edit&section=6","/w/index.php?title=Strong_AI&veaction=edit&section=6","/wiki/Mind_uploading","/wiki/Whole_brain_emulation","/wiki/Brain_scanning","/wiki/Brain_mapping","/wiki/Computer_simulation","#cite_note-Roadmap-33","/wiki/Computational_neuroscience","/wiki/Neuroinformatics","/wiki/Brain_simulation","/wiki/Artificial_intelligence","#cite_note-FOOTNOTEGoertzel2007-30","/wiki/Neuroimaging","/wiki/Futurist","/wiki/Ray_Kurzweil","/wiki/The_Singularity_Is_Near","#cite_note-K-1","/w/index.php?title=Strong_AI&action=edit&section=7","/w/index.php?title=Strong_AI&veaction=edit&section=7","/wiki/File:Estimations_of_Human_Brain_Emulation_Required_Performance.svg","//upload.wikimedia.org/wikipedia/commons/thumb/1/1e/Estimations_of_Human_Brain_Emulation_Required_Performance.svg/400px-Estimations_of_Human_Brain_Emulation_Required_Performance.svg.png","/wiki/File:Estimations_of_Human_Brain_Emulation_Required_Performance.svg","//bits.wikimedia.org/static-1.22wmf12/skins/common/images/magnify-clip.png","/wiki/Ray_Kurzweil","/wiki/Anders_Sandberg","/wiki/Nick_Bostrom","/wiki/TOP500","/wiki/Consciousness","#cite_note-FOOTNOTESandbergBostr.C3.B6m2008-34","/wiki/Human_brain","/wiki/Synapses","/wiki/Neurons","#cite_note-FOOTNOTEDrachman2005-35","#cite_note-FOOTNOTERussellNorvig2003-36","/wiki/Raymond_Kurzweil","#cite_note-37","/w/index.php?title=Strong_AI&action=edit&section=8","/w/index.php?title=Strong_AI&veaction=edit&section=8","/wiki/Embodied_cognition","#cite_note-38","#cite_note-FOOTNOTEGoertzel2007-30","/wiki/Second_Life","/wiki/Intel_Pentium","/wiki/Raymond_Kurzweil","#cite_note-39","/wiki/Wikipedia:Citation_needed","#cite_note-40","/wiki/Neuroimaging#Functional_magnetic_resonance_imaging","#cite_note-41","#cite_note-42","/wiki/Cerebral_cortex","/wiki/Cerebellum","#cite_note-FOOTNOTEAzevedo_et_al.2009-43","/wiki/Glial_cell","/w/index.php?title=Strong_AI&action=edit&section=9","/w/index.php?title=Strong_AI&veaction=edit&section=9","/wiki/Artificial_neuron","/wiki/Raymond_Kurzweil","/wiki/Artificial_neural_network","/wiki/Biological_neuron_model","/wiki/Neurons","/wiki/Raymond_Kurzweil","/wiki/Glial_cells","/wiki/Wikipedia:Citation_needed","/wiki/Artificial_Intelligence_System","#cite_note-44","/wiki/Blue_Brain","/wiki/IBM","/wiki/Blue_Gene","/wiki/Neocortex","#cite_note-45","/wiki/Henry_Markram","/wiki/TED_(conference)","#cite_note-46","/wiki/Cat_intelligence#Computer_simulation_of_the_cat_brain","#cite_note-47","/wiki/Hans_Moravec","#cite_note-48","/w/index.php?title=Strong_AI&action=edit&section=10","/w/index.php?title=Strong_AI&veaction=edit&section=10","/wiki/Artificial_consciousness","#cite_note-FOOTNOTEYudkowsky2006-49","/wiki/Igor_Aleksander","#cite_note-FOOTNOTEAleksander1996-50","/wiki/Language","/w/index.php?title=Strong_AI&action=edit&section=11","/w/index.php?title=Strong_AI&veaction=edit&section=11","/wiki/Philosophy_of_artificial_intelligence","/wiki/Chinese_room","/wiki/Philosophy_of_artificial_intelligence","/wiki/John_Searle","/wiki/Chinese_room","#cite_note-51","#cite_note-52","/wiki/Mind_body_problem","/wiki/Philosophy_of_mind","#cite_note-53","#cite_note-K-1","/wiki/Stuart_J._Russell","/wiki/Peter_Norvig","#cite_note-FOOTNOTERussellNorvig2003947-54","/w/index.php?title=Strong_AI&action=edit&section=12","/w/index.php?title=Strong_AI&veaction=edit&section=12","/wiki/History_of_AI#The_problems","/wiki/History_of_AI","#cite_note-FOOTNOTEClocksin2003-55","#cite_note-FOOTNOTEClocksin2003-55","#cite_note-FOOTNOTEClocksin2003-55","/wiki/Hubert_Dreyfus","/wiki/Roger_Penrose","#cite_note-FOOTNOTEClocksin2003-55","/wiki/John_McCarthy_(computer_scientist)","#cite_note-FOOTNOTEMcCarthy2003-56","#cite_note-FOOTNOTEClocksin2003-55","#cite_note-FOOTNOTEClocksin2003-55","#cite_note-FOOTNOTEClocksin2003-55","#cite_note-FOOTNOTEGelernter2010-57","#cite_note-FOOTNOTEGelernter2010-57","#cite_note-FOOTNOTEGoertzel2007-30","#cite_note-FOOTNOTEGoertzel2007-30","#cite_note-FOOTNOTEMcCarthy2007-58","#cite_note-FOOTNOTEGoertzel2007-30","#cite_note-FOOTNOTEClocksin2003-55","#cite_note-FOOTNOTEHolteChoueiry2003-59","#cite_note-FOOTNOTEHolteChoueiry2003-59","#cite_note-FOOTNOTEHolteChoueiry2003-59","#cite_note-FOOTNOTEHolteChoueiry2003-59","#cite_note-FOOTNOTEZucker2003-60","#cite_note-FOOTNOTEMcCarthy2007-58","#cite_note-FOOTNOTEClocksin2003-55","#cite_note-FOOTNOTEGelernter2010-57","#cite_note-FOOTNOTEGelernter2010-57","/w/index.php?title=Strong_AI&action=edit&section=13","/w/index.php?title=Strong_AI&veaction=edit&section=13","/wiki/Seed_AI","#cite_note-61","/wiki/Risks_to_civilization,_humans,_and_planet_Earth","/wiki/Friendly_AI","#cite_note-62","/w/index.php?title=Strong_AI&action=edit&section=14","/w/index.php?title=Strong_AI&veaction=edit&section=14","/wiki/History_of_artificial_intelligence","/wiki/Marcus_Hutter","/wiki/G%C3%B6del_machine","/wiki/Technological_singularity","/wiki/Singularity_Institute_for_Artificial_Intelligence","/wiki/Artificial_General_Intelligence_Research_Institute","/wiki/Friendly_AI","/wiki/Ethics_of_artificial_intelligence","/wiki/Whole_brain_emulation","/wiki/Artificial_Intelligence_System","/wiki/AI-complete","/wiki/Synthetic_intelligence","/wiki/Neats_vs._scruffies","/w/index.php?title=Strong_AI&action=edit&section=15","/w/index.php?title=Strong_AI&veaction=edit&section=15","#cite_ref-K_1-0","#cite_ref-K_1-1","#cite_ref-K_1-2","#cite_ref-K_1-3","#cite_ref-K_1-4","#CITEREFKurzweil2005","http://crnano.typepad.com/crnblog/2005/08/advanced_human_.html","#cite_ref-FOOTNOTEVoss2006_2-0","#CITEREFVoss2006","#cite_ref-3","#CITEREFNewellSimon1976","/wiki/Physical_symbol_system","#cite_ref-4","http://www.britannica.com/eb/article-219086/artificial-intelligence","http://www.cs.usfca.edu/www.AlanTuring.net/turing_archive/pages/Reference%20Articles/what_is_AI/What%20is%20AI02.html","#cite_ref-5","http://www.open2.net/nextbigthing/ai/ai_in_depth/in_depth.htm","#cite_ref-6","/wiki/John_McCarthy_(computer_scientist)","/wiki/John_McCarthy_(computer_scientist)","http://www-formal.stanford.edu/jmc/whatisai/node1.html","/wiki/Stanford_University","/wiki/Artificial_intelligence","/wiki/Philosophy_of_artificial_intelligence","#cite_ref-7","#CITEREFRussellNorvig2003","#CITEREFLugerStubblefield2004","#CITEREFPooleMackworthGoebel1998","#CITEREFNilsson1998","#cite_ref-8","/wiki/Special:BookSources/0262162393","#cite_ref-9","#cite_ref-10","#CITEREFJohnson1987","#cite_ref-11","#cite_ref-12","/wiki/Consciousness","/wiki/Thomas_Nagel","#CITEREFNagel1974","#cite_ref-13","/wiki/Bill_Joy","#cite_ref-14","#CITEREFCrevier1993","#cite_ref-15","#CITEREFSimon1965","#CITEREFCrevier1993","#cite_ref-16","http://mitpress.mit.edu/e-books/Hal/chap2/two1.html","#cite_ref-17","/wiki/Marvin_Minsky","#CITEREFDarrach1970","#CITEREFCrevier1993","#cite_ref-18","/wiki/Lighthill_report","#CITEREFLighthill1973","#CITEREFHowe1994","/wiki/DARPA","#CITEREFNRC1999","#CITEREFCrevier1993","#CITEREFRussellNorvig2003","#cite_ref-19","#CITEREFCrevier1993","#CITEREFRussellNorvig2003","#CITEREFFeigenbaumMcCorduck1983","#cite_ref-20","#CITEREFCrevier1993","#CITEREFRussellNorvig2003","#CITEREFNRC1999","#cite_ref-21","#CITEREFCrevier1993","#cite_ref-22","/wiki/John_McCarthy_(computer_scientist)","/wiki/John_McCarthy_(computer_scientist)","http://www-formal.stanford.edu/jmc/reviews/lighthill/lighthill.html","#cite_ref-23","http://www.nytimes.com/2005/10/14/technology/14artificial.html?ei=5070&en=11ab55edb7cead5e&ex=1185940800&adxnnl=1&adxnnlx=1185805173-o7WsfW7qaP0x5/NUs1cQCQ","#cite_ref-24","#CITEREFRussellNorvig2003","#cite_ref-25","#CITEREFMoravec1988","#cite_ref-26","#cite_ref-FOOTNOTEGoertzelPennachin2006_27-0","#cite_ref-FOOTNOTEGoertzelPennachin2006_27-1","#CITEREFGoertzelPennachin2006","#cite_ref-28","#CITEREFGubrud1997","#cite_ref-29","#CITEREFGoertzelWang2006","#CITEREFWang2006","#cite_ref-FOOTNOTEGoertzel2007_30-0","#cite_ref-FOOTNOTEGoertzel2007_30-1","#cite_ref-FOOTNOTEGoertzel2007_30-2","#cite_ref-FOOTNOTEGoertzel2007_30-3","#cite_ref-FOOTNOTEGoertzel2007_30-4","#cite_ref-FOOTNOTEGoertzel2007_30-5","#CITEREFGoertzel2007","#cite_ref-31","http://www.bitphase.com","#cite_ref-32","http://www.texai.org","#cite_ref-Roadmap_33-0","#CITEREFSandbergBostr.C3.B6m2008","#cite_ref-FOOTNOTESandbergBostr.C3.B6m2008_34-0","#CITEREFSandbergBostr.C3.B6m2008","#cite_ref-FOOTNOTEDrachman2005_35-0","#CITEREFDrachman2005","#cite_ref-FOOTNOTERussellNorvig2003_36-0","#CITEREFRussellNorvig2003","#cite_ref-37","#CITEREFMoravec1988","http://www.transhumanist.com/volume1/moravec.htm","#cite_ref-38","#CITEREFde_VegaGlenbergGraesser2008","#cite_ref-39","http://www.setiai.com/archives/cat_honey_bee_brain.html","#cite_ref-40","http://www.singinst.org/upload/LOGI//LOGI.pdf","#cite_ref-41","#CITEREFWilliamsHerrup1988","/wiki/Template:Harvard_citation_documentation#Wikilink_to_citation_does_not_work","#cite_ref-42","http://search.eb.com/eb/article-75525","/wiki/Encyclop%C3%A6dia_Britannica","#cite_ref-FOOTNOTEAzevedo_et_al.2009_43-0","#CITEREFAzevedo_et_al.2009","#cite_ref-44","http://vesicle.nsi.edu/users/izhikevich/publications/large-scale_model_of_human_brain.pdf","#cite_ref-45","http://bluebrain.epfl.ch/Jahia/site/bluebrain/op/edit/pid/19085","#cite_ref-46","http://news.bbc.co.uk/1/hi/technology/8164060.stm","#cite_ref-47","http://gauntlet.ucalgary.ca/story/10343","http://msnbc.msn.com/id/12037941/","#cite_ref-48","http://www.transhumanist.com/volume1/moravec.htm","#cite_ref-FOOTNOTEYudkowsky2006_49-0","#CITEREFYudkowsky2006","#cite_ref-FOOTNOTEAleksander1996_50-0","#CITEREFAleksander1996","#cite_ref-51","#CITEREFSearle1980","#cite_ref-52","#CITEREFRussellNorvig2003","#cite_ref-53","#CITEREFRussellNorvig2003","http://www.encyclopedia.com/doc/1O87-strongAI.html","http://www.aaai.org/AITopics/html/phil.html","http://planetmath.org/encyclopedia/StrongAIThesis.html","http://www.cs.utexas.edu/~mooney/cs343/slide-handouts/philosophy.4.pdf","http://sern.ucalgary.ca/courses/CPSC/533/W99/intro/tsld024.htm","http://www.umanitoba.ca/faculties/science/mathematics/new/seminars/html/h24-85-203-153wpshawcablenetJan171420462003.html","http://www.users.globalnet.co.uk/~lka/strongai.htm","http://www.cs.waikato.ac.nz/~bernhard/316/slides/Chapter26_6pp.pdf","http://www.cbhd.org/resources/biotech/tongen_2003-11-07.htm","http://www.faqs.org/faqs/ai-faq/general/part1/section-4.html","#cite_ref-FOOTNOTERussellNorvig2003947_54-0","#CITEREFRussellNorvig2003","#cite_ref-FOOTNOTEClocksin2003_55-0","#cite_ref-FOOTNOTEClocksin2003_55-1","#cite_ref-FOOTNOTEClocksin2003_55-2","#cite_ref-FOOTNOTEClocksin2003_55-3","#cite_ref-FOOTNOTEClocksin2003_55-4","#cite_ref-FOOTNOTEClocksin2003_55-5","#cite_ref-FOOTNOTEClocksin2003_55-6","#cite_ref-FOOTNOTEClocksin2003_55-7","#cite_ref-FOOTNOTEClocksin2003_55-8","#CITEREFClocksin2003","#cite_ref-FOOTNOTEMcCarthy2003_56-0","#CITEREFMcCarthy2003","#cite_ref-FOOTNOTEGelernter2010_57-0","#cite_ref-FOOTNOTEGelernter2010_57-1","#cite_ref-FOOTNOTEGelernter2010_57-2","#cite_ref-FOOTNOTEGelernter2010_57-3","#CITEREFGelernter2010","#cite_ref-FOOTNOTEMcCarthy2007_58-0","#cite_ref-FOOTNOTEMcCarthy2007_58-1","#CITEREFMcCarthy2007","#cite_ref-FOOTNOTEHolteChoueiry2003_59-0","#cite_ref-FOOTNOTEHolteChoueiry2003_59-1","#cite_ref-FOOTNOTEHolteChoueiry2003_59-2","#cite_ref-FOOTNOTEHolteChoueiry2003_59-3","#CITEREFHolteChoueiry2003","#cite_ref-FOOTNOTEZucker2003_60-0","#CITEREFZucker2003","#cite_ref-61","#CITEREFYudkowsky.2C_Eliezer2008","#cite_ref-62","#CITEREFBerglas2008","/w/index.php?title=Strong_AI&action=edit&section=16","/w/index.php?title=Strong_AI&veaction=edit&section=16","http://www.techcast.org/Upload/PDFs/633615794236495345_TCTheAutomationofThought.pdf","/wiki/Igor_Aleksander","http://www.fhi.ox.ac.uk/Reports/2008-3.pdf","/wiki/Digital_object_identifier","http://dx.doi.org/10.1002%2Fcne.21974","/wiki/PubMed_Identifier","//www.ncbi.nlm.nih.gov/pubmed/19226510","/wiki/Help:CS1_errors#accessdate_missing_url","http://berglas.org/Articles/AIKillGrandchildren/AIKillGrandchildren.html","/wiki/David_Chalmers","/wiki/Digital_object_identifier","http://dx.doi.org/10.1098%2Frsta.2003.1232","/wiki/PubMed_Identifier","//www.ncbi.nlm.nih.gov/pubmed/12952683","/wiki/Daniel_Crevier","/wiki/Special:BookSources/0465029973","/wiki/Life_Magazine","/wiki/Digital_object_identifier","http://dx.doi.org/10.1212%2F01.WNL.0000166914.38327.BB","/wiki/PubMed_Identifier","//www.ncbi.nlm.nih.gov/pubmed/15985565","/wiki/Edward_Feigenbaum","/wiki/Pamela_McCorduck","/wiki/International_Standard_Book_Number","/wiki/Special:BookSources/0-7181-2401-4","http://www.edge.org/3rd_culture/gelernter10.1/gelernter10.1_index.html","http://people.inf.elte.hu/csizsekp/ai/books/artificial-general-intelligence-cognitive-technologies.9783540237334.27156.pdf","/wiki/International_Standard_Book_Number","/wiki/Special:BookSources/3-540-23733-X","/wiki/Ben_Goertzel","http://sites.google.com/site/narswang/publications/wang-goertzel.AGI_Aspects.pdf?attredirects=1","/wiki/Ben_Goertzel","http://scholar.google.com/scholar?hl=sv&lr=&cluster=15189798216526465792","/wiki/Digital_object_identifier","http://dx.doi.org/10.1016%2Fj.artint.2007.10.011","http://www.foresight.org/Conferences/MNT05/Papers/Gubrud/","/wiki/Digital_object_identifier","http://dx.doi.org/10.1098%2Frstb.2003.1317","/wiki/PubMed_Central","//www.ncbi.nlm.nih.gov/pmc/articles/PMC1693218","/wiki/PubMed_Identifier","//www.ncbi.nlm.nih.gov/pubmed/12903653","http://www.dai.ed.ac.uk/AI_at_Edinburgh_perspective.html","/wiki/International_Standard_Book_Number","/wiki/Special:BookSources/0-226-40317-3","/wiki/Ray_Kurzweil","/wiki/The_Singularity_is_Near","/wiki/James_Lighthill","http://www.cs.unm.edu/~luger/ai-final/tocfull.html","/wiki/International_Standard_Book_Number","/wiki/Special:BookSources/0-8053-4780-1","/wiki/John_McCarthy_(computer_scientist)","/wiki/Digital_object_identifier","http://dx.doi.org/10.1016%2Fj.artint.2007.10.009","/wiki/Pamela_McCorduck","http://www.pamelamc.com/html/machines_who_think.html","/wiki/International_Standard_Book_Number","/wiki/Special:BookSources/1-56881-205-1","/wiki/Hans_Moravec","http://www.frc.ri.cmu.edu/users/hpm/project.archive/general.articles/1975/Raw.Power.html","/wiki/Hans_Moravec","http://organizations.utep.edu/Portals/1475/nagel_bat.pdf","/wiki/Allen_Newell","/wiki/Herbert_A._Simon","/wiki/Allen_Newell","/wiki/Herbert_A._Simon","http://portal.acm.org/citation.cfm?id=360022","/wiki/Digital_object_identifier","http://dx.doi.org/10.1145%2F360018.360022","/wiki/Nils_Nilsson_(researcher)","/wiki/International_Standard_Book_Number","/wiki/Special:BookSources/978-1-55860-467-4","/wiki/Stuart_J._Russell","/wiki/Peter_Norvig","http://aima.cs.berkeley.edu/","/wiki/International_Standard_Book_Number","/wiki/Special:BookSources/0-13-790395-2","/wiki/United_States_National_Research_Council","http://www.nap.edu/readingroom/books/far/ch9.html","/w/index.php?title=David_Poole_(researcher)&action=edit&redlink=1","http://www.cs.ubc.ca/spider/poole/ci.html","/wiki/John_Searle","http://www.bbsonline.org/documents/a/00/00/04/84/bbs00000484-00/bbs.searle2.html","/wiki/Digital_object_identifier","http://dx.doi.org/10.1017%2FS0140525X00005756","/wiki/Herbert_A._Simon","/wiki/Digital_object_identifier","http://dx.doi.org/10.1146%2Fannurev.ne.11.030188.002231","/wiki/PubMed_Identifier","//www.ncbi.nlm.nih.gov/pubmed/3284447","/wiki/Help:CS1_errors#accessdate_missing_url","/wiki/International_Standard_Book_Number","/wiki/Special:BookSources/0-19-921727-0","http://www.adaptiveai.com/research/index.htm#different_approach","/wiki/Digital_object_identifier","http://dx.doi.org/10.1146%2Fannurev.psych.49.1.585%3Bjsessionid%3Do4K4TVe3OdBd","/wiki/International_Standard_Book_Number","/wiki/Special:BookSources/3-540-23733-X","http://sites.google.com/site/narswang/home/agi-introduction","/wiki/Eliezer_Yudkowsky","http://www.singinst.org/upload/LOGI//LOGI.pdf","/wiki/Digital_object_identifier","http://dx.doi.org/10.1146%2Fannurev.psych.49.1.585%3Bjsessionid%3Do4K4TVe3OdBd","/wiki/International_Standard_Book_Number","/wiki/Special:BookSources/3-540-23733-X","/wiki/Digital_object_identifier","http://dx.doi.org/10.1098%2Frstb.2003.1308","/wiki/PubMed_Central","//www.ncbi.nlm.nih.gov/pmc/articles/PMC1693211","/wiki/PubMed_Identifier","//www.ncbi.nlm.nih.gov/pubmed/12903672","/wiki/Eliezer_Yudkowsky","/w/index.php?title=Strong_AI&action=edit&section=17","/w/index.php?title=Strong_AI&veaction=edit&section=17","http://sites.google.com/site/narswang/home/agi-introduction","http://wiki.gpai.cc/index.php/GPAI_Project","http://www.andcorporation.com","http://www.inl.gov/adaptiverobotics/humanoidrobotics/pubs/special-issue.pdf","http://intelligent-artifacts.com","http://tokyolectures.org/lectures","http://agiri.org/","http://genesis.csail.mit.edu/index.html","http://www.adaptiveai.com/research/index.htm#different_approach","http://www.opencog.org/","http://agiri.org/","http://www.inl.gov/adaptiverobotics/humanoidrobotics/pastproblems.shtml","http://www.eng.warwick.ac.uk/postgrad/msc-mods/msc-synthgen.htm","http://academia.wikia.com/wiki/A_Method_for_Simulating_the_Process_of_Logical_Human_Thought","http://texai.org","http://gameofid.com","http://www.practicalai.org/Strategy.aspx","http://singinst.org/upload/artificial-intelligence-risk.pdf","//en.wikipedia.org/w/index.php?title=Special:CentralAutoLogin/start&type=1x1&from=enwiki","http://en.wikipedia.org/w/index.php?title=Strong_AI&oldid=568165533","/wiki/Help:Category","/wiki/Category:Artificial_intelligence","/wiki/Category:Computational_neuroscience","/wiki/Category:All_articles_with_broken_links_to_citations","/wiki/Category:All_articles_with_unsourced_statements","/wiki/Category:Articles_with_unsourced_statements_from_June_2011","/wiki/Category:Articles_with_unsourced_statements_from_April_2011","/wiki/Category:Articles_with_unsourced_statements_from_October_2011","/wiki/Category:Pages_using_citations_with_accessdate_and_no_URL","/wiki/Category:Use_dmy_dates_from_April_2011","/w/index.php?title=Special:UserLogin&returnto=Strong+AI&type=signup","/w/index.php?title=Special:UserLogin&returnto=Strong+AI","/wiki/Strong_AI","/wiki/Talk:Strong_AI","#","/wiki/Strong_AI","/w/index.php?title=Strong_AI&action=edit","/w/index.php?title=Strong_AI&veaction=edit","/w/index.php?title=Strong_AI&action=history","#","/w/index.php","//bits.wikimedia.org/static-1.22wmf12/skins/vector/images/search-ltr.png?303-4","/wiki/Main_Page","/wiki/Main_Page","/wiki/Portal:Contents","/wiki/Portal:Featured_content","/wiki/Portal:Current_events","/wiki/Special:Random","https://donate.wikimedia.org/wiki/Special:FundraiserRedirector?utm_source=donate&utm_medium=sidebar&utm_campaign=C13_en.wikipedia.org&uselang=en","/wiki/Help:Contents","/wiki/Wikipedia:About","/wiki/Wikipedia:Community_portal","/wiki/Special:RecentChanges","//en.wikipedia.org/wiki/Wikipedia:Contact_us","/wiki/Special:WhatLinksHere/Strong_AI","/wiki/Special:RecentChangesLinked/Strong_AI","/wiki/Wikipedia:File_Upload_Wizard","/wiki/Special:SpecialPages","/w/index.php?title=Strong_AI&oldid=568165533","/w/index.php?title=Strong_AI&action=info","//www.wikidata.org/wiki/Q2264109","/w/index.php?title=Special:Cite&page=Strong_AI&id=568165533","/w/index.php?title=Special:Book&bookcmd=book_creator&referer=Strong+AI","/w/index.php?title=Special:Book&bookcmd=render_article&arttitle=Strong+AI&oldid=568165533&writer=rl","/w/index.php?title=Strong_AI&printable=yes","//ca.wikipedia.org/wiki/Intel%C2%B7lig%C3%A8ncia_artificial_forta","//cs.wikipedia.org/wiki/Um%C4%9Bl%C3%A9_byt%C3%AD","//es.wikipedia.org/wiki/IA_Fuerte","//fr.wikipedia.org/wiki/Intelligence_artificielle#Intelligence_artificielle_forte","//it.wikipedia.org/wiki/Intelligenza_artificiale_forte","//he.wikipedia.org/wiki/%D7%91%D7%99%D7%A0%D7%94_%D7%9E%D7%9C%D7%90%D7%9B%D7%95%D7%AA%D7%99%D7%AA_%D7%97%D7%96%D7%A7%D7%94","//ja.wikipedia.org/wiki/%E5%BC%B7%E3%81%84AI%E3%81%A8%E5%BC%B1%E3%81%84AI","//pl.wikipedia.org/wiki/Silna_sztuczna_inteligencja","//ru.wikipedia.org/wiki/%D0%A1%D0%B8%D0%BB%D1%8C%D0%BD%D1%8B%D0%B9_%D0%B8_%D1%81%D0%BB%D0%B0%D0%B1%D1%8B%D0%B9_%D0%B8%D1%81%D0%BA%D1%83%D1%81%D1%81%D1%82%D0%B2%D0%B5%D0%BD%D0%BD%D1%8B%D0%B9_%D0%B8%D0%BD%D1%82%D0%B5%D0%BB%D0%BB%D0%B5%D0%BA%D1%82","//sv.wikipedia.org/wiki/Strong_AI","//zh.wikipedia.org/wiki/%E5%BC%B7%E4%BA%BA%E5%B7%A5%E6%99%BA%E6%85%A7","#","//www.wikidata.org/wiki/Q2264109#sitelinks-wikipedia","//en.wikipedia.org/wiki/Wikipedia:Text_of_Creative_Commons_Attribution-ShareAlike_3.0_Unported_License","//creativecommons.org/licenses/by-sa/3.0/","//wikimediafoundation.org/wiki/Terms_of_Use","//wikimediafoundation.org/wiki/Privacy_policy","//www.wikimediafoundation.org/","//wikimediafoundation.org/wiki/Privacy_policy","/wiki/Wikipedia:About","/wiki/Wikipedia:General_disclaimer","//en.wikipedia.org/wiki/Wikipedia:Contact_us","//en.m.wikipedia.org/wiki/Strong_AI","//wikimediafoundation.org/","//bits.wikimedia.org/images/wikimedia-button.png","//www.mediawiki.org/","//bits.wikimedia.org/static-1.22wmf12/skins/common/images/poweredby_mediawiki_88x31.png","//bits.wikimedia.org/en.wikipedia.org/load.php?debug=false&lang=en&modules=site&only=scripts&skin=vector&*"],"instances":["conference","cognitive_architecture","computer_scientist"],"pdf":["http://www.singinst.org/upload/LOGI//LOGI.pdf","http://vesicle.nsi.edu/users/izhikevich/publications/large-scale_model_of_human_brain.pdf","http://www.cs.utexas.edu/~mooney/cs343/slide-handouts/philosophy.4.pdf","http://www.cs.waikato.ac.nz/~bernhard/316/slides/Chapter26_6pp.pdf","http://www.techcast.org/Upload/PDFs/633615794236495345_TCTheAutomationofThought.pdf","http://www.fhi.ox.ac.uk/Reports/2008-3.pdf","http://people.inf.elte.hu/csizsekp/ai/books/artificial-general-intelligence-cognitive-technologies.9783540237334.27156.pdf","http://organizations.utep.edu/Portals/1475/nagel_bat.pdf","http://www.singinst.org/upload/LOGI//LOGI.pdf","http://www.inl.gov/adaptiverobotics/humanoidrobotics/pubs/special-issue.pdf","http://singinst.org/upload/artificial-intelligence-risk.pdf"],"categories":["Artificial intelligence","Computational neuroscience"],"headings":["Requirements","Mainstream AI research","Artificial General Intelligence research","Origin of the term: John Searle's strong AI","Possible explanations for the slow progress of AI research","Critique of Strong AI research","See also","Notes","References","External links"],"image":["//upload.wikimedia.org/wikipedia/commons/thumb/1/1e/Estimations_of_Human_Brain_Emulation_Required_Performance.svg/400px-Estimations_of_Human_Brain_Emulation_Required_Performance.svg.png","//bits.wikimedia.org/static-1.22wmf12/skins/common/images/magnify-clip.png","//en.wikipedia.org/w/index.php?title=Special:CentralAutoLogin/start&type=1x1&from=enwiki","//bits.wikimedia.org/static-1.22wmf12/skins/vector/images/search-ltr.png?303-4","//bits.wikimedia.org/images/wikimedia-button.png","//bits.wikimedia.org/static-1.22wmf12/skins/common/images/poweredby_mediawiki_88x31.png"],"tags":[["john_mccarthy","computer_scientist"],["john_mccarthy","computer_scientist"],["soar","cognitive_architecture"],["ted","conference"],["john_mccarthy","computer_scientist"]],"members":["ted","soar","john_mccarthy"],"related":["Artificial_intelligence","Intelligence","Artificial_intelligence","Science_fiction","Futurist","Physical_symbol_system","Consciousness","Sentience","Sapience","Self-awareness","Weak_AI","Problem_solving","Reasoning","John_Searle","Strong_AI_hypothesis","Mind","Consciousness","Intelligence","Turing_test","John_McCarthy_(computer_scientist)","Artificial_intelligence","Philosophy_of_artificial_intelligence","Automated_reasoning","Uncertainty","Knowledge_representation","Commonsense_knowledge_base","Automated_planning_and_scheduling","Machine_learning","Natural_language_processing","Machine_perception","Computer_vision","Robotics","Hazard","Cognitive_science","Computational_intelligence","Decision_making","Imagination","Self-determination_theory","Computational_creativity","Automated_reasoning","Decision_support_system","Robot","Evolutionary_computation","Intelligent_agent","Science_fiction","Ethics_of_artificial_intelligence","Consciousness","Qualia","Thought","Consciousness","Thomas_Nagel","Self-awareness","Sentience","Sapience","Animal_rights","Bill_Joy","Necessary_and_sufficient_condition","Consciousness","Neural_correlates_of_consciousness","Emergence","Herbert_A._Simon","Stanley_Kubrick","Arthur_C._Clarke","HAL_9000","Marvin_Minsky","Marvin_Minsky","Lighthill_report","DARPA","Fifth_generation_computer","Expert_systems","John_McCarthy_(computer_scientist)","Neural_nets","Computer_vision","Data_mining","Agent_architecture","Cognitive_architecture","Subsumption_architecture","Hans_Moravec","Commonsense_knowledge_base","Golden_spike","Doug_Lenat","Cyc","Allen_Newell","Soar_(cognitive_architecture)","Ben_Goertzel","Conference_on_Artificial_General_Intelligence","Raymond_Kurzweil","The_Singularity_is_Near","SmartAction","Machine_Intelligence_Research_Institute","OpenCog","Numenta","Redwood_Neuroscience_Institute","AND_Corporation","Whole_brain_emulation","Brain_scanning","Brain_mapping","Computer_simulation","Computational_neuroscience","Neuroinformatics","Brain_simulation","Artificial_intelligence","Neuroimaging","Futurist","Ray_Kurzweil","Anders_Sandberg","Nick_Bostrom","TOP500","Consciousness","Human_brain","Synapses","Neurons","Raymond_Kurzweil","Embodied_cognition","Second_Life","Intel_Pentium","Raymond_Kurzweil","Cerebral_cortex","Cerebellum","Glial_cell","Artificial_neuron","Raymond_Kurzweil","Artificial_neural_network","Biological_neuron_model","Neurons","Raymond_Kurzweil","Glial_cells","Artificial_Intelligence_System","Blue_Brain","IBM","Blue_Gene","Neocortex","Henry_Markram","TED_(conference)","Hans_Moravec","Igor_Aleksander","Language","Philosophy_of_artificial_intelligence","John_Searle","Chinese_room","Mind_body_problem","Philosophy_of_mind","Stuart_J._Russell","Peter_Norvig","Hubert_Dreyfus","Roger_Penrose","John_McCarthy_(computer_scientist)","Seed_AI","Risks_to_civilization,_humans,_and_planet_Earth","Friendly_AI","History_of_artificial_intelligence","Marcus_Hutter","Gödel_machine","Technological_singularity","Singularity_Institute_for_Artificial_Intelligence","Artificial_General_Intelligence_Research_Institute","Friendly_AI","Ethics_of_artificial_intelligence","Whole_brain_emulation","Artificial_Intelligence_System","AI-complete","Synthetic_intelligence","Neats_vs._scruffies"]}