{"cursor":"35443","size":15,"audio":[],"currentlang":"en","article":"'Artificial consciousness' (AC), also known as 'machine consciousness' (MC) or\n'synthetic consciousness', is a field related to artificial intelligence and\ncognitive robotics whose aim is to define that which would have to be\nsynthesized were consciousness to be found in an engineered artifact .\n\nNeuroscience hypothesizes that consciousness is generated by the interoperation\nof various parts of the brain, called the neural correlates of consciousness or\nNCC. Proponents of AC believe it is possible to construct machines (e.g.,\ncomputer systems) that can emulate this NCC interoperation.\n","linknr":380,"url":"Artificial_consciousness#Ethics_of_artificial_consciousness","recorded":1376410910,"links":["/w/index.php?title=Artificial_consciousness&action=edit","/w/index.php?title=Artificial_consciousness&action=edit","//bits.wikimedia.org/favicon/wikipedia.ico","/w/opensearch_desc.php","//en.wikipedia.org/w/api.php?action=rsd","//creativecommons.org/licenses/by-sa/3.0/","/w/index.php?title=Special:RecentChanges&feed=atom","http://en.wikipedia.org/wiki/Artificial_consciousness","//bits.wikimedia.org/en.wikipedia.org/load.php?debug=false&lang=en&modules=ext.gadget.DRN-wizard%2CReferenceTooltips%2Ccharinsert%2Cteahouse%7Cext.rtlcite%2Cwikihiero%7Cext.uls.nojs%7Cmediawiki.legacy.commonPrint%2Cshared%7Cmw.PopUpMediaTransform%7Cskins.vector&only=styles&skin=vector&*","//bits.wikimedia.org/en.wikipedia.org/load.php?debug=false&lang=en&modules=ext.visualEditor.viewPageTarget.noscript&only=styles&skin=vector&*","//bits.wikimedia.org/en.wikipedia.org/load.php?debug=false&lang=en&modules=site&only=styles&skin=vector&*","//bits.wikimedia.org/en.wikipedia.org/load.php?debug=false&lang=en&modules=startup&only=scripts&skin=vector&*","//bits.wikimedia.org/geoiplookup","//meta.wikimedia.org","#mw-navigation","#p-search","/wiki/Artificial_intelligence","/wiki/Cognitive_robotics","#CITEREFAleksander1995","/wiki/Neuroscience","/wiki/Consciousness","/wiki/Brain","/wiki/Neural_correlates_of_consciousness","/wiki/Computer","#Philosophical_views_of_artificial_consciousness","#The_debate_over_the_plausibility_of_artificial_consciousness","#Chalmers.27_argument_for_artificial_consciousness","#Ethics_of_artificial_consciousness","#Consciousness_in_digital_computers","#Symbolic_or_hybrid_proposals","#Franklin.27s_Intelligent_Distribution_Agent","#Ron_Sun.27s_cognitive_architecture_CLARION","#Ben_Goertzel.27s_OpenCog","#Neural_network_proposals","#Haikonen.27s_cognitive_architecture","#Takeno.27s_self-awareness_research","#Aleksander.27s_impossible_mind","#Thaler.27s_Creativity_Machine_Paradigm","#Testing_for_artificial_consciousness","#Artificial_consciousness_in_literature.2C_movies.2C_and_television","#See_also","#References","#Citations","#Bibliography","#Further_reading","#External_links","#Open_Source_Software_Projects","/w/index.php?title=Artificial_consciousness&action=edit&section=1","/w/index.php?title=Artificial_consciousness&veaction=edit&section=1","/wiki/Experience","/wiki/Qualia","/wiki/Pattern_recognition","/w/index.php?title=Artificial_consciousness&action=edit&section=2","/w/index.php?title=Artificial_consciousness&veaction=edit&section=2","/wiki/Type_physicalism","/wiki/Functionalism_(philosophy_of_mind)","/wiki/David_Chalmers","/w/index.php?title=Artificial_consciousness&action=edit&section=3","/w/index.php?title=Artificial_consciousness&veaction=edit&section=3","http://consc.net/papers/computation.ps","http://consc.net/papers/qualia.html","/w/index.php?title=Artificial_consciousness&action=edit&section=4","/w/index.php?title=Artificial_consciousness&veaction=edit&section=4","/wiki/Ethics_of_artificial_intelligence","/wiki/Ethics","/wiki/Law","/wiki/Pleasure","/wiki/Pain","/wiki/Sentience","/wiki/Loebner_Prize","#cite_note-1","/w/index.php?title=Artificial_consciousness&action=edit&section=5","/w/index.php?title=Artificial_consciousness&veaction=edit&section=5","/wiki/Bernard_Baars","/wiki/Awareness","/wiki/Mirror_neurons#In_monkeys","#cite_note-2","#cite_note-3","/wiki/Axel_Cleeremans","/wiki/Sic","/wiki/Igor_Aleksander","#cite_note-Aleksander_1995-4","/wiki/Multiple_Drafts_Model","/wiki/Daniel_Dennett","/wiki/Consciousness_Explained","#cite_note-Aleksander_1995-4","/wiki/Qualia","/wiki/Hard_problem_of_consciousness","/wiki/Physicalism","/wiki/Computationalism","/w/index.php?title=Artificial_consciousness&action=edit&section=6","/w/index.php?title=Artificial_consciousness&veaction=edit&section=6","/w/index.php?title=Artificial_consciousness&action=edit&section=7","/w/index.php?title=Artificial_consciousness&veaction=edit&section=7","/wiki/Stan_Franklin","/wiki/Autonomous_agent","/wiki/Consciousness","/wiki/Bernard_Baars","/wiki/Global_Workspace_Theory","#CITEREFBaars1988","#CITEREFBaars1997","/wiki/US_Navy","/wiki/University_of_Memphis","/wiki/Java_(programming_language)","#CITEREFFranklin1995","#CITEREFFranklin2003","/wiki/Consciousness","/w/index.php?title=Artificial_consciousness&action=edit&section=8","/w/index.php?title=Artificial_consciousness&veaction=edit&section=8","/wiki/CLARION_(cognitive_architecture)","/wiki/CLARION_(cognitive_architecture)","#CITEREFSun2002","#CITEREFSun1999","/w/index.php?title=Artificial_consciousness&action=edit&section=9","/w/index.php?title=Artificial_consciousness&veaction=edit&section=9","/wiki/Ben_Goertzel","/wiki/OpenCog","/wiki/Hugo_de_Garis","/wiki/Xiamen_University","/w/index.php?title=Artificial_consciousness&action=edit&section=10","/w/index.php?title=Artificial_consciousness&veaction=edit&section=10","/w/index.php?title=Artificial_consciousness&action=edit&section=11","/w/index.php?title=Artificial_consciousness&veaction=edit&section=11","#CITEREFHaikonen2003","/wiki/Mind","/wiki/Consciousness","/wiki/Cognitive_architecture","/wiki/Perception","/w/index.php?title=Inner_imagery&action=edit&redlink=1","/wiki/Inner_speech","/wiki/Pain","/wiki/Pleasure","/wiki/Emotions","/wiki/Cognitive","/wiki/Artificial_neuron","/wiki/Algorithms","/wiki/Computer_program","/wiki/Autonomous_agent","#CITEREFFreeman1999","#CITEREFCotterill2003","#CITEREFHaikonen2003","#CITEREFDoan2009","/w/index.php?title=Artificial_consciousness&action=edit&section=12","/w/index.php?title=Artificial_consciousness&veaction=edit&section=12","http://robonable.typepad.jp/robot/2_/index.html","/wiki/Meiji_University","http://www.rs.cs.meiji.ac.jp/Takeno_Archive.html","http://www.mimed.mw.tum.de/06-12-18_MIMED_LUETH-002918.PDF","#CITEREFTakenoInabaSuzuki2005","http://www.s2is.org/Issues/v1/n4/papers/paper4.pdf","/w/index.php?title=Artificial_consciousness&action=edit&section=13","/w/index.php?title=Artificial_consciousness&veaction=edit&section=13","/wiki/Igor_Aleksander","/wiki/Imperial_College","/wiki/Artificial_neural_network","/wiki/Language","#cite_note-5","/wiki/Finite_state_machine","#cite_note-6","/w/index.php?title=Artificial_consciousness&action=edit&section=14","/w/index.php?title=Artificial_consciousness&veaction=edit&section=14","#cite_note-7","#cite_note-ECIIE-8","#cite_note-APA-9","#cite_note-gedanken-10","#cite_note-11","#cite_note-12","/w/index.php?title=Artificial_consciousness&action=edit&section=15","/w/index.php?title=Artificial_consciousness&veaction=edit&section=15","/wiki/Intelligence_(trait)","/wiki/Turing_test","/wiki/Philosophy_of_science#Theory-dependence_of_observations","#cite_note-test-13","http://www.conscious-robots.com/consscale/","#cite_note-14","/w/index.php?title=Artificial_consciousness&action=edit&section=16","/w/index.php?title=Artificial_consciousness&veaction=edit&section=16","/wiki/Artificial_intelligence_in_fiction","/wiki/Arthur_C._Clarke","/wiki/The_City_and_the_Stars","/wiki/Frank_Herbert","/wiki/Destination:_Void","/wiki/Jane_(Ender%27s_Game)","/wiki/Orson_Scott_Card","/wiki/Speaker_for_the_Dead","/wiki/Xenocide","/wiki/Children_of_the_Mind","/wiki/Investment_Counselor_(short_story)","/wiki/HAL_9000","/wiki/2001:_A_Space_Odyssey","/wiki/Isaac_Asimov","/wiki/Robot_series_(Asimov)","/wiki/Mind_(The_Culture)","/wiki/Iain_M._Banks","/wiki/Culture_series","/wiki/Puppet_Master_(Ghost_in_the_Shell)","/wiki/Ghost_in_the_Shell","/wiki/Manga","/wiki/Anime","/wiki/Commander_Data","/wiki/Star_Trek:_The_Next_Generation","/w/index.php?title=Artificial_consciousness&action=edit&section=17","/w/index.php?title=Artificial_consciousness&veaction=edit&section=17","/wiki/Artificial_Intelligence","/wiki/Brain-computer_interface","/wiki/Consciousness","/wiki/Consciousness_in_animals","/wiki/Greedy_reductionism","/wiki/Identity_of_indiscernibles","/wiki/Jabberwacky","/wiki/Kismet_(robot)","/wiki/Philosophy_of_mind","/wiki/Psi-Theory","/wiki/Simulated_reality","/wiki/Strong_AI","/wiki/The_Emperor%27s_New_Mind","/wiki/Roger_Penrose","/wiki/William_Grey_Walter","/wiki/Alan_Rosen","/w/index.php?title=Artificial_consciousness&action=edit&section=18","/w/index.php?title=Artificial_consciousness&veaction=edit&section=18","/w/index.php?title=Artificial_consciousness&action=edit&section=19","/w/index.php?title=Artificial_consciousness&veaction=edit&section=19","//upload.wikimedia.org/wikipedia/commons/thumb/a/a4/Text_document_with_red_question_mark.svg/40px-Text_document_with_red_question_mark.svg.png","/wiki/Wikipedia:Citing_sources","/wiki/Wikipedia:INCITE","/wiki/Wikipedia:WikiProject_Fact_and_Reference_Check","/wiki/Wikipedia:When_to_cite","#cite_ref-1","http://loebner03.hamill.co.uk/docs/LPC%20Official%20Rules%20v2.0.pdf","/wiki/David_Hamill","#cite_ref-2","#cite_ref-3","#cite_ref-Aleksander_1995_4-0","#cite_ref-Aleksander_1995_4-1","#cite_ref-5","/wiki/Special:BookSources/1860940366","#cite_ref-6","#cite_ref-7","http://patft.uspto.gov/netacgi/nph-Parser?Sect1=PTO2&Sect2=HITOFF&p=1&u=%2Fnetahtml%2FPTO%2Fsearch-bool.html&r=1&f=G&l=50&co1=AND&d=PTXT&s1=5659666.PN.&OS=PN/5659666&RS=PN/5659666","#cite_ref-ECIIE_8-0","http://www.springerreference.com/docs/html/chapterdbid/358097.html","#cite_ref-APA_9-0","#cite_ref-gedanken_10-0","#cite_ref-11","#cite_ref-12","#cite_ref-test_13-0","http://web.eecs.utk.edu/~itamar/Papers/AI_MAG_2011.pdf","#cite_ref-14","/wiki/Special:BookSources/9780199264797","/w/index.php?title=Artificial_consciousness&action=edit&section=20","/w/index.php?title=Artificial_consciousness&veaction=edit&section=20","http://senses.info","http://web.archive.org/web/19970302014628/http://www.ee.ic.ac.uk/research/neural/publications/iwann.html","http://www.ee.ic.ac.uk/research/neural/publications/iwann.html","http://dblp.uni-trier.de/rec/bibtex/conf/iwann/Aleksander95","http://web.archive.org/web/19970302014628/http://www.ee.ic.ac.uk/research/neural/publications/iwann.html","http://www.conscious-robots.com/raul/papers/Arrabales_ICCI09_preprint.pdf","http://vesicle.nsi.edu/users/baars/BaarsConsciousnessBook1988","/wiki/International_Standard_Book_Number","/wiki/Special:BookSources/0-521-30133-5","/wiki/International_Standard_Book_Number","/wiki/Special:BookSources/0-19-510265-7","/wiki/International_Standard_Book_Number","/wiki/Special:BookSources/0-19-510553-2","http://www.conscious-robots.com/en/conscious-machines/theories-of-consciousness/pentti-haikonens-architecture-for-conscious-mac.html","/wiki/International_Standard_Book_Number","/wiki/Special:BookSources/0-262-06178-3","/wiki/International_Standard_Book_Number","/wiki/Special:BookSources/0-231-12008-7","/wiki/International_Standard_Book_Number","/wiki/Special:BookSources/0-907845-42-8","/wiki/International_Standard_Book_Number","/wiki/Special:BookSources/0-9747077-0-8","/wiki/Digital_object_identifier","http://dx.doi.org/10.1016%2Fj.neunet.2007.09.012","/wiki/PubMed_Identifier","//www.ncbi.nlm.nih.gov/pubmed/17936581","/wiki/Digital_object_identifier","http://dx.doi.org/10.1006%2Fccog.1999.0405","/wiki/PubMed_Identifier","//www.ncbi.nlm.nih.gov/pubmed/10600249","/wiki/Digital_object_identifier","http://dx.doi.org/10.1016%2FS1389-0417%2800%2900013-9","http://ieeexplore.ieee.org/xpl/freeabs_all.jsp?arnumber=1554325","/wiki/Digital_object_identifier","http://dx.doi.org/10.1109%2FCIRA.2005.1554325","/wiki/International_Standard_Book_Number","/wiki/Special:BookSources/0-7803-9355-4","http://srsc.ulb.ac.be/axcWWW/papers/pdf/01-AXCLJ.pdf","/w/index.php?title=Artificial_consciousness&action=edit&section=21","/w/index.php?title=Artificial_consciousness&veaction=edit&section=21","http://www-formal.stanford.edu/jmc/generality/generality.html","http://homepage.ntlworld.com/m.pharoah/","http://www.d6.dion.ne.jp/~takenof/SAR-LAL-Takeno.pdf","//en.wikibooks.org/wiki/Consciousness_studies","http://www.senses.info","http://ccsl.mae.cornell.edu/sites/default/files/GECCO09_Zagal.pdf","/w/index.php?title=Artificial_consciousness&action=edit&section=22","/w/index.php?title=Artificial_consciousness&veaction=edit&section=22","http://www.cogsci.rpi.edu/~rsun/conscious.html","http://www.inl.gov/adaptiverobotics/humanoidrobotics/ethicalconsiderations.shtml","http://www.intelligent-systems.com.ar/intsyst/ethics.htm","http://www.swartzneuro.org/docs/aleksander_presentation.ppt","http://consc.net/chalmers/","http://consc.net/online/1.4a","http://www.aslab.org/public/events/moc","http://www.esf.org/generic/1650/EW0296Report.pdf","http://www.aslab.org/public/events/mcc","http://www.rs.cs.meiji.ac.jp/Takeno_Archive.html","http://www.rs.cs.meiji.ac.jp/Takeno_Archive.html","http://www.aco.gatech.edu/conference/focs-aco/abstracts.html","http://www.Conscious-Robots.com","/w/index.php?title=Artificial_consciousness&action=edit&section=23","/w/index.php?title=Artificial_consciousness&veaction=edit&section=23","http://adsproject.sourceforge.net","//en.wikipedia.org/w/index.php?title=Special:CentralAutoLogin/start&type=1x1&from=enwiki","http://en.wikipedia.org/w/index.php?title=Artificial_consciousness&oldid=562409113","/wiki/Help:Category","/wiki/Category:Artificial_intelligence","/wiki/Category:Consciousness_studies","/wiki/Category:Computational_neuroscience","/wiki/Category:Articles_lacking_in-text_citations_from_August_2012","/wiki/Category:All_articles_lacking_in-text_citations","/w/index.php?title=Special:UserLogin&returnto=Artificial+consciousness&type=signup","/w/index.php?title=Special:UserLogin&returnto=Artificial+consciousness","/wiki/Artificial_consciousness","/wiki/Talk:Artificial_consciousness","#","/wiki/Artificial_consciousness","/w/index.php?title=Artificial_consciousness&action=edit","/w/index.php?title=Artificial_consciousness&veaction=edit","/w/index.php?title=Artificial_consciousness&action=history","#","/w/index.php","//bits.wikimedia.org/static-1.22wmf12/skins/vector/images/search-ltr.png?303-4","/wiki/Main_Page","/wiki/Main_Page","/wiki/Portal:Contents","/wiki/Portal:Featured_content","/wiki/Portal:Current_events","/wiki/Special:Random","https://donate.wikimedia.org/wiki/Special:FundraiserRedirector?utm_source=donate&utm_medium=sidebar&utm_campaign=C13_en.wikipedia.org&uselang=en","/wiki/Help:Contents","/wiki/Wikipedia:About","/wiki/Wikipedia:Community_portal","/wiki/Special:RecentChanges","//en.wikipedia.org/wiki/Wikipedia:Contact_us","/wiki/Special:WhatLinksHere/Artificial_consciousness","/wiki/Special:RecentChangesLinked/Artificial_consciousness","/wiki/Wikipedia:File_Upload_Wizard","/wiki/Special:SpecialPages","/w/index.php?title=Artificial_consciousness&oldid=562409113","/w/index.php?title=Artificial_consciousness&action=info","//www.wikidata.org/wiki/Q2993663","/w/index.php?title=Special:Cite&page=Artificial_consciousness&id=562409113","/w/index.php?title=Special:Book&bookcmd=book_creator&referer=Artificial+consciousness","/w/index.php?title=Special:Book&bookcmd=render_article&arttitle=Artificial+consciousness&oldid=562409113&writer=rl","/w/index.php?title=Artificial_consciousness&printable=yes","//fr.wikipedia.org/wiki/Conscience_artificielle","//ja.wikipedia.org/wiki/%E4%BA%BA%E5%B7%A5%E6%84%8F%E8%AD%98","//fi.wikipedia.org/wiki/Konetietoisuus","//ur.wikipedia.org/wiki/%D8%B4%D8%B9%D9%88%D8%B1_%D8%A7%D8%B5%D8%B7%D9%86%D8%A7%D8%B9%DB%8C","//zh.wikipedia.org/wiki/%E4%BA%BA%E5%B7%A5%E6%84%8F%E8%AD%98","#","//www.wikidata.org/wiki/Q2993663#sitelinks-wikipedia","//en.wikipedia.org/wiki/Wikipedia:Text_of_Creative_Commons_Attribution-ShareAlike_3.0_Unported_License","//creativecommons.org/licenses/by-sa/3.0/","//wikimediafoundation.org/wiki/Terms_of_Use","//wikimediafoundation.org/wiki/Privacy_policy","//www.wikimediafoundation.org/","//wikimediafoundation.org/wiki/Privacy_policy","/wiki/Wikipedia:About","/wiki/Wikipedia:General_disclaimer","//en.wikipedia.org/wiki/Wikipedia:Contact_us","//en.m.wikipedia.org/wiki/Artificial_consciousness","//wikimediafoundation.org/","//bits.wikimedia.org/images/wikimedia-button.png","//www.mediawiki.org/","//bits.wikimedia.org/static-1.22wmf12/skins/common/images/poweredby_mediawiki_88x31.png","//bits.wikimedia.org/en.wikipedia.org/load.php?debug=false&lang=en&modules=site&only=scripts&skin=vector&*"],"instances":["ghost_in_the_shell","trait","robot","programming_language","cognitive_architecture","asimov","philosophy_of_mind","the_culture"],"pdf":["http://www.s2is.org/Issues/v1/n4/papers/paper4.pdf","http://loebner03.hamill.co.uk/docs/LPC%20Official%20Rules%20v2.0.pdf","http://web.eecs.utk.edu/~itamar/Papers/AI_MAG_2011.pdf","http://www.conscious-robots.com/raul/papers/Arrabales_ICCI09_preprint.pdf","http://srsc.ulb.ac.be/axcWWW/papers/pdf/01-AXCLJ.pdf","http://www.d6.dion.ne.jp/~takenof/SAR-LAL-Takeno.pdf","http://ccsl.mae.cornell.edu/sites/default/files/GECCO09_Zagal.pdf","http://www.esf.org/generic/1650/EW0296Report.pdf"],"categories":["Artificial intelligence","Consciousness studies","Computational neuroscience"],"headings":["Philosophical views of artificial consciousness","Consciousness in digital computers","Testing for artificial consciousness","Artificial consciousness in literature, movies, and television","See also","References","Further reading","External links"],"image":["//upload.wikimedia.org/wikipedia/commons/thumb/a/a4/Text_document_with_red_question_mark.svg/40px-Text_document_with_red_question_mark.svg.png","//en.wikipedia.org/w/index.php?title=Special:CentralAutoLogin/start&type=1x1&from=enwiki","//bits.wikimedia.org/static-1.22wmf12/skins/vector/images/search-ltr.png?303-4","//bits.wikimedia.org/images/wikimedia-button.png","//bits.wikimedia.org/static-1.22wmf12/skins/common/images/poweredby_mediawiki_88x31.png"],"tags":[["functionalism","philosophy_of_mind"],["java","programming_language"],["clarion","cognitive_architecture"],["clarion","cognitive_architecture"],["intelligence","trait"],["jane","ender's_game"],["robot_series","asimov"],["mind","the_culture"],["puppet_master","ghost_in_the_shell"],["kismet","robot"]],"members":["jane","puppet_master","intelligence","kismet","java","clarion","robot_series","functionalism","mind"],"related":["Artificial_intelligence","Cognitive_robotics","Neuroscience","Consciousness","Brain","Neural_correlates_of_consciousness","Computer","Experience","Qualia","Pattern_recognition","Type_physicalism","Functionalism_(philosophy_of_mind)","David_Chalmers","Ethics","Law","Pleasure","Pain","Sentience","Loebner_Prize","David_Hamill","Bernard_Baars","Awareness","Axel_Cleeremans","Igor_Aleksander","Multiple_Drafts_Model","Daniel_Dennett","Qualia","Hard_problem_of_consciousness","Physicalism","Computationalism","Stan_Franklin","Autonomous_agent","Consciousness","Bernard_Baars","Global_Workspace_Theory","US_Navy","University_of_Memphis","Java_(programming_language)","Consciousness","CLARION_(cognitive_architecture)","CLARION_(cognitive_architecture)","Ben_Goertzel","OpenCog","Hugo_de_Garis","Xiamen_University","Mind","Consciousness","Cognitive_architecture","Perception","Inner_imagery","Inner_speech","Pain","Pleasure","Emotions","Cognitive","Artificial_neuron","Algorithms","Computer_program","Autonomous_agent","Meiji_University","Igor_Aleksander","Imperial_College","Artificial_neural_network","Language","Finite_state_machine","Intelligence_(trait)","Turing_test","Arthur_C._Clarke","Frank_Herbert","Jane_(Ender's_Game)","Orson_Scott_Card","HAL_9000","Isaac_Asimov","Robot_series_(Asimov)","Mind_(The_Culture)","Iain_M._Banks","Culture_series","Puppet_Master_(Ghost_in_the_Shell)","Manga","Anime","Commander_Data","Artificial_Intelligence","Brain-computer_interface","Consciousness","Consciousness_in_animals","Greedy_reductionism","Identity_of_indiscernibles","Jabberwacky","Kismet_(robot)","Philosophy_of_mind","Psi-Theory","Simulated_reality","Strong_AI","The_Emperor's_New_Mind","Roger_Penrose","William_Grey_Walter","Alan_Rosen"]}