{"cursor":"13885","size":15,"audio":[],"currentlang":"en","article":"\n\nAn 'artificial membrane', or 'synthetic membrane', is a synthetically created\nmembrane which is usually intended for separation purposes in laboratory or in\nindustry. Synthetic membranes have been successfully used for small and large-\nscale industrial processes since the middle of twentieth century. Pinnau, I., Freeman, B.D., Membrane Formation and Modification, ACS,\n1999. A wide variety of synthetic membranes is known. Osada,\nY., Nakagawa, T., Membrane Science and Technology, New York: Marcel Dekker,\nInc,1992. They can be produced from organic materials such as polymers and\nliquids, as well as inorganic materials. The most of commercially utilized\nsynthetic membranes in separation industry are made of polymeric structures.\nThey can be classified based on their surface chemistry, bulk structure,\nmorphology, and production method. The chemical and physical properties of\nsynthetic membranes and separated particles as well as a choice of driving force\ndefine a particular membrane separation process. The most commonly used driving\nforces of a membrane process in industry are pressure and concentration\ngradients. The respective membrane process is therefore known as filtration.\nSynthetic membranes utilized in a separation process can be of different\ngeometry and the respective flow configuration. They can be also categorized\nbased on their application and separation regime. The best known\nsynthetic membrane separation processes include water purification, reverse\nosmosis, dehydrogenation of natural gas, removal of cell particles by\nmicrofiltration and ultrafiltration, removal of microorganisms from dairy\nproducts, and dialysis.\n","linknr":250,"url":"Artificial_membrane","recorded":1364046538,"links":["/w/index.php?title=Synthetic_membrane&action=edit","/w/index.php?title=Synthetic_membrane&action=edit","//en.wikipedia.org/apple-touch-icon.png","//bits.wikimedia.org/favicon/wikipedia.ico","/w/opensearch_desc.php","//en.wikipedia.org/w/api.php?action=rsd","//creativecommons.org/licenses/by-sa/3.0/","/w/index.php?title=Special:RecentChanges&feed=atom","/wiki/Synthetic_membrane","//bits.wikimedia.org/en.wikipedia.org/load.php?debug=false&lang=en&modules=ext.gadget.DRN-wizard%2CReferenceTooltips%2Ccharinsert%2Cteahouse%7Cext.wikihiero%7Cmediawiki.legacy.commonPrint%2Cshared%7Cmw.PopUpMediaTransform%7Cskins.vector&only=styles&skin=vector&*","//bits.wikimedia.org/en.wikipedia.org/load.php?debug=false&lang=en&modules=site&only=styles&skin=vector&*","//bits.wikimedia.org/en.wikipedia.org/load.php?debug=false&lang=en&modules=startup&only=scripts&skin=vector&*","//bits.wikimedia.org/geoiplookup","//meta.wikimedia.org","/w/index.php?title=Artificial_membrane&redirect=no","#mw-head","#p-search","/wiki/Biological_membrane","/wiki/Membrane_(disambiguation)","#cite_note-Pi-1","#cite_note-O-2","/wiki/Organic_compound","/wiki/Inorganic","/wiki/Polymeric","/wiki/Surface_chemistry","/wiki/Morphology_(biology)","/wiki/Pressure","/wiki/Concentration_gradient","/wiki/Filtration","#cite_note-O-2","/wiki/Water_purification","/wiki/Reverse_osmosis","/wiki/Dehydrogenation","/wiki/Microfiltration","/wiki/Ultrafiltration","/wiki/Dialysis","#Membrane_types_and_structure","#Liquid_membranes","#Polymeric_membranes","#Ceramic_membranes","#Surface_chemistry","#Membrane_morphology","#See_also","#Notes","#References","/w/index.php?title=Synthetic_membrane&action=edit&section=1","/wiki/Metal","/wiki/Ceramic","/wiki/Homogeneity_and_heterogeneity","/wiki/Homogeneity_and_heterogeneity","#cite_note-P-3","/wiki/Aluminium","/wiki/Silicon_carbide","/wiki/Zirconium","/wiki/Inert","/wiki/Capillaries","#cite_note-P-3","/w/index.php?title=Synthetic_membrane&action=edit&section=2","/wiki/Molten","#cite_note-P-3","/w/index.php?title=Synthetic_membrane&action=edit&section=3","/wiki/Polymeric_membrane","#cite_note-P-3","#cite_note-Z-4","/wiki/Chemical_affinity","#cite_note-Z-4","/wiki/Stereoregularity","/wiki/Chemical_polarity","#cite_note-Z-4","/wiki/Amorphous","/wiki/Semicrystalline","/wiki/Glass_transition","/wiki/Copolymers","#cite_note-Z-4","/wiki/Cellulose_acetate","/wiki/Nitrocellulose","/wiki/Cellulose","/wiki/Esters","/wiki/Polysulfone","/wiki/Polyether","/wiki/Sulfone","/wiki/Polyacrilonitrile","/wiki/Polyamide","/wiki/Polyimide","/wiki/Polyethylene","/wiki/Polypropylene","/wiki/Polytetrafluoroethylene","/wiki/Polyvinylidene_fluoride","/wiki/Polyvinylchloride","/wiki/File:Polysulfone.svg","//upload.wikimedia.org/wikipedia/commons/thumb/a/a8/Polysulfone.svg/120px-Polysulfone.svg.png","/wiki/File:Polyethylene-repeat-2D.png","//upload.wikimedia.org/wikipedia/commons/thumb/c/c5/Polyethylene-repeat-2D.png/120px-Polyethylene-repeat-2D.png","/wiki/File:Teflon_structure.PNG","//upload.wikimedia.org/wikipedia/commons/thumb/1/17/Teflon_structure.PNG/120px-Teflon_structure.PNG","/wiki/File:Polypropylen.svg","//upload.wikimedia.org/wikipedia/commons/thumb/f/f9/Polypropylen.svg/120px-Polypropylen.svg.png","/wiki/File:Ceramic_membrane_(crossflow_filtration).jpg","//upload.wikimedia.org/wikipedia/commons/thumb/5/5e/Ceramic_membrane_%28crossflow_filtration%29.jpg/220px-Ceramic_membrane_%28crossflow_filtration%29.jpg","/wiki/File:Ceramic_membrane_(crossflow_filtration).jpg","//bits.wikimedia.org/static-1.21wmf11/skins/common/images/magnify-clip.png","/w/index.php?title=Synthetic_membrane&action=edit&section=4","/wiki/Ceramic_membrane","/wiki/Inorganic","/wiki/Alumina","/wiki/Titanium_dioxide","/wiki/Zirconium_dioxide","/wiki/Membrane_technology","/w/index.php?title=Synthetic_membrane&action=edit&section=5","/wiki/File:Contact_angle.svg","//upload.wikimedia.org/wikipedia/commons/thumb/e/e4/Contact_angle.svg/300px-Contact_angle.svg.png","/wiki/File:Contact_angle.svg","//bits.wikimedia.org/static-1.21wmf11/skins/common/images/magnify-clip.png","#cite_note-Z-4","/wiki/Partitioning","//toolserver.org/%7Edispenser/cgi-bin/dab_solver.py?page=Synthetic_membrane&editintro=Template:Disambiguation_needed/editintro&client=Template:Dn","/wiki/Hydrophilicity","/wiki/Hydrophobicity","/wiki/Ionic_charge","/wiki/Chemical_affinity","/wiki/Biocompatibility","#cite_note-Z-4","/wiki/Contact_angle","/wiki/Hydrophilic","/wiki/Hydrophobic","/wiki/File:Wet_Leaf.jpg","//upload.wikimedia.org/wikipedia/commons/thumb/5/57/Wet_Leaf.jpg/220px-Wet_Leaf.jpg","/wiki/File:Wet_Leaf.jpg","//bits.wikimedia.org/static-1.21wmf11/skins/common/images/magnify-clip.png","#cite_note-Z-4","/wiki/Wetting","/wiki/Capillary","/wiki/Surface_tension","/wiki/Surfactant","#cite_note-Z-4","/wiki/Thermodynamic_free_energy","/wiki/Adsorption","/wiki/Fouling","#cite_note-Z-4","/wiki/Irreversibility","/wiki/Electrochemical_potential","/w/index.php?title=Synthetic_membrane&action=edit&section=6","/wiki/Amorphous","/wiki/Heterogeneous","/wiki/Polytetrafluoroethylene","/wiki/Cellulose","/wiki/Esters","/wiki/Compression_molding","/wiki/Solvent_casting_and_particulate_leaching","/wiki/Spray_(liquid_drop)","/wiki/Glass_transition_temperature","#cite_note-O-2","/wiki/Proteins","/wiki/DNA","/wiki/RNA","/wiki/Microfiltration","/wiki/Ultrafiltration","/wiki/Dialysis","/wiki/Solvent","#cite_note-O-2","/wiki/Crystalline","/wiki/Molecular_weight","#cite_note-O-2","/wiki/Lamination","/w/index.php?title=Synthetic_membrane&action=edit&section=7","/wiki/Membrane_technology","/w/index.php?title=Synthetic_membrane&action=edit&section=8","#cite_ref-Pi_1-0","#cite_ref-O_2-0","#cite_ref-O_2-1","#cite_ref-O_2-2","#cite_ref-O_2-3","#cite_ref-O_2-4","#cite_ref-P_3-0","#cite_ref-P_3-1","#cite_ref-P_3-2","#cite_ref-P_3-3","#cite_ref-Z_4-0","#cite_ref-Z_4-1","#cite_ref-Z_4-2","#cite_ref-Z_4-3","#cite_ref-Z_4-4","#cite_ref-Z_4-5","#cite_ref-Z_4-6","#cite_ref-Z_4-7","#cite_ref-Z_4-8","/w/index.php?title=Synthetic_membrane&action=edit&section=9","http://en.wikipedia.org/w/index.php?title=Synthetic_membrane&oldid=540805682","/wiki/Help:Categories","/wiki/Category:Chemical_engineering","/wiki/Category:Filtration","/wiki/Category:Membrane_technology","/wiki/Category:Articles_with_links_needing_disambiguation_from_October_2012","/w/index.php?title=Special:UserLogin&returnto=Synthetic+membrane&type=signup","/w/index.php?title=Special:UserLogin&returnto=Synthetic+membrane","/wiki/Synthetic_membrane","/wiki/Talk:Synthetic_membrane","#","/wiki/Synthetic_membrane","/w/index.php?title=Synthetic_membrane&action=edit","/w/index.php?title=Synthetic_membrane&action=history","#","/w/index.php","//bits.wikimedia.org/static-1.21wmf11/skins/vector/images/search-ltr.png?303-4","/wiki/Main_Page","/wiki/Main_Page","/wiki/Portal:Contents","/wiki/Portal:Featured_content","/wiki/Portal:Current_events","/wiki/Special:Random","//donate.wikimedia.org/wiki/Special:FundraiserRedirector?utm_source=donate&utm_medium=sidebar&utm_campaign=C13_en.wikipedia.org&uselang=en","/wiki/Help:Contents","/wiki/Wikipedia:About","/wiki/Wikipedia:Community_portal","/wiki/Special:RecentChanges","/wiki/Wikipedia:Contact_us","/wiki/Special:WhatLinksHere/Synthetic_membrane","/wiki/Special:RecentChangesLinked/Synthetic_membrane","/wiki/Wikipedia:File_Upload_Wizard","/wiki/Special:SpecialPages","/w/index.php?title=Synthetic_membrane&oldid=540805682","/w/index.php?title=Synthetic_membrane&action=info","/w/index.php?title=Special:Cite&page=Synthetic_membrane&id=540805682","/w/index.php?title=Special:Book&bookcmd=book_creator&referer=Synthetic+membrane","/w/index.php?title=Special:Book&bookcmd=render_article&arttitle=Synthetic+membrane&oldid=540805682&writer=rl","/w/index.php?title=Synthetic_membrane&printable=yes","//fr.wikipedia.org/wiki/M%C3%A9thode_de_s%C3%A9paration_membranaire","//id.wikipedia.org/wiki/Membran_sintetis","//it.wikipedia.org/wiki/Membrana_artificiale","//he.wikipedia.org/wiki/%D7%9E%D7%9E%D7%91%D7%A8%D7%A0%D7%94_%D7%A1%D7%99%D7%A0%D7%AA%D7%98%D7%99%D7%AA","//hu.wikipedia.org/wiki/Membr%C3%A1nszepar%C3%A1ci%C3%B3","//ru.wikipedia.org/wiki/%D0%98%D1%81%D0%BA%D1%83%D1%81%D1%81%D1%82%D0%B2%D0%B5%D0%BD%D0%BD%D0%B0%D1%8F_%D0%BC%D0%B5%D0%BC%D0%B1%D1%80%D0%B0%D0%BD%D0%B0","//tr.wikipedia.org/wiki/Yapay_membran","//uk.wikipedia.org/wiki/%D0%A8%D1%82%D1%83%D1%87%D0%BD%D0%B0_%D0%BC%D0%B5%D0%BC%D0%B1%D1%80%D0%B0%D0%BD%D0%B0","//www.wikidata.org/wiki/Special:ItemByTitle/enwiki/Synthetic membrane","//en.wikipedia.org/wiki/Wikipedia:Text_of_Creative_Commons_Attribution-ShareAlike_3.0_Unported_License","//creativecommons.org/licenses/by-sa/3.0/","//wikimediafoundation.org/wiki/Terms_of_Use","//www.wikimediafoundation.org/","//en.wikipedia.org/wiki/Wikipedia:Contact_us","//wikimediafoundation.org/wiki/Privacy_policy","/wiki/Wikipedia:About","/wiki/Wikipedia:General_disclaimer","http://en.m.wikipedia.org/wiki/Synthetic_membrane","//wikimediafoundation.org/","//bits.wikimedia.org/images/wikimedia-button.png","//www.mediawiki.org/","//bits.wikimedia.org/static-1.21wmf11/skins/common/images/poweredby_mediawiki_88x31.png","//bits.wikimedia.org/en.wikipedia.org/load.php?debug=false&lang=en&modules=skins.vector&only=scripts&skin=vector&*","/w/index.php?title=MediaWiki:Gadget-ReferenceTooltips.js&action=raw&ctype=text/javascript&508635914","//bits.wikimedia.org/en.wikipedia.org/load.php?debug=false&lang=en&modules=site&only=scripts&skin=vector&*"],"instances":["liquid_drop","biology"],"pdf":[],"categories":["Chemical engineering|Artificial, Syntetic Membrane|date=December 2008","Filtration","Membrane technology"],"headings":["Membrane types and structure","Surface chemistry","Membrane morphology","See also","Notes","References"],"image":["//upload.wikimedia.org/wikipedia/commons/thumb/a/a8/Polysulfone.svg/120px-Polysulfone.svg.png","//upload.wikimedia.org/wikipedia/commons/thumb/c/c5/Polyethylene-repeat-2D.png/120px-Polyethylene-repeat-2D.png","//upload.wikimedia.org/wikipedia/commons/thumb/1/17/Teflon_structure.PNG/120px-Teflon_structure.PNG","//upload.wikimedia.org/wikipedia/commons/thumb/f/f9/Polypropylen.svg/120px-Polypropylen.svg.png","//upload.wikimedia.org/wikipedia/commons/thumb/5/5e/Ceramic_membrane_%28crossflow_filtration%29.jpg/220px-Ceramic_membrane_%28crossflow_filtration%29.jpg","//bits.wikimedia.org/static-1.21wmf11/skins/common/images/magnify-clip.png","//upload.wikimedia.org/wikipedia/commons/thumb/e/e4/Contact_angle.svg/300px-Contact_angle.svg.png","//bits.wikimedia.org/static-1.21wmf11/skins/common/images/magnify-clip.png","//upload.wikimedia.org/wikipedia/commons/thumb/5/57/Wet_Leaf.jpg/220px-Wet_Leaf.jpg","//bits.wikimedia.org/static-1.21wmf11/skins/common/images/magnify-clip.png","//bits.wikimedia.org/static-1.21wmf11/skins/vector/images/search-ltr.png?303-4","//bits.wikimedia.org/images/wikimedia-button.png","//bits.wikimedia.org/static-1.21wmf11/skins/common/images/poweredby_mediawiki_88x31.png"],"tags":[["morphology","biology"],["spray","liquid_drop"]],"members":["spray","morphology"],"related":["Organic_compound","Inorganic","Polymeric","Surface_chemistry","Morphology_(biology)","Pressure","Concentration_gradient","Filtration","Water_purification","Reverse_osmosis","Dehydrogenation","Microfiltration","Ultrafiltration","Dialysis","Metal","Ceramic","Homogeneity_and_heterogeneity","Homogeneity_and_heterogeneity","Aluminium","Silicon_carbide","Zirconium","Inert","Capillaries","Molten","Polymeric_membrane","Chemical_affinity","Stereoregularity","Chemical_polarity","Amorphous","Semicrystalline","Glass_transition","Copolymers","Cellulose_acetate","Nitrocellulose","Cellulose","Esters","Polysulfone","Polyether","Sulfone","Polyacrilonitrile","Polyamide","Polyimide","Polyethylene","Polypropylene","Polytetrafluoroethylene","Polyvinylidene_fluoride","Polyvinylchloride","Ceramic_membrane","Inorganic","Alumina","Titanium_dioxide","Zirconium_dioxide","Membrane_technology","Partitioning","Hydrophilicity","Hydrophobicity","Ionic_charge","Chemical_affinity","Biocompatibility","Contact_angle","Hydrophilic","Hydrophobic","Wetting","Capillary","Surface_tension","Surfactant","Thermodynamic_free_energy","Adsorption","Fouling","Irreversibility","Electrochemical_potential","Amorphous","Heterogeneous","Polytetrafluoroethylene","Cellulose","Esters","Compression_molding","Solvent_casting_and_particulate_leaching","Spray_(liquid_drop)","Glass_transition_temperature","Proteins","DNA","RNA","Microfiltration","Ultrafiltration","Dialysis","Solvent","Crystalline","Molecular_weight","Lamination","Membrane_technology"]}