{"cursor":"17754","size":15,"audio":[],"currentlang":"en","article":"An 'artificial [[uterus]]' (or womb) is a theoretical device that would allow\nfor 'extracorporeal pregnancy' or 'extrauterine fetal incubation'\n('EUFI') by growing an embryo or fetus outside of the\nbody of a female organism that would normally internally carry the embryo or\nfetus to term.\n\nAn artificial uterus, as a replacement organ, would have many applications. It\ncould be used to assist women with damaged or diseased uteri to bring the fetus\nto term. This can potentially be performed as a\nswitch from a natural uterus to an artificial uterus, thereby moving the\nthreshold of fetal viability to a much earlier stage of pregnancy. In this sense, it can be regarded as a neonatal incubator\nwith very extended functions. Also, it can potentially be used for initiation of\nfetal development. Furthermore, it could avail for\nperforming, for example, fetal surgery procedures at an early stage instead of\nhaving to postpone them until term of pregnancy.\n","linknr":330,"url":"Artificial_womb","recorded":1376416813,"links":["/w/index.php?title=Artificial_uterus&action=edit","/w/index.php?title=Artificial_uterus&action=edit","//bits.wikimedia.org/favicon/wikipedia.ico","/w/opensearch_desc.php","//en.wikipedia.org/w/api.php?action=rsd","//creativecommons.org/licenses/by-sa/3.0/","/w/index.php?title=Special:RecentChanges&feed=atom","/wiki/Artificial_uterus","//bits.wikimedia.org/en.wikipedia.org/load.php?debug=false&lang=en&modules=ext.gadget.DRN-wizard%2CReferenceTooltips%2Ccharinsert%2Cteahouse%7Cext.rtlcite%2Cwikihiero%7Cext.uls.nojs%7Cmediawiki.legacy.commonPrint%2Cshared%7Cmw.PopUpMediaTransform%7Cskins.vector&only=styles&skin=vector&*","//bits.wikimedia.org/en.wikipedia.org/load.php?debug=false&lang=en&modules=site&only=styles&skin=vector&*","//bits.wikimedia.org/en.wikipedia.org/load.php?debug=false&lang=en&modules=startup&only=scripts&skin=vector&*","//bits.wikimedia.org/geoiplookup","//meta.wikimedia.org","/w/index.php?title=Artificial_womb&redirect=no","#mw-navigation","#p-search","/wiki/Uterus","#cite_note-Bulletti2011-1","/wiki/Embryo","/wiki/Fetus","#cite_note-Bulletti2011-1","/wiki/Fetal_viability","#cite_note-Bulletti2011-1","/wiki/Neonatal_incubator","#cite_note-Bulletti2011-1","/wiki/Fetal_surgery","#cite_note-Bulletti2011-1","#Components","#Nutrition_and_oxygen_supply_and_waste_disposal","#Uterine_wall","#Interface_.28artificial_placenta.29","#Amniotic_tank_.28artificial_amniotic_sac.29","#Umbilical_cord","#Bioethical_considerations","#In_fiction","#In_mythology","#See_also","#References","#Further_reading","#External_links","/w/index.php?title=Artificial_uterus&action=edit&section=1","/wiki/Placenta","/wiki/Amniotic_sac","/wiki/Umbilical_cord","/w/index.php?title=Artificial_uterus&action=edit&section=2","#cite_note-Bulletti2011-1","/wiki/IgG_antibodies","#cite_note-Bulletti2011-1","#cite_note-Bulletti2011-1","/wiki/Gestational_immune_tolerance","#cite_note-Bulletti2011-1","/wiki/Dialysis","#cite_note-Bulletti2011-1","/wiki/Carbon_dioxide","/wiki/Extracorporeal_membrane_oxygenation","#cite_note-sakata1998-2","#cite_note-3","/wiki/Cerebral_vasculature","/wiki/Germinal_matrix","/wiki/Intraventricular_hemorrhage","#cite_note-4","/wiki/Liquid_ventilation","#cite_note-Bulletti2011-1","#cite_note-Bulletti2011-1","/wiki/Total_parenteral_nutrition","/wiki/Short_bowel_syndrome","#cite_note-Bulletti2011-1","#cite_note-5","/wiki/Hormonal","#cite_note-Bulletti2011-1","/wiki/Interspecific_pregnancy","/w/index.php?title=Artificial_uterus&action=edit&section=3","/wiki/Myometrium","/wiki/Uterine_wall","/wiki/Endometrium","#cite_note-Bulletti2011-1","/w/index.php?title=Artificial_uterus&action=edit&section=4","/wiki/Semipermeable_membrane","#cite_note-sakata1998-2","/wiki/Endometrial_cell","#cite_note-6","#cite_note-7","/wiki/In_vitro_fertilisation","/wiki/United_States","#cite_note-Bulletti2011-1","#cite_note-Bulletti2011-1","/w/index.php?title=Artificial_uterus&action=edit&section=5","/wiki/Amniotic_sac","/wiki/Lactated_Ringer%27s_solution","/wiki/Amniotic_fluid","#cite_note-sakata1998-2","/w/index.php?title=Artificial_uterus&action=edit&section=6","/wiki/Umbilical_cord","/wiki/Anti-coagulation","/wiki/Stent","/wiki/Bypass_surgery","#cite_note-Bulletti2011-1","/w/index.php?title=Artificial_uterus&action=edit&section=7","/wiki/Bioethics","/wiki/Reproductive_rights","/wiki/Abortion_debate","/wiki/Fetal_viability","/wiki/Abortion_law","/wiki/Beginning_of_human_personhood","#cite_note-8","#cite_note-9","/wiki/The_Dialectic_of_Sex","/wiki/Shulamith_Firestone","/wiki/Gender_inequality","#cite_note-10","#cite_note-11","/w/index.php?title=Artificial_uterus&action=edit&section=8","/wiki/Aldous_Huxley","/wiki/Brave_New_World","/wiki/Dystopian","#cite_note-Unno-12","/wiki/Philip_K._Dick","/wiki/The_Divine_Invasion","/wiki/Frank_Herbert","/wiki/Dune_(novel)","/wiki/Axlotl_tank","/wiki/Ghola","/wiki/Melange_(fictional_drug)","/wiki/Frank_Herbert","/wiki/Organic_Mental_Core","/wiki/Star_Wars","/wiki/Kamino","/wiki/Laboratory_flask","/wiki/Nutrient","/wiki/Jedi","http://www.imdb.com/title/tt0084803/","/wiki/Science_fiction","/wiki/Television_series","/wiki/Space:_Above_and_Beyond","/wiki/InVitro","/wiki/Genetic_engineering","/wiki/The_Matrix","/wiki/Gestation","/wiki/Gundam","/wiki/Gundam_Wing","/wiki/Gundam_SEED","/wiki/NOW_Comics","/w/index.php?title=The_Terminator_(comics)&action=edit&redlink=1","/wiki/Comic_book","/wiki/John_Connor","/wiki/Reproduction","/wiki/David_Weber","/wiki/Honorverse","/wiki/Allison_Harrington","/wiki/Lois_McMaster_Bujold","/wiki/Vorkosigan_Saga","/wiki/Miles_Vorkosigan","/wiki/Cetaganda_(fictional_empire)","/wiki/Miles_Vorkosigan#Ivan_Vorpatril","/wiki/Ethan_of_Athos","/wiki/The_Island_(2005_film)","/wiki/Neon_Genesis_Evangelion_franchise","/wiki/Ayanami_Rei","/wiki/Ikari_Yui","/wiki/Artificial_reproduction","/wiki/Ergo_Proxy","/wiki/BattleTech","/wiki/Kyle_XY","/wiki/Hitman_(video_game_series)","/wiki/Species_(film)","/wiki/Splice_(film)","/wiki/Avatar_(2009_film)","/w/index.php?title=Wombs_(book)&action=edit&redlink=1","/wiki/The_Naked_Sun","/wiki/Isaac_Asimov","/wiki/Babylon_5","/wiki/Lyta_Alexander","/wiki/Vorlon","/wiki/Drazi","/wiki/Centauri_(Babylon_5)","/wiki/Damian_Wayne","/wiki/Batman","/wiki/Talia_al_Ghul","/wiki/Robin_(comics)","/w/index.php?title=Artificial_uterus&action=edit&section=9","/wiki/Gandhari_(character)","/wiki/Ghee","/w/index.php?title=Artificial_uterus&action=edit&section=10","/wiki/Amniotic_fluid","/wiki/Apheresis","/wiki/Ectogenesis","/wiki/Embryo_space_colonization","/wiki/Extracorporeal_membrane_oxygenation","/wiki/Hemodialysis","/wiki/In_vitro_fertilisation","/wiki/Tissue_engineering","/w/index.php?title=Artificial_uterus&action=edit&section=11","#cite_ref-Bulletti2011_1-0","#cite_ref-Bulletti2011_1-1","#cite_ref-Bulletti2011_1-2","#cite_ref-Bulletti2011_1-3","#cite_ref-Bulletti2011_1-4","#cite_ref-Bulletti2011_1-5","#cite_ref-Bulletti2011_1-6","#cite_ref-Bulletti2011_1-7","#cite_ref-Bulletti2011_1-8","#cite_ref-Bulletti2011_1-9","#cite_ref-Bulletti2011_1-10","#cite_ref-Bulletti2011_1-11","#cite_ref-Bulletti2011_1-12","#cite_ref-Bulletti2011_1-13","#cite_ref-Bulletti2011_1-14","#cite_ref-Bulletti2011_1-15","#cite_ref-Bulletti2011_1-16","#cite_ref-Bulletti2011_1-17","/wiki/Digital_object_identifier","http://dx.doi.org/10.1111%2Fj.1749-6632.2011.05999.x","/wiki/PubMed_Identifier","//www.ncbi.nlm.nih.gov/pubmed/21401640","//en.wikipedia.org/w/index.php?title=Template:Cite_doi/10.1111.2Fj.1749-6632.2011.05999.x&action=edit&editintro=Template:Cite_doi/editintro2","#cite_ref-sakata1998_2-0","#cite_ref-sakata1998_2-1","#cite_ref-sakata1998_2-2","/wiki/PubMed_Identifier","//www.ncbi.nlm.nih.gov/pubmed/9605071","#cite_ref-3","/wiki/Digital_object_identifier","http://dx.doi.org/10.1016%2Fj.athoracsur.2009.06.074","/wiki/PubMed_Identifier","//www.ncbi.nlm.nih.gov/pubmed/19766826","/wiki/Help:CS1_errors#displayauthors","//en.wikipedia.org/w/index.php?title=Template:Cite_pmid/19766826&action=edit&editintro=Template:Cite_pmid/editintro2","#cite_ref-4","/wiki/Digital_object_identifier","http://dx.doi.org/10.1016%2Fj.jpeds.2004.07.010","#cite_ref-5","http://www.ncbi.nlm.nih.gov/pmc/articles/PMC1357748","/wiki/PubMed_Central","//www.ncbi.nlm.nih.gov/pmc/articles/PMC1357748","/wiki/PubMed_Identifier","//www.ncbi.nlm.nih.gov/pubmed/16135926","#cite_ref-6","http://www.ivf.org","#cite_ref-7","http://www.med.cornell.edu/research/hliu/","#cite_ref-8","https://works.bepress.com/cgi/viewcontent.cgi?article=1000&context=vernellia_randall","/wiki/Digital_object_identifier","http://dx.doi.org/10.2139%2Fssrn.1112367","#cite_ref-9","http://annasmajdor.me.uk/ectogenesis_final.pdf","/wiki/PubMed_Identifier","//www.ncbi.nlm.nih.gov/pubmed/17695628","#cite_ref-10","http://rhrealitycheck.org/article/2012/02/23/what-do-artificial-wombs-mean-women/","#cite_ref-11","http://www.thenewatlantis.com/docLib/TNA03-Rosen.pdf","#cite_ref-Unno_12-0","http://90.146.8.18/en/archiv_files/20001/E2000_062.pdf","/w/index.php?title=Artificial_uterus&action=edit&section=12","http://books.google.com/books?id=k5MKI-OHMKsC&printsec=frontcover#v=onepage&q&f=false","/wiki/International_Standard_Book_Number","/wiki/Special:BookSources/978-0-7546-5051-5","http://books.google.com/books?id=GC25LtSM2tMC&printsec=frontcover#v=onepage&q&f=false","/wiki/International_Standard_Book_Number","/wiki/Special:BookSources/978-90-420-2081-8","/w/index.php?title=Artificial_uterus&action=edit&section=13","http://www.popsci.com/popsci/futurebody/dc8d9371b1d75010vgnvcm1000004eecbccdrcrd.html","http://observer.guardian.co.uk/international/story/0,6903,648024,00.html","http://www.asaio.com","http://www.esao.org","http://www.jsao.org","http://www.scientificamerican.com/blog/60-second-science/post.cfm?id=artificial-uterus-could-save-grey-n-2009-02-18","http://www.guardian.co.uk/world/2002/feb/10/medicalscience.research","//en.wikipedia.org/w/index.php?title=Special:CentralAutoLogin/start&type=1x1&from=enwiki","http://en.wikipedia.org/w/index.php?title=Artificial_uterus&oldid=564422657","/wiki/Help:Categories","/wiki/Category:Medical_research","/wiki/Category:Obstetrics","/wiki/Category:Hypothetical_technology","/wiki/Category:Pages_using_citations_with_old-style_implicit_et_al.","/w/index.php?title=Special:UserLogin&returnto=Artificial+uterus&type=signup","/w/index.php?title=Special:UserLogin&returnto=Artificial+uterus","/wiki/Artificial_uterus","/wiki/Talk:Artificial_uterus","#","/wiki/Artificial_uterus","/w/index.php?title=Artificial_uterus&action=edit","/w/index.php?title=Artificial_uterus&action=history","#","/w/index.php","//bits.wikimedia.org/static-1.22wmf10/skins/vector/images/search-ltr.png?303-4","/wiki/Main_Page","/wiki/Main_Page","/wiki/Portal:Contents","/wiki/Portal:Featured_content","/wiki/Portal:Current_events","/wiki/Special:Random","//donate.wikimedia.org/wiki/Special:FundraiserRedirector?utm_source=donate&utm_medium=sidebar&utm_campaign=C13_en.wikipedia.org&uselang=en","/wiki/Help:Contents","/wiki/Wikipedia:About","/wiki/Wikipedia:Community_portal","/wiki/Special:RecentChanges","//en.wikipedia.org/wiki/Wikipedia:Contact_us","/wiki/Special:WhatLinksHere/Artificial_uterus","/wiki/Special:RecentChangesLinked/Artificial_uterus","/wiki/Wikipedia:File_Upload_Wizard","/wiki/Special:SpecialPages","/w/index.php?title=Artificial_uterus&oldid=564422657","/w/index.php?title=Artificial_uterus&action=info","//www.wikidata.org/wiki/Q2278297","/w/index.php?title=Special:Cite&page=Artificial_uterus&id=564422657","/w/index.php?title=Special:Book&bookcmd=book_creator&referer=Artificial+uterus","/w/index.php?title=Special:Book&bookcmd=render_article&arttitle=Artificial+uterus&oldid=564422657&writer=rl","/w/index.php?title=Artificial_uterus&printable=yes","//ar.wikipedia.org/wiki/%D8%B1%D8%AD%D9%85_%D8%A7%D8%B5%D8%B7%D9%86%D8%A7%D8%B9%D9%8A","//fr.wikipedia.org/wiki/Ut%C3%A9rus_artificiel","//it.wikipedia.org/wiki/Utero_artificiale","//ru.wikipedia.org/wiki/%D0%98%D1%81%D0%BA%D1%83%D1%81%D1%81%D1%82%D0%B2%D0%B5%D0%BD%D0%BD%D0%B0%D1%8F_%D1%83%D1%82%D1%80%D0%BE%D0%B1%D0%B0","#","//www.wikidata.org/wiki/Q2278297#sitelinks-wikipedia","//en.wikipedia.org/wiki/Wikipedia:Text_of_Creative_Commons_Attribution-ShareAlike_3.0_Unported_License","//creativecommons.org/licenses/by-sa/3.0/","//wikimediafoundation.org/wiki/Terms_of_Use","//wikimediafoundation.org/wiki/Privacy_policy","//www.wikimediafoundation.org/","//wikimediafoundation.org/wiki/Privacy_policy","/wiki/Wikipedia:About","/wiki/Wikipedia:General_disclaimer","//en.wikipedia.org/wiki/Wikipedia:Contact_us","//en.m.wikipedia.org/wiki/Artificial_uterus","//wikimediafoundation.org/","//bits.wikimedia.org/images/wikimedia-button.png","//www.mediawiki.org/","//bits.wikimedia.org/static-1.22wmf10/skins/common/images/poweredby_mediawiki_88x31.png","//bits.wikimedia.org/en.wikipedia.org/load.php?debug=false&lang=en&modules=site&only=scripts&skin=vector&*"],"instances":["character","fictional_drug","comics","comics","2009_film","book","film","film","babylon_5","fictional_empire","video_game_series"],"pdf":["http://annasmajdor.me.uk/ectogenesis_final.pdf","http://www.thenewatlantis.com/docLib/TNA03-Rosen.pdf","http://90.146.8.18/en/archiv_files/20001/E2000_062.pdf"],"categories":["Medical research","Obstetrics","Hypothetical technology"],"headings":["Components","Bioethical considerations","In fiction","In mythology","See also","References","Further reading","External links"],"image":["//en.wikipedia.org/w/index.php?title=Special:CentralAutoLogin/start&type=1x1&from=enwiki","//bits.wikimedia.org/static-1.22wmf10/skins/vector/images/search-ltr.png?303-4","//bits.wikimedia.org/images/wikimedia-button.png","//bits.wikimedia.org/static-1.22wmf10/skins/common/images/poweredby_mediawiki_88x31.png"],"tags":[["melange","fictional_drug"],["the_terminator","comics"],["cetaganda","fictional_empire"],["hitman","video_game_series"],["species","film"],["splice","film"],["avatar","2009_film"],["wombs","book"],["centauri","babylon_5"],["robin","comics"],["gandhari","character"]],"members":["gandhari","melange","robin","the_terminator","avatar","wombs","species","splice","centauri","cetaganda","hitman"],"related":["Embryo","Fetus","Fetal_viability","Neonatal_incubator","Fetal_surgery","Placenta","Amniotic_sac","Umbilical_cord","IgG_antibodies","Gestational_immune_tolerance","Dialysis","Carbon_dioxide","Extracorporeal_membrane_oxygenation","Cerebral_vasculature","Germinal_matrix","Intraventricular_hemorrhage","Liquid_ventilation","Total_parenteral_nutrition","Short_bowel_syndrome","Hormonal","Interspecific_pregnancy","Myometrium","Uterine_wall","Endometrium","Semipermeable_membrane","Endometrial_cell","In_vitro_fertilisation","United_States","Amniotic_sac","Lactated_Ringer's_solution","Amniotic_fluid","Umbilical_cord","Anti-coagulation","Stent","Bypass_surgery","Bioethics","Reproductive_rights","Abortion_debate","Fetal_viability","Abortion_law","Beginning_of_human_personhood","Shulamith_Firestone","Gender_inequality","Aldous_Huxley","Dystopian","Philip_K._Dick","Frank_Herbert","Axlotl_tank","Ghola","Melange_(fictional_drug)","Frank_Herbert","Kamino","Laboratory_flask","Nutrient","Jedi","Science_fiction","Television_series","InVitro","Genetic_engineering","Gestation","Gundam","Gundam_Wing","Gundam_SEED","NOW_Comics","The_Terminator_(comics)","Comic_book","John_Connor","Reproduction","David_Weber","Honorverse","Allison_Harrington","Lois_McMaster_Bujold","Vorkosigan_Saga","Miles_Vorkosigan","Cetaganda_(fictional_empire)","Ethan_of_Athos","Neon_Genesis_Evangelion_franchise","Ayanami_Rei","Ikari_Yui","Artificial_reproduction","Ergo_Proxy","BattleTech","Kyle_XY","Hitman_(video_game_series)","Species_(film)","Splice_(film)","Avatar_(2009_film)","Wombs_(book)","Isaac_Asimov","Babylon_5","Lyta_Alexander","Vorlon","Drazi","Centauri_(Babylon_5)","Damian_Wayne","Batman","Talia_al_Ghul","Robin_(comics)","Gandhari_(character)","Ghee","Amniotic_fluid","Apheresis","Ectogenesis","Embryo_space_colonization","Extracorporeal_membrane_oxygenation","Hemodialysis","In_vitro_fertilisation","Tissue_engineering"]}