{"cursor":"907","size":15,"audio":[],"currentlang":"en","article":"'Artificial scarcity' describes the scarcity of items even though the technology\nand production capacity exists to create an abundance. The term is aptly applied\nto non-rival resources, i.e. those that do not diminish due to one person's use,\nalthough there are other resources which could be categorized as artificially\nscarce. The most common causes are monopoly pricing structures, such as those\nenabled by intellectual property rights or by high fixed costs in a particular\nmarketplace. The inefficiency associated with artificial scarcity is formally\nknown as a deadweight loss.\n","linknr":85,"url":"Artificial_scarcity","recorded":1374860223,"links":["/w/index.php?title=Artificial_scarcity&action=edit","/w/index.php?title=Artificial_scarcity&action=edit","//bits.wikimedia.org/favicon/wikipedia.ico","/w/opensearch_desc.php","//en.wikipedia.org/w/api.php?action=rsd","//creativecommons.org/licenses/by-sa/3.0/","/w/index.php?title=Special:RecentChanges&feed=atom","//bits.wikimedia.org/en.wikipedia.org/load.php?debug=false&lang=en&modules=ext.gadget.DRN-wizard%2CReferenceTooltips%2Ccharinsert%2Cteahouse%7Cext.rtlcite%2Cwikihiero%7Cext.uls.nojs%7Cmediawiki.legacy.commonPrint%2Cshared%7Cmw.PopUpMediaTransform%7Cskins.vector&only=styles&skin=vector&*","//bits.wikimedia.org/en.wikipedia.org/load.php?debug=false&lang=en&modules=site&only=styles&skin=vector&*","//bits.wikimedia.org/en.wikipedia.org/load.php?debug=false&lang=en&modules=startup&only=scripts&skin=vector&*","//bits.wikimedia.org/geoiplookup","//meta.wikimedia.org","#mw-navigation","#p-search","/wiki/Scarcity","/wiki/Economic_production","/wiki/Monopoly","/wiki/Intellectual_property","/wiki/Fixed_costs","/wiki/Deadweight_loss","/w/index.php?title=Artificial_scarcity&action=edit&section=1","/wiki/File:Emblem-money.svg","//upload.wikimedia.org/wikipedia/commons/thumb/f/f3/Emblem-money.svg/28px-Emblem-money.svg.png","/wiki/Portal:Economics","/wiki/Post-scarcity_economy","/wiki/Disney_Vault","/wiki/Criticism_of_intellectual_property","/wiki/Club_good","/w/index.php?title=Artificial_scarcity&action=edit&section=2","//en.wikipedia.org/w/index.php?title=Special:CentralAutoLogin/start&type=1x1&from=enwiki","http://en.wikipedia.org/w/index.php?title=Artificial_scarcity&oldid=564034560","/wiki/Help:Categories","/wiki/Category:Scarcity","/wiki/Category:Information_economics","/w/index.php?title=Special:UserLogin&returnto=Artificial+scarcity&type=signup","/w/index.php?title=Special:UserLogin&returnto=Artificial+scarcity","/wiki/Artificial_scarcity","/wiki/Talk:Artificial_scarcity","#","/wiki/Artificial_scarcity","/w/index.php?title=Artificial_scarcity&action=edit","/w/index.php?title=Artificial_scarcity&action=history","#","/w/index.php","//bits.wikimedia.org/static-1.22wmf10/skins/vector/images/search-ltr.png?303-4","/wiki/Main_Page","/wiki/Main_Page","/wiki/Portal:Contents","/wiki/Portal:Featured_content","/wiki/Portal:Current_events","/wiki/Special:Random","//donate.wikimedia.org/wiki/Special:FundraiserRedirector?utm_source=donate&utm_medium=sidebar&utm_campaign=C13_en.wikipedia.org&uselang=en","/wiki/Help:Contents","/wiki/Wikipedia:About","/wiki/Wikipedia:Community_portal","/wiki/Special:RecentChanges","//en.wikipedia.org/wiki/Wikipedia:Contact_us","/wiki/Special:WhatLinksHere/Artificial_scarcity","/wiki/Special:RecentChangesLinked/Artificial_scarcity","/wiki/Wikipedia:File_Upload_Wizard","/wiki/Special:SpecialPages","/w/index.php?title=Artificial_scarcity&oldid=564034560","/w/index.php?title=Artificial_scarcity&action=info","//www.wikidata.org/wiki/Q1797203","/w/index.php?title=Special:Cite&page=Artificial_scarcity&id=564034560","/w/index.php?title=Special:Book&bookcmd=book_creator&referer=Artificial+scarcity","/w/index.php?title=Special:Book&bookcmd=render_article&arttitle=Artificial+scarcity&oldid=564034560&writer=rl","/w/index.php?title=Artificial_scarcity&printable=yes","//de.wikipedia.org/wiki/K%C3%BCnstliche_Knappheit","#","//www.wikidata.org/wiki/Q1797203#sitelinks-wikipedia","//en.wikipedia.org/wiki/Wikipedia:Text_of_Creative_Commons_Attribution-ShareAlike_3.0_Unported_License","//creativecommons.org/licenses/by-sa/3.0/","//wikimediafoundation.org/wiki/Terms_of_Use","//wikimediafoundation.org/wiki/Privacy_policy","//www.wikimediafoundation.org/","//wikimediafoundation.org/wiki/Privacy_policy","/wiki/Wikipedia:About","/wiki/Wikipedia:General_disclaimer","//en.wikipedia.org/wiki/Wikipedia:Contact_us","//en.m.wikipedia.org/wiki/Artificial_scarcity","//wikimediafoundation.org/","//bits.wikimedia.org/images/wikimedia-button.png","//www.mediawiki.org/","//bits.wikimedia.org/static-1.22wmf10/skins/common/images/poweredby_mediawiki_88x31.png","//bits.wikimedia.org/en.wikipedia.org/load.php?debug=false&lang=en&modules=site&only=scripts&skin=vector&*"],"instances":[],"pdf":[],"categories":["Scarcity","Information economics"],"headings":["See also","References"],"image":["//upload.wikimedia.org/wikipedia/commons/thumb/f/f3/Emblem-money.svg/28px-Emblem-money.svg.png","//en.wikipedia.org/w/index.php?title=Special:CentralAutoLogin/start&type=1x1&from=enwiki","//bits.wikimedia.org/static-1.22wmf10/skins/vector/images/search-ltr.png?303-4","//bits.wikimedia.org/images/wikimedia-button.png","//bits.wikimedia.org/static-1.22wmf10/skins/common/images/poweredby_mediawiki_88x31.png"],"tags":[],"members":[],"related":["Scarcity","Economic_production","Monopoly","Intellectual_property","Fixed_costs","Deadweight_loss","Post-scarcity_economy","Disney_Vault","Criticism_of_intellectual_property","Club_good"]}