{"cursor":"10188","size":15,"audio":[],"currentlang":"en","article":"\n'Artificial induction of immunity' is the artificial induction of immunity to\nspecific diseases â making people immune to disease by means other than waiting\nfor them to catch the disease. The purpose is to reduce the risk of death and\nsuffering.\n\nImmunity against infections that can cause serious illness is generally\nbeneficial. Since Pasteur provided support for a germ theory of infectious\ndisease, we have increasingly 'induced immunity' against a widening range of\ndiseases to prevent the associated risks from the wild infections. It is hoped\nthat further understanding of the molecular basis of immunity will translate to\nimproved clinical practice in the future.\n","linknr":319,"url":"Artificial_induction_of_immunity","recorded":1363141811,"links":["/w/index.php?title=Artificial_induction_of_immunity&action=edit","/w/index.php?title=Artificial_induction_of_immunity&action=edit","//en.wikipedia.org/apple-touch-icon.png","//bits.wikimedia.org/favicon/wikipedia.ico","/w/opensearch_desc.php","//en.wikipedia.org/w/api.php?action=rsd","//creativecommons.org/licenses/by-sa/3.0/","/w/index.php?title=Special:RecentChanges&feed=atom","//bits.wikimedia.org/en.wikipedia.org/load.php?debug=false&lang=en&modules=ext.gadget.DRN-wizard%2CReferenceTooltips%2Ccharinsert%2Cteahouse%7Cext.wikihiero%7Cmediawiki.legacy.commonPrint%2Cshared%7Cmw.PopUpMediaTransform%7Cskins.vector&only=styles&skin=vector&*","//bits.wikimedia.org/en.wikipedia.org/load.php?debug=false&lang=en&modules=site&only=styles&skin=vector&*","//bits.wikimedia.org/en.wikipedia.org/load.php?debug=false&lang=en&modules=startup&only=scripts&skin=vector&*","//bits.wikimedia.org/geoiplookup","//meta.wikimedia.org","#mw-head","#p-search","/wiki/Immunity_(medical)","/wiki/Pasteur","/wiki/Germ_theory","#Variolation_and_smallpox","#Vaccination","#Germ_theory","#Toxoids","#Adjuvants","#Temporarily_induced_immunity","#References","/w/index.php?title=Artificial_induction_of_immunity&action=edit&section=1","/wiki/Variolation","/wiki/Smallpox","/wiki/File:Inoculation.jpg","//upload.wikimedia.org/wikipedia/commons/thumb/8/8d/Inoculation.jpg/220px-Inoculation.jpg","/wiki/File:Inoculation.jpg","//bits.wikimedia.org/static-1.21wmf9/skins/common/images/magnify-clip.png","/wiki/Variolation","/wiki/Inoculation","/wiki/Lady_Mary_Wortley_Montagu","#cite_note-NIH-Variolation-1","#cite_note-White-2","/w/index.php?title=Artificial_induction_of_immunity&action=edit&section=2","/wiki/Vaccination","/wiki/Edward_Jenner","/wiki/Edward_Jenner","/wiki/Cowpox","#cite_note-WWS-harris-3","/wiki/Benjamin_Jesty","#cite_note-Voltaire-XI-4","/wiki/Royal_Society","/wiki/Empiricism","/w/index.php?title=Artificial_induction_of_immunity&action=edit&section=3","/wiki/Louis_Pasteur","/wiki/Germ_theory","/wiki/Louis_Pasteur","/wiki/Spontaneous_generation","/wiki/Germ_theory","/wiki/Anthrax","#cite_note-5","/wiki/Rabies","/wiki/Bacteria","/wiki/Virus","/wiki/Microscopes","/wiki/Electron_microscopes","/wiki/Angular_resolution#Microscope_case","/w/index.php?title=Artificial_induction_of_immunity&action=edit&section=4","/wiki/Tetanus","/wiki/Toxin","/wiki/Antibody","#cite_note-6","/wiki/Denaturation_(biochemistry)","/wiki/Toxoid","#cite_note-7","/wiki/Botulism","/w/index.php?title=Artificial_induction_of_immunity&action=edit&section=5","/wiki/Immunologic_adjuvants","/wiki/Memory_B_cell","/wiki/Alum","/wiki/Antigen","/wiki/Polysaccharide","/wiki/Bacterial_capsule","/wiki/Lobar_pneumonia","/w/index.php?title=Artificial_induction_of_immunity&action=edit&section=6","/wiki/Immunoglobulin","/wiki/File:Platypus.jpg","//upload.wikimedia.org/wikipedia/commons/thumb/f/f2/Platypus.jpg/220px-Platypus.jpg","/wiki/File:Platypus.jpg","//bits.wikimedia.org/static-1.21wmf9/skins/common/images/magnify-clip.png","/wiki/Monotremes","/wiki/Antibody","/wiki/Immunoglobulin","/wiki/Blood_plasma","/wiki/Passive_immunity","/wiki/Antiserum","/wiki/Anaphylactic_shock","/wiki/Homology_(biology)","/wiki/Placenta","/wiki/Recombinant_DNA","/wiki/Prion","/wiki/Pathogen","/wiki/Prion","/w/index.php?title=Artificial_induction_of_immunity&action=edit&section=7","#cite_ref-NIH-Variolation_1-0","/wiki/National_Institutes_of_Health","http://www.nlm.nih.gov/exhibition/smallpox/sp_variolation.html","#cite_ref-White_2-0","http://abob.libs.uga.edu/bobk/whitem10.html","#cite_ref-WWS-harris_3-0","http://www.worldwideschool.org/library/books/tech/medicine/EdwardJennerAndVaccination/chap1.html","#cite_ref-Voltaire-XI_4-0","http://www.bartleby.com/34/2/11.html","#cite_ref-5","http://books.google.com/books?id=5NRpAAAAMAAJ&dq=pasteur+anthrax","/wiki/Special:BookSources/0801646855","#cite_ref-6","http://textbookofbacteriology.net/clostridia_3.html","#cite_ref-7","/wiki/Special:BookSources/063200276X","/wiki/Special:BookSources/1555812465","http://ganfyd.org/index.php?title=Category:Therapeutic_antibody","/wiki/Template:Vaccines","/wiki/Template_talk:Vaccines","//en.wikipedia.org/w/index.php?title=Template:Vaccines&action=edit","/wiki/Immunization","/wiki/Vaccine","/wiki/Vaccination","/wiki/Inoculation","/wiki/ATC_code_J07","/wiki/Immunologic_adjuvant","/wiki/List_of_vaccine_ingredients","/wiki/Mathematical_modelling_of_infectious_disease","/wiki/Timeline_of_vaccines","/wiki/Vaccine_trial","/wiki/Conjugate_vaccine","/wiki/DNA_vaccination","/wiki/Inactivated_vaccine","/wiki/Live_vector_vaccine","/wiki/Attenuated_vaccine","/wiki/Heterologous_vaccine","/wiki/Protein_subunit","/wiki/Peptide_vaccine","/wiki/Virus-like_particle","/wiki/Toxoid","/wiki/GAVI_Alliance","/wiki/Vaccination_policy","/wiki/Vaccination_schedule","/wiki/Vaccine_injury","/wiki/Advisory_Committee_on_Immunization_Practices","/wiki/Vaccine_court","/wiki/Vaccines_for_Children_Program","/wiki/Vaccine_Adverse_Event_Reporting_System","/wiki/Vaccine_Safety_Datalink","/wiki/Anthrax_vaccines","/wiki/Brucellosis_vaccine","/wiki/Cholera_vaccine","/wiki/Diphtheria_vaccine","/wiki/Hib_vaccine","/wiki/Meningococcal_vaccine","/wiki/MeNZB","/wiki/NmVac4-A/C/Y/W-135","/wiki/NmVac4-A/C/Y/W-135_%E2%80%93_DT","/wiki/Pertussis_vaccine","/wiki/Plague_vaccine","/wiki/Pneumococcal_vaccine","/wiki/Pneumococcal_conjugate_vaccine","/wiki/Pneumococcal_polysaccharide_vaccine","/wiki/Tetanus_vaccine","/wiki/Tuberculosis_vaccines","/wiki/Bacillus_Calmette%E2%80%93Gu%C3%A9rin","/wiki/Typhoid_vaccine","/wiki/Ty21a","/wiki/Vi_capsular_polysaccharide_vaccine","/wiki/Typhus_vaccine","/wiki/DPT_vaccine","/wiki/Adenovirus_vaccine","/wiki/Influenza_vaccine","/wiki/2009_flu_pandemic_vaccine","/wiki/Pandemrix","/wiki/Live_attenuated_influenza_vaccine","/wiki/Hepatitis_A_vaccine","/wiki/Hepatitis_B_vaccine","/wiki/HPV_vaccine","/wiki/Cervarix","/wiki/Gardasil","/wiki/Japanese_encephalitis_vaccine","/wiki/Measles_vaccine","/wiki/Mumps_vaccine","/wiki/Mumpsvax","/wiki/Polio_vaccine","/wiki/Sabin_polio_vaccine","/wiki/Salk_polio_vaccine","/wiki/Rabies_vaccine","/wiki/Rotavirus_vaccine","/wiki/Rubella_vaccine","/wiki/Smallpox_vaccine","/wiki/Dryvax","/wiki/Tick-borne_encephalitis_vaccine","/wiki/Varicella_vaccine","/wiki/Zostavax","/wiki/Yellow_fever_vaccine","/wiki/MMR_vaccine","/wiki/MMRV_vaccine","/wiki/Cytomegalovirus_vaccine","/wiki/Epstein%E2%80%93Barr_vaccine","/wiki/Hepatitis_C_vaccine","/wiki/HIV_vaccine","/wiki/Malaria_vaccine","/wiki/Trypanosomiasis_vaccine","/wiki/Helminthiasis","/wiki/Hookworm_vaccine","/wiki/Schistosomiasis_vaccine","/wiki/Cancer_vaccine","/wiki/ALVAC-CEA_vaccine","/wiki/Hepatitis_B_vaccine","/wiki/HPV_vaccine","/wiki/Cervarix","/wiki/Gardasil","/wiki/NicVAX","/wiki/TA-CD","/wiki/TA-NIC","/wiki/Vaccine_controversies","/wiki/MMR_vaccine_controversy","/wiki/National_Childhood_Vaccine_Injury_Act","/wiki/Pox_party","/wiki/2000_Simpsonwood_CDC_conference","/wiki/Thiomersal_controversy","/wiki/Andrew_Wakefield","/wiki/Epidemiology","/wiki/Eradication_of_infectious_diseases","/wiki/List_of_vaccine_topics","/wiki/List_of_World_Health_Organization_Essential_Medicines","/wiki/List_of_withdrawn_drugs","/wiki/Clinical_trial","/wiki/Clinical_trial#Phase_III","/wiki/Clinical_trial#Phase_II","/wiki/Template:Medicine_navs","/wiki/Pathogenic_bacteria","/wiki/Template:Bacteria","/wiki/Template:Bacteria_classification","/wiki/Template:Gram-positive_firmicutes_diseases","/wiki/Template:Gram-positive_actinobacteria_diseases","/wiki/Template:Tuberculosis","/wiki/Template:Gram-negative_proteobacterial_diseases","/wiki/Template:Cholera","/wiki/Template:Gram-negative_non-proteobacterial_bacterial_diseases","/wiki/Template:Protein_synthesis_inhibitor_antibiotics","/wiki/Template:Cell_wall_disruptive_antibiotics","/wiki/Template:Nucleic_acid_inhibitors","/wiki/Template:Antimycobacterials","/wiki/Template:Vaccines","/wiki/Template:Medicine_navs","/wiki/Viral_disease","/wiki/Template:Virus_topics","/wiki/Template:Viral_proteins","/wiki/Template:Baltimore_classification","/wiki/Template:Viral_cutaneous_conditions","/wiki/Template:Viral_systemic_diseases","/wiki/Template:Human_papillomavirus","/wiki/Template:HIV_and_AIDS","/wiki/Template:Influenza","/wiki/Template:Varicella_zoster","/wiki/Template:Zoonotic_viral_diseases","/wiki/Template:Eponymous_medical_signs_for_infectious_disease","/wiki/Template:DNA_antivirals","/wiki/Template:RNA_antivirals","/wiki/Template:Antiretroviral_drug","/wiki/Template:Vaccines","http://en.wikipedia.org/w/index.php?title=Artificial_induction_of_immunity&oldid=539090141","/wiki/Help:Categories","/wiki/Category:Immunology","/wiki/Category:History_of_medicine","/wiki/Category:Use_dmy_dates_from_May_2012","/w/index.php?title=Special:UserLogin&returnto=Artificial+induction+of+immunity&type=signup","/w/index.php?title=Special:UserLogin&returnto=Artificial+induction+of+immunity","/wiki/Artificial_induction_of_immunity","/wiki/Talk:Artificial_induction_of_immunity","#","/wiki/Artificial_induction_of_immunity","/w/index.php?title=Artificial_induction_of_immunity&action=edit","/w/index.php?title=Artificial_induction_of_immunity&action=history","#","/w/index.php","//bits.wikimedia.org/static-1.21wmf10/skins/vector/images/search-ltr.png?303-4","/wiki/Main_Page","/wiki/Main_Page","/wiki/Portal:Contents","/wiki/Portal:Featured_content","/wiki/Portal:Current_events","/wiki/Special:Random","//donate.wikimedia.org/wiki/Special:FundraiserRedirector?utm_source=donate&utm_medium=sidebar&utm_campaign=C13_en.wikipedia.org&uselang=en","/wiki/Help:Contents","/wiki/Wikipedia:About","/wiki/Wikipedia:Community_portal","/wiki/Special:RecentChanges","/wiki/Wikipedia:Contact_us","/wiki/Special:WhatLinksHere/Artificial_induction_of_immunity","/wiki/Special:RecentChangesLinked/Artificial_induction_of_immunity","/wiki/Wikipedia:File_Upload_Wizard","/wiki/Special:SpecialPages","/w/index.php?title=Artificial_induction_of_immunity&oldid=539090141","/w/index.php?title=Artificial_induction_of_immunity&action=info","/w/index.php?title=Special:Cite&page=Artificial_induction_of_immunity&id=539090141","/w/index.php?title=Special:Book&bookcmd=book_creator&referer=Artificial+induction+of+immunity","/w/index.php?title=Special:Book&bookcmd=render_article&arttitle=Artificial+induction+of+immunity&oldid=539090141&writer=rl","/w/index.php?title=Artificial_induction_of_immunity&printable=yes","//hi.wikipedia.org/wiki/%E0%A4%B0%E0%A5%8B%E0%A4%97%E0%A4%95%E0%A5%8D%E0%A4%B7%E0%A4%AE%E0%A4%A4%E0%A4%BE_%E0%A4%95%E0%A5%80_%E0%A4%95%E0%A5%83%E0%A4%A4%E0%A5%8D%E0%A4%B0%E0%A4%BF%E0%A4%AE_%E0%A4%AA%E0%A5%8D%E0%A4%B0%E0%A5%87%E0%A4%B0%E0%A4%A3","//ne.wikipedia.org/wiki/%E0%A4%B0%E0%A5%8B%E0%A4%97%E0%A4%95%E0%A5%8D%E0%A4%B7%E0%A4%AE%E0%A4%A4%E0%A4%BE%E0%A4%95%E0%A5%8B_%E0%A4%AA%E0%A5%8D%E0%A4%B0%E0%A5%87%E0%A4%B0%E0%A4%A3%E0%A4%BE","//www.wikidata.org/wiki/Special:ItemByTitle/enwiki/Artificial induction of immunity","//en.wikipedia.org/wiki/Wikipedia:Text_of_Creative_Commons_Attribution-ShareAlike_3.0_Unported_License","//creativecommons.org/licenses/by-sa/3.0/","//wikimediafoundation.org/wiki/Terms_of_Use","//www.wikimediafoundation.org/","//en.wikipedia.org/wiki/Wikipedia:Contact_us","//wikimediafoundation.org/wiki/Privacy_policy","/wiki/Wikipedia:About","/wiki/Wikipedia:General_disclaimer","http://en.m.wikipedia.org/wiki/Artificial_induction_of_immunity","//wikimediafoundation.org/","//bits.wikimedia.org/images/wikimedia-button.png","//www.mediawiki.org/","//bits.wikimedia.org/static-1.21wmf10/skins/common/images/poweredby_mediawiki_88x31.png","//bits.wikimedia.org/en.wikipedia.org/load.php?debug=false&lang=en&modules=skins.vector&only=scripts&skin=vector&*","/w/index.php?title=MediaWiki:Gadget-ReferenceTooltips.js&action=raw&ctype=text/javascript&508635914","//bits.wikimedia.org/en.wikipedia.org/load.php?debug=false&lang=en&modules=site&only=scripts&skin=vector&*"],"instances":["biology","medical","biochemistry"],"pdf":[],"categories":["Immunology","History of medicine"],"headings":["Variolation and smallpox","Vaccination","Germ theory","Toxoids","Adjuvants","Temporarily induced immunity","References"],"image":["//upload.wikimedia.org/wikipedia/commons/thumb/8/8d/Inoculation.jpg/220px-Inoculation.jpg","//bits.wikimedia.org/static-1.21wmf9/skins/common/images/magnify-clip.png","//upload.wikimedia.org/wikipedia/commons/thumb/f/f2/Platypus.jpg/220px-Platypus.jpg","//bits.wikimedia.org/static-1.21wmf9/skins/common/images/magnify-clip.png","//bits.wikimedia.org/static-1.21wmf10/skins/vector/images/search-ltr.png?303-4","//bits.wikimedia.org/images/wikimedia-button.png","//bits.wikimedia.org/static-1.21wmf10/skins/common/images/poweredby_mediawiki_88x31.png"],"tags":[["immunity","medical"],["denaturation","biochemistry"],["homology","biology"]],"members":["homology","immunity","denaturation"],"related":["Immunity_(medical)","Pasteur","Germ_theory","Variolation","Inoculation","Lady_Mary_Wortley_Montagu","National_Institutes_of_Health","Edward_Jenner","Cowpox","Benjamin_Jesty","Royal_Society","Empiricism","Louis_Pasteur","Spontaneous_generation","Germ_theory","Anthrax","Rabies","Bacteria","Virus","Microscopes","Electron_microscopes","Tetanus","Toxin","Antibody","Denaturation_(biochemistry)","Toxoid","Botulism","Immunologic_adjuvants","Memory_B_cell","Alum","Antigen","Polysaccharide","Bacterial_capsule","Lobar_pneumonia","Antibody","Immunoglobulin","Blood_plasma","Passive_immunity","Antiserum","Anaphylactic_shock","Homology_(biology)","Placenta","Recombinant_DNA","Prion","Pathogen","Prion"]}