{"cursor":"31787","size":15,"audio":[],"currentlang":"en","article":"\n\n]]\n\nAn 'artificial heart' is a device that replaces the heart. Artificial\nhearts are typically used to bridge the time to heart transplantation, or\nto permanently replace the heart in case heart transplantation is\nimpossible. Although other similar inventions preceded it going back to the\nlate 1940s, the first artificial heart to be successfully implanted in a\nhuman was the Jarvik-7, designed by Robert Jarvik and implemented in 1982.\nThe first two patients to receive these hearts, Barney Clark and William\nSchroeder, survived 112 and 620 days beyond their surgeries, respectively. [http://www.discoveriesinmedicine.com/Apg-\nBan/Artificial-Heart.html Artificial Heart - Early developments ]\n\nAn artificial heart is distinct from a ventricular assist device designed to\nsupport a failing heart. It is also distinct from a cardiopulmonary bypass\nmachine, which is an external device used to provide the functions of both the\nheart and lungs and are only used for a few hours at a time, most commonly\nduring cardiac surgery.\n","linknr":379,"url":"artificial_heart","recorded":1376417618,"links":["/w/index.php?title=Artificial_heart&action=edit","/w/index.php?title=Artificial_heart&action=edit","//bits.wikimedia.org/favicon/wikipedia.ico","/w/opensearch_desc.php","//en.wikipedia.org/w/api.php?action=rsd","//creativecommons.org/licenses/by-sa/3.0/","/w/index.php?title=Special:RecentChanges&feed=atom","http://en.wikipedia.org/wiki/Artificial_heart","//bits.wikimedia.org/en.wikipedia.org/load.php?debug=false&lang=en&modules=ext.gadget.DRN-wizard%2CReferenceTooltips%2Ccharinsert%2Cteahouse%7Cext.rtlcite%2Cwikihiero%7Cext.uls.nojs%7Cmediawiki.legacy.commonPrint%2Cshared%7Cmw.PopUpMediaTransform%7Cskins.vector&only=styles&skin=vector&*","//bits.wikimedia.org/en.wikipedia.org/load.php?debug=false&lang=en&modules=ext.visualEditor.viewPageTarget.noscript&only=styles&skin=vector&*","//bits.wikimedia.org/en.wikipedia.org/load.php?debug=false&lang=en&modules=site&only=styles&skin=vector&*","//bits.wikimedia.org/en.wikipedia.org/load.php?debug=false&lang=en&modules=startup&only=scripts&skin=vector&*","//bits.wikimedia.org/geoiplookup","//meta.wikimedia.org","#mw-navigation","#p-search","/wiki/Jonathan_Coulton","/wiki/Artificial_Heart_(album)","/wiki/File:The_SynCardia_temporary_Total_Artificial_Heart_with_pink_heart_background.jpg","//upload.wikimedia.org/wikipedia/commons/thumb/a/a5/The_SynCardia_temporary_Total_Artificial_Heart_with_pink_heart_background.jpg/220px-The_SynCardia_temporary_Total_Artificial_Heart_with_pink_heart_background.jpg","/wiki/File:The_SynCardia_temporary_Total_Artificial_Heart_with_pink_heart_background.jpg","//bits.wikimedia.org/static-1.22wmf12/skins/common/images/magnify-clip.png","/wiki/File:Artificial-heart-london.JPG","//upload.wikimedia.org/wikipedia/commons/thumb/2/21/Artificial-heart-london.JPG/200px-Artificial-heart-london.JPG","/wiki/File:Artificial-heart-london.JPG","//bits.wikimedia.org/static-1.22wmf12/skins/common/images/magnify-clip.png","/wiki/London_Science_Museum","/wiki/Human_heart","/wiki/Heart_transplantation","/wiki/Robert_Jarvik","#cite_note-1","/wiki/Ventricular_assist_device","/wiki/Cardiopulmonary_bypass","/wiki/Cardiac_surgery","#Origins","#Early_development","#Early_designs_of_total_artificial_hearts","#First_clinical_implantation_of_a_total_artificial_heart","#First_clinical_applications_of_a_permanent_pneumatic_total_artificial_heart","#First_clinical_application_of_an_intrathoracic_pump","#First_clinical_application_of_a_paracorporeal_pump","#Recent_developments","#Total_artificial_heart","#Heart_assist_devices","#In_popular_culture","#See_also","#References","#External_links","/w/index.php?title=Artificial_heart&action=edit&section=1","/w/index.php?title=Artificial_heart&veaction=edit&section=1","/wiki/Heart_transplantation","/wiki/Transplant_rejection","/w/index.php?title=Artificial_heart&action=edit&section=2","/w/index.php?title=Artificial_heart&veaction=edit&section=2","/wiki/Heart-lung_machine","/wiki/John_Heysham_Gibbon","/wiki/Henry_Opitek","http://www.harperhospital.org/harper/","/wiki/Wayne_State_University","/wiki/Dodrill-GMR","#cite_note-2","#cite_note-3","/wiki/Forest_Dewey_Dodrill","#cite_note-4","/w/index.php?title=Artificial_heart&action=edit&section=3","/w/index.php?title=Artificial_heart&veaction=edit&section=3","/wiki/William_Sewell_(physician)","/wiki/William_Glenn","/wiki/Yale_School_of_Medicine","/wiki/Erector_Set","#cite_note-5","/wiki/Paul_Winchell","/wiki/Henry_Heimlich","/wiki/Heimlich_maneuver#Abdominal_thrusts","/wiki/Willem_Johan_Kolff","/wiki/Domingo_Liotta","/wiki/National_University_of_C%C3%B3rdoba","#cite_note-6","#cite_note-7","/wiki/National_Institutes_of_Health","#cite_note-autogenerated1-8","/wiki/Dr._Adrian_Kantrowitz","/wiki/Maimonides_Medical_Center","#cite_note-9","/wiki/University_of_Utah","/wiki/William_DeVries","#cite_note-10","/w/index.php?title=Artificial_heart&action=edit&section=4","/w/index.php?title=Artificial_heart&veaction=edit&section=4","/wiki/Domingo_Liotta","/wiki/Denton_Cooley","/wiki/The_Texas_Heart_Institute","/wiki/Houston","/wiki/Immunosuppressive_drug","#cite_note-11","/wiki/Smithsonian_Institution","/wiki/National_Museum_of_American_History","#cite_note-12","/w/index.php?title=Artificial_heart&action=edit&section=5","/w/index.php?title=Artificial_heart&veaction=edit&section=5","/wiki/University_of_Utah","/wiki/Willem_Johan_Kolff","#cite_note-13","#cite_note-14","/wiki/Paul_Winchell","#cite_note-15","/wiki/Robert_Jarvik","#cite_note-16","/wiki/William_DeVries","/wiki/William_J._Schroeder","/w/index.php?title=Alpha-Laval&action=edit&redlink=1","/wiki/Dairy#Milking_machines","/wiki/National_Heart,_Lung,_and_Blood_Institute","/wiki/Cleveland_Clinic","/wiki/Pennsylvania_State_University","/wiki/Penn_State_Hershey_Medical_Center","#cite_note-CNN2001AbioCorSurgery-17","#cite_note-CNN2001AbioCorSurgery-17","#cite_note-18","#cite_note-FDA2006-19","#cite_note-FDA2006-19","#cite_note-PopSciAbioCor-20","#cite_note-PopSciAbioCor-20","#cite_note-InterviewAbioCor-21","/w/index.php?title=Artificial_heart&action=edit&section=6","/w/index.php?title=Artificial_heart&veaction=edit&section=6","/wiki/The_Methodist_Hospital","/w/index.php?title=Artificial_heart&action=edit&section=7","/w/index.php?title=Artificial_heart&veaction=edit&section=7","/wiki/Michael_E._DeBakey","/w/index.php?title=Artificial_heart&action=edit&section=8","/w/index.php?title=Artificial_heart&veaction=edit&section=8","/wiki/Stollery_Children%27s_Hospital","/wiki/Edmonton","/wiki/Alberta","#cite_note-22","/wiki/Children%27s_Hospital_Boston","#cite_note-23","#cite_note-24","#cite_note-25","/w/index.php?title=Artificial_heart&action=edit&section=9","/w/index.php?title=Artificial_heart&veaction=edit&section=9","/wiki/Taiwanese","/wiki/United_States","/w/index.php?title=Jeng_Wei&action=edit&redlink=1","#cite_note-26","/wiki/Taiwan","/w/index.php?title=Phoenix-7_Total_Artificial_Heart&action=edit&redlink=1","/w/index.php?title=Kelvin_K._Cheng&action=edit&redlink=1","/w/index.php?title=T._M._Kao&action=edit&redlink=1","/w/index.php?title=Taiwan_TAH_Research_Center&action=edit&redlink=1","/wiki/Tainan","/wiki/Taiwan","//en.wikipedia.org/w/index.php?title=Artificial_heart&action=edit","#cite_note-27","/wiki/Heart_transplantation","/wiki/Alain_F._Carpentier","//fr.wikipedia.org/wiki/Carmat","/wiki/Biosynthesis","/wiki/Microporous_material","#cite_note-28","/wiki/Paris","/w/index.php?title=Skumin_syndrome&action=edit&redlink=1","#cite_note-Carpentier-29","#cite_note-30","#cite_note-31","#cite_note-32","/wiki/Fairfield,_New_South_Wales","/wiki/St_Vincent%27s_Hospital,_Sydney","#cite_note-33","/wiki/O._H._Frazier","/w/index.php?title=William_Cohn&action=edit&redlink=1","/wiki/HeartMate","#cite_note-34","#cite_note-35","/wiki/Centrifugal_pump","#cite_note-36","#cite_note-37","/wiki/Axial-flow_pump","#cite_note-38","#cite_note-39","/wiki/Pulse","/wiki/Pulmonary_circulation","/wiki/Systemic_circulation","#cite_note-40","/w/index.php?title=Artificial_heart&action=edit&section=10","/w/index.php?title=Artificial_heart&veaction=edit&section=10","/wiki/Ventricular_assist_device","/wiki/Baylor_College_of_Medicine","/wiki/Houston","#cite_note-41","/wiki/Adrian_Kantrowitz","#cite_note-Mitka-42","#cite_note-Mitka-42","#cite_note-43","#cite_note-44","/wiki/Centrifugal_pump","/wiki/Axial_flow","/wiki/Dick_Cheney","/w/index.php?title=Artificial_heart&action=edit&section=11","/w/index.php?title=Artificial_heart&veaction=edit&section=11","/w/index.php?title=Artificial_heart&action=edit&section=12","/w/index.php?title=Artificial_heart&veaction=edit&section=12","/wiki/Artificial_heart_valve","/w/index.php?title=Artificial_heart&action=edit&section=13","/w/index.php?title=Artificial_heart&veaction=edit&section=13","#cite_ref-1","http://www.discoveriesinmedicine.com/Apg-Ban/Artificial-Heart.html","#cite_ref-2","http://www.americanheart.org/presenter.jhtml;jsessionid=EFNP3NSFUBXLICQFCXQCDSQ?identifier=3005888","#cite_ref-3","http://www.med.wayne.edu/news_media/2002/press14.asp","#cite_ref-4","#cite_ref-5","http://www.nytimes.com/2003/03/17/us/william-glenn-88-surgeon-who-invented-heart-procedure.html","/wiki/The_New_York_Times","#cite_ref-6","#cite_ref-7","#cite_ref-autogenerated1_8-0","#cite_ref-9","http://www.ncbi.nlm.nih.gov/pmc/articles/PMC2676518/","#cite_ref-10","http://celebrities.healthdiaries.com/the-25th-anniversary-of-barney-clarks-artificial-heart.html","#cite_ref-11","#cite_ref-12","http://americanhistory.si.edu/exhibitions/small_exhibition.cfm?key=1267&exkey=143&pagekey=216","#cite_ref-13","#cite_ref-14","#cite_ref-15","http://www.time.com/time/magazine/article/0,9171,944609,00.html","#cite_ref-16","http://www.stanford.edu/dept/HPS/transplant/html/kolff.html","#cite_ref-CNN2001AbioCorSurgery_17-0","#cite_ref-CNN2001AbioCorSurgery_17-1","http://archives.cnn.com/2001/HEALTH/conditions/07/03/artificial.heart/","http://web.archive.org/web/20080607052947/http://archives.cnn.com/2001/HEALTH/conditions/07/03/artificial.heart/","#cite_ref-18","http://www.abiomed.com/products/faqs.cfm","http://web.archive.org/web/20080703194101/http://www.abiomed.com/products/faqs.cfm","#cite_ref-FDA2006_19-0","#cite_ref-FDA2006_19-1","http://www.fda.gov/bbs/topics/NEWS/2006/NEW01443.html","#cite_ref-PopSciAbioCor_20-0","#cite_ref-PopSciAbioCor_20-1","http://www.popsci.com/scitech/article/2005-08/will-we-merge-machines","http://web.archive.org/web/20080719174159/http://www.popsci.com/scitech/article/2005-08/will-we-merge-machines","#cite_ref-InterviewAbioCor_21-0","http://www.medscape.com/viewarticle/493622","#cite_ref-22","http://web.archive.org/web/20071016205936/http://capitalhealth.ca/NewsAndEvents/NewsReleases/2007/Berlin_Heart.htm","http://www.capitalhealth.ca/NewsAndEvents/NewsReleases/2007/Berlin_Heart.htm","#cite_ref-23","http://vectorblog.org/2011/12/newly-approved-berlin-heart-prolongs-the-divide-between-life-and-death/Newly","#cite_ref-24","http://www.nejm.org/doi/pdf/10.1056/NEJMoa1014164","#cite_ref-25","http://www.texaschildrens.org/About-Us/News/Berlin-Heart-NEJM-2012/","#cite_ref-26","http://home.chgh.org.tw/chgh/english/index.jspx","#cite_ref-27","#cite_ref-28","http://www.carmatsa.com/index.php?option=com_flexicontent&view=items&cid=40&id=349&Itemid=39&lang=en,","#cite_ref-Carpentier_29-0","http://heartforyoursoul.com/","#cite_ref-30","http://news.yahoo.com/s/afp/20081027/hl_afp/healthhearttechnologyfranceeurope","#cite_ref-31","http://www.timesonline.co.uk/tol/life_and_style/health/article5026788.ece","#cite_ref-32","http://afp.google.com/article/ALeqM5iIwgL3sqXqQD-rnoeEOjEYgZId3g","#cite_ref-33","http://www.dailytelegraph.com.au/news/sydney-man-gets-first-heart-transplant-at-st-vincents-hospital/story-e6freuy9-1225905838117","#cite_ref-34","http://www.chron.com/disp/story.mpl/front/7486853.html","#cite_ref-35","http://www.bbc.co.uk/news/health-14363731","#cite_ref-36","http://articles.nydailynews.com/2011-01-05/entertainment/27086458_1_mechanical-heart-artificial-heart-surgical-director","#cite_ref-37","http://www.scribd.com/doc/21241693/Pulseless-Pumps-Artificial-Hearts","#cite_ref-38","http://www.european-hospital.com/en/article/709.html","#cite_ref-39","http://www.popsci.com/science/article/2012-02/no-pulse-how-doctors-reinvented-human-heart","#cite_ref-40","http://www.ncbi.nlm.nih.gov/pubmed/1751129","#cite_ref-41","#cite_ref-Mitka_42-0","#cite_ref-Mitka_42-1","#cite_ref-43","http://www.fda.gov/bbs/topics/NEWS/NEW00656.html","#cite_ref-44","http://www.technologyreview.com/read_article.aspx?id=17523&ch=biotech","/w/index.php?title=Artificial_heart&action=edit&section=14","/w/index.php?title=Artificial_heart&veaction=edit&section=14","http://texasheart.org/Research/Devices/","http://www.fairfieldchampion.com.au/news/local/news/general/artificial-heart-a-medical-marvel/1915535.aspx?src=rss","http://www.physics.org/article-questions.asp?id=74","//en.wikipedia.org/w/index.php?title=Special:CentralAutoLogin/start&type=1x1&from=enwiki","http://en.wikipedia.org/w/index.php?title=Artificial_heart&oldid=567691259","/wiki/Help:Category","/wiki/Category:American_inventions","/wiki/Category:Implants","/wiki/Category:Cardiology","/wiki/Category:Artificial_organs","/wiki/Category:Articles_containing_potentially_dated_statements_from_March_2013","/wiki/Category:All_articles_containing_potentially_dated_statements","/w/index.php?title=Special:UserLogin&returnto=Artificial+heart&type=signup","/w/index.php?title=Special:UserLogin&returnto=Artificial+heart","/wiki/Artificial_heart","/wiki/Talk:Artificial_heart","#","/wiki/Artificial_heart","/w/index.php?title=Artificial_heart&action=edit","/w/index.php?title=Artificial_heart&veaction=edit","/w/index.php?title=Artificial_heart&action=history","#","/w/index.php","//bits.wikimedia.org/static-1.22wmf12/skins/vector/images/search-ltr.png?303-4","/wiki/Main_Page","/wiki/Main_Page","/wiki/Portal:Contents","/wiki/Portal:Featured_content","/wiki/Portal:Current_events","/wiki/Special:Random","https://donate.wikimedia.org/wiki/Special:FundraiserRedirector?utm_source=donate&utm_medium=sidebar&utm_campaign=C13_en.wikipedia.org&uselang=en","/wiki/Help:Contents","/wiki/Wikipedia:About","/wiki/Wikipedia:Community_portal","/wiki/Special:RecentChanges","//en.wikipedia.org/wiki/Wikipedia:Contact_us","/wiki/Special:WhatLinksHere/Artificial_heart","/wiki/Special:RecentChangesLinked/Artificial_heart","/wiki/Wikipedia:File_Upload_Wizard","/wiki/Special:SpecialPages","/w/index.php?title=Artificial_heart&oldid=567691259","/w/index.php?title=Artificial_heart&action=info","//www.wikidata.org/wiki/Q126888","/w/index.php?title=Special:Cite&page=Artificial_heart&id=567691259","/w/index.php?title=Special:Book&bookcmd=book_creator&referer=Artificial+heart","/w/index.php?title=Special:Book&bookcmd=render_article&arttitle=Artificial+heart&oldid=567691259&writer=rl","/w/index.php?title=Artificial_heart&printable=yes","//ar.wikipedia.org/wiki/%D9%82%D9%84%D8%A8_%D8%B5%D9%86%D8%A7%D8%B9%D9%8A","//az.wikipedia.org/wiki/S%C3%BCni_%C3%BCr%C9%99k","//ca.wikipedia.org/wiki/Cor_artificial","//de.wikipedia.org/wiki/Kunstherz","//et.wikipedia.org/wiki/Tehiss%C3%BCda","//es.wikipedia.org/wiki/Coraz%C3%B3n_artificial","//fa.wikipedia.org/wiki/%D9%82%D9%84%D8%A8_%D9%85%D8%B5%D9%86%D9%88%D8%B9%DB%8C","//fr.wikipedia.org/wiki/C%C5%93ur_artificiel","//ko.wikipedia.org/wiki/%EC%9D%B8%EA%B3%B5_%EC%8B%AC%EC%9E%A5","//id.wikipedia.org/wiki/Jantung_buatan","//it.wikipedia.org/wiki/Cuore_artificiale","//hu.wikipedia.org/wiki/Mesters%C3%A9ges_sz%C3%ADv","//nl.wikipedia.org/wiki/Kunsthart","//ja.wikipedia.org/wiki/%E4%BA%BA%E5%B7%A5%E5%BF%83%E8%87%93","//pt.wikipedia.org/wiki/Cora%C3%A7%C3%A3o_artificial","//ru.wikipedia.org/wiki/%D0%98%D1%81%D0%BA%D1%83%D1%81%D1%81%D1%82%D0%B2%D0%B5%D0%BD%D0%BD%D0%BE%D0%B5_%D1%81%D0%B5%D1%80%D0%B4%D1%86%D0%B5","//sk.wikipedia.org/wiki/Umel%C3%A9_srdce","//fi.wikipedia.org/wiki/Keinosyd%C3%A4n","//ta.wikipedia.org/wiki/%E0%AE%9A%E0%AF%86%E0%AE%AF%E0%AE%B1%E0%AF%8D%E0%AE%95%E0%AF%88_%E0%AE%87%E0%AE%A4%E0%AE%AF%E0%AE%AE%E0%AF%8D","//zh-yue.wikipedia.org/wiki/%E4%BA%BA%E9%80%A0%E5%BF%83","//zh.wikipedia.org/wiki/%E4%BA%BA%E5%B7%A5%E5%BF%83%E8%87%9F","#","//www.wikidata.org/wiki/Q126888#sitelinks-wikipedia","//en.wikipedia.org/wiki/Wikipedia:Text_of_Creative_Commons_Attribution-ShareAlike_3.0_Unported_License","//creativecommons.org/licenses/by-sa/3.0/","//wikimediafoundation.org/wiki/Terms_of_Use","//wikimediafoundation.org/wiki/Privacy_policy","//www.wikimediafoundation.org/","//wikimediafoundation.org/wiki/Privacy_policy","/wiki/Wikipedia:About","/wiki/Wikipedia:General_disclaimer","//en.wikipedia.org/wiki/Wikipedia:Contact_us","//en.m.wikipedia.org/wiki/Artificial_heart","//wikimediafoundation.org/","//bits.wikimedia.org/images/wikimedia-button.png","//www.mediawiki.org/","//bits.wikimedia.org/static-1.22wmf12/skins/common/images/poweredby_mediawiki_88x31.png","//bits.wikimedia.org/en.wikipedia.org/load.php?debug=false&lang=en&modules=site&only=scripts&skin=vector&*"],"instances":["physician"],"pdf":[],"categories":["American inventions","Implants","Cardiology","Artificial organs"],"headings":["Origins","Early development","Recent developments","Heart assist devices","In popular culture","See also","References","External links"],"image":["//upload.wikimedia.org/wikipedia/commons/thumb/a/a5/The_SynCardia_temporary_Total_Artificial_Heart_with_pink_heart_background.jpg/220px-The_SynCardia_temporary_Total_Artificial_Heart_with_pink_heart_background.jpg","//bits.wikimedia.org/static-1.22wmf12/skins/common/images/magnify-clip.png","//upload.wikimedia.org/wikipedia/commons/thumb/2/21/Artificial-heart-london.JPG/200px-Artificial-heart-london.JPG","//bits.wikimedia.org/static-1.22wmf12/skins/common/images/magnify-clip.png","//en.wikipedia.org/w/index.php?title=Special:CentralAutoLogin/start&type=1x1&from=enwiki","//bits.wikimedia.org/static-1.22wmf12/skins/vector/images/search-ltr.png?303-4","//bits.wikimedia.org/images/wikimedia-button.png","//bits.wikimedia.org/static-1.22wmf12/skins/common/images/poweredby_mediawiki_88x31.png"],"tags":[["william_sewell","physician"]],"members":["william_sewell"],"related":["Human_heart","Heart_transplantation","Robert_Jarvik","Ventricular_assist_device","Cardiopulmonary_bypass","Cardiac_surgery","Heart_transplantation","Transplant_rejection","Heart-lung_machine","John_Heysham_Gibbon","Henry_Opitek","Wayne_State_University","Dodrill-GMR","Forest_Dewey_Dodrill","William_Sewell_(physician)","William_Glenn","Yale_School_of_Medicine","Erector_Set","The_New_York_Times","Paul_Winchell","Henry_Heimlich","Willem_Johan_Kolff","Domingo_Liotta","National_University_of_Córdoba","National_Institutes_of_Health","Dr._Adrian_Kantrowitz","Maimonides_Medical_Center","University_of_Utah","William_DeVries","Domingo_Liotta","Denton_Cooley","The_Texas_Heart_Institute","Houston","Immunosuppressive_drug","Smithsonian_Institution","National_Museum_of_American_History","University_of_Utah","Willem_Johan_Kolff","Paul_Winchell","Robert_Jarvik","William_DeVries","William_J._Schroeder","Alpha-Laval","National_Heart,_Lung,_and_Blood_Institute","Cleveland_Clinic","Pennsylvania_State_University","Penn_State_Hershey_Medical_Center","The_Methodist_Hospital","Michael_E._DeBakey","Stollery_Children's_Hospital","Edmonton","Alberta","Children's_Hospital_Boston","Taiwanese","United_States","Jeng_Wei","Taiwan","Phoenix-7_Total_Artificial_Heart","Kelvin_K._Cheng","T._M._Kao","Taiwan_TAH_Research_Center","Tainan","Taiwan","Heart_transplantation","Alain_F._Carpentier","Biosynthesis","Microporous_material","Paris","Skumin_syndrome","Fairfield,_New_South_Wales","St_Vincent's_Hospital,_Sydney","O._H._Frazier","William_Cohn","HeartMate","Centrifugal_pump","Axial-flow_pump","Pulse","Pulmonary_circulation","Systemic_circulation","Baylor_College_of_Medicine","Houston","Adrian_Kantrowitz","Centrifugal_pump","Axial_flow","Dick_Cheney","Artificial_heart_valve"]}