{"cursor":"5732","size":15,"audio":[],"currentlang":"en","article":" The two main methods for\nreplacing bladder function involve either redirecting urine flow or replacing\nthe bladder in situ. {{Citation |author= |publication-date= |year=2009 |title=Urinary Reconstruction and Diversion |chapter=Treatments &\nProcedures |publisher=Cleveland Clinic |url=http://my.clevelandclinic.org/servi-\nces/urinary_reconstruction_and_diversion/hic_urinary_reconstruction_and_diversi-\non.aspx |accessdate=2013-03-22 |archiveurl= |archivedate= }} Replacement\ncan be done with an 'artificial urinary bladder', an artificial organ. The first\never laboratory-grown artificial organ to be transplanted into a human was an\nartificial bladder in the early 2000s in the United States.\n\n","linknr":158,"url":"artificial_urinary_bladder","recorded":1376421027,"links":["/w/index.php?title=Artificial_urinary_bladder&action=edit","/w/index.php?title=Artificial_urinary_bladder&action=edit","//bits.wikimedia.org/favicon/wikipedia.ico","/w/opensearch_desc.php","//en.wikipedia.org/w/api.php?action=rsd","//creativecommons.org/licenses/by-sa/3.0/","/w/index.php?title=Special:RecentChanges&feed=atom","http://en.wikipedia.org/wiki/Artificial_urinary_bladder","//bits.wikimedia.org/en.wikipedia.org/load.php?debug=false&lang=en&modules=ext.gadget.DRN-wizard%2CReferenceTooltips%2Ccharinsert%2Cteahouse%7Cext.rtlcite%2Cwikihiero%7Cext.uls.nojs%7Cmediawiki.legacy.commonPrint%2Cshared%7Cmw.PopUpMediaTransform%7Cskins.vector&only=styles&skin=vector&*","//bits.wikimedia.org/en.wikipedia.org/load.php?debug=false&lang=en&modules=ext.visualEditor.viewPageTarget.noscript&only=styles&skin=vector&*","//bits.wikimedia.org/en.wikipedia.org/load.php?debug=false&lang=en&modules=site&only=styles&skin=vector&*","//bits.wikimedia.org/en.wikipedia.org/load.php?debug=false&lang=en&modules=startup&only=scripts&skin=vector&*","//bits.wikimedia.org/geoiplookup","//meta.wikimedia.org","#mw-navigation","#p-search","#cite_note-clevclin2009-1","/wiki/Artificial_organ","/wiki/Organ_(anatomy)","/wiki/Organ_transplant","#cite_note-smith2006-2","#Development","#Procedure","#Benefits","#References","#External_links","/w/index.php?title=Artificial_urinary_bladder&action=edit&section=1","/w/index.php?title=Artificial_urinary_bladder&veaction=edit&section=1","/wiki/Small_intestine","#cite_note-atala2006-3","/wiki/Spina_bifida","#cite_note-atala2006-3","/wiki/Wake_Forest_University_School_of_Medicine","/wiki/Boston_Children%27s_Hospital","/wiki/Anthony_Atala","#cite_note-smith2006-2","#cite_note-atala2006-3","/w/index.php?title=Artificial_urinary_bladder&action=edit&section=2","/w/index.php?title=Artificial_urinary_bladder&veaction=edit&section=2","/wiki/CT_scan","#cite_note-bbc2006-4","#cite_note-bbc2006-4","/wiki/Urothelial","#cite_note-atala2006-3","/wiki/Biodegradable","/wiki/Scaffold","#cite_note-bbc2006-4","#cite_note-bbc2006-4","#cite_note-bbc2006-4","/w/index.php?title=Artificial_urinary_bladder&action=edit&section=3","/w/index.php?title=Artificial_urinary_bladder&veaction=edit&section=3","/wiki/Autologous","/wiki/Transplant_rejection","/wiki/Urinary_bladder","#cite_note-clevclin2009-1","#cite_note-smith2006-2","#cite_note-bijal2007-5","/w/index.php?title=Artificial_urinary_bladder&action=edit&section=4","/w/index.php?title=Artificial_urinary_bladder&veaction=edit&section=4","#cite_ref-clevclin2009_1-0","#cite_ref-clevclin2009_1-1","http://my.clevelandclinic.org/services/urinary_reconstruction_and_diversion/hic_urinary_reconstruction_and_diversion.aspx","/wiki/Cleveland_Clinic","#cite_ref-smith2006_2-0","#cite_ref-smith2006_2-1","#cite_ref-smith2006_2-2","http://www.cnn.com/2006/HEALTH/conditions/04/03/engineered.organs/index.html","/wiki/CNN","#cite_ref-atala2006_3-0","#cite_ref-atala2006_3-1","#cite_ref-atala2006_3-2","#cite_ref-atala2006_3-3","/wiki/Anthony_Atala","http://www.thelancet.com/journals/lancet/article/PIIS0140-6736(06)68438-9/fulltext#","/wiki/The_Lancet","/wiki/Digital_object_identifier","http://dx.doi.org/10.1016%2FS0140-6736%2806%2968438-9","http://www.thelancet.com/journals/lancet/article/PIIS0140-6736(06)68481-X/fulltext#article_upsell","#cite_ref-bbc2006_4-0","#cite_ref-bbc2006_4-1","#cite_ref-bbc2006_4-2","#cite_ref-bbc2006_4-3","#cite_ref-bbc2006_4-4","http://news.bbc.co.uk/2/hi/health/4871540.stm","/wiki/BBC","#cite_ref-bijal2007_5-0","http://discovermagazine.com/2007/jan/medicine#.UU4rdcu9KSM","/wiki/Discover_(magazine)","/w/index.php?title=Artificial_urinary_bladder&action=edit&section=5","/w/index.php?title=Artificial_urinary_bladder&veaction=edit&section=5","http://www.voanews.com/english/2006-04-05-voa35.cfm","/wiki/Voice_of_America","/wiki/Wikipedia:Link_rot","http://www.samogden.com/artificial_organs.html","/wiki/Wikipedia:Link_rot","//en.wikipedia.org/w/index.php?title=Special:CentralAutoLogin/start&type=1x1&from=enwiki","http://en.wikipedia.org/w/index.php?title=Artificial_urinary_bladder&oldid=564736620","/wiki/Help:Category","/wiki/Category:Implants","/wiki/Category:Urologic_procedures","/wiki/Category:Prosthetics","/wiki/Category:Artificial_organs","/wiki/Category:Pages_containing_links_to_subscription-only_content","/wiki/Category:All_articles_with_dead_external_links","/wiki/Category:Articles_with_dead_external_links_from_March_2013","/w/index.php?title=Special:UserLogin&returnto=Artificial+urinary+bladder&type=signup","/w/index.php?title=Special:UserLogin&returnto=Artificial+urinary+bladder","/wiki/Artificial_urinary_bladder","/wiki/Talk:Artificial_urinary_bladder","#","/wiki/Artificial_urinary_bladder","/w/index.php?title=Artificial_urinary_bladder&action=edit","/w/index.php?title=Artificial_urinary_bladder&veaction=edit","/w/index.php?title=Artificial_urinary_bladder&action=history","#","/w/index.php","//bits.wikimedia.org/static-1.22wmf12/skins/vector/images/search-ltr.png?303-4","/wiki/Main_Page","/wiki/Main_Page","/wiki/Portal:Contents","/wiki/Portal:Featured_content","/wiki/Portal:Current_events","/wiki/Special:Random","https://donate.wikimedia.org/wiki/Special:FundraiserRedirector?utm_source=donate&utm_medium=sidebar&utm_campaign=C13_en.wikipedia.org&uselang=en","/wiki/Help:Contents","/wiki/Wikipedia:About","/wiki/Wikipedia:Community_portal","/wiki/Special:RecentChanges","//en.wikipedia.org/wiki/Wikipedia:Contact_us","/wiki/Special:WhatLinksHere/Artificial_urinary_bladder","/wiki/Special:RecentChangesLinked/Artificial_urinary_bladder","/wiki/Wikipedia:File_Upload_Wizard","/wiki/Special:SpecialPages","/w/index.php?title=Artificial_urinary_bladder&oldid=564736620","/w/index.php?title=Artificial_urinary_bladder&action=info","//www.wikidata.org/wiki/Q4801107","/w/index.php?title=Special:Cite&page=Artificial_urinary_bladder&id=564736620","/w/index.php?title=Special:Book&bookcmd=book_creator&referer=Artificial+urinary+bladder","/w/index.php?title=Special:Book&bookcmd=render_article&arttitle=Artificial+urinary+bladder&oldid=564736620&writer=rl","/w/index.php?title=Artificial_urinary_bladder&printable=yes","//ar.wikipedia.org/wiki/%D9%85%D8%AB%D8%A7%D9%86%D8%A9_%D8%A7%D8%B5%D8%B7%D9%86%D8%A7%D8%B9%D9%8A%D8%A9","//sv.wikipedia.org/wiki/Artificiell_urinbl%C3%A5sa","#","//www.wikidata.org/wiki/Q4801107#sitelinks-wikipedia","//en.wikipedia.org/wiki/Wikipedia:Text_of_Creative_Commons_Attribution-ShareAlike_3.0_Unported_License","//creativecommons.org/licenses/by-sa/3.0/","//wikimediafoundation.org/wiki/Terms_of_Use","//wikimediafoundation.org/wiki/Privacy_policy","//www.wikimediafoundation.org/","//wikimediafoundation.org/wiki/Privacy_policy","/wiki/Wikipedia:About","/wiki/Wikipedia:General_disclaimer","//en.wikipedia.org/wiki/Wikipedia:Contact_us","//en.m.wikipedia.org/wiki/Artificial_urinary_bladder","//wikimediafoundation.org/","//bits.wikimedia.org/images/wikimedia-button.png","//www.mediawiki.org/","//bits.wikimedia.org/static-1.22wmf12/skins/common/images/poweredby_mediawiki_88x31.png","//bits.wikimedia.org/en.wikipedia.org/load.php?debug=false&lang=en&modules=site&only=scripts&skin=vector&*"],"instances":["magazine","anatomy"],"pdf":[],"categories":["Implants","Urologic procedures","Prosthetics","Artificial organs"],"headings":["Development","Procedure","Benefits","References","External links"],"image":["//en.wikipedia.org/w/index.php?title=Special:CentralAutoLogin/start&type=1x1&from=enwiki","//bits.wikimedia.org/static-1.22wmf12/skins/vector/images/search-ltr.png?303-4","//bits.wikimedia.org/images/wikimedia-button.png","//bits.wikimedia.org/static-1.22wmf12/skins/common/images/poweredby_mediawiki_88x31.png"],"tags":[["organ","anatomy"],["discover","magazine"]],"members":["discover","organ"],"related":["Cleveland_Clinic","Artificial_organ","Organ_(anatomy)","Organ_transplant","Small_intestine","The_Lancet","Spina_bifida","Wake_Forest_University_School_of_Medicine","Boston_Children's_Hospital","Anthony_Atala","CNN","CT_scan","Urothelial","Biodegradable","Scaffold","BBC","Autologous","Transplant_rejection","Urinary_bladder","Discover_(magazine)","Voice_of_America"]}