{"cursor":"2654","size":15,"audio":[],"currentlang":"en","article":"\n\n'A.L.I.C.E. (Artificial Linguistic Internet Computer Entity)', also referred to\nas 'Alicebot', or simply 'Alice', is a natural language processing\nchatterbot—a program that engages in a conversation with a human by\napplying some heuristical pattern matching rules to the human's input, and in\nits online form it also relies on a hidden third person. It was inspired by\nJoseph Weizenbaum's classical ELIZA program. It is one of the strongest programs\nof its type and has won the Loebner Prize, awarded to accomplished humanoid,\ntalking robots, three times (in 2000, 2001 and 2004). However, the program is\nunable to pass the Turing test, as even the casual user will often expose its\nmechanistic aspects in short conversations.\n","linknr":133,"url":"Artificial_Linguistic_Internet_Computer_Entity","recorded":1376412409,"links":["/w/index.php?title=Artificial_Linguistic_Internet_Computer_Entity&action=edit","/w/index.php?title=Artificial_Linguistic_Internet_Computer_Entity&action=edit","//bits.wikimedia.org/favicon/wikipedia.ico","/w/opensearch_desc.php","//en.wikipedia.org/w/api.php?action=rsd","//creativecommons.org/licenses/by-sa/3.0/","/w/index.php?title=Special:RecentChanges&feed=atom","http://en.wikipedia.org/wiki/Artificial_Linguistic_Internet_Computer_Entity","//bits.wikimedia.org/en.wikipedia.org/load.php?debug=false&lang=en&modules=ext.gadget.DRN-wizard%2CReferenceTooltips%2Ccharinsert%2Cteahouse%7Cext.rtlcite%2Cwikihiero%7Cext.uls.nojs%7Cmediawiki.legacy.commonPrint%2Cshared%7Cmw.PopUpMediaTransform%7Cskins.vector&only=styles&skin=vector&*","//bits.wikimedia.org/en.wikipedia.org/load.php?debug=false&lang=en&modules=ext.visualEditor.viewPageTarget.noscript&only=styles&skin=vector&*","//bits.wikimedia.org/en.wikipedia.org/load.php?debug=false&lang=en&modules=site&only=styles&skin=vector&*","//bits.wikimedia.org/en.wikipedia.org/load.php?debug=false&lang=en&modules=startup&only=scripts&skin=vector&*","//bits.wikimedia.org/geoiplookup","//meta.wikimedia.org","#mw-navigation","#p-search","//upload.wikimedia.org/wikipedia/commons/thumb/a/a4/Text_document_with_red_question_mark.svg/40px-Text_document_with_red_question_mark.svg.png","/wiki/Wikipedia:Citing_sources","/wiki/Wikipedia:External_links","/wiki/Wikipedia:Citing_sources#Inline_citations","/wiki/Wikipedia:WikiProject_Fact_and_Reference_Check","//upload.wikimedia.org/wikipedia/commons/thumb/a/aa/Merge-arrow.svg/50px-Merge-arrow.svg.png","/wiki/Wikipedia:Merging","/wiki/AIML","/wiki/Talk:AIML#Merger_with_ALICE_article","/wiki/Natural_language_processing","/wiki/Chatterbot","/wiki/Joseph_Weizenbaum","/wiki/ELIZA","/wiki/Loebner_Prize","/wiki/Turing_test","#Development","#See_also","#Further_reading","#External_links","/w/index.php?title=Artificial_Linguistic_Internet_Computer_Entity&action=edit&section=1","/w/index.php?title=Artificial_Linguistic_Internet_Computer_Entity&veaction=edit&section=1","/wiki/Java_(programming_language)","/wiki/XML_Schema_(W3C)","/wiki/AIML","/w/index.php?title=Artificial_Linguistic_Internet_Computer_Entity&action=edit&section=2","/w/index.php?title=Artificial_Linguistic_Internet_Computer_Entity&veaction=edit&section=2","/wiki/List_of_chatterbots","/w/index.php?title=Artificial_Linguistic_Internet_Computer_Entity&action=edit&section=3","/w/index.php?title=Artificial_Linguistic_Internet_Computer_Entity&veaction=edit&section=3","http://www.nytimes.com/2002/07/07/magazine/07WALLACE.html","/wiki/New_York_Times","http://discovermagazine.com/2007/brain/i-chat-therefore-i-am/article_print","/wiki/Discover_(magazine)","/wiki/Alexander_Fiske-Harrison","http://www.timesonline.co.uk/tol/incomingFeeds/article770337.ece","/wiki/Wikipedia:Link_rot","http://www.nytimes.com/1999/03/18/technology/sons-and-daughters-of-hal-go-on-line.html","/w/index.php?title=Artificial_Linguistic_Internet_Computer_Entity&action=edit&section=4","/w/index.php?title=Artificial_Linguistic_Internet_Computer_Entity&veaction=edit&section=4","//upload.wikimedia.org/wikipedia/commons/thumb/2/24/Wikinews-logo.svg/40px-Wikinews-logo.svg.png","//en.wikinews.org/wiki/Computer_professionals_celebrate_10th_birthday_of_A.L.I.C.E.","http://www.alicebot.org","http://www.alicebot.org/history/technology.html","http://www.ilmarefilm.org/W_E_1.htm","http://interviews.slashdot.org/article.pl?sid=02/07/26/0332225","http://www.pandorabots.com/pandora/talk?botid=f5d922d97e345aa1","//en.wikipedia.org/w/index.php?title=Special:CentralAutoLogin/start&type=1x1&from=enwiki","http://en.wikipedia.org/w/index.php?title=Artificial_Linguistic_Internet_Computer_Entity&oldid=565685439","/wiki/Help:Category","/wiki/Category:Chatterbots","/wiki/Category:Articles_lacking_in-text_citations_from_June_2010","/wiki/Category:All_articles_lacking_in-text_citations","/wiki/Category:Articles_to_be_merged_from_December_2011","/wiki/Category:All_articles_to_be_merged","/wiki/Category:All_articles_with_dead_external_links","/wiki/Category:Articles_with_dead_external_links_from_February_2010","/w/index.php?title=Special:UserLogin&returnto=Artificial+Linguistic+Internet+Computer+Entity&type=signup","/w/index.php?title=Special:UserLogin&returnto=Artificial+Linguistic+Internet+Computer+Entity","/wiki/Artificial_Linguistic_Internet_Computer_Entity","/wiki/Talk:Artificial_Linguistic_Internet_Computer_Entity","#","/wiki/Artificial_Linguistic_Internet_Computer_Entity","/w/index.php?title=Artificial_Linguistic_Internet_Computer_Entity&action=edit","/w/index.php?title=Artificial_Linguistic_Internet_Computer_Entity&veaction=edit","/w/index.php?title=Artificial_Linguistic_Internet_Computer_Entity&action=history","#","/w/index.php","//bits.wikimedia.org/static-1.22wmf12/skins/vector/images/search-ltr.png?303-4","/wiki/Main_Page","/wiki/Main_Page","/wiki/Portal:Contents","/wiki/Portal:Featured_content","/wiki/Portal:Current_events","/wiki/Special:Random","https://donate.wikimedia.org/wiki/Special:FundraiserRedirector?utm_source=donate&utm_medium=sidebar&utm_campaign=C13_en.wikipedia.org&uselang=en","/wiki/Help:Contents","/wiki/Wikipedia:About","/wiki/Wikipedia:Community_portal","/wiki/Special:RecentChanges","//en.wikipedia.org/wiki/Wikipedia:Contact_us","/wiki/Special:WhatLinksHere/Artificial_Linguistic_Internet_Computer_Entity","/wiki/Special:RecentChangesLinked/Artificial_Linguistic_Internet_Computer_Entity","/wiki/Wikipedia:File_Upload_Wizard","/wiki/Special:SpecialPages","/w/index.php?title=Artificial_Linguistic_Internet_Computer_Entity&oldid=565685439","/w/index.php?title=Artificial_Linguistic_Internet_Computer_Entity&action=info","//www.wikidata.org/wiki/Q278333","/w/index.php?title=Special:Cite&page=Artificial_Linguistic_Internet_Computer_Entity&id=565685439","/w/index.php?title=Special:Book&bookcmd=book_creator&referer=Artificial+Linguistic+Internet+Computer+Entity","/w/index.php?title=Special:Book&bookcmd=render_article&arttitle=Artificial+Linguistic+Internet+Computer+Entity&oldid=565685439&writer=rl","/w/index.php?title=Artificial_Linguistic_Internet_Computer_Entity&printable=yes","//cs.wikipedia.org/wiki/A.L.I.C.E.","//de.wikipedia.org/wiki/A.L.I.C.E.","//es.wikipedia.org/wiki/Artificial_Linguistic_Internet_Computer_Entity","//fr.wikipedia.org/wiki/ALICE_(programme_informatique)","//it.wikipedia.org/wiki/A.L.I.C.E.","//hu.wikipedia.org/wiki/ALICE","//ja.wikipedia.org/wiki/Artificial_Linguistic_Internet_Computer_Entity","//pl.wikipedia.org/wiki/ALICE_(sztuczna_inteligencja)","//pt.wikipedia.org/wiki/A.L.I.C.E.","//ru.wikipedia.org/wiki/A.L.I.C.E.","#","//www.wikidata.org/wiki/Q278333#sitelinks-wikipedia","//en.wikipedia.org/wiki/Wikipedia:Text_of_Creative_Commons_Attribution-ShareAlike_3.0_Unported_License","//creativecommons.org/licenses/by-sa/3.0/","//wikimediafoundation.org/wiki/Terms_of_Use","//wikimediafoundation.org/wiki/Privacy_policy","//www.wikimediafoundation.org/","//wikimediafoundation.org/wiki/Privacy_policy","/wiki/Wikipedia:About","/wiki/Wikipedia:General_disclaimer","//en.wikipedia.org/wiki/Wikipedia:Contact_us","//en.m.wikipedia.org/wiki/Artificial_Linguistic_Internet_Computer_Entity","//wikimediafoundation.org/","//bits.wikimedia.org/images/wikimedia-button.png","//www.mediawiki.org/","//bits.wikimedia.org/static-1.22wmf12/skins/common/images/poweredby_mediawiki_88x31.png","//bits.wikimedia.org/en.wikipedia.org/load.php?debug=false&lang=en&modules=site&only=scripts&skin=vector&*"],"instances":["w3c","magazine","programming_language"],"pdf":[],"categories":["Chatterbots"],"headings":["Development","See also","Further reading","External links"],"image":["//upload.wikimedia.org/wikipedia/commons/thumb/a/a4/Text_document_with_red_question_mark.svg/40px-Text_document_with_red_question_mark.svg.png","//upload.wikimedia.org/wikipedia/commons/thumb/a/aa/Merge-arrow.svg/50px-Merge-arrow.svg.png","//upload.wikimedia.org/wikipedia/commons/thumb/2/24/Wikinews-logo.svg/40px-Wikinews-logo.svg.png","//en.wikipedia.org/w/index.php?title=Special:CentralAutoLogin/start&type=1x1&from=enwiki","//bits.wikimedia.org/static-1.22wmf12/skins/vector/images/search-ltr.png?303-4","//bits.wikimedia.org/images/wikimedia-button.png","//bits.wikimedia.org/static-1.22wmf12/skins/common/images/poweredby_mediawiki_88x31.png"],"tags":[["java","programming_language"],["xml_schema","w3c"],["discover","magazine"]],"members":["xml_schema","discover","java"],"related":["Natural_language_processing","Chatterbot","Joseph_Weizenbaum","ELIZA","Loebner_Prize","Turing_test","Java_(programming_language)","XML_Schema_(W3C)","AIML","List_of_chatterbots","New_York_Times","Discover_(magazine)","Alexander_Fiske-Harrison"]}