{"cursor":"8424","size":15,"audio":[],"currentlang":"en","article":"\n\n'Artificial Stupidity' is commonly used as a humorous opposite of the term\nartificial intelligence (AI), often as a derogatory reference to the inability\nof an AI program to adequately perform basic tasks. However, within the field of\ncomputer science, artificial stupidity is also used to refer to a technique of\n\"dumbing down\" computer programs in order to deliberately introduce errors in\ntheir responses.\n","linknr":168,"url":"artificial_stupidity","recorded":1376396243,"links":["/w/index.php?title=Artificial_stupidity&action=edit","/w/index.php?title=Artificial_stupidity&action=edit","//bits.wikimedia.org/favicon/wikipedia.ico","/w/opensearch_desc.php","//en.wikipedia.org/w/api.php?action=rsd","//creativecommons.org/licenses/by-sa/3.0/","/w/index.php?title=Special:RecentChanges&feed=atom","http://en.wikipedia.org/wiki/Artificial_stupidity","//bits.wikimedia.org/en.wikipedia.org/load.php?debug=false&lang=en&modules=ext.gadget.DRN-wizard%2CReferenceTooltips%2Ccharinsert%2Cteahouse%7Cext.rtlcite%2Cwikihiero%7Cext.uls.nojs%7Cmediawiki.legacy.commonPrint%2Cshared%7Cmw.PopUpMediaTransform%7Cskins.vector&only=styles&skin=vector&*","//bits.wikimedia.org/en.wikipedia.org/load.php?debug=false&lang=en&modules=ext.visualEditor.viewPageTarget.noscript&only=styles&skin=vector&*","//bits.wikimedia.org/en.wikipedia.org/load.php?debug=false&lang=en&modules=site&only=styles&skin=vector&*","//bits.wikimedia.org/en.wikipedia.org/load.php?debug=false&lang=en&modules=startup&only=scripts&skin=vector&*","//bits.wikimedia.org/geoiplookup","//meta.wikimedia.org","#mw-navigation","#p-search","//upload.wikimedia.org/wikipedia/en/f/f4/Ambox_content.png","/wiki/Wikipedia:No_original_research","//en.wikipedia.org/w/index.php?title=Artificial_stupidity&action=edit","/wiki/Wikipedia:Verifiability","/wiki/Wikipedia:INCITE","/wiki/Artificial_intelligence","/wiki/Derogatory","/wiki/Wikipedia:Citation_needed","/wiki/Computer_science","/wiki/Computer_programs","#History","#Applications","#Chatbots","#Game_design","#Other_applications","#Arguments_on_artificial_stupidity","#Artificial_stupidity_as_a_limitation_of_artificial_intelligence","#References","#Further_reading","/w/index.php?title=Artificial_stupidity&action=edit&section=1","/w/index.php?title=Artificial_stupidity&veaction=edit&section=1","/wiki/Alan_Turing","/wiki/Computing_Machinery_and_Intelligence","/wiki/Turing_test","#cite_note-turing-1","/wiki/Imitation_Game","#cite_note-turing-1","#cite_note-turing-1","#cite_note-turing-1","/w/index.php?title=Artificial_stupidity&action=edit&section=2","/w/index.php?title=Artificial_stupidity&veaction=edit&section=2","/wiki/Chatbots","/wiki/Video_games","/w/index.php?title=Artificial_stupidity&action=edit&section=3","/w/index.php?title=Artificial_stupidity&veaction=edit&section=3","/wiki/Loebner_prize","/wiki/The_Economist","#cite_note-economist-2","/w/index.php?title=Artificial_stupidity&action=edit&section=4","/w/index.php?title=Artificial_stupidity&veaction=edit&section=4","#cite_note-liden-3","/wiki/Minimax","/wiki/Minimax","/wiki/Heuristic","/wiki/Heuristic","/wiki/Heuristic","/wiki/Heuristic","/wiki/Heuristic","/wiki/Heuristic","/w/index.php?title=Artificial_stupidity&action=edit&section=5","/w/index.php?title=Artificial_stupidity&veaction=edit&section=5","/w/index.php?title=Artificial_stupidity&action=edit&section=6","/w/index.php?title=Artificial_stupidity&veaction=edit&section=6","#cite_note-economist-2","#cite_note-economist-2","#cite_note-4","/w/index.php?title=Artificial_stupidity&action=edit&section=7","/w/index.php?title=Artificial_stupidity&veaction=edit&section=7","#cite_note-5","/w/index.php?title=Artificial_stupidity&action=edit&section=8","/w/index.php?title=Artificial_stupidity&veaction=edit&section=8","#cite_ref-turing_1-0","#cite_ref-turing_1-1","#cite_ref-turing_1-2","#cite_ref-turing_1-3","/wiki/Alan_Turing","http://loebner.net/Prizef/TuringArticle.html","/wiki/Mind_(journal)","/wiki/Digital_object_identifier","http://dx.doi.org/10.1093%2Fmind%2FLIX.236.433","/wiki/International_Standard_Serial_Number","//www.worldcat.org/issn/0026-4423","#cite_ref-economist_2-0","#cite_ref-economist_2-1","#cite_ref-economist_2-2","http://archive.salon.com/tech/feature/2003/02/26/loebner_part_one/","/wiki/The_Economist","#cite_ref-liden_3-0","#cite_ref-4","#cite_ref-5","/w/index.php?title=Artificial_stupidity&action=edit&section=9","/w/index.php?title=Artificial_stupidity&veaction=edit&section=9","http://www.c2.com/cgi/wiki?ArtificialStupidity","/wiki/File:LampFlowchart.svg","//upload.wikimedia.org/wikipedia/commons/thumb/9/91/LampFlowchart.svg/20px-LampFlowchart.svg.png","/wiki/Artificial_intelligence","/wiki/Wikipedia:Stub","//en.wikipedia.org/w/index.php?title=Artificial_stupidity&action=edit","/wiki/Template:Compu-AI-stub","/wiki/Template_talk:Compu-AI-stub","//en.wikipedia.org/w/index.php?title=Template:Compu-AI-stub&action=edit","//en.wikipedia.org/w/index.php?title=Special:CentralAutoLogin/start&type=1x1&from=enwiki","http://en.wikipedia.org/w/index.php?title=Artificial_stupidity&oldid=539032426","/wiki/Help:Category","/wiki/Category:Philosophy_of_artificial_intelligence","/wiki/Category:Artificial_intelligence_stubs","/wiki/Category:Articles_that_may_contain_original_research_from_December_2010","/wiki/Category:All_articles_that_may_contain_original_research","/wiki/Category:All_articles_with_unsourced_statements","/wiki/Category:Articles_with_unsourced_statements_from_December_2010","/wiki/Category:WikiProject_Computer_science_stubs","/w/index.php?title=Special:UserLogin&returnto=Artificial+stupidity&type=signup","/w/index.php?title=Special:UserLogin&returnto=Artificial+stupidity","/wiki/Artificial_stupidity","/wiki/Talk:Artificial_stupidity","#","/wiki/Artificial_stupidity","/w/index.php?title=Artificial_stupidity&action=edit","/w/index.php?title=Artificial_stupidity&veaction=edit","/w/index.php?title=Artificial_stupidity&action=history","#","/w/index.php","//bits.wikimedia.org/static-1.22wmf12/skins/vector/images/search-ltr.png?303-4","/wiki/Main_Page","/wiki/Main_Page","/wiki/Portal:Contents","/wiki/Portal:Featured_content","/wiki/Portal:Current_events","/wiki/Special:Random","https://donate.wikimedia.org/wiki/Special:FundraiserRedirector?utm_source=donate&utm_medium=sidebar&utm_campaign=C13_en.wikipedia.org&uselang=en","/wiki/Help:Contents","/wiki/Wikipedia:About","/wiki/Wikipedia:Community_portal","/wiki/Special:RecentChanges","//en.wikipedia.org/wiki/Wikipedia:Contact_us","/wiki/Special:WhatLinksHere/Artificial_stupidity","/wiki/Special:RecentChangesLinked/Artificial_stupidity","/wiki/Wikipedia:File_Upload_Wizard","/wiki/Special:SpecialPages","/w/index.php?title=Artificial_stupidity&oldid=539032426","/w/index.php?title=Artificial_stupidity&action=info","//www.wikidata.org/wiki/Q4801099","/w/index.php?title=Special:Cite&page=Artificial_stupidity&id=539032426","/w/index.php?title=Special:Book&bookcmd=book_creator&referer=Artificial+stupidity","/w/index.php?title=Special:Book&bookcmd=render_article&arttitle=Artificial+stupidity&oldid=539032426&writer=rl","/w/index.php?title=Artificial_stupidity&printable=yes","#","//www.wikidata.org/wiki/Q4801099#sitelinks-wikipedia","//en.wikipedia.org/wiki/Wikipedia:Text_of_Creative_Commons_Attribution-ShareAlike_3.0_Unported_License","//creativecommons.org/licenses/by-sa/3.0/","//wikimediafoundation.org/wiki/Terms_of_Use","//wikimediafoundation.org/wiki/Privacy_policy","//www.wikimediafoundation.org/","//wikimediafoundation.org/wiki/Privacy_policy","/wiki/Wikipedia:About","/wiki/Wikipedia:General_disclaimer","//en.wikipedia.org/wiki/Wikipedia:Contact_us","//en.m.wikipedia.org/wiki/Artificial_stupidity","//wikimediafoundation.org/","//bits.wikimedia.org/images/wikimedia-button.png","//www.mediawiki.org/","//bits.wikimedia.org/static-1.22wmf12/skins/common/images/poweredby_mediawiki_88x31.png","//bits.wikimedia.org/en.wikipedia.org/load.php?debug=false&lang=en&modules=site&only=scripts&skin=vector&*"],"instances":[],"pdf":[],"categories":["Philosophy of artificial intelligence"],"headings":["History","Applications","References","Further reading"],"image":["//upload.wikimedia.org/wikipedia/en/f/f4/Ambox_content.png","//upload.wikimedia.org/wikipedia/commons/thumb/9/91/LampFlowchart.svg/20px-LampFlowchart.svg.png","//en.wikipedia.org/w/index.php?title=Special:CentralAutoLogin/start&type=1x1&from=enwiki","//bits.wikimedia.org/static-1.22wmf12/skins/vector/images/search-ltr.png?303-4","//bits.wikimedia.org/images/wikimedia-button.png","//bits.wikimedia.org/static-1.22wmf12/skins/common/images/poweredby_mediawiki_88x31.png"],"tags":[],"members":[],"related":["Artificial_intelligence","Derogatory","Computer_science","Computer_programs","Alan_Turing","Turing_test","Imitation_Game","Chatbots","Video_games","Loebner_prize","Minimax","Minimax","Heuristic","Heuristic","Heuristic","Heuristic","Heuristic","Heuristic"]}