{"cursor":"45454","size":15,"audio":[],"currentlang":"en","article":"{{Multiple issues|\n\n\n}}\n\nAn 'artificial neural network', often just named a 'neural network', is a\nmathematical model inspired by biological neural networks. A neural network\nconsists of an interconnected group of artificial neurons, and it processes\ninformation using a connectionist approach to computation. In most cases a\nneural network is an adaptive system changing its structure during a learning\nphase. Neural networks are used for modeling complex relationships between\ninputs and outputs or for find patterns in data.\n\ns in the human brain.]]\n","linknr":618,"url":"Artificial_neural_network","recorded":1363388988,"links":["/w/index.php?title=Artificial_neural_network&action=edit","/w/index.php?title=Artificial_neural_network&action=edit","//en.wikipedia.org/apple-touch-icon.png","//bits.wikimedia.org/favicon/wikipedia.ico","/w/opensearch_desc.php","//en.wikipedia.org/w/api.php?action=rsd","//creativecommons.org/licenses/by-sa/3.0/","/w/index.php?title=Special:RecentChanges&feed=atom","//bits.wikimedia.org/en.wikipedia.org/load.php?debug=false&lang=en&modules=ext.gadget.DRN-wizard%2CReferenceTooltips%2Ccharinsert%2Cteahouse%7Cext.wikihiero%7Cmediawiki.legacy.commonPrint%2Cshared%7Cmw.PopUpMediaTransform%7Cskins.vector&only=styles&skin=vector&*","//bits.wikimedia.org/en.wikipedia.org/load.php?debug=false&lang=en&modules=site&only=styles&skin=vector&*","//bits.wikimedia.org/en.wikipedia.org/load.php?debug=false&lang=en&modules=startup&only=scripts&skin=vector&*","//bits.wikimedia.org/geoiplookup","//meta.wikimedia.org","#mw-head","#p-search","//upload.wikimedia.org/wikipedia/en/f/f4/Ambox_content.png","//en.wikipedia.org/w/index.php?title=Artificial_neural_network&action=edit","/wiki/Talk:Artificial_neural_network","//upload.wikimedia.org/wikipedia/en/thumb/f/f2/Edit-clear.svg/40px-Edit-clear.svg.png","/wiki/Wikipedia:Manual_of_Style/Lead_section","/wiki/Wikipedia:Summary_style","/wiki/Wikipedia:Manual_of_Style/Lead_section#Provide_an_accessible_overview","//upload.wikimedia.org/wikipedia/en/thumb/f/f2/Edit-clear.svg/40px-Edit-clear.svg.png","/wiki/Wikipedia:Vagueness","/wiki/Wikipedia:Please_clarify","/wiki/Talk:Artificial_neural_network","//upload.wikimedia.org/wikipedia/en/thumb/9/99/Question_book-new.svg/50px-Question_book-new.svg.png","//en.wikipedia.org/w/index.php?title=Artificial_neural_network&action=edit","/wiki/Help:Introduction_to_referencing/1","/wiki/Template:Citation_needed","/wiki/Wikipedia:Verifiability#Burden_of_evidence","/wiki/Mathematical_model","/wiki/Biological_neural_network","/wiki/Artificial_neuron","/wiki/Connectionism","/wiki/Computation","/wiki/Adaptive_system","/wiki/Pattern_recognition","/wiki/File:Colored_neural_network.svg","//upload.wikimedia.org/wikipedia/commons/thumb/4/46/Colored_neural_network.svg/350px-Colored_neural_network.svg.png","/wiki/File:Colored_neural_network.svg","//bits.wikimedia.org/static-1.21wmf11/skins/common/images/magnify-clip.png","/wiki/Neuron","/wiki/Human_brain","#Background","#Models","#Network_function","#Learning","#Choosing_a_cost_function","#Learning_paradigms","#Supervised_learning","#Unsupervised_learning","#Reinforcement_learning","#Learning_algorithms","#Employing_artificial_neural_networks","#Applications","#Real-life_applications","#Neural_networks_and_neuroscience","#Types_of_models","#Neural_network_software","#Types_of_artificial_neural_networks","#Theoretical_properties","#Computational_power","#Capacity","#Convergence","#Generalization_and_statistics","#Dynamic_properties","#Disadvantages","#Successes_in_Pattern_Recognition_Contests_since_2009","#Gallery","#See_also","#References","#Bibliography","#External_links","/w/index.php?title=Artificial_neural_network&action=edit&section=1","/wiki/Central_nervous_system","/wiki/Node_(neural_networks)","/wiki/Artificial_neuron","/wiki/Statistics","/wiki/Cognitive_psychology","/wiki/Artificial_intelligence","/wiki/Neural_network","/wiki/Theoretical_neuroscience","/wiki/Computational_neuroscience","/wiki/Neural_network_software","/wiki/Adaptive_systems","/wiki/Artificial_intelligence","/wiki/Expert_system","/wiki/Machine_learning","/wiki/Cognitive_Model#Dynamical_Systems","/w/index.php?title=Artificial_neural_network&action=edit&section=2","//upload.wikimedia.org/math/2/a/f/2af59bc191a1b0f7e4d9429d4014995d.png","//upload.wikimedia.org/math/5/1/c/51cea10940d0755e9c5b34dff3c328fd.png","//upload.wikimedia.org/math/5/1/c/51cea10940d0755e9c5b34dff3c328fd.png","//upload.wikimedia.org/math/f/6/2/f622e012a22e65b1660aaff8a2fcbf21.png","/w/index.php?title=Artificial_neural_network&action=edit&section=3","/wiki/Graphical_models","//upload.wikimedia.org/math/e/6/d/e6dd6df2c92712c6b5d407fa452f1fd5.png","//upload.wikimedia.org/math/9/4/2/9424c5af5ec4c5a093b33b123a24301c.png","//upload.wikimedia.org/math/6/c/0/6c0f522f813b3b21914013a9ab4894f8.png","//upload.wikimedia.org/math/5/8/a/58a0d43f50180ea2c46c506e745f0e8d.png","/wiki/Activation_function","#cite_note-1","/wiki/Hyperbolic_tangent","//upload.wikimedia.org/math/a/c/f/acfe8f43673ae57644ff499d3775769b.png","//upload.wikimedia.org/math/9/a/3/9a31da9ddd5ffbb67d441602edf34b80.png","/wiki/File:Ann_dependency_graph.png","//upload.wikimedia.org/wikipedia/commons/thumb/c/c5/Ann_dependency_graph.png/150px-Ann_dependency_graph.png","/wiki/File:Ann_dependency_graph.png","//bits.wikimedia.org/static-1.21wmf11/skins/common/images/magnify-clip.png","//upload.wikimedia.org/math/d/5/2/d52558b155faf73f2ed588accb0539bd.png","//upload.wikimedia.org/math/0/a/2/0a23b9f6eb1e2996867bc4b08879589d.png","//upload.wikimedia.org/math/c/c/f/ccff27d04fdb4f47241396d2e4deb952.png","//upload.wikimedia.org/math/6/c/6/6c6efbd2ea6fe06a26191b4ca5aff835.png","//upload.wikimedia.org/math/d/5/2/d52558b155faf73f2ed588accb0539bd.png","/wiki/Mathematical_optimization","/wiki/Random_variable","//upload.wikimedia.org/math/d/1/7/d179d433af97bacc19fd47722ab13593.png","//upload.wikimedia.org/math/f/a/4/fa44817e8b4a3c009752995249a7a62e.png","//upload.wikimedia.org/math/1/3/b/13b3083b8f2fb1c7b7167c7eb4dac524.png","//upload.wikimedia.org/math/5/1/c/51cea10940d0755e9c5b34dff3c328fd.png","/wiki/Graphical_models","//upload.wikimedia.org/math/6/c/6/6c6efbd2ea6fe06a26191b4ca5aff835.png","//upload.wikimedia.org/math/c/c/f/ccff27d04fdb4f47241396d2e4deb952.png","/wiki/File:Recurrent_ann_dependency_graph.png","//upload.wikimedia.org/wikipedia/commons/thumb/7/79/Recurrent_ann_dependency_graph.png/120px-Recurrent_ann_dependency_graph.png","/wiki/File:Recurrent_ann_dependency_graph.png","//bits.wikimedia.org/static-1.21wmf11/skins/common/images/magnify-clip.png","/wiki/Feedforward_neural_network","/wiki/Directed_acyclic_graph","/wiki/Path_(graph_theory)","/wiki/Recurrent_neural_network","//upload.wikimedia.org/math/d/5/2/d52558b155faf73f2ed588accb0539bd.png","/w/index.php?title=Artificial_neural_network&action=edit&section=4","//upload.wikimedia.org/math/0/5/a/05a4eacbd53ee615aa8bce3f4c4b2256.png","//upload.wikimedia.org/math/1/b/4/1b4fccbbee89092f70a5291eda2b347b.png","//upload.wikimedia.org/math/6/a/b/6abd4cff1dde429832b7ea90ca9e5c99.png","//upload.wikimedia.org/math/3/2/8/328048ec4405e260dc102252ec461c50.png","//upload.wikimedia.org/math/9/4/a/94a36a7263c2730dc11ec23c08d68362.png","//upload.wikimedia.org/math/a/d/7/ad7de9ab80d7f6b58fbeda0144a30d60.png","/wiki/Mathematical_optimization","//upload.wikimedia.org/math/f/c/7/fc783207375c0abb99cfb79841b1708d.png","/wiki/Statistic","//upload.wikimedia.org/math/d/5/2/d52558b155faf73f2ed588accb0539bd.png","//upload.wikimedia.org/math/d/e/3/de3e13d7da78fefd7905e4acdb26deca.png","//upload.wikimedia.org/math/6/e/2/6e2d2ca441ecf5abacb1390c05c042b5.png","//upload.wikimedia.org/math/9/1/9/919abdd99b9e7ad0163720639aea82b6.png","//upload.wikimedia.org/math/3/6/9/369aada125ca0266d9cbc465345311f0.png","//upload.wikimedia.org/math/9/1/9/919abdd99b9e7ad0163720639aea82b6.png","//upload.wikimedia.org/math/f/0/3/f0315f667fff8229d45691e71735c373.png","//upload.wikimedia.org/math/4/3/9/43985d2fd996e084c2ba6637a4ea6123.png","/wiki/Online_machine_learning","//upload.wikimedia.org/math/9/1/9/919abdd99b9e7ad0163720639aea82b6.png","/wiki/Mathematical_optimization","/wiki/Estimation_theory","/wiki/Machine_learning","/w/index.php?title=Artificial_neural_network&action=edit&section=5","/wiki/Ad_hoc","/wiki/Convex_function","/w/index.php?title=Artificial_neural_network&action=edit&section=6","/wiki/Supervised_learning","/wiki/Unsupervised_learning","/wiki/Reinforcement_learning","/w/index.php?title=Artificial_neural_network&action=edit&section=7","/wiki/Supervised_learning","//upload.wikimedia.org/math/2/c/6/2c6d557e8cc23286322b393941e75b9e.png","//upload.wikimedia.org/math/2/a/f/2af59bc191a1b0f7e4d9429d4014995d.png","/wiki/Mean-squared_error","/wiki/Gradient_descent","/wiki/Multilayer_perceptron","/wiki/Backpropagation","/wiki/Pattern_recognition","/wiki/Regression_analysis","/w/index.php?title=Artificial_neural_network&action=edit&section=8","/wiki/Unsupervised_learning","//upload.wikimedia.org/math/0/a/2/0a23b9f6eb1e2996867bc4b08879589d.png","//upload.wikimedia.org/math/0/a/2/0a23b9f6eb1e2996867bc4b08879589d.png","//upload.wikimedia.org/math/d/5/2/d52558b155faf73f2ed588accb0539bd.png","//upload.wikimedia.org/math/3/7/e/37e295db003bb1dab11c7b87750f1c2d.png","//upload.wikimedia.org/math/d/a/7/da78e62859bac6cf6e227212010761f9.png","//upload.wikimedia.org/math/7/b/d/7bdfe3a462e428e140cde7d2d15eb817.png","//upload.wikimedia.org/math/d/a/7/da78e62859bac6cf6e227212010761f9.png","/wiki/Mutual_information","//upload.wikimedia.org/math/0/a/2/0a23b9f6eb1e2996867bc4b08879589d.png","//upload.wikimedia.org/math/e/6/d/e6dd6df2c92712c6b5d407fa452f1fd5.png","/wiki/Posterior_probability","/wiki/Approximation","/wiki/Data_clustering","/wiki/Statistical_distributions","/wiki/Data_compression","/wiki/Bayesian_spam_filtering","/w/index.php?title=Artificial_neural_network&action=edit&section=9","/wiki/Reinforcement_learning","//upload.wikimedia.org/math/0/a/2/0a23b9f6eb1e2996867bc4b08879589d.png","//upload.wikimedia.org/math/f/5/7/f57665e10ff8abeb3c3ff7a9d118d398.png","//upload.wikimedia.org/math/4/c/3/4c3b48eaeecc60ce867e2045e5991e33.png","//upload.wikimedia.org/math/9/5/b/95b97803f1527885224f9de8c2d5402c.png","//upload.wikimedia.org/math/d/0/f/d0f76b7b85fd8899a6ee7a32cb94c922.png","/wiki/Markov_decision_process","//upload.wikimedia.org/math/e/7/b/e7bf598d05c075826967e2aed096c9c4.png","//upload.wikimedia.org/math/2/c/4/2c47140af2abf3f3b66fa9de539c01d5.png","//upload.wikimedia.org/math/8/6/5/865e3fccd004bff75bccddfb9f569552.png","//upload.wikimedia.org/math/d/2/c/d2c5e12165a279652cf7fcf37598bbe6.png","//upload.wikimedia.org/math/b/0/5/b058f6822b8469e41829402167ea32bd.png","/wiki/Markov_chain","/wiki/Dynamic_programming","/wiki/Dimitri_Bertsekas","#cite_note-2","/wiki/Game","/w/index.php?title=Sequential_decision_making&action=edit&redlink=1","/wiki/Dynamic_programming","/wiki/Stochastic_control","/w/index.php?title=Artificial_neural_network&action=edit&section=10","/wiki/Bayesian_probability","/wiki/Mathematical_optimization","/wiki/Statistical_estimation","/wiki/Gradient_descent","/wiki/Gradient-related","/wiki/Evolutionary_methods","#cite_note-3","/wiki/Gene_expression_programming","#cite_note-4","/wiki/Simulated_annealing","#cite_note-5","/wiki/Expectation-maximization","/wiki/Non-parametric_methods","/wiki/Particle_swarm_optimization","#cite_note-6","/wiki/Machine_learning","/w/index.php?title=Artificial_neural_network&action=edit&section=11","/wiki/Hyperparameter","/wiki/Online_algorithm","/w/index.php?title=Artificial_neural_network&action=edit&section=12","/w/index.php?title=Artificial_neural_network&action=edit&section=13","/wiki/Function_approximation","/wiki/Regression_analysis","/wiki/Time_series_prediction","/wiki/Fitness_approximation","/wiki/Statistical_classification","/wiki/Pattern_recognition","/wiki/Novelty_detection","/wiki/Data_processing","/wiki/Blind_source_separation","/wiki/Robotics","/wiki/Computer_numerical_control","/wiki/Natural_resource","#cite_note-Balabin_2009-7","/wiki/Poker","/wiki/Data_mining","/wiki/E-mail_spam","#cite_note-8","#cite_note-9","/w/index.php?title=Artificial_neural_network&action=edit&section=14","/wiki/Computational_neuroscience","/wiki/Biological_neural_network","/wiki/Information_theory","/w/index.php?title=Artificial_neural_network&action=edit&section=15","/wiki/Biological_neuron_models","/w/index.php?title=Artificial_neural_network&action=edit&section=16","/wiki/Neural_network_software","/wiki/Simulation","/wiki/Research","/wiki/Biological_neural_network","/wiki/Adaptive_system","/w/index.php?title=Artificial_neural_network&action=edit&section=17","/wiki/Types_of_artificial_neural_networks","/wiki/List_of_artificial_intelligence_projects#Software_libraries","#cite_note-10","/w/index.php?title=Artificial_neural_network&action=edit&section=18","/w/index.php?title=Artificial_neural_network&action=edit&section=19","/wiki/Perceptron","/wiki/Cybenko_theorem","/wiki/Hava_Siegelmann","/wiki/Eduardo_D._Sontag","/wiki/Real_number","/wiki/Universal_Turing_Machine","#cite_note-11","/wiki/Hypercomputation","/wiki/Wikipedia:Citation_needed","/w/index.php?title=Artificial_neural_network&action=edit&section=20","/w/index.php?title=Artificial_neural_network&action=edit&section=21","/wiki/Wikipedia:Citation_needed","/w/index.php?title=Artificial_neural_network&action=edit&section=22","/wiki/Cross-validation_(statistics)","/wiki/Regularization","//toolserver.org/%7Edispenser/cgi-bin/dab_solver.py?page=Artificial_neural_network&editintro=Template:Disambiguation_needed/editintro&client=Template:Dn","/wiki/File:Synapse_deployment.jpg","//upload.wikimedia.org/wikipedia/en/thumb/2/22/Synapse_deployment.jpg/200px-Synapse_deployment.jpg","/wiki/File:Synapse_deployment.jpg","//bits.wikimedia.org/static-1.21wmf11/skins/common/images/magnify-clip.png","/wiki/Mean_squared_error","/wiki/Confidence_interval","/wiki/Normal_distribution","/wiki/Probability_distribution","/wiki/Softmax_activation_function","//upload.wikimedia.org/math/0/2/a/02a0d787371e595719f83f8431ee898a.png","/w/index.php?title=Artificial_neural_network&action=edit&section=23","//upload.wikimedia.org/wikipedia/en/f/f4/Ambox_content.png","/wiki/Wikipedia:WikiProject_Technology","/wiki/Portal:Technology","/wiki/Spin_glass","/wiki/Hopfield_network","/wiki/Perceptron","/w/index.php?title=Artificial_neural_network&action=edit&section=24","/wiki/A._K._Dewdney","/wiki/Scientific_American","/wiki/Graph_(mathematics)","/wiki/Von_Neumann","/wiki/Database","/wiki/RAM","/wiki/Hard_drive","/wiki/CPU","#cite_note-NASA1-12","#cite_note-VISA1-13","#cite_note-14","/w/index.php?title=Artificial_neural_network&action=edit&section=25","/wiki/Recurrent_neural_network","/wiki/J%C3%BCrgen_Schmidhuber","/wiki/IDSIA","/wiki/Pattern_recognition","/wiki/Machine_learning","#cite_note-15","/wiki/Multi-dimensional","/wiki/Long_short_term_memory","#cite_note-16","#cite_note-17","/wiki/Deep_learning","/wiki/Feedforward_neural_network","/wiki/Convolution","#cite_note-18","#cite_note-19","/wiki/Statistical_classification","/wiki/GPU","/wiki/IDSIA","#cite_note-20","#cite_note-21","#cite_note-22","/wiki/Yann_LeCun","/wiki/NYU","/wiki/Neocognitron","/wiki/Kunihiko_Fukushima","#cite_note-23","#cite_note-24","#cite_note-25","#cite_note-26","/wiki/Geoff_Hinton","/wiki/Toronto_University","/wiki/Merck_%26_Co.","#cite_note-27","/w/index.php?title=Artificial_neural_network&action=edit&section=26","/wiki/File:Single_layer_ann.svg","//upload.wikimedia.org/wikipedia/commons/thumb/b/be/Single_layer_ann.svg/172px-Single_layer_ann.svg.png","//upload.wikimedia.org/math/f/f/5/ff533a5595d6ff01fdee6c5e9fe509b6.png","//upload.wikimedia.org/math/1/f/8/1f817fec7863d1a4bc5795fc3eab61a9.png","//upload.wikimedia.org/math/b/3/b/b3bdad074e7cc32c88c3a860b7c888f7.png","//upload.wikimedia.org/math/b/e/7/be75ed40052d6db37830d93838cdcd89.png","/wiki/File:Two_layer_ann.svg","//upload.wikimedia.org/wikipedia/commons/thumb/7/7f/Two_layer_ann.svg/94px-Two_layer_ann.svg.png","/wiki/File:Artificial_neural_network.svg","//upload.wikimedia.org/wikipedia/commons/thumb/e/e4/Artificial_neural_network.svg/134px-Artificial_neural_network.svg.png","/wiki/File:Ann_dependency_graph.png","//upload.wikimedia.org/wikipedia/commons/thumb/c/c5/Ann_dependency_graph.png/168px-Ann_dependency_graph.png","/w/index.php?title=Artificial_neural_network&action=edit&section=27","/wiki/20Q","/wiki/Adaptive_resonance_theory","/wiki/Artificial_life","/wiki/Associative_Memory_Base","/wiki/Autoencoder","/wiki/BEAM_robotics","/wiki/Biologically_inspired_computing","/wiki/Blue_brain","/w/index.php?title=Cascade_correlation_algorithm&action=edit&redlink=1","/wiki/Clinical_decision_support_system","/wiki/Connectionist_expert_system","/wiki/Decision_tree_learning","/wiki/Encog","/wiki/Expert_system","/wiki/Fuzzy_logic","/wiki/Gene_expression_programming","/wiki/Genetic_algorithm","/wiki/In_Situ_Adaptive_Tabulation","/wiki/JOONE","/wiki/Neural_network","/wiki/Java_(programming_language)","/wiki/Linear_discriminant_analysis","/wiki/Logistic_regression","/wiki/Memristor","/wiki/Nearest_neighbor_(pattern_recognition)","/wiki/Neuroevolution","/wiki/NeuroEvolution_of_Augmented_Topologies","/wiki/HyperNEAT","/wiki/Neural_gas","/wiki/Ni1000","/wiki/Optical_neural_network","/wiki/Predictive_analytics","/wiki/Systolic_array","/wiki/Time_delay_neural_network","/w/index.php?title=Artificial_neural_network&action=edit&section=28","#cite_ref-1","http://www.cse.unsw.edu.au/~billw/mldict.html#activnfn","http://www.cse.unsw.edu.au/~billw/mldict.html#activnfn","#cite_ref-2","/wiki/International_Standard_Book_Number","/wiki/Special:BookSources/1-886529-10-8","#cite_ref-3","http://www.nt.ntnu.no/users/skoge/prost/proceedings/ifac2005/Papers/Paper4269.html","http://www.nt.ntnu.no/users/skoge/prost/proceedings/ifac2005/Index.html","/wiki/Digital_object_identifier","http://dx.doi.org/10.3182%2F20050703-6-CZ-1902.02172","/wiki/International_Standard_Book_Number","/wiki/Special:BookSources/978-3-902661-75-3","http://www.nt.ntnu.no/users/skoge/prost/proceedings/ifac2005/Papers/Paper4269.html","#cite_ref-4","http://www.gene-expression-programming.com/webpapers/Ferreira-ASCT2006.pdf","http://www.gene-expression-programming.com/webpapers/Ferreira-ASCT2006.pdf","#cite_ref-5","http://www.sciencedirect.com/science/article/pii/S0925231204003364","http://www.dice.ucl.ac.be/esann/proceedings/electronicproceedings.htm","/wiki/Digital_object_identifier","http://dx.doi.org/10.1016%2Fj.neucom.2004.07.002","http://www.sciencedirect.com/science/article/pii/S0925231204003364","#cite_ref-6","http://www.springerlink.com/content/5752q93402420535/","http://www2.mae.cuhk.edu.hk/~isnn2009/","/wiki/Digital_object_identifier","http://dx.doi.org/10.1007%2F978-3-642-01513-7_6","/wiki/International_Standard_Book_Number","/wiki/Special:BookSources/978-3-642-01215-0","http://www.springerlink.com/content/5752q93402420535/","#cite_ref-Balabin_2009_7-0","/wiki/J._Chem._Phys.","/wiki/Digital_object_identifier","http://dx.doi.org/10.1063%2F1.3206326","/wiki/PubMed_Identifier","//www.ncbi.nlm.nih.gov/pubmed/19708729","#cite_ref-8","http://www.ijcaonline.org/journal/number26/pxc387783.pdf","http://www.ijcaonline.org/journal/number26/pxc387783.pdf","#cite_ref-9","http://www.lcc.uma.es/~jja/recidiva/042.pdf","http://www.lcc.uma.es/~jja/recidiva/042.pdf","#cite_ref-10","http://wiki.syncleus.com/index.php/DANN:Genetic_Wavelets","http://web.archive.org/web/20100821112612/http://wiki.syncleus.com/index.php/DANN:Genetic_Wavelets","http://wiki.syncleus.com/index.php/DANN:Genetic_Wavelets","#cite_ref-11","http://www.math.rutgers.edu/~sontag/FTP_DIR/aml-turing.pdf","/wiki/Digital_object_identifier","http://dx.doi.org/10.1016%2F0893-9659%2891%2990080-F","http://www.math.rutgers.edu/~sontag/FTP_DIR/aml-turing.pdf","#cite_ref-NASA1_12-0","http://www.nasa.gov/centers/dryden/news/NewsReleases/2003/03-49.html","http://www.nasa.gov/centers/dryden/news/NewsReleases/2003/03-49.html","#cite_ref-VISA1_13-0","http://www.visa.ca/en/personal/pdfs/counterfeit_fraud.pdf","http://www.visa.ca/en/personal/pdfs/counterfeit_fraud.pdf","#cite_ref-14","http://members.fortunecity.com/templarseries/popper.html","#cite_ref-15","http://www.kurzweilai.net/how-bio-inspired-deep-learning-keeps-winning-competitions","/wiki/J%C3%BCrgen_Schmidhuber","#cite_ref-16","#cite_ref-17","/wiki/J%C3%BCrgen_Schmidhuber","#cite_ref-18","/wiki/Yann_LeCun","#cite_ref-19","#cite_ref-20","/wiki/J%C3%BCrgen_Schmidhuber","#cite_ref-21","#cite_ref-22","/wiki/J%C3%BCrgen_Schmidhuber","#cite_ref-23","#cite_ref-24","/wiki/Tomaso_Poggio","#cite_ref-25","http://www.scholarpedia.org/article/Deep_belief_networks","#cite_ref-26","/wiki/Geoff_Hinton","http://www.cs.toronto.edu/~hinton/absps/fastnc.pdf","/wiki/Neural_Computation","/wiki/Digital_object_identifier","http://dx.doi.org/10.1162%2Fneco.2006.18.7.1527","/wiki/PubMed_Identifier","//www.ncbi.nlm.nih.gov/pubmed/16764513","http://www.cs.toronto.edu/~hinton/absps/fastnc.pdf","#cite_ref-27","http://www.nytimes.com/2012/11/24/science/scientists-see-advances-in-deep-learning-a-part-of-artificial-intelligence.html?_r=1&","/w/index.php?title=Artificial_neural_network&action=edit&section=29","http://www.msm.cam.ac.uk/phase-trans/abstracts/neural.review.pdf","/wiki/Digital_object_identifier","http://dx.doi.org/10.2355%2Fisijinternational.39.966","http://www.msm.cam.ac.uk/phase-trans/abstracts/neural.review.pdf","/wiki/Special:BookSources/0198538499","/wiki/Special:BookSources/0198538642","/wiki/Mathematics_of_Control,_Signals,_and_Systems","http://actcomm.dartmouth.edu/gvc/papers/approx_by_superposition.pdf","/wiki/Special:BookSources/0471056693","/wiki/Digital_object_identifier","http://dx.doi.org/10.1016%2FS0031-3203%2801%2900178-9","/wiki/Special:BookSources/1857286731","/wiki/Special:BookSources/1857285034","/wiki/Special:BookSources/0132733501","/wiki/National_Science_Foundation","/wiki/Defense_Advanced_Research_Projects_Agency","http://www.cs.iastate.edu/~honavar/fahlman.pdf","/wiki/Special:BookSources/0201515601","/wiki/Special:BookSources/1883157005","/wiki/Special:BookSources/0471049638","http://www.conbio.org/cip/article61WEB.cfm","/wiki/Brian_D._Ripley","/wiki/Eduardo_D._Sontag","http://www.math.rutgers.edu/~sontag/FTP_DIR/nets-real.pdf","/wiki/Special:BookSources/9781597492720","/wiki/Special:BookSources/0442013108","/wiki/Special:BookSources/0442004613","/w/index.php?title=Artificial_neural_network&action=edit&section=30","//upload.wikimedia.org/wikipedia/commons/thumb/d/df/Wikibooks-logo-en-noslogan.svg/40px-Wikibooks-logo-en-noslogan.svg.png","//en.wikibooks.org/wiki/Artificial_Neural_Networks","http://www.dmoz.org/Computers/Artificial_Intelligence/Neural_Networks/","/wiki/Open_Directory_Project","http://en.wikipedia.org/w/index.php?title=Artificial_neural_network&oldid=544389278","/wiki/Help:Categories","/wiki/Category:Computational_statistics","/wiki/Category:Neural_networks","/wiki/Category:Classification_algorithms","/wiki/Category:Computational_neuroscience","/wiki/Category:Wikipedia_introduction_cleanup_from_September_2012","/wiki/Category:All_pages_needing_cleanup","/wiki/Category:Articles_covered_by_WikiProject_Wikify_from_September_2012","/wiki/Category:All_articles_covered_by_WikiProject_Wikify","/wiki/Category:Wikipedia_articles_needing_clarification_from_September_2012","/wiki/Category:All_Wikipedia_articles_needing_clarification","/wiki/Category:Articles_needing_additional_references_from_March_2009","/wiki/Category:All_articles_needing_additional_references","/wiki/Category:All_articles_with_unsourced_statements","/wiki/Category:Articles_with_unsourced_statements_from_August_2011","/wiki/Category:Articles_with_unsourced_statements_from_March_2012","/wiki/Category:Articles_with_links_needing_disambiguation_from_December_2012","/wiki/Category:Technology_articles_needing_expert_attention","/wiki/Category:Articles_needing_expert_attention_from_November_2008","/wiki/Category:All_articles_needing_expert_attention","/wiki/Category:Use_dmy_dates_from_September_2010","/w/index.php?title=Special:UserLogin&returnto=Artificial+neural+network&type=signup","/w/index.php?title=Special:UserLogin&returnto=Artificial+neural+network","/wiki/Artificial_neural_network","/wiki/Talk:Artificial_neural_network","#","/wiki/Artificial_neural_network","/w/index.php?title=Artificial_neural_network&action=edit","/w/index.php?title=Artificial_neural_network&action=history","#","/w/index.php","//bits.wikimedia.org/static-1.21wmf11/skins/vector/images/search-ltr.png?303-4","/wiki/Main_Page","/wiki/Main_Page","/wiki/Portal:Contents","/wiki/Portal:Featured_content","/wiki/Portal:Current_events","/wiki/Special:Random","//donate.wikimedia.org/wiki/Special:FundraiserRedirector?utm_source=donate&utm_medium=sidebar&utm_campaign=C13_en.wikipedia.org&uselang=en","/wiki/Help:Contents","/wiki/Wikipedia:About","/wiki/Wikipedia:Community_portal","/wiki/Special:RecentChanges","/wiki/Wikipedia:Contact_us","/wiki/Special:WhatLinksHere/Artificial_neural_network","/wiki/Special:RecentChangesLinked/Artificial_neural_network","/wiki/Wikipedia:File_Upload_Wizard","/wiki/Special:SpecialPages","/w/index.php?title=Artificial_neural_network&oldid=544389278","/w/index.php?title=Artificial_neural_network&action=info","/w/index.php?title=Special:Cite&page=Artificial_neural_network&id=544389278","/w/index.php?title=Special:Book&bookcmd=book_creator&referer=Artificial+neural+network","/w/index.php?title=Special:Book&bookcmd=render_article&arttitle=Artificial+neural+network&oldid=544389278&writer=rl","/w/index.php?title=Artificial_neural_network&printable=yes","//ar.wikipedia.org/wiki/%D8%B4%D8%A8%D9%83%D8%A7%D8%AA_%D8%B9%D8%B5%D8%A8%D9%88%D9%86%D9%8A%D8%A9_%D8%A7%D8%B5%D8%B7%D9%86%D8%A7%D8%B9%D9%8A%D8%A9","//az.wikipedia.org/wiki/S%C3%BCni_Neyron_%C5%9E%C9%99b%C9%99k%C9%99l%C9%99r","//bs.wikipedia.org/wiki/Vje%C5%A1ta%C4%8Dke_neuronske_mre%C5%BEe","//ca.wikipedia.org/wiki/Xarxa_neuronal_artificial","//de.wikipedia.org/wiki/K%C3%BCnstliches_neuronales_Netz","//es.wikipedia.org/wiki/Red_neuronal_artificial","//eo.wikipedia.org/wiki/Artefarita_ne%C5%ADra_reto","//fa.wikipedia.org/wiki/%D8%B4%D8%A8%DA%A9%D9%87_%D8%B9%D8%B5%D8%A8%DB%8C_%D9%85%D8%B5%D9%86%D9%88%D8%B9%DB%8C","//fr.wikipedia.org/wiki/R%C3%A9seau_de_neurones_artificiels","//hy.wikipedia.org/wiki/%D4%B1%D6%80%D5%B0%D5%A5%D5%BD%D5%BF%D5%A1%D5%AF%D5%A1%D5%B6_%E2%80%8B%E2%80%8B%D5%B6%D5%B5%D5%A1%D6%80%D5%A4%D5%A1%D5%B5%D5%AB%D5%B6_%D6%81%D5%A1%D5%B6%D6%81","//hi.wikipedia.org/wiki/%E0%A4%95%E0%A5%83%E0%A4%A4%E0%A5%8D%E0%A4%B0%E0%A4%BF%E0%A4%AE_%E0%A4%A4%E0%A4%82%E0%A4%A4%E0%A5%8D%E0%A4%B0%E0%A4%BF%E0%A4%95%E0%A4%BE_%E0%A4%A8%E0%A5%87%E0%A4%9F%E0%A4%B5%E0%A4%B0%E0%A5%8D%E0%A4%95","//hr.wikipedia.org/wiki/Umjetna_neuronska_mre%C5%BEa","//id.wikipedia.org/wiki/Jaringan_saraf_tiruan","//he.wikipedia.org/wiki/%D7%A8%D7%A9%D7%AA_%D7%A2%D7%A6%D7%91%D7%99%D7%AA_%D7%9E%D7%9C%D7%90%D7%9B%D7%95%D7%AA%D7%99%D7%AA","//ka.wikipedia.org/wiki/%E1%83%AE%E1%83%94%E1%83%9A%E1%83%9D%E1%83%95%E1%83%9C%E1%83%A3%E1%83%A0%E1%83%98_%E1%83%9C%E1%83%94%E1%83%98%E1%83%A0%E1%83%9D%E1%83%9C%E1%83%A3%E1%83%9A%E1%83%98_%E1%83%A5%E1%83%A1%E1%83%94%E1%83%9A%E1%83%98","//lt.wikipedia.org/wiki/Dirbtinis_neuroninis_tinklas","//mk.wikipedia.org/wiki/%D0%92%D0%B5%D1%88%D1%82%D0%B0%D1%87%D0%BA%D0%B0_%D0%BD%D0%B5%D0%B2%D1%80%D0%BE%D0%BD%D1%81%D0%BA%D0%B0_%D0%BC%D1%80%D0%B5%D0%B6%D0%B0","//ml.wikipedia.org/wiki/%E0%B4%95%E0%B5%83%E0%B4%A4%E0%B5%8D%E0%B4%B0%E0%B4%BF%E0%B4%AE_%E0%B4%A8%E0%B4%BE%E0%B4%A1%E0%B5%80%E0%B4%B5%E0%B5%8D%E0%B4%AF%E0%B5%82%E0%B4%B9%E0%B4%82","//ja.wikipedia.org/wiki/%E3%83%8B%E3%83%A5%E3%83%BC%E3%83%A9%E3%83%AB%E3%83%8D%E3%83%83%E3%83%88%E3%83%AF%E3%83%BC%E3%82%AF","//ro.wikipedia.org/wiki/Re%C8%9Bea_neural%C4%83_artificial%C4%83","//ru.wikipedia.org/wiki/%D0%98%D1%81%D0%BA%D1%83%D1%81%D1%81%D1%82%D0%B2%D0%B5%D0%BD%D0%BD%D0%B0%D1%8F_%D0%BD%D0%B5%D0%B9%D1%80%D0%BE%D0%BD%D0%BD%D0%B0%D1%8F_%D1%81%D0%B5%D1%82%D1%8C","//ta.wikipedia.org/wiki/%E0%AE%9A%E0%AF%86%E0%AE%AF%E0%AE%B1%E0%AF%8D%E0%AE%95%E0%AF%88_%E0%AE%A8%E0%AE%B0%E0%AE%AE%E0%AF%8D%E0%AE%AA%E0%AE%A3%E0%AF%81%E0%AE%AA%E0%AF%8D_%E0%AE%AA%E0%AE%BF%E0%AE%A3%E0%AF%88%E0%AE%AF%E0%AE%AE%E0%AF%8D","//th.wikipedia.org/wiki/%E0%B9%82%E0%B8%84%E0%B8%A3%E0%B8%87%E0%B8%82%E0%B9%88%E0%B8%B2%E0%B8%A2%E0%B8%9B%E0%B8%A3%E0%B8%B0%E0%B8%AA%E0%B8%B2%E0%B8%97%E0%B9%80%E0%B8%97%E0%B8%B5%E0%B8%A2%E0%B8%A1","//uk.wikipedia.org/wiki/%D0%A8%D1%82%D1%83%D1%87%D0%BD%D0%B0_%D0%BD%D0%B5%D0%B9%D1%80%D0%BE%D0%BD%D0%BD%D0%B0_%D0%BC%D0%B5%D1%80%D0%B5%D0%B6%D0%B0","//vi.wikipedia.org/wiki/M%E1%BA%A1ng_n%C6%A1-ron_nh%C3%A2n_t%E1%BA%A1o","//zh.wikipedia.org/wiki/%E4%BA%BA%E5%B7%A5%E7%A5%9E%E7%BB%8F%E7%BD%91%E7%BB%9C","//www.wikidata.org/wiki/Special:ItemByTitle/enwiki/Artificial neural network","//en.wikipedia.org/wiki/Wikipedia:Text_of_Creative_Commons_Attribution-ShareAlike_3.0_Unported_License","//creativecommons.org/licenses/by-sa/3.0/","//wikimediafoundation.org/wiki/Terms_of_Use","//www.wikimediafoundation.org/","//en.wikipedia.org/wiki/Wikipedia:Contact_us","//wikimediafoundation.org/wiki/Privacy_policy","/wiki/Wikipedia:About","/wiki/Wikipedia:General_disclaimer","http://en.m.wikipedia.org/wiki/Artificial_neural_network","//wikimediafoundation.org/","//bits.wikimedia.org/images/wikimedia-button.png","//www.mediawiki.org/","//bits.wikimedia.org/static-1.21wmf11/skins/common/images/poweredby_mediawiki_88x31.png","//bits.wikimedia.org/en.wikipedia.org/load.php?debug=false&lang=en&modules=skins.vector&only=scripts&skin=vector&*","/w/index.php?title=MediaWiki:Gadget-ReferenceTooltips.js&action=raw&ctype=text/javascript&508635914","//bits.wikimedia.org/en.wikipedia.org/load.php?debug=false&lang=en&modules=site&only=scripts&skin=vector&*"],"instances":["statistics","programming_language","graph_theory","pattern_recognition","mathematics","neural_networks"],"pdf":["http://www.gene-expression-programming.com/webpapers/Ferreira-ASCT2006.pdf","http://www.gene-expression-programming.com/webpapers/Ferreira-ASCT2006.pdf","http://www.ijcaonline.org/journal/number26/pxc387783.pdf","http://www.ijcaonline.org/journal/number26/pxc387783.pdf","http://www.lcc.uma.es/~jja/recidiva/042.pdf","http://www.lcc.uma.es/~jja/recidiva/042.pdf","http://www.math.rutgers.edu/~sontag/FTP_DIR/aml-turing.pdf","http://www.math.rutgers.edu/~sontag/FTP_DIR/aml-turing.pdf","http://www.visa.ca/en/personal/pdfs/counterfeit_fraud.pdf","http://www.visa.ca/en/personal/pdfs/counterfeit_fraud.pdf","http://www.cs.toronto.edu/~hinton/absps/fastnc.pdf","http://www.cs.toronto.edu/~hinton/absps/fastnc.pdf","http://www.msm.cam.ac.uk/phase-trans/abstracts/neural.review.pdf","http://www.msm.cam.ac.uk/phase-trans/abstracts/neural.review.pdf","http://actcomm.dartmouth.edu/gvc/papers/approx_by_superposition.pdf","http://www.cs.iastate.edu/~honavar/fahlman.pdf","http://www.math.rutgers.edu/~sontag/FTP_DIR/nets-real.pdf"],"categories":["Computational statistics","Neural networks","Classification algorithms","Computational neuroscience"],"headings":["Background","Models","Employing artificial neural networks","Applications","Neural network software","Types of artificial neural networks","Theoretical properties","Disadvantages","Successes in Pattern Recognition Contests since 2009","Gallery","See also","References","Bibliography","External links"],"image":["//upload.wikimedia.org/wikipedia/en/f/f4/Ambox_content.png","//upload.wikimedia.org/wikipedia/en/thumb/f/f2/Edit-clear.svg/40px-Edit-clear.svg.png","//upload.wikimedia.org/wikipedia/en/thumb/f/f2/Edit-clear.svg/40px-Edit-clear.svg.png","//upload.wikimedia.org/wikipedia/en/thumb/9/99/Question_book-new.svg/50px-Question_book-new.svg.png","//upload.wikimedia.org/wikipedia/commons/thumb/4/46/Colored_neural_network.svg/350px-Colored_neural_network.svg.png","//bits.wikimedia.org/static-1.21wmf11/skins/common/images/magnify-clip.png","//upload.wikimedia.org/math/2/a/f/2af59bc191a1b0f7e4d9429d4014995d.png","//upload.wikimedia.org/math/5/1/c/51cea10940d0755e9c5b34dff3c328fd.png","//upload.wikimedia.org/math/5/1/c/51cea10940d0755e9c5b34dff3c328fd.png","//upload.wikimedia.org/math/f/6/2/f622e012a22e65b1660aaff8a2fcbf21.png","//upload.wikimedia.org/math/e/6/d/e6dd6df2c92712c6b5d407fa452f1fd5.png","//upload.wikimedia.org/math/9/4/2/9424c5af5ec4c5a093b33b123a24301c.png","//upload.wikimedia.org/math/6/c/0/6c0f522f813b3b21914013a9ab4894f8.png","//upload.wikimedia.org/math/5/8/a/58a0d43f50180ea2c46c506e745f0e8d.png","//upload.wikimedia.org/math/a/c/f/acfe8f43673ae57644ff499d3775769b.png","//upload.wikimedia.org/math/9/a/3/9a31da9ddd5ffbb67d441602edf34b80.png","//upload.wikimedia.org/wikipedia/commons/thumb/c/c5/Ann_dependency_graph.png/150px-Ann_dependency_graph.png","//bits.wikimedia.org/static-1.21wmf11/skins/common/images/magnify-clip.png","//upload.wikimedia.org/math/d/5/2/d52558b155faf73f2ed588accb0539bd.png","//upload.wikimedia.org/math/0/a/2/0a23b9f6eb1e2996867bc4b08879589d.png","//upload.wikimedia.org/math/c/c/f/ccff27d04fdb4f47241396d2e4deb952.png","//upload.wikimedia.org/math/6/c/6/6c6efbd2ea6fe06a26191b4ca5aff835.png","//upload.wikimedia.org/math/d/5/2/d52558b155faf73f2ed588accb0539bd.png","//upload.wikimedia.org/math/d/1/7/d179d433af97bacc19fd47722ab13593.png","//upload.wikimedia.org/math/f/a/4/fa44817e8b4a3c009752995249a7a62e.png","//upload.wikimedia.org/math/1/3/b/13b3083b8f2fb1c7b7167c7eb4dac524.png","//upload.wikimedia.org/math/5/1/c/51cea10940d0755e9c5b34dff3c328fd.png","//upload.wikimedia.org/math/6/c/6/6c6efbd2ea6fe06a26191b4ca5aff835.png","//upload.wikimedia.org/math/c/c/f/ccff27d04fdb4f47241396d2e4deb952.png","//upload.wikimedia.org/wikipedia/commons/thumb/7/79/Recurrent_ann_dependency_graph.png/120px-Recurrent_ann_dependency_graph.png","//bits.wikimedia.org/static-1.21wmf11/skins/common/images/magnify-clip.png","//upload.wikimedia.org/math/d/5/2/d52558b155faf73f2ed588accb0539bd.png","//upload.wikimedia.org/math/0/5/a/05a4eacbd53ee615aa8bce3f4c4b2256.png","//upload.wikimedia.org/math/1/b/4/1b4fccbbee89092f70a5291eda2b347b.png","//upload.wikimedia.org/math/6/a/b/6abd4cff1dde429832b7ea90ca9e5c99.png","//upload.wikimedia.org/math/3/2/8/328048ec4405e260dc102252ec461c50.png","//upload.wikimedia.org/math/9/4/a/94a36a7263c2730dc11ec23c08d68362.png","//upload.wikimedia.org/math/a/d/7/ad7de9ab80d7f6b58fbeda0144a30d60.png","//upload.wikimedia.org/math/f/c/7/fc783207375c0abb99cfb79841b1708d.png","//upload.wikimedia.org/math/d/5/2/d52558b155faf73f2ed588accb0539bd.png","//upload.wikimedia.org/math/d/e/3/de3e13d7da78fefd7905e4acdb26deca.png","//upload.wikimedia.org/math/6/e/2/6e2d2ca441ecf5abacb1390c05c042b5.png","//upload.wikimedia.org/math/9/1/9/919abdd99b9e7ad0163720639aea82b6.png","//upload.wikimedia.org/math/3/6/9/369aada125ca0266d9cbc465345311f0.png","//upload.wikimedia.org/math/9/1/9/919abdd99b9e7ad0163720639aea82b6.png","//upload.wikimedia.org/math/f/0/3/f0315f667fff8229d45691e71735c373.png","//upload.wikimedia.org/math/4/3/9/43985d2fd996e084c2ba6637a4ea6123.png","//upload.wikimedia.org/math/9/1/9/919abdd99b9e7ad0163720639aea82b6.png","//upload.wikimedia.org/math/2/c/6/2c6d557e8cc23286322b393941e75b9e.png","//upload.wikimedia.org/math/2/a/f/2af59bc191a1b0f7e4d9429d4014995d.png","//upload.wikimedia.org/math/0/a/2/0a23b9f6eb1e2996867bc4b08879589d.png","//upload.wikimedia.org/math/0/a/2/0a23b9f6eb1e2996867bc4b08879589d.png","//upload.wikimedia.org/math/d/5/2/d52558b155faf73f2ed588accb0539bd.png","//upload.wikimedia.org/math/3/7/e/37e295db003bb1dab11c7b87750f1c2d.png","//upload.wikimedia.org/math/d/a/7/da78e62859bac6cf6e227212010761f9.png","//upload.wikimedia.org/math/7/b/d/7bdfe3a462e428e140cde7d2d15eb817.png","//upload.wikimedia.org/math/d/a/7/da78e62859bac6cf6e227212010761f9.png","//upload.wikimedia.org/math/0/a/2/0a23b9f6eb1e2996867bc4b08879589d.png","//upload.wikimedia.org/math/e/6/d/e6dd6df2c92712c6b5d407fa452f1fd5.png","//upload.wikimedia.org/math/0/a/2/0a23b9f6eb1e2996867bc4b08879589d.png","//upload.wikimedia.org/math/f/5/7/f57665e10ff8abeb3c3ff7a9d118d398.png","//upload.wikimedia.org/math/4/c/3/4c3b48eaeecc60ce867e2045e5991e33.png","//upload.wikimedia.org/math/9/5/b/95b97803f1527885224f9de8c2d5402c.png","//upload.wikimedia.org/math/d/0/f/d0f76b7b85fd8899a6ee7a32cb94c922.png","//upload.wikimedia.org/math/e/7/b/e7bf598d05c075826967e2aed096c9c4.png","//upload.wikimedia.org/math/2/c/4/2c47140af2abf3f3b66fa9de539c01d5.png","//upload.wikimedia.org/math/8/6/5/865e3fccd004bff75bccddfb9f569552.png","//upload.wikimedia.org/math/d/2/c/d2c5e12165a279652cf7fcf37598bbe6.png","//upload.wikimedia.org/math/b/0/5/b058f6822b8469e41829402167ea32bd.png","//upload.wikimedia.org/wikipedia/en/thumb/2/22/Synapse_deployment.jpg/200px-Synapse_deployment.jpg","//bits.wikimedia.org/static-1.21wmf11/skins/common/images/magnify-clip.png","//upload.wikimedia.org/math/0/2/a/02a0d787371e595719f83f8431ee898a.png","//upload.wikimedia.org/wikipedia/en/f/f4/Ambox_content.png","//upload.wikimedia.org/wikipedia/commons/thumb/b/be/Single_layer_ann.svg/172px-Single_layer_ann.svg.png","//upload.wikimedia.org/math/f/f/5/ff533a5595d6ff01fdee6c5e9fe509b6.png","//upload.wikimedia.org/math/1/f/8/1f817fec7863d1a4bc5795fc3eab61a9.png","//upload.wikimedia.org/math/b/3/b/b3bdad074e7cc32c88c3a860b7c888f7.png","//upload.wikimedia.org/math/b/e/7/be75ed40052d6db37830d93838cdcd89.png","//upload.wikimedia.org/wikipedia/commons/thumb/7/7f/Two_layer_ann.svg/94px-Two_layer_ann.svg.png","//upload.wikimedia.org/wikipedia/commons/thumb/e/e4/Artificial_neural_network.svg/134px-Artificial_neural_network.svg.png","//upload.wikimedia.org/wikipedia/commons/thumb/c/c5/Ann_dependency_graph.png/168px-Ann_dependency_graph.png","//upload.wikimedia.org/wikipedia/commons/thumb/d/df/Wikibooks-logo-en-noslogan.svg/40px-Wikibooks-logo-en-noslogan.svg.png","//bits.wikimedia.org/static-1.21wmf11/skins/vector/images/search-ltr.png?303-4","//bits.wikimedia.org/images/wikimedia-button.png","//bits.wikimedia.org/static-1.21wmf11/skins/common/images/poweredby_mediawiki_88x31.png"],"tags":[["node","neural_networks"],["path","graph_theory"],["cross-validation","statistics"],["graph","mathematics"],["java","programming_language"],["nearest_neighbor","pattern_recognition"]],"members":["java","path","nearest_neighbor","graph","node"],"related":["Mathematical_model","Biological_neural_network","Artificial_neuron","Connectionism","Computation","Adaptive_system","Pattern_recognition","Human_brain","Central_nervous_system","Node_(neural_networks)","Artificial_neuron","Statistics","Cognitive_psychology","Artificial_intelligence","Neural_network","Theoretical_neuroscience","Computational_neuroscience","Neural_network_software","Adaptive_systems","Artificial_intelligence","Expert_system","Machine_learning","Activation_function","Hyperbolic_tangent","Mathematical_optimization","Random_variable","Graphical_models","Feedforward_neural_network","Directed_acyclic_graph","Path_(graph_theory)","Recurrent_neural_network","Mathematical_optimization","Statistic","Online_machine_learning","Ad_hoc","Convex_function","Supervised_learning","Unsupervised_learning","Reinforcement_learning","Supervised_learning","Mean-squared_error","Gradient_descent","Multilayer_perceptron","Backpropagation","Pattern_recognition","Regression_analysis","Unsupervised_learning","Mutual_information","Posterior_probability","Approximation","Data_clustering","Statistical_distributions","Data_compression","Bayesian_spam_filtering","Reinforcement_learning","Markov_decision_process","Markov_chain","Dynamic_programming","Dimitri_Bertsekas","Game","Sequential_decision_making","Bayesian_probability","Mathematical_optimization","Statistical_estimation","Gradient_descent","Gradient-related","Evolutionary_methods","Gene_expression_programming","Simulated_annealing","Expectation-maximization","Non-parametric_methods","Particle_swarm_optimization","Online_algorithm","Function_approximation","Regression_analysis","Time_series_prediction","Fitness_approximation","Statistical_classification","Pattern_recognition","Novelty_detection","Data_processing","Blind_source_separation","Robotics","Computer_numerical_control","Natural_resource","Poker","Data_mining","E-mail_spam","Computational_neuroscience","Biological_neural_network","Information_theory","Biological_neuron_models","Simulation","Research","Biological_neural_network","Adaptive_system","Types_of_artificial_neural_networks","Perceptron","Cybenko_theorem","Hava_Siegelmann","Eduardo_D._Sontag","Real_number","Universal_Turing_Machine","Hypercomputation","Cross-validation_(statistics)","Mean_squared_error","Confidence_interval","Normal_distribution","Probability_distribution","Softmax_activation_function","Spin_glass","Hopfield_network","Perceptron","A._K._Dewdney","Graph_(mathematics)","Von_Neumann","Database","RAM","Hard_drive","CPU","Recurrent_neural_network","Jürgen_Schmidhuber","IDSIA","Pattern_recognition","Machine_learning","Jürgen_Schmidhuber","Multi-dimensional","Long_short_term_memory","Jürgen_Schmidhuber","Deep_learning","Feedforward_neural_network","Convolution","Yann_LeCun","Statistical_classification","GPU","IDSIA","Jürgen_Schmidhuber","Jürgen_Schmidhuber","Yann_LeCun","NYU","Neocognitron","Kunihiko_Fukushima","Tomaso_Poggio","Geoff_Hinton","Neural_Computation","Geoff_Hinton","Toronto_University","Merck_&_Co.","20Q","Adaptive_resonance_theory","Artificial_life","Associative_Memory_Base","Autoencoder","BEAM_robotics","Biologically_inspired_computing","Blue_brain","Cascade_correlation_algorithm","Clinical_decision_support_system","Connectionist_expert_system","Decision_tree_learning","Encog","Expert_system","Fuzzy_logic","Gene_expression_programming","Genetic_algorithm","In_Situ_Adaptive_Tabulation","JOONE","Neural_network","Java_(programming_language)","Linear_discriminant_analysis","Logistic_regression","Memristor","Nearest_neighbor_(pattern_recognition)","Neuroevolution","NeuroEvolution_of_Augmented_Topologies","HyperNEAT","Neural_gas","Ni1000","Optical_neural_network","Predictive_analytics","Systolic_array","Time_delay_neural_network","National_Science_Foundation","Defense_Advanced_Research_Projects_Agency","Brian_D._Ripley","Eduardo_D._Sontag"]}