{"cursor":"9791","size":15,"audio":[],"currentlang":"en","article":"\n\n'Artificial intuition' is the capacity of an artificial object or software to\nfunction with intuition, or a machine-based system that has some capacity to\nfunction analogous to the human intuition.\n","linknr":254,"url":"Artificial_intuition","recorded":1376410509,"links":["/w/index.php?title=Artificial_intuition&action=edit","/w/index.php?title=Artificial_intuition&action=edit","//bits.wikimedia.org/favicon/wikipedia.ico","/w/opensearch_desc.php","//en.wikipedia.org/w/api.php?action=rsd","//creativecommons.org/licenses/by-sa/3.0/","/w/index.php?title=Special:RecentChanges&feed=atom","http://en.wikipedia.org/wiki/Artificial_intuition","//bits.wikimedia.org/en.wikipedia.org/load.php?debug=false&lang=en&modules=ext.gadget.DRN-wizard%2CReferenceTooltips%2Ccharinsert%2Cteahouse%7Cext.rtlcite%2Cwikihiero%7Cext.uls.nojs%7Cmediawiki.legacy.commonPrint%2Cshared%7Cmw.PopUpMediaTransform%7Cskins.vector&only=styles&skin=vector&*","//bits.wikimedia.org/en.wikipedia.org/load.php?debug=false&lang=en&modules=ext.visualEditor.viewPageTarget.noscript&only=styles&skin=vector&*","//bits.wikimedia.org/en.wikipedia.org/load.php?debug=false&lang=en&modules=site&only=styles&skin=vector&*","//bits.wikimedia.org/en.wikipedia.org/load.php?debug=false&lang=en&modules=startup&only=scripts&skin=vector&*","//bits.wikimedia.org/geoiplookup","//meta.wikimedia.org","#mw-navigation","#p-search","//upload.wikimedia.org/wikipedia/en/f/f4/Ambox_content.png","//en.wikipedia.org/w/index.php?title=Artificial_intuition&action=edit","/wiki/Talk:Artificial_intuition","//upload.wikimedia.org/wikipedia/en/thumb/f/f2/Edit-clear.svg/40px-Edit-clear.svg.png","/wiki/Wikipedia:What_Wikipedia_is_not#PUBLISHER","//en.wikipedia.org/w/index.php?title=Artificial_intuition&action=edit","/wiki/Wikipedia:Encyclopedic_style","//upload.wikimedia.org/wikipedia/en/thumb/f/f2/Edit-clear.svg/40px-Edit-clear.svg.png","//en.wiktionary.org/wiki/technical#Adjective","//en.wikipedia.org/w/index.php?title=Artificial_intuition&action=edit","/wiki/Wikipedia:Make_technical_articles_understandable","/wiki/Talk:Artificial_intuition","/wiki/Intuition_(psychology)","#Comparison","#Application_software","#Discussion","#See_also","#References","#External_links","/w/index.php?title=Artificial_intuition&action=edit&section=1","/w/index.php?title=Artificial_intuition&veaction=edit&section=1","/wiki/Carl_Jung","/wiki/Preoperational_stage","#cite_note-1","#cite_note-2","/wiki/Synchronicity","#cite_note-3","#cite_note-4","#cite_note-5","#cite_note-6","#cite_note-7","/wiki/Gestalt_psychology","#cite_note-8","#cite_note-9","/wiki/Top%E2%80%93down_and_bottom%E2%80%93up_design","/wiki/Archetypal","#cite_note-10","//en.wiktionary.org/wiki/%CF%84%CF%8D%CF%80%CE%BF%CF%82","#cite_note-11","/wiki/Semantic_memory","#cite_note-12","#cite_note-13","#cite_note-14","/wiki/Cognition","/wiki/Brain","#cite_note-15","#cite_note-16","/wiki/Artificial_neural_network","/wiki/Computational_neuroscience","#cite_note-17","/w/index.php?title=Artificial_intuition&action=edit&section=2","/w/index.php?title=Artificial_intuition&veaction=edit&section=2","//en.wiktionary.org/wiki/synthesis","/wiki/Computational_linguistics","#cite_note-18","#cite_note-19","#cite_note-20","/wiki/Hermeneutic","#cite_note-21","#cite_note-22","#cite_note-23","#cite_note-24","#cite_note-25","/w/index.php?title=Artificial_intuition&action=edit&section=3","/w/index.php?title=Artificial_intuition&veaction=edit&section=3","/wiki/Frankenstein","/wiki/The_Terminator","/wiki/William_Wisher,_Jr.","/wiki/Data_(Star_Trek)","#cite_note-26","/wiki/Blade_Runner","#cite_note-27","//en.wiktionary.org/wiki/artificial","/wiki/Human_cloning","#cite_note-28","#cite_note-29","/wiki/Panayiotis_Zavos","#cite_note-30","/w/index.php?title=Artificial_intuition&action=edit&section=4","/w/index.php?title=Artificial_intuition&veaction=edit&section=4","/wiki/Artificial_Imagination","/wiki/Artificial_intelligence","/wiki/Intuitionistic_logic","/wiki/Intuition_(philosophy)","/wiki/Analogy_(biology)","/wiki/Animism","/wiki/Concept-mapping","/wiki/Mind-mapping","/wiki/Connectionism","/wiki/Cybernetics","/wiki/Information_theory","/wiki/List_of_concept-_and_mind-mapping_software","/wiki/Natural_language_processing","/wiki/What_Computers_Can%27t_Do","/wiki/Usability","/w/index.php?title=Artificial_intuition&action=edit&section=5","/w/index.php?title=Artificial_intuition&veaction=edit&section=5","#cite_ref-1","/wiki/Special:BookSources/9781444108316","/wiki/Jean_Piaget","#cite_ref-2","/wiki/Piaget%27s_theory_of_cognitive_development","#cite_ref-3","http://www.worldcat.org/search?qt=wikipedia&q=isbn%3A0670032921","#cite_ref-4","http://www.thefreedictionary.com/synchronicity","#cite_ref-5","/wiki/Special:BookSources/0691018138","#cite_ref-6","/wiki/Special:BookSources/0451218604","/wiki/Unconscious_mind","#cite_ref-7","/wiki/Anthony_Storr","/wiki/Special:BookSources/0006530656","#cite_ref-8","http://www.sciencedirect.com/science/article/pii/S0167487002002076","/wiki/Digital_object_identifier","http://dx.doi.org/10.1016%2FS0167-4870%2802%2900207-6","/wiki/Herbert_A._Simon","#cite_ref-9","/wiki/Christian_von_Ehrenfels","/wiki/Kurt_Koffka","/wiki/Wolfgang_K%C3%B6hler","#cite_ref-10","/wiki/Special:BookSources/0691018138","#cite_ref-11","http://www.perseus.tufts.edu/hopper/text?doc=Perseus%3Atext%3A1999.04.0057%3Aentry%3Dtu%2Fpos","#cite_ref-12","http://books.google.co.uk/books?id=2WNIDwnKlDwC&pg=PA433&lpg=PA433&dq=artificial+intuition&source=bl&ots=E-RCAO2jIZ&sig=njxFJC5_vMLab6gfT742PSBQpck&hl=en&ei=tPymTue9IMWY8QOpy-DTDw&sa=X&oi=book_result&ct=result&resnum=1&ved=0CB0Q6AEwADgU#v=onepage&q=artificial%20intuition&f=false","/wiki/Fuzzy_logic","#cite_ref-13","http://monicasmind.com/?page_id=2","#cite_ref-14","http://goonth.posterous.com/?tag=artificialintuition","#cite_ref-15","http://sulcus.berkeley.edu/FLM/SH/MDL/GAL/GalDisChapts/galdis.chapter1.html","#cite_ref-16","http://www.itp.edu/about/carl_jung.php","#cite_ref-17","/wiki/Special:BookSources/0262192918","#cite_ref-18","http://www.youtube.com/watch?v=CzqTFncZb0Q","#cite_ref-19","http://videos.syntience.com/","#cite_ref-20","http://www.religion-online.org/showarticle.asp?title=3001","#cite_ref-21","/wiki/Special:BookSources/9780801485640","/wiki/Martin_Heidegger","/wiki/Richard_Polt","#cite_ref-22","http://plato.stanford.edu/entries/hermeneutics/#Beginnings","#cite_ref-23","http://www.smithsdetection.com/1025_4194.php","#cite_ref-24","http://www.intuview.com/","#cite_ref-25","http://www.wired.com/dangerroom/2008/10/tech-firms-face/","#cite_ref-26","http://www.intuitiontester.com/M.%20Zilberman.%20The%20Public%20Testing%20of%20Artificial%20Intuition%20Device%20Using%20Pick%203%20Lottery.pdf","/wiki/Algorithms","#cite_ref-27","http://www.brmovie.com/FAQs/BR_FAQ_Terminology.htm","#cite_ref-28","http://www.un.org/law/cloning/","#cite_ref-29","http://dictionary.cambridge.org/dictionary/british/impermissible?q=impermissible","#cite_ref-30","http://news.bbc.co.uk/1/hi/health/3459009.stm","/w/index.php?title=Artificial_intuition&action=edit&section=6","/w/index.php?title=Artificial_intuition&veaction=edit&section=6","http://metamaps.cc/2010/07/topos-blueprint-gen002/","http://academia.edu/People/Artificial_Intuition","http://www.intuition.org/txt/mccarthy.htm","/wiki/John_McCarthy_(computer_scientist)","/wiki/Dartmouth_Conferences","//en.wikipedia.org/w/index.php?title=Special:CentralAutoLogin/start&type=1x1&from=enwiki","http://en.wikipedia.org/w/index.php?title=Artificial_intuition&oldid=499492773","/wiki/Help:Category","/wiki/Category:Artificial_intelligence","/wiki/Category:Artificial_intelligence_applications","/wiki/Category:Wikipedia_articles_needing_style_editing_from_October_2011","/wiki/Category:All_articles_needing_style_editing","/wiki/Category:Wikipedia_articles_that_are_too_technical_from_October_2011","/wiki/Category:All_articles_that_are_too_technical","/wiki/Category:Articles_needing_expert_attention_from_October_2011","/wiki/Category:All_articles_needing_expert_attention","/w/index.php?title=Special:UserLogin&returnto=Artificial+intuition&type=signup","/w/index.php?title=Special:UserLogin&returnto=Artificial+intuition","/wiki/Artificial_intuition","/wiki/Talk:Artificial_intuition","#","/wiki/Artificial_intuition","/w/index.php?title=Artificial_intuition&action=edit","/w/index.php?title=Artificial_intuition&veaction=edit","/w/index.php?title=Artificial_intuition&action=history","#","/w/index.php","//bits.wikimedia.org/static-1.22wmf12/skins/vector/images/search-ltr.png?303-4","/wiki/Main_Page","/wiki/Main_Page","/wiki/Portal:Contents","/wiki/Portal:Featured_content","/wiki/Portal:Current_events","/wiki/Special:Random","https://donate.wikimedia.org/wiki/Special:FundraiserRedirector?utm_source=donate&utm_medium=sidebar&utm_campaign=C13_en.wikipedia.org&uselang=en","/wiki/Help:Contents","/wiki/Wikipedia:About","/wiki/Wikipedia:Community_portal","/wiki/Special:RecentChanges","//en.wikipedia.org/wiki/Wikipedia:Contact_us","/wiki/Special:WhatLinksHere/Artificial_intuition","/wiki/Special:RecentChangesLinked/Artificial_intuition","/wiki/Wikipedia:File_Upload_Wizard","/wiki/Special:SpecialPages","/w/index.php?title=Artificial_intuition&oldid=499492773","/w/index.php?title=Artificial_intuition&action=info","//www.wikidata.org/wiki/Q4801082","/w/index.php?title=Special:Cite&page=Artificial_intuition&id=499492773","/w/index.php?title=Special:Book&bookcmd=book_creator&referer=Artificial+intuition","/w/index.php?title=Special:Book&bookcmd=render_article&arttitle=Artificial+intuition&oldid=499492773&writer=rl","/w/index.php?title=Artificial_intuition&printable=yes","#","//www.wikidata.org/wiki/Q4801082#sitelinks-wikipedia","//en.wikipedia.org/wiki/Wikipedia:Text_of_Creative_Commons_Attribution-ShareAlike_3.0_Unported_License","//creativecommons.org/licenses/by-sa/3.0/","//wikimediafoundation.org/wiki/Terms_of_Use","//wikimediafoundation.org/wiki/Privacy_policy","//www.wikimediafoundation.org/","//wikimediafoundation.org/wiki/Privacy_policy","/wiki/Wikipedia:About","/wiki/Wikipedia:General_disclaimer","//en.wikipedia.org/wiki/Wikipedia:Contact_us","//en.m.wikipedia.org/wiki/Artificial_intuition","//wikimediafoundation.org/","//bits.wikimedia.org/images/wikimedia-button.png","//www.mediawiki.org/","//bits.wikimedia.org/static-1.22wmf12/skins/common/images/poweredby_mediawiki_88x31.png","//bits.wikimedia.org/en.wikipedia.org/load.php?debug=false&lang=en&modules=site&only=scripts&skin=vector&*"],"instances":["philosophy","biology","computer_scientist"],"pdf":["http://www.intuitiontester.com/M.%20Zilberman.%20The%20Public%20Testing%20of%20Artificial%20Intuition%20Device%20Using%20Pick%203%20Lottery.pdf"],"categories":["Artificial intelligence","Artificial intelligence applications"],"headings":["Comparison","Application software","Discussion","See also","References","External links"],"image":["//upload.wikimedia.org/wikipedia/en/f/f4/Ambox_content.png","//upload.wikimedia.org/wikipedia/en/thumb/f/f2/Edit-clear.svg/40px-Edit-clear.svg.png","//upload.wikimedia.org/wikipedia/en/thumb/f/f2/Edit-clear.svg/40px-Edit-clear.svg.png","//en.wikipedia.org/w/index.php?title=Special:CentralAutoLogin/start&type=1x1&from=enwiki","//bits.wikimedia.org/static-1.22wmf12/skins/vector/images/search-ltr.png?303-4","//bits.wikimedia.org/images/wikimedia-button.png","//bits.wikimedia.org/static-1.22wmf12/skins/common/images/poweredby_mediawiki_88x31.png"],"tags":[["intuition","psychology"],["intuition","philosophy"],["analogy","biology"],["john_mccarthy","computer_scientist"]],"members":["intuition","analogy","john_mccarthy"],"related":["Intuition_(psychology)","Carl_Jung","Preoperational_stage","Jean_Piaget","Piaget's_theory_of_cognitive_development","Synchronicity","Anthony_Storr","Gestalt_psychology","Herbert_A._Simon","Christian_von_Ehrenfels","Kurt_Koffka","Wolfgang_Köhler","Top–down_and_bottom–up_design","Archetypal","Semantic_memory","Fuzzy_logic","Cognition","Brain","Artificial_neural_network","Computational_neuroscience","Computational_linguistics","Hermeneutic","Martin_Heidegger","Richard_Polt","William_Wisher,_Jr.","Algorithms","Human_cloning","Panayiotis_Zavos","Artificial_Imagination","Artificial_intelligence","Intuitionistic_logic","Intuition_(philosophy)","Analogy_(biology)","Animism","Concept-mapping","Mind-mapping","Connectionism","Cybernetics","Information_theory","List_of_concept-_and_mind-mapping_software","Natural_language_processing","What_Computers_Can't_Do","Usability","John_McCarthy_(computer_scientist)","Dartmouth_Conferences"]}