{"cursor":"1239","size":15,"audio":[],"currentlang":"en","article":"{{Infobox journal\n| cover = title = Artificial Intelligence editor = A. G. Cohn, R. Dechter\n| discipline = Artificial intelligence publisher = Elsevier country =\n| Netherlands website = http://www.elsevier.com/locate/artint ISSN = 0004-3702\n| OCLC = 38524874 link1 = http://www.sciencedirect.com/science/journal/00043702\n| link1-name = Online access RSS =\n| http://rss.sciencedirect.com/publication/science/5617 impact = 3.036 impact-\n| year = 2009 history = 1970âpresent frequency = 18/year\n}} 'Artificial Intelligence' is a scientific journal on artificial intelligence\nresearch. It was established in 1970 and is published by Elsevier. The journal\nis abstracted and indexed in Scopus and Science Citation Index. The 2009 Impact\nFactor for this journal is 3.036 and the 5-Year Impact Factor is 4.277 (Â©\nJournal Citiation Reports 2010, Published by Thomson Reuters)\n","linknr":108,"url":"Artificial_Intelligence_(journal)","recorded":1376410479,"links":["/w/index.php?title=Artificial_Intelligence_(journal)&action=edit","/w/index.php?title=Artificial_Intelligence_(journal)&action=edit","//bits.wikimedia.org/favicon/wikipedia.ico","/w/opensearch_desc.php","//en.wikipedia.org/w/api.php?action=rsd","//creativecommons.org/licenses/by-sa/3.0/","/w/index.php?title=Special:RecentChanges&feed=atom","http://en.wikipedia.org/wiki/Artificial_Intelligence_(journal)","//bits.wikimedia.org/en.wikipedia.org/load.php?debug=false&lang=en&modules=ext.gadget.DRN-wizard%2CReferenceTooltips%2Ccharinsert%2Cteahouse%7Cext.rtlcite%2Cwikihiero%7Cext.uls.nojs%7Cmediawiki.legacy.commonPrint%2Cshared%7Cmw.PopUpMediaTransform%7Cskins.vector&only=styles&skin=vector&*","//bits.wikimedia.org/en.wikipedia.org/load.php?debug=false&lang=en&modules=ext.visualEditor.viewPageTarget.noscript&only=styles&skin=vector&*","//bits.wikimedia.org/en.wikipedia.org/load.php?debug=false&lang=en&modules=site&only=styles&skin=vector&*","//bits.wikimedia.org/en.wikipedia.org/load.php?debug=false&lang=en&modules=startup&only=scripts&skin=vector&*","//bits.wikimedia.org/geoiplookup","//meta.wikimedia.org","#mw-navigation","#p-search","/wiki/Help:Template","/wiki/Template:Infobox_journal","/wiki/Wikipedia:Templates_for_discussion/Log/2013_August_9#Template:Infobox_journal","/wiki/File:Artificial_Intelligence_(journal).gif","//upload.wikimedia.org/wikipedia/en/c/cb/Artificial_Intelligence_%28journal%29.gif","/wiki/List_of_academic_disciplines","/wiki/Artificial_intelligence","/wiki/Elsevier","/wiki/Netherlands","/wiki/Impact_factor","/wiki/International_Standard_Serial_Number","http://www.worldcat.org/issn/0004-3702","/wiki/Online_Computer_Library_Center","http://www.worldcat.org/oclc/38524874","http://www.elsevier.com/locate/artint","http://www.sciencedirect.com/science/journal/00043702","/wiki/Scientific_journal","/wiki/Artificial_intelligence","/wiki/Elsevier","/wiki/Scopus","/wiki/Science_Citation_Index","/wiki/Wikipedia:Citation_needed","/wiki/File:Book_Hexagonal_Icon.svg","//upload.wikimedia.org/wikipedia/commons/thumb/e/ed/Book_Hexagonal_Icon.svg/35px-Book_Hexagonal_Icon.svg.png","/wiki/Scientific_journal","/wiki/Wikipedia:Stub","//en.wikipedia.org/w/index.php?title=Artificial_Intelligence_(journal)&action=edit","/wiki/Template:Science-journal-stub","/wiki/Template_talk:Science-journal-stub","//en.wikipedia.org/w/index.php?title=Template:Science-journal-stub&action=edit","/wiki/Wikipedia:WikiProject_Academic_Journals/Writing_guide","/wiki/Talk:Artificial_Intelligence_(journal)","//en.wikipedia.org/w/index.php?title=Special:CentralAutoLogin/start&type=1x1&from=enwiki","http://en.wikipedia.org/w/index.php?title=Artificial_Intelligence_(journal)&oldid=466497861","/wiki/Help:Category","/wiki/Category:Computer_science_journals","/wiki/Category:Elsevier_academic_journals","/wiki/Category:Publications_established_in_1970","/wiki/Category:Scientific_journal_stubs","/wiki/Category:All_articles_with_unsourced_statements","/wiki/Category:Articles_with_unsourced_statements_from_January_2010","/w/index.php?title=Special:UserLogin&returnto=Artificial+Intelligence+%28journal%29&type=signup","/w/index.php?title=Special:UserLogin&returnto=Artificial+Intelligence+%28journal%29","/wiki/Artificial_Intelligence_(journal)","/wiki/Talk:Artificial_Intelligence_(journal)","#","/wiki/Artificial_Intelligence_(journal)","/w/index.php?title=Artificial_Intelligence_(journal)&action=edit","/w/index.php?title=Artificial_Intelligence_(journal)&veaction=edit","/w/index.php?title=Artificial_Intelligence_(journal)&action=history","#","/w/index.php","//bits.wikimedia.org/static-1.22wmf12/skins/vector/images/search-ltr.png?303-4","/wiki/Main_Page","/wiki/Main_Page","/wiki/Portal:Contents","/wiki/Portal:Featured_content","/wiki/Portal:Current_events","/wiki/Special:Random","https://donate.wikimedia.org/wiki/Special:FundraiserRedirector?utm_source=donate&utm_medium=sidebar&utm_campaign=C13_en.wikipedia.org&uselang=en","/wiki/Help:Contents","/wiki/Wikipedia:About","/wiki/Wikipedia:Community_portal","/wiki/Special:RecentChanges","//en.wikipedia.org/wiki/Wikipedia:Contact_us","/wiki/Special:WhatLinksHere/Artificial_Intelligence_(journal)","/wiki/Special:RecentChangesLinked/Artificial_Intelligence_(journal)","/wiki/Wikipedia:File_Upload_Wizard","/wiki/Special:SpecialPages","/w/index.php?title=Artificial_Intelligence_(journal)&oldid=466497861","/w/index.php?title=Artificial_Intelligence_(journal)&action=info","//www.wikidata.org/wiki/Q4801030","/w/index.php?title=Special:Cite&page=Artificial_Intelligence_%28journal%29&id=466497861","/w/index.php?title=Special:Book&bookcmd=book_creator&referer=Artificial+Intelligence+%28journal%29","/w/index.php?title=Special:Book&bookcmd=render_article&arttitle=Artificial+Intelligence+%28journal%29&oldid=466497861&writer=rl","/w/index.php?title=Artificial_Intelligence_(journal)&printable=yes","#","//www.wikidata.org/wiki/Q4801030#sitelinks-wikipedia","//en.wikipedia.org/wiki/Wikipedia:Text_of_Creative_Commons_Attribution-ShareAlike_3.0_Unported_License","//creativecommons.org/licenses/by-sa/3.0/","//wikimediafoundation.org/wiki/Terms_of_Use","//wikimediafoundation.org/wiki/Privacy_policy","//www.wikimediafoundation.org/","//wikimediafoundation.org/wiki/Privacy_policy","/wiki/Wikipedia:About","/wiki/Wikipedia:General_disclaimer","//en.wikipedia.org/wiki/Wikipedia:Contact_us","//en.m.wikipedia.org/wiki/Artificial_Intelligence_(journal)","//wikimediafoundation.org/","//bits.wikimedia.org/images/wikimedia-button.png","//www.mediawiki.org/","//bits.wikimedia.org/static-1.22wmf12/skins/common/images/poweredby_mediawiki_88x31.png","//bits.wikimedia.org/en.wikipedia.org/load.php?debug=false&lang=en&modules=site&only=scripts&skin=vector&*"],"instances":[],"pdf":[],"categories":["Computer science journals","Elsevier academic journals","Publications established in 1970"],"headings":[],"image":["//upload.wikimedia.org/wikipedia/en/c/cb/Artificial_Intelligence_%28journal%29.gif","//upload.wikimedia.org/wikipedia/commons/thumb/e/ed/Book_Hexagonal_Icon.svg/35px-Book_Hexagonal_Icon.svg.png","//en.wikipedia.org/w/index.php?title=Special:CentralAutoLogin/start&type=1x1&from=enwiki","//bits.wikimedia.org/static-1.22wmf12/skins/vector/images/search-ltr.png?303-4","//bits.wikimedia.org/images/wikimedia-button.png","//bits.wikimedia.org/static-1.22wmf12/skins/common/images/poweredby_mediawiki_88x31.png"],"tags":[],"members":[],"related":["Artificial_intelligence","Elsevier","Netherlands","Scientific_journal","Artificial_intelligence","Elsevier","Scopus","Science_Citation_Index"]}