{"cursor":"4202","size":15,"audio":[],"currentlang":"en","article":"\n\n'Artificial Intelligence System' (AIS) was a distributed computing project\nundertaken by Intelligence Realm, Inc. with the long-term goal of simulating the\nhuman brain in real time, complete with artificial consciousness and artificial\ngeneral intelligence. They claimed to have found, in research, the âmechanisms\nof knowledge representation in the brain which is equivalent to finding\nartificial intelligenceâ, before moving into the developmental phase.\n","linknr":248,"url":"Artificial_Intelligence_System","recorded":1376410074,"links":["/w/index.php?title=Artificial_Intelligence_System&action=edit","/w/index.php?title=Artificial_Intelligence_System&action=edit","//bits.wikimedia.org/favicon/wikipedia.ico","/w/opensearch_desc.php","//en.wikipedia.org/w/api.php?action=rsd","//creativecommons.org/licenses/by-sa/3.0/","/w/index.php?title=Special:RecentChanges&feed=atom","http://en.wikipedia.org/wiki/Artificial_Intelligence_System","//bits.wikimedia.org/en.wikipedia.org/load.php?debug=false&lang=en&modules=ext.gadget.DRN-wizard%2CReferenceTooltips%2Ccharinsert%2Cteahouse%7Cext.rtlcite%2Cwikihiero%7Cext.uls.nojs%7Cmediawiki.legacy.commonPrint%2Cshared%7Cmw.PopUpMediaTransform%7Cskins.vector&only=styles&skin=vector&*","//bits.wikimedia.org/en.wikipedia.org/load.php?debug=false&lang=en&modules=ext.visualEditor.viewPageTarget.noscript&only=styles&skin=vector&*","//bits.wikimedia.org/en.wikipedia.org/load.php?debug=false&lang=en&modules=site&only=styles&skin=vector&*","//bits.wikimedia.org/en.wikipedia.org/load.php?debug=false&lang=en&modules=startup&only=scripts&skin=vector&*","//bits.wikimedia.org/geoiplookup","//meta.wikimedia.org","#mw-navigation","#p-search","/wiki/Artificial_Intelligence","//upload.wikimedia.org/wikipedia/en/f/f4/Ambox_content.png","/wiki/Wikipedia:NOT#SOAPBOX","//en.wikipedia.org/w/index.php?title=Artificial_Intelligence_System&action=edit","/wiki/Wikipedia:Neutral_point_of_view","/wiki/Wikipedia:EL","/wiki/Distributed_computing","/wiki/Artificial_consciousness","/wiki/Artificial_general_intelligence","#cite_note-1","/w/index.php?title=Artificial_Intelligence_System&action=edit&section=1","/w/index.php?title=Artificial_Intelligence_System&veaction=edit&section=1","/w/index.php?title=Eugene_M._Izhikevich&action=edit&redlink=1","/wiki/San_Diego,_California","/wiki/Cluster_(computing)","#cite_note-2","#cite_note-3","#cite_note-4","/wiki/Artificial_neural_network","/wiki/Hodgkin-Huxley_model","/wiki/Wikipedia:Citation_needed","/wiki/BOINC","/wiki/Wikipedia:Citation_needed","/wiki/Neuron","/wiki/Wikipedia:Citation_needed","/wiki/Wikipedia:Citation_needed","/wiki/Genetic_algorithms","/wiki/Hodgkin-Huxley_model","#cite_note-5","/wiki/BOINC","/w/index.php?title=Artificial_Intelligence_System&action=edit&section=2","/w/index.php?title=Artificial_Intelligence_System&veaction=edit&section=2","/wiki/Blue_Brain","/wiki/Simulated_reality","/w/index.php?title=Artificial_Intelligence_System&action=edit&section=3","/w/index.php?title=Artificial_Intelligence_System&veaction=edit&section=3","#cite_ref-1","http://www.ovguide.com/artificial-intelligence-system-9202a8c04000641f8000000007b55d02#","#cite_ref-2","http://www.izhikevich.org/human_brain_simulation/Blue_Brain.htm#Computer%20Model%20of%20the%20Human%20Brain","#cite_ref-3","http://www.izhikevich.org/human_brain_simulation/why.htm","#cite_ref-4","http://www.information-age.com/channels/development-and-integration/perspectives-and-trends/1053102/the-distributed-brain.thtml","http://web.archive.org/web/20110720194758/http://www.information-age.com/channels/development-and-integration/perspectives-and-trends/1053102/the-distributed-brain.thtml","#cite_ref-5","/wiki/Template:BOINC_topics","/wiki/Template_talk:BOINC_topics","//en.wikipedia.org/w/index.php?title=Template:BOINC_topics&action=edit","/wiki/Berkeley_Open_Infrastructure_for_Network_Computing","/wiki/Distributed_computing","/wiki/ABC@Home","/w/index.php?title=Asteroids@home&action=edit&redlink=1","/w/index.php?title=CAS@home&action=edit&redlink=1","/wiki/Climateprediction.net","/wiki/DistrRTgen","/wiki/Einstein@Home","/w/index.php?title=Enigma@Home&action=edit&redlink=1","/wiki/FreeHAL","/wiki/Ibercivis","/wiki/The_Lattice_Project","/wiki/Leiden_Classical","/wiki/LHC@home","/wiki/Malaria_Control_Project","/wiki/MilkyWay@home","/w/index.php?title=NFS@Home&action=edit&redlink=1","/wiki/PrimeGrid","/wiki/Quake-Catcher_Network","/wiki/Rosetta@home","/wiki/SETI@home","/wiki/Astropulse","/wiki/SIMAP","/wiki/SZTAKI_Desktop_Grid","/wiki/World_Community_Grid","/wiki/Big_and_Ugly_Rendering_Project","/wiki/Climateprediction.net","/w/index.php?title=Collatz_Conjecture_(BOINC)&action=edit&redlink=1","/w/index.php?title=Constellation_(platform)&action=edit&redlink=1","/wiki/Cosmology@Home","/wiki/Docking@Home","/w/index.php?title=EDGeS@Home&action=edit&redlink=1","/wiki/GPUGRID.net","/wiki/Ibercivis","/wiki/The_Lattice_Project","/wiki/MindModeling@Home","/wiki/POEM@Home","/wiki/QMC@Home","/wiki/Renderfarm.fi","/wiki/RNA_World","/wiki/SETI@home_beta","/wiki/Spinhenge@Home","/w/index.php?title=Superlink@Technion&action=edit&redlink=1","/w/index.php?title=Test4Theory&action=edit&redlink=1","/w/index.php?title=WEP-M%2B2_Project&action=edit&redlink=1","/wiki/Yoyo@home","/w/index.php?title=ABC_Lattices_@Home&action=edit&redlink=1","/w/index.php?title=Albert@Home&action=edit&redlink=1","/w/index.php?title=AlmereGrid_Boinc_Grid&action=edit&redlink=1","/w/index.php?title=CAS@home&action=edit&redlink=1","/w/index.php?title=Chess960@home&action=edit&redlink=1","/w/index.php?title=Correlizer&action=edit&redlink=1","/w/index.php?title=DistributedDataMining&action=edit&redlink=1","/w/index.php?title=DNA@Home&action=edit&redlink=1","/w/index.php?title=Donate@Home&action=edit&redlink=1","/w/index.php?title=DrugDiscovery@Home&action=edit&redlink=1","/wiki/EOn","/w/index.php?title=FightMalaria@Home&action=edit&redlink=1","/w/index.php?title=Magnetism@home&action=edit&redlink=1","/wiki/Moo!_Wrapper","/w/index.php?title=NFS@Home&action=edit&redlink=1","/w/index.php?title=NumberFields@home&action=edit&redlink=1","/w/index.php?title=Pirates@home&action=edit&redlink=1","/w/index.php?title=Primaboinca&action=edit&redlink=1","/w/index.php?title=QuantumFIRE&action=edit&redlink=1","/w/index.php?title=RADIOACTIVE@HOME&action=edit&redlink=1","/wiki/Rosetta@home","/w/index.php?title=SAT@home&action=edit&redlink=1","/w/index.php?title=Simulation_One&action=edit&redlink=1","/wiki/SLinCA@Home","/w/index.php?title=SubsetSum@Home&action=edit&redlink=1","/w/index.php?title=Sudoku@vtaiwan&action=edit&redlink=1","/w/index.php?title=Sustainable_Grid&action=edit&redlink=1","/w/index.php?title=TheSkyNet_POGS&action=edit&redlink=1","/w/index.php?title=Virtual_Prairie&action=edit&redlink=1","/w/index.php?title=Volpex&action=edit&redlink=1","/w/index.php?title=VGTU@Home&action=edit&redlink=1","/w/index.php?title=WUProp@Home&action=edit&redlink=1","/w/index.php?title=YAFU&action=edit&redlink=1","/wiki/PlanetQuest","/wiki/BOINC_client%E2%80%93server_technology","/wiki/BOINC_Credit_System","/w/index.php?title=Collatz_Conjecture_(BOINC)&action=edit&redlink=1","/w/index.php?title=APS@Home&action=edit&redlink=1","/wiki/AQUA@home","/wiki/BBC_Climate_Change_Experiment","/w/index.php?title=Biochemical_Library&action=edit&redlink=1","/w/index.php?title=BRaTS@Home&action=edit&redlink=1","/wiki/Cell_Computing","/w/index.php?title=Cels@Home&action=edit&redlink=1","/w/index.php?title=DepSpid&action=edit&redlink=1","/wiki/DNETC@HOME","/w/index.php?title=DynaPing&action=edit&redlink=1","/w/index.php?title=Eternity2.net&action=edit&redlink=1","/w/index.php?title=Genetic_Life&action=edit&redlink=1","/w/index.php?title=Goldbach%27s_Conjecture_Project&action=edit&redlink=1","/wiki/HashClash","/w/index.php?title=Hydrogen@Home&action=edit&redlink=1","/w/index.php?title=Mersenne@home&action=edit&redlink=1","/wiki/%CE%9CFluids@Home","/wiki/Nano-Hive@Home","/w/index.php?title=NQueens@home&action=edit&redlink=1","/wiki/Orbit@home","/wiki/Predictor@home","/wiki/Proteins@home","/w/index.php?title=Ramsey@Home&action=edit&redlink=1","/w/index.php?title=Rectilinear_Crossing_Number&action=edit&redlink=1","/wiki/Reversi","/wiki/Riesel_Sieve","/w/index.php?title=RND@home&action=edit&redlink=1","/w/index.php?title=RSA_Lattice_Siever&action=edit&redlink=1","/w/index.php?title=SciLINC&action=edit&redlink=1","/wiki/Seasonal_Attribution_Project","/w/index.php?title=SHA-1_Collision_Search_Graz&action=edit&redlink=1","/w/index.php?title=Sudoku_project&action=edit&redlink=1","/w/index.php?title=Surveill@Home&action=edit&redlink=1","/wiki/TANPAKU","/w/index.php?title=Virus_Respiratorio_Sincitial&action=edit&redlink=1","/wiki/XtremLab","//en.wikipedia.org/w/index.php?title=Special:CentralAutoLogin/start&type=1x1&from=enwiki","http://en.wikipedia.org/w/index.php?title=Artificial_Intelligence_System&oldid=562915826","/wiki/Help:Category","/wiki/Category:Berkeley_Open_Infrastructure_for_Network_Computing_projects","/wiki/Category:Computational_neuroscience","/wiki/Category:Artificial_intelligence","/wiki/Category:Neural_networks","/wiki/Category:Articles_with_a_promotional_tone_from_August_2010","/wiki/Category:All_articles_with_a_promotional_tone","/wiki/Category:All_articles_with_unsourced_statements","/wiki/Category:Articles_with_unsourced_statements_from_June_2011","/w/index.php?title=Special:UserLogin&returnto=Artificial+Intelligence+System&type=signup","/w/index.php?title=Special:UserLogin&returnto=Artificial+Intelligence+System","/wiki/Artificial_Intelligence_System","/wiki/Talk:Artificial_Intelligence_System","#","/wiki/Artificial_Intelligence_System","/w/index.php?title=Artificial_Intelligence_System&action=edit","/w/index.php?title=Artificial_Intelligence_System&veaction=edit","/w/index.php?title=Artificial_Intelligence_System&action=history","#","/w/index.php","//bits.wikimedia.org/static-1.22wmf12/skins/vector/images/search-ltr.png?303-4","/wiki/Main_Page","/wiki/Main_Page","/wiki/Portal:Contents","/wiki/Portal:Featured_content","/wiki/Portal:Current_events","/wiki/Special:Random","https://donate.wikimedia.org/wiki/Special:FundraiserRedirector?utm_source=donate&utm_medium=sidebar&utm_campaign=C13_en.wikipedia.org&uselang=en","/wiki/Help:Contents","/wiki/Wikipedia:About","/wiki/Wikipedia:Community_portal","/wiki/Special:RecentChanges","//en.wikipedia.org/wiki/Wikipedia:Contact_us","/wiki/Special:WhatLinksHere/Artificial_Intelligence_System","/wiki/Special:RecentChangesLinked/Artificial_Intelligence_System","/wiki/Wikipedia:File_Upload_Wizard","/wiki/Special:SpecialPages","/w/index.php?title=Artificial_Intelligence_System&oldid=562915826","/w/index.php?title=Artificial_Intelligence_System&action=info","//www.wikidata.org/wiki/Q712503","/w/index.php?title=Special:Cite&page=Artificial_Intelligence_System&id=562915826","/w/index.php?title=Special:Book&bookcmd=book_creator&referer=Artificial+Intelligence+System","/w/index.php?title=Special:Book&bookcmd=render_article&arttitle=Artificial+Intelligence+System&oldid=562915826&writer=rl","/w/index.php?title=Artificial_Intelligence_System&printable=yes","//de.wikipedia.org/wiki/Artificial_Intelligence_System","//it.wikipedia.org/wiki/Artificial_Intelligence_System","#","//www.wikidata.org/wiki/Q712503#sitelinks-wikipedia","//en.wikipedia.org/wiki/Wikipedia:Text_of_Creative_Commons_Attribution-ShareAlike_3.0_Unported_License","//creativecommons.org/licenses/by-sa/3.0/","//wikimediafoundation.org/wiki/Terms_of_Use","//wikimediafoundation.org/wiki/Privacy_policy","//www.wikimediafoundation.org/","//wikimediafoundation.org/wiki/Privacy_policy","/wiki/Wikipedia:About","/wiki/Wikipedia:General_disclaimer","//en.wikipedia.org/wiki/Wikipedia:Contact_us","//en.m.wikipedia.org/wiki/Artificial_Intelligence_System","//wikimediafoundation.org/","//bits.wikimedia.org/images/wikimedia-button.png","//www.mediawiki.org/","//bits.wikimedia.org/static-1.22wmf12/skins/common/images/poweredby_mediawiki_88x31.png","//bits.wikimedia.org/en.wikipedia.org/load.php?debug=false&lang=en&modules=site&only=scripts&skin=vector&*"],"instances":["computing"],"pdf":[],"categories":["Computational neuroscience","Artificial intelligence","Berkeley Open Infrastructure for Network Computing projects","Neural networks"],"headings":["Science","See also","References"],"image":["//upload.wikimedia.org/wikipedia/en/f/f4/Ambox_content.png","//en.wikipedia.org/w/index.php?title=Special:CentralAutoLogin/start&type=1x1&from=enwiki","//bits.wikimedia.org/static-1.22wmf12/skins/vector/images/search-ltr.png?303-4","//bits.wikimedia.org/images/wikimedia-button.png","//bits.wikimedia.org/static-1.22wmf12/skins/common/images/poweredby_mediawiki_88x31.png"],"tags":[["cluster","computing"]],"members":["cluster"],"related":["Distributed_computing","Artificial_consciousness","Artificial_general_intelligence","Eugene_M._Izhikevich","San_Diego,_California","Cluster_(computing)","Artificial_neural_network","Hodgkin-Huxley_model","BOINC","Neuron","Genetic_algorithms","Hodgkin-Huxley_model","BOINC","Blue_Brain","Simulated_reality"]}