{"cursor":"23","size":15,"audio":[],"currentlang":"en","article":"#REDIRECTProsthesis\n","linknr":743,"url":"artificial_limb","recorded":1376421026,"links":["/w/index.php?title=Prosthesis&action=edit","/w/index.php?title=Prosthesis&action=edit","//bits.wikimedia.org/favicon/wikipedia.ico","/w/opensearch_desc.php","//en.wikipedia.org/w/api.php?action=rsd","//creativecommons.org/licenses/by-sa/3.0/","/w/index.php?title=Special:RecentChanges&feed=atom","http://en.wikipedia.org/wiki/Prosthesis","//bits.wikimedia.org/en.wikipedia.org/load.php?debug=false&lang=en&modules=ext.gadget.DRN-wizard%2CReferenceTooltips%2Ccharinsert%2Cteahouse%7Cext.rtlcite%2Cwikihiero%7Cext.uls.nojs%7Cmediawiki.legacy.commonPrint%2Cshared%7Cmw.PopUpMediaTransform%7Cskins.vector&only=styles&skin=vector&*","//bits.wikimedia.org/en.wikipedia.org/load.php?debug=false&lang=en&modules=ext.visualEditor.viewPageTarget.noscript&only=styles&skin=vector&*","//bits.wikimedia.org/en.wikipedia.org/load.php?debug=false&lang=en&modules=site&only=styles&skin=vector&*","//bits.wikimedia.org/en.wikipedia.org/load.php?debug=false&lang=en&modules=startup&only=scripts&skin=vector&*","//bits.wikimedia.org/geoiplookup","//meta.wikimedia.org","/w/index.php?title=Artificial_limb&redirect=no","#mw-navigation","#p-search","/wiki/Prosthesis_(disambiguation)","/wiki/Orthotic","/wiki/File:Army_prosthetic.jpg","//upload.wikimedia.org/wikipedia/commons/thumb/7/71/Army_prosthetic.jpg/250px-Army_prosthetic.jpg","/wiki/File:Army_prosthetic.jpg","//bits.wikimedia.org/static-1.22wmf12/skins/common/images/magnify-clip.png","/wiki/Table_football","/wiki/Disability","/wiki/Disability_studies","/wiki/Ableism","/wiki/Medical_model_of_disability","/wiki/Social_model_of_disability","/wiki/Mainstreaming_(education)","/wiki/Individualized_Education_Program","/wiki/Special_needs","/wiki/Special_school","/wiki/Special_education","/wiki/Learning_disability","/wiki/Physical_therapy","/wiki/Occupational_therapy","/wiki/Speech-language_pathology","/wiki/Disability_rights_movement","/wiki/Inclusion_(disability_rights)","/wiki/People-first_language","/wiki/List_of_disability-related_terms_with_negative_connotations","/wiki/Personal_care_assistant","/wiki/Activities_of_daily_living","/wiki/Orthotics","/wiki/Assistive_technology","/wiki/Assisted_living","/wiki/Mobility_aid","/wiki/Accessibility","/wiki/Universal_design","/wiki/Web_accessibility","/wiki/Social_Security_Disability_Insurance","/wiki/Supplemental_Security_Income","/wiki/Ticket_to_Work","/wiki/Disability_Living_Allowance","/wiki/Disabled_students_allowance","/wiki/Disabled_Persons_Railcard","/wiki/Freedom_Pass","/wiki/Society_for_Disability_Studies","/wiki/Disabled_Peoples%27_International","/w/index.php?title=Council_of_Canadians_with_Disabilities&action=edit&redlink=1","/wiki/Reach_Canada","/wiki/Visitability","/wiki/Disabled_sports","/wiki/Special_Olympics","/wiki/Paralympic_Games","/wiki/Deaflympics","/wiki/Extremity_Games","/wiki/Disability_culture","/wiki/Disability_in_the_arts","/wiki/Disability_art","/wiki/Disability_in_the_media","//upload.wikimedia.org/wikipedia/commons/thumb/e/eb/Handicapped_Accessible_sign.svg/16px-Handicapped_Accessible_sign.svg.png","/wiki/Portal:Disability","//upload.wikimedia.org/wikipedia/en/thumb/4/48/Folder_Hexagonal_Icon.svg/16px-Folder_Hexagonal_Icon.svg.png","/wiki/Category:Disability","//upload.wikimedia.org/wikipedia/en/thumb/4/48/Folder_Hexagonal_Icon.svg/16px-Folder_Hexagonal_Icon.svg.png","/wiki/Category:Disability_lists","/wiki/Template:Disability_sidebar","/wiki/Template_talk:Disability_sidebar","//en.wikipedia.org/w/index.php?title=Template:Disability_sidebar&action=edit","/wiki/Medicine","/wiki/Ancient_Greek","#cite_note-1","/wiki/Body","#Types","#History","#Lower_extremity_modern_history","#Current_technology.2Fmanufacturing","#Body-powered_arms","#Sockets","#Wrists","#Voluntary_opening_and_voluntary_closing","#Feedback","#Terminal_devices","#Hooks","#Hands","#Commercial_providers.2C_materials","#Lower_extremity_prosthetics","#Socket","#Shank_.26_Connectors","#Foot","#Knee-joint","#Microprocessor_Controlled","#Myoelectric","#Robotic_prostheses","#Robotic_arms","#Robotic_legs","#Attachment_to_the_body","#Direct_bone_attachment_.2F_osseointegration","#Cosmesis","#Cognition","#Prosthetic_enhancement","#Design_considerations","#Performance","#Other","#Cost","#High-cost","#Low-cost","#Open-source","#.28Low_cost.29_Prosthetics_for_Children","#Pole_and_Crutch","#.28Bamboo.29_PVC.2FPlaster_limbs","#Adjustable_Bicycle_Limb.3B","#Sathi_Limb","#Monolimb","#References","#External_links","/w/index.php?title=Prosthesis&action=edit&section=1","/w/index.php?title=Prosthesis&veaction=edit&section=1","/wiki/File:Wtcrun-001.jpg","//upload.wikimedia.org/wikipedia/en/thumb/e/e4/Wtcrun-001.jpg/220px-Wtcrun-001.jpg","/wiki/File:Wtcrun-001.jpg","//bits.wikimedia.org/static-1.22wmf12/skins/common/images/magnify-clip.png","/wiki/United_States_Marine_Corps","/wiki/Craniofacial_prosthesis","/wiki/Somato_prosthesis","/wiki/Craniofacial_prosthesis","/wiki/Orbital_prosthesis","/wiki/Ocular_prosthesis","/wiki/Dentures","/wiki/Obturator","/wiki/Dental_implants","/wiki/Breast_prostheses","/wiki/Prostheses","/wiki/Breast_prostheses","/wiki/Nipple_prosthesis","/wiki/Transhumeral_prosthesis","/wiki/Transradial_prosthesis","/wiki/Transfemoral_prosthesis","/wiki/Transtibial_prosthesis","/wiki/Transhumeral_prosthesis","/wiki/Transradial_prosthesis","/wiki/Myoelectric","/wiki/Electrode","/wiki/Arm","/wiki/Transfemoral_prosthesis","#cite_note-four-2","#cite_note-3","/wiki/Transtibial_prosthesis","/wiki/Musical_Prostheses","/w/index.php?title=Prosthesis&action=edit&section=2","/w/index.php?title=Prosthesis&veaction=edit&section=2","/wiki/File:Prosthetic_toe.jpg","//upload.wikimedia.org/wikipedia/commons/thumb/6/67/Prosthetic_toe.jpg/220px-Prosthetic_toe.jpg","/wiki/File:Prosthetic_toe.jpg","//bits.wikimedia.org/static-1.22wmf12/skins/common/images/magnify-clip.png","/wiki/Vishpala","/wiki/Rigveda","#cite_note-4","/wiki/New_Kingdom","#cite_note-5","/wiki/Crown_(dentistry)","#cite_note-6","/wiki/Herodotus","/wiki/Hegesistratus","/wiki/Divination","/wiki/Sparta","#cite_note-7","/wiki/Pliny_the_Elder","#cite_note-8","/wiki/G%C3%B6tz_von_Berlichingen","/wiki/File:A_Visit_To_the_Artificial_Limbs_Factory,_Queen_Mary%27s_Hospital,_Roehampton,_November_1941_D5731.jpg","//upload.wikimedia.org/wikipedia/commons/thumb/7/72/A_Visit_To_the_Artificial_Limbs_Factory%2C_Queen_Mary%27s_Hospital%2C_Roehampton%2C_November_1941_D5731.jpg/220px-A_Visit_To_the_Artificial_Limbs_Factory%2C_Queen_Mary%27s_Hospital%2C_Roehampton%2C_November_1941_D5731.jpg","/wiki/File:A_Visit_To_the_Artificial_Limbs_Factory,_Queen_Mary%27s_Hospital,_Roehampton,_November_1941_D5731.jpg","//bits.wikimedia.org/static-1.22wmf12/skins/common/images/magnify-clip.png","/wiki/Fran%C3%A7ois_de_la_Noue","/wiki/Cavalier_de_la_Salle","#cite_note-9","/wiki/G%C3%B6tz_von_Berlichingen","#cite_note-10","/w/index.php?title=Pieter_Verduyn&action=edit&redlink=1","/w/index.php?title=James_Potts&action=edit&redlink=1","/wiki/James_Syme","/wiki/Benjamin_Palmer","/w/index.php?title=Dubois_Parmlee&action=edit&redlink=1","/wiki/Marcel_Desoutter","/w/index.php?title=Charles_Desoutter&action=edit&redlink=1","#cite_note-11","/w/index.php?title=Prosthesis&action=edit&section=3","/w/index.php?title=Prosthesis&veaction=edit&section=3","#cite_note-Long-12","#cite_note-Gottschalk-Kourosh-Stills-13","#cite_note-14","#cite_note-PikeAlvin-15","/w/index.php?title=Prosthesis&action=edit&section=4","/w/index.php?title=Prosthesis&veaction=edit&section=4","/wiki/File:WorkNC-Knee_prosthesis.jpg","//upload.wikimedia.org/wikipedia/commons/thumb/0/0b/WorkNC-Knee_prosthesis.jpg/250px-WorkNC-Knee_prosthesis.jpg","/wiki/File:WorkNC-Knee_prosthesis.jpg","//bits.wikimedia.org/static-1.22wmf12/skins/common/images/magnify-clip.png","/wiki/WorkNC","/wiki/Computer_Aided_Manufacturing","/wiki/Carbon_fiber","#cite_note-three-16","/wiki/File:Journal.pone.0019508.g004_prosthetic_finger.png","//upload.wikimedia.org/wikipedia/commons/thumb/a/aa/Journal.pone.0019508.g004_prosthetic_finger.png/220px-Journal.pone.0019508.g004_prosthetic_finger.png","/wiki/File:Journal.pone.0019508.g004_prosthetic_finger.png","//bits.wikimedia.org/static-1.22wmf12/skins/common/images/magnify-clip.png","/wiki/CAD/CAM","#cite_note-three-16","/wiki/Suction","#cite_note-four-2","#cite_note-three-16","/wiki/Thermoplastic","/wiki/Vacuum_forming","/wiki/Injection_molding","/wiki/Die_casting","/w/index.php?title=Prosthesis&action=edit&section=5","/w/index.php?title=Prosthesis&veaction=edit&section=5","/w/index.php?title=Prosthesis&action=edit&section=6","/w/index.php?title=Prosthesis&veaction=edit&section=6","/w/index.php?title=Prosthesis&action=edit&section=7","/w/index.php?title=Prosthesis&veaction=edit&section=7","/w/index.php?title=Prosthesis&action=edit&section=8","/w/index.php?title=Prosthesis&veaction=edit&section=8","/w/index.php?title=Prosthesis&action=edit&section=9","/w/index.php?title=Prosthesis&veaction=edit&section=9","/w/index.php?title=Prosthesis&action=edit&section=10","/w/index.php?title=Prosthesis&veaction=edit&section=10","/w/index.php?title=Prosthesis&action=edit&section=11","/w/index.php?title=Prosthesis&veaction=edit&section=11","/w/index.php?title=Prosthesis&action=edit&section=12","/w/index.php?title=Prosthesis&veaction=edit&section=12","#cite_note-17","/w/index.php?title=Prosthesis&action=edit&section=13","/w/index.php?title=Prosthesis&veaction=edit&section=13","/wiki/File:Myoelectric_prosthetic_arm.jpg","//upload.wikimedia.org/wikipedia/commons/thumb/6/6e/Myoelectric_prosthetic_arm.jpg/220px-Myoelectric_prosthetic_arm.jpg","/wiki/File:Myoelectric_prosthetic_arm.jpg","//bits.wikimedia.org/static-1.22wmf12/skins/common/images/magnify-clip.png","/wiki/Owen_Wilson","/w/index.php?title=Prosthesis&action=edit&section=14","/w/index.php?title=Prosthesis&veaction=edit&section=14","#cite_note-18","/w/index.php?title=Prosthesis&action=edit&section=15","/w/index.php?title=Prosthesis&veaction=edit&section=15","#cite_note-19","/w/index.php?title=Prosthesis&action=edit&section=16","/w/index.php?title=Prosthesis&veaction=edit&section=16","#cite_note-20","/w/index.php?title=Prosthesis&action=edit&section=17","/w/index.php?title=Prosthesis&veaction=edit&section=17","#cite_note-21","#cite_note-22","#cite_note-23","/w/index.php?title=Prosthesis&action=edit&section=18","/w/index.php?title=Prosthesis&veaction=edit&section=18","/w/index.php?title=Prosthesis&action=edit&section=19","/w/index.php?title=Prosthesis&veaction=edit&section=19","/wiki/File:CLegProfile.jpg","//upload.wikimedia.org/wikipedia/en/0/0e/CLegProfile.jpg","/wiki/Otto_Bock","/wiki/Ossur","#cite_note-24","#cite_note-25","/wiki/University_of_Alberta","#cite_note-26","/wiki/Hydraulic_cylinders","/wiki/Hydraulic_fluid","#cite_note-PikeAlvin-15","#cite_note-MartinCraigW-27","/w/index.php?title=Prosthesis&action=edit&section=20","/w/index.php?title=Prosthesis&veaction=edit&section=20","/wiki/Electromyography","/w/index.php?title=Central_Prosthetic_Research_Institute&action=edit&redlink=1","/wiki/Soviet_Union","/w/index.php?title=Hangar_Limb_Factory&action=edit&redlink=1","/wiki/United_Kingdom","#cite_note-28","#cite_note-29","/w/index.php?title=Prosthesis&action=edit&section=21","/w/index.php?title=Prosthesis&veaction=edit&section=21","/wiki/Neural_prosthetics","/wiki/Powered_exoskeleton#Current_exoskeletons","/wiki/Robotics#Touch","/wiki/Biosensors","/wiki/Myoelectric_prosthesis","/wiki/Controller_(computing)","/wiki/Actuator","/wiki/Motor_nerve","/wiki/Muscle","/wiki/Surgery","/wiki/Pectoralis_major","#cite_note-six-30","#cite_note-31","/wiki/Sensory_nerve","/wiki/Skin","#cite_note-six-30","/wiki/Human_brain","/wiki/DARPA","/wiki/Nervous_system","#cite_note-seven-32","/w/index.php?title=Prosthesis&action=edit&section=22","/w/index.php?title=Prosthesis&veaction=edit&section=22","/wiki/Boston_Digital_Arm","/w/index.php?title=I-Limb_hand&action=edit&redlink=1","/wiki/David_Gow","#cite_note-five-33","/wiki/Limbless_Association","/wiki/National_Health_Service","#cite_note-34","/w/index.php?title=Touch_Bionics&action=edit&redlink=1","#cite_note-35","/wiki/Livingston,_Scotland","#cite_note-36","/wiki/Time_(magazine)","#cite_note-37","/wiki/Johns_Hopkins_University_Applied_Physics_Laboratory","/w/index.php?title=Proto_1&action=edit&redlink=1","/w/index.php?title=Proto_1&action=edit&redlink=1","/wiki/Proto_2","#cite_note-38","#cite_note-39","#cite_note-40","#cite_note-41","/w/index.php?title=Prosthesis&action=edit&section=23","/w/index.php?title=Prosthesis&veaction=edit&section=23","/wiki/Robotic_leg","/wiki/Argo_Medical_Technologies","/wiki/ReWalk","/wiki/Wheelchair","#cite_note-42","/w/index.php?title=Prosthesis&action=edit&section=24","/w/index.php?title=Prosthesis&veaction=edit&section=24","/w/index.php?title=Prosthesis&action=edit&section=25","/w/index.php?title=Prosthesis&veaction=edit&section=25","/wiki/Osseointegration","/wiki/Osseointegration","/w/index.php?title=Exoprosthesis&action=edit&redlink=1","/wiki/Osseointegration","#cite_note-four-2","/w/index.php?title=Prosthesis&action=edit&section=26","/w/index.php?title=Prosthesis&veaction=edit&section=26","/wiki/Cosmesis","/wiki/Silicone","/wiki/PVC","/w/index.php?title=Prosthesis&action=edit&section=27","/w/index.php?title=Prosthesis&veaction=edit&section=27","/wiki/Neuroprosthetics","/wiki/Executive_function","/wiki/Attention","/wiki/Stroke","/wiki/Traumatic_brain_injury","/wiki/Cerebral_palsy","/wiki/Autism","/wiki/Alzheimer%27s_disease","#cite_note-Serruya_MD.2C_Kahana_MJ_2008_149-43","http://cat.inist.fr/?aModele=afficheN&cpsidt=15764275","http://www.neuropage.nhs.uk/default.asp?id=","http://www.ablelinktech.com/","http://stir.academia.edu/AlexGillespie/Papers/97289/Simulating-naturalistic-instruction--The-case-for-a-voice-mediated-interface-for-assistive-technology-for-cognition","/wiki/Activities_of_daily_living","/w/index.php?title=Prosthesis&action=edit&section=28","/w/index.php?title=Prosthesis&veaction=edit&section=28","/wiki/Powered_exoskeleton#Research","/wiki/File:Flickr_-_The_U.S._Army_-_U.S._Army_World_Class_Athlete_Program_Paralympic.jpg","//upload.wikimedia.org/wikipedia/commons/thumb/8/8c/Flickr_-_The_U.S._Army_-_U.S._Army_World_Class_Athlete_Program_Paralympic.jpg/200px-Flickr_-_The_U.S._Army_-_U.S._Army_World_Class_Athlete_Program_Paralympic.jpg","/wiki/File:Flickr_-_The_U.S._Army_-_U.S._Army_World_Class_Athlete_Program_Paralympic.jpg","//bits.wikimedia.org/static-1.22wmf12/skins/common/images/magnify-clip.png","/wiki/Congenital","/wiki/Scientific_community","/wiki/Kevin_Warwick","/wiki/Electrode_array","/wiki/Electrode","/wiki/Median_nerve","/wiki/Robot_arm","#cite_note-Warwick.2CK_1373-44","/wiki/DEKA","/wiki/Dean_Kamen","#cite_note-spectrum.ieee.org-45","/wiki/Oscar_Pistorius","/wiki/2008_Summer_Olympics","/wiki/2008_Summer_Paralympics","/wiki/2012_Summer_Olympics","#cite_note-46","/wiki/Athletics_at_the_2012_Summer_Olympics_%E2%80%93_Men%27s_400_metres","#cite_note-BBC_20120804-47","#cite_note-48","#cite_note-49","/wiki/Athletics_at_the_2012_Summer_Olympics_%E2%80%93_Men%27s_4_%C3%97_400_metres_relay","#cite_note-50","/wiki/2012_Summer_Paralympics","#cite_note-51","/w/index.php?title=Prosthesis&action=edit&section=29","/w/index.php?title=Prosthesis&veaction=edit&section=29","/w/index.php?title=Prosthesis&action=edit&section=30","/w/index.php?title=Prosthesis&veaction=edit&section=30","/w/index.php?title=Prosthesis&action=edit&section=31","/w/index.php?title=Prosthesis&veaction=edit&section=31","/w/index.php?title=Prosthesis&action=edit&section=32","/w/index.php?title=Prosthesis&veaction=edit&section=32","/w/index.php?title=Prosthesis&action=edit&section=33","/w/index.php?title=Prosthesis&veaction=edit&section=33","//upload.wikimedia.org/wikipedia/en/f/f4/Ambox_content.png","//en.wikipedia.org/w/index.php?title=Prosthesis&action=edit","/wiki/Talk:Prosthesis","/wiki/File:Question_book-new.svg","//upload.wikimedia.org/wikipedia/en/thumb/9/99/Question_book-new.svg/50px-Question_book-new.svg.png","/wiki/Wikipedia:Verifiability","/wiki/Wikipedia:No_original_research#Primary.2C_secondary_and_tertiary_sources","/wiki/Wikipedia:No_original_research#Primary.2C_secondary_and_tertiary_sources","//upload.wikimedia.org/wikipedia/en/f/f4/Ambox_content.png","/wiki/Wikipedia:NOT#SOAPBOX","//en.wikipedia.org/w/index.php?title=Prosthesis&action=edit","/wiki/Wikipedia:Neutral_point_of_view","/wiki/Wikipedia:EL","/wiki/United_States_dollar","/wiki/Wear_and_tear","#cite_note-eight-52","#cite_note-53","/w/index.php?title=Prosthesis&action=edit&section=34","/w/index.php?title=Prosthesis&veaction=edit&section=34","#cite_note-54","#cite_note-55","/wiki/File:Low_cost_prosthetic_limbs.jpg","//upload.wikimedia.org/wikipedia/commons/thumb/1/18/Low_cost_prosthetic_limbs.jpg/220px-Low_cost_prosthetic_limbs.jpg","/wiki/File:Low_cost_prosthetic_limbs.jpg","//bits.wikimedia.org/static-1.22wmf12/skins/common/images/magnify-clip.png","/wiki/Index:_Award","/wiki/United_States_dollar","/wiki/Fiberglass","#cite_note-56","/w/index.php?title=Seattle_Foot&action=edit&redlink=1","/w/index.php?title=Seattle_Limb_Systems&action=edit&redlink=1","/w/index.php?title=Energy_Storing_Prosthetic_Foot&action=edit&redlink=1","/wiki/Jaipur_leg","/wiki/Jaipur","/wiki/India","/w/index.php?title=Prosthesis&action=edit&section=35","/w/index.php?title=Prosthesis&veaction=edit&section=35","#cite_note-57","#cite_note-58","/w/index.php?title=Prosthesis&action=edit&section=36","/w/index.php?title=Prosthesis&veaction=edit&section=36","#cite_note-59","#cite_note-60","#cite_note-61","/w/index.php?title=Prosthesis&action=edit&section=37","/w/index.php?title=Prosthesis&veaction=edit&section=37","#cite_note-ReferenceA-62","/w/index.php?title=Prosthesis&action=edit&section=38","/w/index.php?title=Prosthesis&veaction=edit&section=38","#cite_note-63","/w/index.php?title=Prosthesis&action=edit&section=39","/w/index.php?title=Prosthesis&veaction=edit&section=39","#cite_note-64","/w/index.php?title=Prosthesis&action=edit&section=40","/w/index.php?title=Prosthesis&veaction=edit&section=40","#cite_note-ReferenceA-62","/w/index.php?title=Prosthesis&action=edit&section=41","/w/index.php?title=Prosthesis&veaction=edit&section=41","/w/index.php?title=Prosthesis&action=edit&section=42","/w/index.php?title=Prosthesis&veaction=edit&section=42","#cite_ref-1","http://www.perseus.tufts.edu/hopper/text?doc=Perseus:text:1999.04.0057:entry=pro/sqesis","/wiki/A_Greek%E2%80%93English_Lexicon","/wiki/Perseus_Project","#cite_ref-four_2-0","#cite_ref-four_2-1","#cite_ref-four_2-2","http://www.abc.net.au/science/slab/leg/default.htm","/wiki/Australian_Broadcasting_Corporation","#cite_ref-3","#cite_ref-4","http://www.acpoc.org/library/1976_05_015.asp","#cite_ref-5","http://www.uh.edu/engines/epi1705.htm","#cite_ref-6","http://cat.inist.fr/?aModele=afficheN&cpsidt=1557911","#cite_ref-7","#cite_ref-8","http://www.karlofgermany.com/Goetz.htm","#cite_ref-9","http://www.archive.org/details/shorthistoryofca00bryc","#cite_ref-10","#cite_ref-11","http://www.amputee-coalition.org/inmotion/nov_dec_07/history_prosthetics.html","#cite_ref-Long_12-0","http://www.oandplibrary.org/cpo/pdf/1985_04_009.pdf","#cite_ref-Gottschalk-Kourosh-Stills_13-0","http://journals.lww.com/jpojournal/Citation/1989/10000/Does_Socket_Configuration_Influence_the_Position.9.aspx","#cite_ref-14","http://www.blatchford.co.uk/company/history/history.html","#cite_ref-PikeAlvin_15-0","#cite_ref-PikeAlvin_15-1","#cite_ref-three_16-0","#cite_ref-three_16-1","#cite_ref-three_16-2","http://www.madehow.com/Volume-1/Artificial-Limb.html","#cite_ref-17","http://poi.sagepub.com/content/34/4/411.abstract","/wiki/Digital_object_identifier","http://dx.doi.org/10.3109%2F03093646.2010.486390","/wiki/PubMed_Identifier","//www.ncbi.nlm.nih.gov/pubmed/20849359","#cite_ref-18","#cite_ref-19","#cite_ref-20","#cite_ref-21","#cite_ref-22","#cite_ref-23","#cite_ref-24","http://www.freedom-innovations.com/knees/index.html","#cite_ref-25","http://www.daw-usa.com/Pages/SLK3.html","#cite_ref-26","http://www.nytimes.com/2005/06/20/health/menshealth/20marrbox.html","#cite_ref-MartinCraigW_27-0","#cite_ref-28","http://www.ncbi.nlm.nih.gov/pmc/articles/PMC1927453","/wiki/PubMed_Central","//www.ncbi.nlm.nih.gov/pmc/articles/PMC1927453","/wiki/PubMed_Identifier","//www.ncbi.nlm.nih.gov/pubmed/14226106","#cite_ref-29","/wiki/International_Standard_Book_Number","/wiki/Special:BookSources/978-3-540-40406-4","#cite_ref-six_30-0","#cite_ref-six_30-1","/wiki/Digital_object_identifier","http://dx.doi.org/10.1016%2FS0140-6736%2807%2960193-7","/wiki/PubMed_Identifier","//www.ncbi.nlm.nih.gov/pubmed/17276777","#cite_ref-31","http://www.technologyreview.com/blog/editors/22730/","#cite_ref-seven_32-0","http://www.darpa.mil/dso/solicitations/sn07-43.htm","#cite_ref-five_33-0","http://www.sigmorobot.com/technology/news/boston_digital_arm.htm","/wiki/Wikipedia:Link_rot","#cite_ref-34","http://news.bbc.co.uk/1/hi/sci/tech/7443866.stm","#cite_ref-35","http://www.touchbionics.com/professionals.php?section=5","#cite_ref-36","http://www.telegraph.co.uk/motoring/2754644/Gripping-stuff.html","#cite_ref-37","http://current.com/items/89499345/bionic_hand_makes_top_inventions_list.htm","#cite_ref-38","http://www.ric.org/aboutus/mediacenter/press/2007/o501.aspx","#cite_ref-39","http://www.sciencedaily.com/releases/2013/02/130222075730.htm","#cite_ref-40","http://www.gizmag.com/thought-controlled-prosthetic-arm/25216/","#cite_ref-41","http://www.theengineer.co.uk/sectors/medical-and-healthcare/news/trials-imminent-for-implantable-thought-controlled-robotic-arm/1014779.article","#cite_ref-42","http://trendsupdates.com/rewalk-robotic-pants-can-help-paralysed-patients-stand-up-and-walk-again/","#cite_ref-Serruya_MD.2C_Kahana_MJ_2008_149_43-0","http://www.ncbi.nlm.nih.gov/pmc/articles/PMC3051349","/wiki/Digital_object_identifier","http://dx.doi.org/10.1016%2Fj.bbr.2008.04.007","/wiki/PubMed_Central","//www.ncbi.nlm.nih.gov/pmc/articles/PMC3051349","/wiki/PubMed_Identifier","//www.ncbi.nlm.nih.gov/pubmed/18539345","#cite_ref-Warwick.2CK_1373_44-0","#cite_ref-spectrum.ieee.org_45-0","http://spectrum.ieee.org/biomedical/bionics/dean-kamens-luke-arm-prosthesis-readies-for-clinical-trials","#cite_ref-46","http://www.webcitation.org/69qCZG7ST","http://www.usatoday.com/sports/olympics/london/track/story/2012-08-10/4x400-relay-oscar-pistorius-south-afric/56946372/1","#cite_ref-BBC_20120804_47-0","http://www.bbc.co.uk/sport/0/olympics/18911479","#cite_ref-48","http://www.webcitation.org/69fiw3sEg","/wiki/NPR","https://www.npr.org/blogs/thetorch/2012/08/04/158126486/oscar-pistorius-makes-olympic-history-in-400-meters-and-moves-on-to-semifinal","#cite_ref-49","http://www.london2012.com/athletics/event/men-400m/phase=atm004200/index.html","#cite_ref-50","http://www.webcitation.org/69qCxjdgj","http://www.huffingtonpost.com/2012/08/10/oscar-pistorius-south-africa-relay-4x400-olympics_n_1765596.html","#cite_ref-51","http://www.webcitation.org/6AJGcTrlp","/wiki/Yahoo!_Sports","http://uk.eurosport.yahoo.com/news/hawking-pistorius-open-londons-paralympics-194425194.html","#cite_ref-eight_52-0","http://www.boston.com/business/globe/articles/2005/07/05/cost_of_prosthetics_stirs_debate/","/wiki/Boston_Globe","#cite_ref-53","#cite_ref-54","http://www.icrc.org/Web/eng/siteeng0.nsf/htmlall/p0868/$File/Eng-Transfemoral.pdf","#cite_ref-55","#cite_ref-56","http://www.indexaward.dk/2007/default.asp?id=706&show=nomination&nominationid=163&playmovie=wmv","/wiki/Wikipedia:Link_rot","#cite_ref-57","http://OpenProsthetics.org","#cite_ref-58","http://www.patchproject.net","#cite_ref-59","#cite_ref-60","#cite_ref-61","#cite_ref-ReferenceA_62-0","#cite_ref-ReferenceA_62-1","#cite_ref-63","http://www.dinf.ne.jp/doc/english/global/david/dwe002/dwe00201.html","#cite_ref-64","http://www.ispo.ca/files/bicycle-prosthesis.pdf","/w/index.php?title=Prosthesis&action=edit&section=43","/w/index.php?title=Prosthesis&veaction=edit&section=43","//upload.wikimedia.org/wikipedia/en/thumb/4/4a/Commons-logo.svg/30px-Commons-logo.svg.png","//commons.wikimedia.org/wiki/Category:Prosthetics","/wiki/International_Standard_Book_Number","/wiki/Special:BookSources/0-398-06801-1","/wiki/Help:CS1_errors#accessdate_missing_url","http://www.sportsinjurybulletin.com/archive/biomechanics-running.html","http://www.oandp.com/edge/issues/articles/2002-10_02.asp","//en.wikipedia.org/w/index.php?title=Special:CentralAutoLogin/start&type=1x1&from=enwiki","http://en.wikipedia.org/w/index.php?title=Prosthesis&oldid=566519822","/wiki/Help:Category","/wiki/Category:Prosthetics","/wiki/Category:Biological_engineering","/wiki/Category:Biomedical_engineering","/wiki/Category:Bionics","/wiki/Category:Disability","/wiki/Category:Implants","/wiki/Category:Medical_equipment","/wiki/Category:Neuroprosthetics","/wiki/Category:Articles_containing_Ancient_Greek-language_text","/wiki/Category:All_articles_with_dead_external_links","/wiki/Category:Articles_with_dead_external_links_from_October_2010","/wiki/Category:Articles_lacking_reliable_references_from_October_2010","/wiki/Category:All_articles_lacking_reliable_references","/wiki/Category:Articles_with_a_promotional_tone_from_October_2010","/wiki/Category:All_articles_with_a_promotional_tone","/wiki/Category:Commons_category_with_local_link_same_as_on_Wikidata","/wiki/Category:Pages_using_citations_with_accessdate_and_no_URL","/w/index.php?title=Special:UserLogin&returnto=Prosthesis&type=signup","/w/index.php?title=Special:UserLogin&returnto=Prosthesis","/wiki/Prosthesis","/wiki/Talk:Prosthesis","#","/wiki/Prosthesis","/w/index.php?title=Prosthesis&action=edit","/w/index.php?title=Prosthesis&veaction=edit","/w/index.php?title=Prosthesis&action=history","#","/w/index.php","//bits.wikimedia.org/static-1.22wmf12/skins/vector/images/search-ltr.png?303-4","/wiki/Main_Page","/wiki/Main_Page","/wiki/Portal:Contents","/wiki/Portal:Featured_content","/wiki/Portal:Current_events","/wiki/Special:Random","https://donate.wikimedia.org/wiki/Special:FundraiserRedirector?utm_source=donate&utm_medium=sidebar&utm_campaign=C13_en.wikipedia.org&uselang=en","/wiki/Help:Contents","/wiki/Wikipedia:About","/wiki/Wikipedia:Community_portal","/wiki/Special:RecentChanges","//en.wikipedia.org/wiki/Wikipedia:Contact_us","/wiki/Special:WhatLinksHere/Prosthesis","/wiki/Special:RecentChangesLinked/Prosthesis","/wiki/Wikipedia:File_Upload_Wizard","/wiki/Special:SpecialPages","/w/index.php?title=Prosthesis&oldid=566519822","/w/index.php?title=Prosthesis&action=info","//www.wikidata.org/wiki/Q181802","/w/index.php?title=Special:Cite&page=Prosthesis&id=566519822","/w/index.php?title=Special:Book&bookcmd=book_creator&referer=Prosthesis","/w/index.php?title=Special:Book&bookcmd=render_article&arttitle=Prosthesis&oldid=566519822&writer=rl","/w/index.php?title=Prosthesis&printable=yes","//ar.wikipedia.org/wiki/%D8%B9%D8%B6%D9%88_%D8%A7%D8%B5%D8%B7%D9%86%D8%A7%D8%B9%D9%8A","//bg.wikipedia.org/wiki/%D0%9F%D1%80%D0%BE%D1%82%D0%B5%D0%B7%D0%B0","//br.wikipedia.org/wiki/Protezenn_(medisinerezh)","//ca.wikipedia.org/wiki/Pr%C3%B2tesi","//cs.wikipedia.org/wiki/Prot%C3%A9za","//da.wikipedia.org/wiki/Protese","//de.wikipedia.org/wiki/Prothese","//es.wikipedia.org/wiki/Pr%C3%B3tesis","//eo.wikipedia.org/wiki/Proteziko","//ext.wikipedia.org/wiki/Pr%C3%B3tesi","//fa.wikipedia.org/wiki/%D8%A7%D9%86%D8%AF%D8%A7%D9%85_%D8%B3%D8%A7%D8%AE%D8%AA%DA%AF%DB%8C","//fr.wikipedia.org/wiki/Proth%C3%A8se","//gl.wikipedia.org/wiki/Pr%C3%B3tese_(medicina)","//ko.wikipedia.org/wiki/%EC%9D%98%EC%A1%B1","//io.wikipedia.org/wiki/Protezo","//id.wikipedia.org/wiki/Prostesis","//is.wikipedia.org/wiki/Gervilimur","//it.wikipedia.org/wiki/Protesi","//he.wikipedia.org/wiki/%D7%AA%D7%95%D7%AA%D7%91","//kk.wikipedia.org/wiki/%D0%9F%D1%80%D0%BE%D1%82%D0%B5%D0%B7","//la.wikipedia.org/wiki/Prosthesis_(instrumentum)","//lv.wikipedia.org/wiki/Prot%C4%93ze","//lt.wikipedia.org/wiki/Protezas","//hu.wikipedia.org/wiki/Prot%C3%A9zis_(orvostudom%C3%A1ny)","//mzn.wikipedia.org/wiki/%D9%BE%D8%B1%D9%88%D8%AA%D8%B2","//nl.wikipedia.org/wiki/Prothese","//new.wikipedia.org/wiki/%E0%A4%AA%E0%A5%8D%E0%A4%B0%E0%A5%8B%E0%A4%B8%E0%A5%8D%E0%A4%A5%E0%A5%87%E0%A4%B8%E0%A4%BF%E0%A4%B8","//ja.wikipedia.org/wiki/%E7%BE%A9%E8%82%A2","//no.wikipedia.org/wiki/Protese","//pl.wikipedia.org/wiki/Proteza","//pt.wikipedia.org/wiki/Pr%C3%B3tese","//ro.wikipedia.org/wiki/Protez%C4%83","//ru.wikipedia.org/wiki/%D0%9F%D1%80%D0%BE%D1%82%D0%B5%D0%B7%D0%B8%D1%80%D0%BE%D0%B2%D0%B0%D0%BD%D0%B8%D0%B5","//simple.wikipedia.org/wiki/Prosthesis","//sl.wikipedia.org/wiki/Proteza","//fi.wikipedia.org/wiki/Proteesi","//sv.wikipedia.org/wiki/Protes","//tl.wikipedia.org/wiki/Huwad_na_sangang_pangkatawan","//th.wikipedia.org/wiki/%E0%B8%81%E0%B8%B2%E0%B8%A2%E0%B8%AD%E0%B8%B8%E0%B8%9B%E0%B8%81%E0%B8%A3%E0%B8%93%E0%B9%8C","//tr.wikipedia.org/wiki/Protez","//uk.wikipedia.org/wiki/%D0%9F%D1%80%D0%BE%D1%82%D0%B5%D0%B7%D1%83%D0%B2%D0%B0%D0%BD%D0%BD%D1%8F","//zh.wikipedia.org/wiki/%E7%BE%A9%E8%82%A2","#","//www.wikidata.org/wiki/Q181802#sitelinks-wikipedia","//en.wikipedia.org/wiki/Wikipedia:Text_of_Creative_Commons_Attribution-ShareAlike_3.0_Unported_License","//creativecommons.org/licenses/by-sa/3.0/","//wikimediafoundation.org/wiki/Terms_of_Use","//wikimediafoundation.org/wiki/Privacy_policy","//www.wikimediafoundation.org/","//wikimediafoundation.org/wiki/Privacy_policy","/wiki/Wikipedia:About","/wiki/Wikipedia:General_disclaimer","//en.wikipedia.org/wiki/Wikipedia:Contact_us","//en.m.wikipedia.org/wiki/Prosthesis","//wikimediafoundation.org/","//bits.wikimedia.org/images/wikimedia-button.png","//www.mediawiki.org/","//bits.wikimedia.org/static-1.22wmf12/skins/common/images/poweredby_mediawiki_88x31.png","//bits.wikimedia.org/en.wikipedia.org/load.php?debug=false&lang=en&modules=site&only=scripts&skin=vector&*"],"instances":[],"pdf":["http://www.oandplibrary.org/cpo/pdf/1985_04_009.pdf","http://www.icrc.org/Web/eng/siteeng0.nsf/htmlall/p0868/$File/Eng-Transfemoral.pdf","http://www.ispo.ca/files/bicycle-prosthesis.pdf"],"categories":[],"headings":[],"image":["//upload.wikimedia.org/wikipedia/commons/thumb/7/71/Army_prosthetic.jpg/250px-Army_prosthetic.jpg","//bits.wikimedia.org/static-1.22wmf12/skins/common/images/magnify-clip.png","//upload.wikimedia.org/wikipedia/commons/thumb/e/eb/Handicapped_Accessible_sign.svg/16px-Handicapped_Accessible_sign.svg.png","//upload.wikimedia.org/wikipedia/en/thumb/4/48/Folder_Hexagonal_Icon.svg/16px-Folder_Hexagonal_Icon.svg.png","//upload.wikimedia.org/wikipedia/en/thumb/4/48/Folder_Hexagonal_Icon.svg/16px-Folder_Hexagonal_Icon.svg.png","//upload.wikimedia.org/wikipedia/en/thumb/e/e4/Wtcrun-001.jpg/220px-Wtcrun-001.jpg","//bits.wikimedia.org/static-1.22wmf12/skins/common/images/magnify-clip.png","//upload.wikimedia.org/wikipedia/commons/thumb/6/67/Prosthetic_toe.jpg/220px-Prosthetic_toe.jpg","//bits.wikimedia.org/static-1.22wmf12/skins/common/images/magnify-clip.png","//upload.wikimedia.org/wikipedia/commons/thumb/7/72/A_Visit_To_the_Artificial_Limbs_Factory%2C_Queen_Mary%27s_Hospital%2C_Roehampton%2C_November_1941_D5731.jpg/220px-A_Visit_To_the_Artificial_Limbs_Factory%2C_Queen_Mary%27s_Hospital%2C_Roehampton%2C_November_1941_D5731.jpg","//bits.wikimedia.org/static-1.22wmf12/skins/common/images/magnify-clip.png","//upload.wikimedia.org/wikipedia/commons/thumb/0/0b/WorkNC-Knee_prosthesis.jpg/250px-WorkNC-Knee_prosthesis.jpg","//bits.wikimedia.org/static-1.22wmf12/skins/common/images/magnify-clip.png","//upload.wikimedia.org/wikipedia/commons/thumb/a/aa/Journal.pone.0019508.g004_prosthetic_finger.png/220px-Journal.pone.0019508.g004_prosthetic_finger.png","//bits.wikimedia.org/static-1.22wmf12/skins/common/images/magnify-clip.png","//upload.wikimedia.org/wikipedia/commons/thumb/6/6e/Myoelectric_prosthetic_arm.jpg/220px-Myoelectric_prosthetic_arm.jpg","//bits.wikimedia.org/static-1.22wmf12/skins/common/images/magnify-clip.png","//upload.wikimedia.org/wikipedia/en/0/0e/CLegProfile.jpg","//upload.wikimedia.org/wikipedia/commons/thumb/8/8c/Flickr_-_The_U.S._Army_-_U.S._Army_World_Class_Athlete_Program_Paralympic.jpg/200px-Flickr_-_The_U.S._Army_-_U.S._Army_World_Class_Athlete_Program_Paralympic.jpg","//bits.wikimedia.org/static-1.22wmf12/skins/common/images/magnify-clip.png","//upload.wikimedia.org/wikipedia/en/f/f4/Ambox_content.png","//upload.wikimedia.org/wikipedia/en/thumb/9/99/Question_book-new.svg/50px-Question_book-new.svg.png","//upload.wikimedia.org/wikipedia/en/f/f4/Ambox_content.png","//upload.wikimedia.org/wikipedia/commons/thumb/1/18/Low_cost_prosthetic_limbs.jpg/220px-Low_cost_prosthetic_limbs.jpg","//bits.wikimedia.org/static-1.22wmf12/skins/common/images/magnify-clip.png","//upload.wikimedia.org/wikipedia/en/thumb/4/4a/Commons-logo.svg/30px-Commons-logo.svg.png","//en.wikipedia.org/w/index.php?title=Special:CentralAutoLogin/start&type=1x1&from=enwiki","//bits.wikimedia.org/static-1.22wmf12/skins/vector/images/search-ltr.png?303-4","//bits.wikimedia.org/images/wikimedia-button.png","//bits.wikimedia.org/static-1.22wmf12/skins/common/images/poweredby_mediawiki_88x31.png"],"tags":[],"members":[],"related":["Prosthesis"]}