{"cursor":"5792","size":15,"audio":[],"currentlang":"en","article":"\n\n\n\n'Fake foods' are made from various types of plastics, resins and materials to\nreplicate the appearance of real foods.\n\nThere are various names for fake food including: pretend food, wax food,\nartificial food, faux food, replica food, imitation food, food replicas, false\nfoods, food fakes and simulated food.\n","linknr":150,"url":"Artificial_food","recorded":1362673577,"links":19,"instances":[],"pdf":["http://tonymcnicol.com/wp-content/uploads/2008/10/article-on-plastic-food.pdf","http://tonymcnicol.com/wp-content/uploads/2008/10/article-on-plastic-food.pdf"],"categories":["Food and drink","Imitation foods"],"headings":["History","Modern use","Manufacturing process","References"],"image":["//upload.wikimedia.org/wikipedia/en/f/f4/Ambox_content.png","//upload.wikimedia.org/wikipedia/commons/thumb/6/65/Food_samples_1.jpg/250px-Food_samples_1.jpg","//bits.wikimedia.org/static-1.21wmf9/skins/common/images/magnify-clip.png","//bits.wikimedia.org/static-1.21wmf10/skins/vector/images/search-ltr.png?303-4","//bits.wikimedia.org/images/wikimedia-button.png","//bits.wikimedia.org/static-1.21wmf10/skins/common/images/poweredby_mediawiki_88x31.png"],"tags":[],"members":[],"related":["Shōwa_period","World_War_II","Artisans","Candle","Wax","Paraffin_wax","Vinyl_chloride","Theatrical_property","Wendy's","Kale","Pseudobezoar","Fake_food_in_Japan","Chef's_knife","Vinyl_chloride","Airbrush"]}