{"cursor":"33501","size":15,"audio":[],"currentlang":"en","article":"\n{{Interventions infobox | Name = Artificial insemination | Image = | Caption = |\nICD10 = | ICD9 = | MeshID = D007315 | OPS301 = | OtherCodes = | }} 'Artificial\ninsemination' ('AI') is the deliberate introduction of semen into a female's\nvagina or oviduct for the purpose of achieving a pregnancy through fertilisation\nby means other than ejaculation. It is the medical alternative to sexual\nintercourse, or natural insemination.\n\nArtificial insemination is a fertility treatment for humans, and is a common\npractice in the breeding of dairy cattle and pigs. Artificial insemination may\nemploy assisted reproductive technology, donated sperm, and/or animal husbandry\ntechniques.\n","linknr":591,"url":"Artificial_insemination","recorded":1362673670,"links":57,"instances":["animal","physiologist"],"pdf":[],"categories":["Fertility medicine","Reproduction in mammals","Livestock","Pets","Cryobiology"],"headings":["In humans","Artificial insemination in livestock and pets","See also","Notes","References","External links"],"image":["//upload.wikimedia.org/wikipedia/commons/thumb/1/15/Success_rates_by_amount_of_sperm.svg/250px-Success_rates_by_amount_of_sperm.svg.png","//bits.wikimedia.org/static-1.21wmf10/skins/common/images/magnify-clip.png","//upload.wikimedia.org/math/9/1/6/916205bcfbd4a6799034114aafc142e1.png","//upload.wikimedia.org/math/e/5/c/e5c8d83399adbbd4b1c5b864cc1b102d.png","//upload.wikimedia.org/math/8/5/3/85395bf782ac4fe044901fb5e86b7035.png","//upload.wikimedia.org/math/8/7/f/87f27f859db05898073df5ab95048fd3.png","//upload.wikimedia.org/math/f/c/2/fc2873674d99297265d4eda7881d19ba.png","//upload.wikimedia.org/math/7/d/b/7db77755ae38292947dfa32c7b03cffa.png","//upload.wikimedia.org/wikipedia/commons/thumb/0/08/Live_birth_rates_by_TMSC.svg/250px-Live_birth_rates_by_TMSC.svg.png","//bits.wikimedia.org/static-1.21wmf10/skins/common/images/magnify-clip.png","//upload.wikimedia.org/math/4/2/a/42a4b0ea053f9af1f6cf8ff245382612.png","//upload.wikimedia.org/wikipedia/commons/thumb/b/bc/Horse_breeding_dummy.jpg/220px-Horse_breeding_dummy.jpg","//bits.wikimedia.org/static-1.21wmf10/skins/common/images/magnify-clip.png","//upload.wikimedia.org/wikipedia/commons/thumb/3/33/Instrumentos_de_IA_en_1936.GIF/220px-Instrumentos_de_IA_en_1936.GIF","//bits.wikimedia.org/static-1.21wmf10/skins/common/images/magnify-clip.png","//bits.wikimedia.org/static-1.21wmf10/skins/vector/images/search-ltr.png?303-4","//bits.wikimedia.org/images/wikimedia-button.png","//bits.wikimedia.org/static-1.21wmf10/skins/common/images/poweredby_mediawiki_88x31.png"],"tags":[["pedigree","animal"],["john_hammond","physiologist"]],"members":["pedigree","john_hammond"],"related":["Insemination","Vagina","Oviduct","Fertilisation","Ejaculation","Sexual_intercourse","Natural_insemination","Fertility_treatment","Dairy_cattle","Pig","Assisted_reproductive_technology","Sperm_donation","Animal_husbandry","Fertilisation","Sperm_donation","Sperm_donor","Masturbation","Condom","Semen_collection","Semen_extender","Basal_body_temperature","Sperm_washing","Sperm_bank","Masturbation","Sperm_bank","Cryoprotectant","Semen_extender","Semen_extender","Sperm_donor","Catheter","Fertile_window","Randomized_trial","Ovarian_hyperstimulation","Conception_device","Conception_device","Sperm_donor","Sperm_donor","Cervix","Conception_device","Cervix","Cervix","Penis","Ejaculates","Natural_insemination","Uterus","Prostaglandin","Menstruation","Total_motile_spermatozoa","Ovarian_follicle","Estrogen","Human_chorionic_gonadotropin","Pregnancy_rate","GnRH_agonist","Randomized_controlled_trial","Ovarian_hyperstimulation","Advanced_maternal_age","In_vitro_fertilization","Fallopian_tube","Cervix","Uterine_cavity","Peritoneal_cavity","Follicular_fluid","Unexplained_infertility","Fallopian_tube","Gamete_intrafallopian_transfer","Pregnancy_rate","Unexplained_infertility","Total_motile_sperm_count","Menstrual_cycle","Total_sperm_count","Total_motile_sperm_count","Milliliters","Total_motile_sperm_count","Ostium_of_the_fallopian_tube","Semen_collection","Sheep","Horse_breeding","Cattle","Pigs","Canine_reproduction","Pedigree_(animal)","Zoo","Domestic_turkey","Western_honey_bee","Semen_collection","Estrus","Progestogen","Hormone","Equine_chorionic_gonadotropin","Prostaglandin_F2α","Livestock","Horse_breeding","Mare","Stallion","Jockey_Club","Thoroughbred","AQHA","Warmblood","Semen_extender","Embryo_transfer","Ex-situ_conservation","Intracytoplasmic_sperm_injection","Sperm_bank","Sperm_donation","Accidental_incest","Sperm_sorting","Donor_conceived_people","Surrogacy","Frozen_zoo","Wildlife","Conception_device","Ejaculation","John_Hammond_(physiologist)"]}