{"cursor":"1399","size":15,"audio":[],"currentlang":"en","article":"\n\n\nArticles about things that are '{{linktext|Artificial}}' or '{{linktext|man-\nmade}}' include:\n\n* Artificial beaches\n* Artificial chemistry\n* Artificial consciousness\n* Artificial creation\n* Artificial elements\n* Artificial flower\n* Artificial food\n* Artificial fuel\n* Artificial harmonic\n* Artificial immune system\n* Artificial ingredient\n* Artificial insemination\n* Artificial intelligence\n* Artificial intelligence systems integration\n* Artificial island\n* Artificial leather\n* Artificial language\n* Artificial life\n* Artificial music\n* Artificial neural network\n* Artificial organs ** Artificial blood ** Artificial heart ** Artificial heart\n  valve ** Artificial joint ** Artificial limb ** C-Leg, an artificial knee\n* Artificial pacemaker\n* Artificial person\n* Artificial society\n* Artificial turf\n* Artificial substance\n","linknr":124,"url":"Artificial_(disambiguation)","recorded":1374779092,"links":["/w/index.php?title=Artificial&action=edit","/w/index.php?title=Artificial&action=edit","//bits.wikimedia.org/favicon/wikipedia.ico","/w/opensearch_desc.php","//en.wikipedia.org/w/api.php?action=rsd","//creativecommons.org/licenses/by-sa/3.0/","/w/index.php?title=Special:RecentChanges&feed=atom","/wiki/Artificial","//bits.wikimedia.org/en.wikipedia.org/load.php?debug=false&lang=en&modules=ext.gadget.DRN-wizard%2CReferenceTooltips%2Ccharinsert%2Cteahouse%7Cext.rtlcite%2Cwikihiero%7Cext.uls.nojs%7Cmediawiki.legacy.commonPrint%2Cshared%7Cmw.PopUpMediaTransform%7Cskins.vector&only=styles&skin=vector&*","//bits.wikimedia.org/en.wikipedia.org/load.php?debug=false&lang=en&modules=site&only=styles&skin=vector&*","//bits.wikimedia.org/en.wikipedia.org/load.php?debug=false&lang=en&modules=startup&only=scripts&skin=vector&*","//bits.wikimedia.org/geoiplookup","//meta.wikimedia.org","/w/index.php?title=Artificial_(disambiguation)&redirect=no","#mw-navigation","#p-search","//en.wiktionary.org/wiki/factious","//upload.wikimedia.org/wikipedia/commons/thumb/f/f8/Wiktionary-logo-en.svg/37px-Wiktionary-logo-en.svg.png","//en.wiktionary.org/wiki/artificial","//en.wiktionary.org/wiki/factitious","//en.wiktionary.org/wiki/manmade","//en.wiktionary.org/wiki/Artificial","//en.wiktionary.org/wiki/man-made","/wiki/Beach#Artificial_beaches","/wiki/Artificial_chemistry","/wiki/Artificial_consciousness","/wiki/Artificial_creation","/wiki/Synthetic_element","/wiki/Artificial_flower","/wiki/Artificial_food","/wiki/Synthetic_fuel","/wiki/Artificial_harmonic","/wiki/Artificial_immune_system","/wiki/Artificial_ingredient","/wiki/Artificial_insemination","/wiki/Artificial_intelligence","/wiki/Artificial_intelligence_systems_integration","/wiki/Artificial_island","/wiki/Artificial_leather","/wiki/Artificial_language","/wiki/Synthetic_life","/wiki/Synthesizer","/wiki/Artificial_neural_network","/wiki/Artificial_organ","/wiki/Artificial_blood","/wiki/Artificial_heart","/wiki/Artificial_heart_valve","/wiki/Artificial_joint","/wiki/Artificial_limb","/wiki/C-Leg","/wiki/Knee_replacement","/wiki/Artificial_pacemaker","/wiki/Artificial_person","/wiki/Artificial_society","/wiki/Artificial_turf","/wiki/Synthetic_substance_(disambiguation)","/w/index.php?title=Artificial&action=edit&section=1","/wiki/Special:Search/intitle:Artificial","/wiki/Man-made_(disambiguation)","/wiki/Fake_(disambiguation)","/wiki/Faux","/wiki/Simulation","/wiki/Synthetic_(disambiguation)","//en.wikipedia.org/w/index.php?title=Special:CentralAutoLogin/start&type=1x1&from=enwiki","http://en.wikipedia.org/w/index.php?title=Artificial&oldid=561947228","/wiki/Help:Categories","/wiki/Category:Lists","/w/index.php?title=Special:UserLogin&returnto=Artificial&type=signup","/w/index.php?title=Special:UserLogin&returnto=Artificial","/wiki/Artificial","/wiki/Talk:Artificial","#","/wiki/Artificial","/w/index.php?title=Artificial&action=edit","/w/index.php?title=Artificial&action=history","#","/w/index.php","//bits.wikimedia.org/static-1.22wmf10/skins/vector/images/search-ltr.png?303-4","/wiki/Main_Page","/wiki/Main_Page","/wiki/Portal:Contents","/wiki/Portal:Featured_content","/wiki/Portal:Current_events","/wiki/Special:Random","//donate.wikimedia.org/wiki/Special:FundraiserRedirector?utm_source=donate&utm_medium=sidebar&utm_campaign=C13_en.wikipedia.org&uselang=en","/wiki/Help:Contents","/wiki/Wikipedia:About","/wiki/Wikipedia:Community_portal","/wiki/Special:RecentChanges","//en.wikipedia.org/wiki/Wikipedia:Contact_us","/wiki/Special:WhatLinksHere/Artificial","/wiki/Special:RecentChangesLinked/Artificial","/wiki/Wikipedia:File_Upload_Wizard","/wiki/Special:SpecialPages","/w/index.php?title=Artificial&oldid=561947228","/w/index.php?title=Artificial&action=info","//www.wikidata.org/wiki/Q405932","/w/index.php?title=Special:Cite&page=Artificial&id=561947228","/w/index.php?title=Special:Book&bookcmd=book_creator&referer=Artificial","/w/index.php?title=Special:Book&bookcmd=render_article&arttitle=Artificial&oldid=561947228&writer=rl","/w/index.php?title=Artificial&printable=yes","//ca.wikipedia.org/wiki/Artificial","//es.wikipedia.org/wiki/Artificial","//fr.wikipedia.org/wiki/Artificiel","//nl.wikipedia.org/wiki/Kunstmatig","//ja.wikipedia.org/wiki/%E4%BA%BA%E5%B7%A5","//sv.wikipedia.org/wiki/Artificiell","//ur.wikipedia.org/wiki/%D9%85%D8%B5%D9%86%D9%88%D8%B9%DB%8C","#","//www.wikidata.org/wiki/Q405932#sitelinks-wikipedia","//en.wikipedia.org/wiki/Wikipedia:Text_of_Creative_Commons_Attribution-ShareAlike_3.0_Unported_License","//creativecommons.org/licenses/by-sa/3.0/","//wikimediafoundation.org/wiki/Terms_of_Use","//wikimediafoundation.org/wiki/Privacy_policy","//www.wikimediafoundation.org/","//wikimediafoundation.org/wiki/Privacy_policy","/wiki/Wikipedia:About","/wiki/Wikipedia:General_disclaimer","//en.wikipedia.org/wiki/Wikipedia:Contact_us","//en.m.wikipedia.org/wiki/Artificial","//wikimediafoundation.org/","//bits.wikimedia.org/images/wikimedia-button.png","//www.mediawiki.org/","//bits.wikimedia.org/static-1.22wmf10/skins/common/images/poweredby_mediawiki_88x31.png","//bits.wikimedia.org/en.wikipedia.org/load.php?debug=false&lang=en&modules=site&only=scripts&skin=vector&*"],"instances":["disambiguation","disambiguation","disambiguation","disambiguation"],"pdf":[],"categories":["Lists"],"headings":["See also"],"image":["//upload.wikimedia.org/wikipedia/commons/thumb/f/f8/Wiktionary-logo-en.svg/37px-Wiktionary-logo-en.svg.png","//en.wikipedia.org/w/index.php?title=Special:CentralAutoLogin/start&type=1x1&from=enwiki","//bits.wikimedia.org/static-1.22wmf10/skins/vector/images/search-ltr.png?303-4","//bits.wikimedia.org/images/wikimedia-button.png","//bits.wikimedia.org/static-1.22wmf10/skins/common/images/poweredby_mediawiki_88x31.png"],"tags":[["synthetic_substance","disambiguation"],["man-made","disambiguation"],["fake","disambiguation"],["synthetic","disambiguation"]],"members":["synthetic","fake","synthetic_substance"],"related":["Artificial_chemistry","Artificial_consciousness","Artificial_creation","Synthetic_element","Artificial_flower","Artificial_food","Synthetic_fuel","Artificial_harmonic","Artificial_immune_system","Artificial_ingredient","Artificial_insemination","Artificial_intelligence","Artificial_intelligence_systems_integration","Artificial_island","Artificial_leather","Artificial_language","Synthetic_life","Synthesizer","Artificial_neural_network","Artificial_organ","Artificial_blood","Artificial_heart","Artificial_heart_valve","Artificial_joint","Artificial_limb","C-Leg","Knee_replacement","Artificial_pacemaker","Artificial_person","Artificial_society","Artificial_turf","Synthetic_substance_(disambiguation)","Man-made_(disambiguation)","Fake_(disambiguation)","Faux","Simulation","Synthetic_(disambiguation)"]}