{
   "micrownet" : [
      "artificial_satellite"
   ],
   "duck" : [],
   "common" : {
      "milestones" : [
         "<a target=\"_new\" href=\"http://en.wikinews.org/wiki/First_images_received_from_orbit_around_Mercury\" title=\"First images received from orbit around Mercury\">First images received from orbit around Mercury</a>",
         "<a target=\"_new\" href=\"http://en.wikinews.org/wiki/Brain_dead_woman_gives_birth\" title=\"Brain dead woman gives birth\">Brain dead woman gives birth</a>"
      ],
      "image" : [
         [],
         []
      ]
   },
   "Lists" : [
      "List_of_private_spaceflight_companies",
      "List_of_Earth_observation_satellites",
      "List_of_communications_satellite_firsts",
      "List_of_passive_satellites"
   ],
   "created" : 1373474562,
   "book" : [],
   "micro-www" : {
      "artificial_satellite" : [
         "artificial_satellites",
         ""
      ]
   },
   "wiki" : {
      "cat" : [
         "Meteorological data and networks",
         "Remote sensing",
         "Satellites|*",
         "Unmanned vehicles"
      ],
      "text" : "\n\n Earth-observing fleet as of June 2012.]] .]] ERS 2]] In the context of\n spaceflight, a 'satellite' is an object which has been intentionally placed\n into orbit. Such objects are sometimes called 'artificial satellites' to\n distinguish them from natural satellites such as the Moon.\n\nThe world's first artificial satellite, the Sputnik 1, was launched by the\nSoviet Union in 1957. Since then, thousands of satellites have been launched\ninto orbit around the Earth. Some satellites, notably space stations, have been\nlaunched in parts and assembled in orbit. Artificial satellites originate from\nmore than 50 countries and have used the satellite launching capabilities of ten\nnations. A few hundred satellites are currently operational, whereas thousands\nof unused satellites and satellite fragments orbit the Earth as space debris. A\nfew space probes have been placed into orbit around other bodies and become\nartificial satellites to the Moon, Mercury, Venus, Mars, Jupiter, Saturn, Vesta,\nEros, and the Sun.\n\nSatellites are used for a large number of purposes. Common types include\nmilitary and civilian Earth observation satellites, communications satellites,\nnavigation satellites, weather satellites, and research satellites. Space\nstations and human spacecraft in orbit are also satellites. Satellite orbits\nvary greatly, depending on the purpose of the satellite, and are classified in a\nnumber of ways. Well-known (overlapping) classes include low Earth orbit, polar\norbit, and geostationary orbit.\n\nAs per the latest estimates, the total number of artificial satellites orbiting\nthe Earth today is around 8,300. Of these, about 3,000 are not operational\nhaving lived out their useful life and are part of the space debris.\n\nSatellites are usually semi-independent computer-controlled systems. Satellite\nsubsystems attend many tasks, such as power generation, thermal control,\ntelemetry, attitude control and orbit control.\n",
      "title" : "Satellite",
      "headings" : [
         "History",
         "Space Surveillance Network",
         "Non-military satellite services",
         "Types",
         "Orbit types",
         "Satellite subsystems",
         "End of life",
         "Launch-capable countries",
         "First satellites of countries",
         "Attacks on satellites",
         "Satellite services",
         "See also",
         "References",
         "External links"
      ]
   },
   "micro-relation" : [
      "5: Sputnik_1",
      "5: Low_Earth_orbit",
      "4: Space_debris",
      "3: Mars",
      "3: Communications_satellite",
      "3: Explorer_1",
      "2: Soviet_Union",
      "2: Space_station",
      "2: Space_probe",
      "2: Arthur_C._Clarke",
      "2: Space_Race",
      "2: United_States_Space_Surveillance_Network",
      "2: Geosynchronous_orbit",
      "2: International_Space_Station",
      "2: ESTCube-1",
      "2: Human",
      "2: Orbital_eccentricity",
      "2: Artificial_satellite",
      "2: Equatorial_plane",
      "2: Analemma",
      "2: Fractionated_Spacecraft",
      "2: Graveyard_orbit",
      "2: Vanguard_1",
      "2: Dong_Fang_Hong_I",
      "2: Ofeq",
      "2: Kwangmyŏngsŏng-3_Unit_2",
      "2: China",
      "2: Brazil",
      "2: Kwangmyŏngsŏng-3",
      "2: South_Korea",
      "2: Spaceport",
      "2: Australia",
      "2: SpaceX",
      "2: San_Marco_1",
      "2: WRESAT",
      "2: Hellas_Sat_2",
      "2: TUGSAT-1",
      "2: UniBRITE",
      "2: CubeSat",
      "1: ERS_2",
      "1: Spaceflight",
      "1: Orbit",
      "1: Natural_satellite",
      "1: Moon",
      "1: Earth",
      "1: Venus",
      "1: Jupiter",
      "1: Saturn",
      "1: 4_Vesta",
      "1: 433_Eros",
      "1: Sun",
      "1: Navigation_satellites",
      "1: Spacecraft",
      "1: Polar_orbit",
      "1: Geostationary_orbit",
      "1: Artificial_satellites",
      "1: Attitude_control",
      "1: Newton's_cannonball",
      "1: Short_story",
      "1: Edward_Everett_Hale",
      "1: Jules_Verne",
      "1: Konstantin_Tsiolkovsky",
      "1: Russian_language",
      "1: Orbital_speed",
      "1: Multi-stage_rocket",
      "1: Propellant",
      "1: Liquid_hydrogen",
      "1: Liquid_oxygen",
      "1: Herman_Potočnik",
      "1: German_language",
      "1: Orbits",
      "1: Geostationary",
      "1: Sputnik_program",
      "1: Sergei_Korolev",
      "1: Earth's_atmosphere#Temperature_and_layers",
      "1: Ionosphere",
      "1: Sputnik_crisis",
      "1: Cold_War",
      "1: Laika",
      "1: Project_RAND",
      "1: Preliminary_Design_of_an_Experimental_World-Circling_Spaceship",
      "1: Bureau_of_Aeronautics",
      "1: United_States_Navy",
      "1: United_States_Air_Force",
      "1: White_House",
      "1: Project_Vanguard",
      "1: American_Rocket_Society",
      "1: National_Science_Foundation",
      "1: International_Geophysical_Year",
      "1: Project_Orbiter",
      "1: Jupiter-C_IRBM",
      "1: Sputnik_2",
      "1: One-off",
      "1: Communication_satellite",
      "1: Comparison_of_satellite_buses",
      "1: Satellite_bus",
      "1: HS-333",
      "1: University_of_Tartu",
      "1: USSTRATCOM",
      "1: NSSDC",
      "1: Chang'e_2",
      "1: Fixed_Service_Satellite",
      "1: Telecommunications",
      "1: Molniya_orbit",
      "1: Nanosatellite",
      "1: Earth_observation_satellite",
      "1: Military",
      "1: Espionage",
      "1: Meteorology",
      "1: Map_making",
      "1: Earth_Observing_System",
      "1: Tether",
      "1: Climate",
      "1: Spaceplane",
      "1: Reusable_launch_system",
      "1: Spacecraft_propulsion",
      "1: Landing",
      "1: Outer_space",
      "1: Geocentric_orbit",
      "1: Inclination",
      "1: Medium_Earth_orbit",
      "1: High_Earth_orbit",
      "1: Solar_System",
      "1: Comets",
      "1: Asteroids",
      "1: Moons#Moons_of_the_Solar_system",
      "1: Mars_moons",
      "1: Intermediate_circular_orbit",
      "1: Equator",
      "1: Image",
      "1: Shadow",
      "1: Circle",
      "1: Walter_Hohmann",
      "1: Ellipse",
      "1: Perigee",
      "1: Apogee",
      "1: Orbital_period",
      "1: Sidereal_day",
      "1: Planet",
      "1: Rotational_period",
      "1: Geosynchronous",
      "1: Areosynchronous_orbit",
      "1: Gigametre",
      "1: Astronomical_unit",
      "1: Orbital_radius",
      "1: Solar_time",
      "1: Satellite_imagery",
      "1: Spy_satellite",
      "1: Weather_satellite",
      "1: Orbital_parameters",
      "1: Elliptical_orbit",
      "1: Co-orbital_satellite",
      "1: 3753_Cruithne",
      "1: 2002_AA29",
      "1: Sun-synchronous_orbit",
      "1: Latitude",
      "1: Lagrangian_point",
      "1: Spacecraft_bus",
      "1: Radioisotope_thermoelectric_generator",
      "1: Nimbus_program",
      "1: Optical_Solar_Reflector",
      "1: Juno_I",
      "1: Diamant",
      "1: Long_March_1",
      "1: Black_Arrow",
      "1: Satellite_Launch_Vehicle",
      "1: Shavit",
      "1: Soyuz-U",
      "1: Kosmos_2175",
      "1: Tsyklon-3",
      "1: Unha-3",
      "1: KSLV-1",
      "1: STSAT-2C",
      "1: United_States",
      "1: India",
      "1: Iraq",
      "1: VLS_1",
      "1: North_Korea",
      "1: Kwangmyŏngsŏng-1",
      "1: Kwangmyŏngsŏng-2",
      "1: Ballistic_missile",
      "1: Korea_Aerospace_Research_Institute",
      "1: Korea_Space_Launch_Vehicle",
      "1: Russia",
      "1: Ukraine",
      "1: France",
      "1: United_Kingdom",
      "1: South_Africa",
      "1: Spain",
      "1: Italy",
      "1: Germany",
      "1: Canada",
      "1: Argentina",
      "1: Egypt",
      "1: OTRAG",
      "1: European_Space_Agency",
      "1: ESA",
      "1: Pakistan",
      "1: Romania",
      "1: Kazakhstan",
      "1: Taiwan",
      "1: Indonesia",
      "1: Sri_Lanka",
      "1: New_Zealand",
      "1: Malaysia",
      "1: Turkey",
      "1: Orbital_Sciences_Corporation",
      "1: List_of_private_spaceflight_companies",
      "1: Sub-orbital",
      "1: Cosmos_2175",
      "1: Ariel_1",
      "1: Alouette_1",
      "1: Astronomical_Netherlands_Satellite",
      "1: Intasat",
      "1: Palapa#Series_A",
      "1: Magion_1",
      "1: Bulgaria_1300",
      "1: Arabsat-1A",
      "1: Brasilsat_A1",
      "1: Morelos_1",
      "1: Astra_1A",
      "1: Lusat",
      "1: Badr-1",
      "1: Kitsat_A",
      "1: PoSAT-1",
      "1: Thaicom",
      "1: Turksat_1B",
      "1: Sich-1",
      "1: MEASAT",
      "1: Agila_2",
      "1: Nilesat_101",
      "1: FASat-Alfa",
      "1: ST-1",
      "1: ROCSAT-1",
      "1: SUNSAT",
      "1: Thuraya#Satellites",
      "1: Maroc-Tubsat",
      "1: Alsat_1",
      "1: Nigeriasat_1",
      "1: Sina-1",
      "1: KazSat",
      "1: Libertad_1",
      "1: Rascom-QAF_1",
      "1: Vinasat-1",
      "1: Venesat-1",
      "1: SwissCube-1",
      "1: PW-Sat-1",
      "1: MaSat-1",
      "1: Goliat",
      "1: BelKA-2",
      "1: Azerspace",
      "1: NEE-01_Pegaso",
      "1: PGM-11_Redstone",
      "1: Scout_rocket",
      "1: X-Sat",
      "1: PSLV",
      "1: Austria",
      "1: Generic_Nanosatellite_Bus",
      "1: Graz_University_of_Technology",
      "1: University_of_Toronto_Institute_for_Aerospace_Studies",
      "1: University_of_Vienna",
      "1: QB50",
      "1: University_of_Liege",
      "1: Bolivian_Space_Agency",
      "1: Aalto-1",
      "1: Aalto_University",
      "1: Finnish_Meteorological_Institute",
      "1: Dublin_Institute_of_Technology",
      "1: Space_capsule",
      "1: Remote_sensing",
      "1: National_Remote_Sensing_Center_of_Mongolia",
      "1: Telecommunications_in_Mongolia",
      "1: Mongolian_Academy_of_Sciences",
      "1: Mongolsat",
      "1: KiwiSAT",
      "1: Chasqui_1",
      "1: Cubesat",
      "1: Tesla-1",
      "1: ERPSat01",
      "1: University_of_Sfax",
      "1: Turkmenistan_National_Space_Agency",
      "1: Aeronautics_and_Space_Research_and_Diffusion_Center",
      "1: University_of_Engineering_of_Uruguay",
      "1: ANTEL",
      "1: UzbekCosmos",
      "1: US_Navy",
      "1: NRO_L-21",
      "1: Radio_jamming",
      "1: Satellite_Internet_access",
      "1: Satellite_phone",
      "1: Satellite_radio",
      "1: Satellite_television",
      "1: Satellite_navigation",
      "1: 2009_satellite_collision",
      "1: International_Designator",
      "1: IMINT",
      "1: Space_exploration",
      "1: List_of_Earth_observation_satellites",
      "1: List_of_communications_satellite_firsts",
      "1: Satellite_Catalog_Number",
      "1: Satellite_formation_flying",
      "1: USA_193",
      "1: Echo_1",
      "1: Pioneer_10",
      "1: Mariner_10",
      "1: Viking_I",
      "1: Viking_II",
      "1: U.S._space_exploration_history_on_U.S._stamps",
      "1: List_of_passive_satellites"
   ]
}
