{"cursor":"20164","size":15,"audio":[],"currentlang":"en","article":"[[Image:Artificialreef.JPG|thumb|Constructing an artificial reef using\nconcrete blocks]]\n\n\nAn 'artificial reef' is a human-made underwater structure, typically built to\npromote marine life in areas with a generally featureless bottom, control\nerosion, block ship passage, or improve surfing.\n\nMany reefs are built using objects that were built for other purposes, for\nexample by sinking oil rigs (through the Rigs-to-Reefs program), scuttling\nships, or by deploying rubble or construction debris. Other artificial reefs are\npurpose built (e.g. the reef balls) from PVC or concrete. Shipwrecks may become\nartificial reefs when preserved on the sea floor. Regardless of construction\nmethod, artificial reefs generally provide hard surfaces where algae and\ninvertebrates such as barnacles, corals, and oysters attach; the accumulation of\nattached marine life in turn provides intricate structure and food for\nassemblages of fish.\n","linknr":397,"url":"artificial_reef","recorded":1376418787,"links":["/w/index.php?title=Artificial_reef&action=edit","/w/index.php?title=Artificial_reef&action=edit","//bits.wikimedia.org/favicon/wikipedia.ico","/w/opensearch_desc.php","//en.wikipedia.org/w/api.php?action=rsd","//creativecommons.org/licenses/by-sa/3.0/","/w/index.php?title=Special:RecentChanges&feed=atom","http://en.wikipedia.org/wiki/Artificial_reef","//bits.wikimedia.org/en.wikipedia.org/load.php?debug=false&lang=en&modules=ext.gadget.DRN-wizard%2CReferenceTooltips%2Ccharinsert%2Cteahouse%7Cext.rtlcite%2Cwikihiero%7Cext.uls.nojs%7Cmediawiki.legacy.commonPrint%2Cshared%7Cmw.PopUpMediaTransform%7Cskins.vector&only=styles&skin=vector&*","//bits.wikimedia.org/en.wikipedia.org/load.php?debug=false&lang=en&modules=ext.visualEditor.viewPageTarget.noscript&only=styles&skin=vector&*","//bits.wikimedia.org/en.wikipedia.org/load.php?debug=false&lang=en&modules=site&only=styles&skin=vector&*","//bits.wikimedia.org/en.wikipedia.org/load.php?debug=false&lang=en&modules=startup&only=scripts&skin=vector&*","//bits.wikimedia.org/geoiplookup","//meta.wikimedia.org","#mw-navigation","#p-search","/wiki/File:Artificialreef.JPG","//upload.wikimedia.org/wikipedia/commons/thumb/1/19/Artificialreef.JPG/220px-Artificialreef.JPG","/wiki/File:Artificialreef.JPG","//bits.wikimedia.org/static-1.22wmf12/skins/common/images/magnify-clip.png","/wiki/Concrete_masonry_unit","/wiki/File:Tire_reef.jpg","//upload.wikimedia.org/wikipedia/commons/thumb/3/34/Tire_reef.jpg/220px-Tire_reef.jpg","/wiki/File:Tire_reef.jpg","//bits.wikimedia.org/static-1.22wmf12/skins/common/images/magnify-clip.png","/wiki/Marine_biology#Reefs","/wiki/Rigs-to-Reefs","/wiki/Sinking_ships_for_wreck_diving_sites","/wiki/The_Reef_Ball_Foundation","/wiki/Algae","/wiki/Barnacle","/wiki/Coral","/wiki/Oyster","/wiki/Biocenose","#History","#Development","#Reefs","#Florida","#Osborne_Reef","#Neptune_Reef","#The_ex-USS_Oriskany","#The_ex-USNS_Hoyt_S._Vandenberg","#The_ex-USS_Spiegel_Grove","#Delaware","#Redbird_Reef","#Mexico","#Cancun_Underwater_Museum","#Australia","#Gibraltar","#Artificial_surfing_reefs","#Electro_mineral_accretion_.28EMA.29","#Environmental_concerns","#See_also","#References","/w/index.php?title=Artificial_reef&action=edit&section=1","/w/index.php?title=Artificial_reef&veaction=edit&section=1","/wiki/Persian_Empire","/wiki/Tigris_River","/wiki/India","#cite_note-1","/wiki/First_Punic_War","/wiki/Roman_Republic","#cite_note-2","/wiki/Algaculture","/wiki/Kelp","#cite_note-3","/wiki/South_Carolina","#cite_note-4","#cite_note-ng211-5","/w/index.php?title=Artificial_reef&action=edit&section=2","/w/index.php?title=Artificial_reef&veaction=edit&section=2","/wiki/Plankton","/wiki/Sardine","/wiki/Minnow","/wiki/Pelagic","/wiki/Predator","/wiki/Atlantic_bluefin_tuna","/wiki/Sharks","/wiki/Grouper","/wiki/Lutjanidae","/wiki/Squirrelfish","/wiki/Eel","/wiki/Triggerfish","/wiki/Carangidae","/wiki/Barracuda","/wiki/Algae","/wiki/Tunicates","/wiki/Corals","/wiki/Sponges","#cite_note-ng211-5","/w/index.php?title=Artificial_reef&action=edit&section=3","/w/index.php?title=Artificial_reef&veaction=edit&section=3","/w/index.php?title=Artificial_reef&action=edit&section=4","/w/index.php?title=Artificial_reef&veaction=edit&section=4","#cite_note-ng211-5","/w/index.php?title=Artificial_reef&action=edit&section=5","/w/index.php?title=Artificial_reef&veaction=edit&section=5","/wiki/Osborne_Reef","/wiki/File:Tires540.jpg","//upload.wikimedia.org/wikipedia/commons/thumb/d/d3/Tires540.jpg/220px-Tires540.jpg","/wiki/File:Tires540.jpg","//bits.wikimedia.org/static-1.22wmf12/skins/common/images/magnify-clip.png","/wiki/Osborne_Reef","/wiki/Fort_Lauderdale,_Florida","#cite_note-WTSP20090821-6","/w/index.php?title=Artificial_reef&action=edit&section=6","/w/index.php?title=Artificial_reef&veaction=edit&section=6","/wiki/Burial_at_sea","#cite_note-ng211-5","/w/index.php?title=Artificial_reef&action=edit&section=7","/w/index.php?title=Artificial_reef&veaction=edit&section=7","/wiki/File:Oriskany_July_2008_-1.jpg","//upload.wikimedia.org/wikipedia/commons/thumb/5/51/Oriskany_July_2008_-1.jpg/220px-Oriskany_July_2008_-1.jpg","/wiki/File:Oriskany_July_2008_-1.jpg","//bits.wikimedia.org/static-1.22wmf12/skins/common/images/magnify-clip.png","/wiki/USS_Oriskany_(CV-34)","/wiki/USS_Oriskany","/wiki/Pensacola","/wiki/Florida","#cite_note-7","/w/index.php?title=Artificial_reef&action=edit&section=8","/w/index.php?title=Artificial_reef&veaction=edit&section=8","/wiki/USS_General_Harry_Taylor_(AP-145)","/wiki/World_War_II","/wiki/Troop_transport","/wiki/Key_West","#cite_note-8","#cite_note-9","/w/index.php?title=Artificial_reef&action=edit&section=9","/w/index.php?title=Artificial_reef&veaction=edit&section=9","/wiki/USS_Spiegel_Grove_(LSD-32)","//tools.wmflabs.org/geohack/geohack.php?pagename=Artificial_reef&params=25_04_00.2_N_80_18_00.7_W_region:US_type:landmark","/w/index.php?title=Artificial_reef&action=edit&section=10","/w/index.php?title=Artificial_reef&veaction=edit&section=10","/w/index.php?title=Artificial_reef&action=edit&section=11","/w/index.php?title=Artificial_reef&veaction=edit&section=11","/wiki/Redbird_Reef","/wiki/File:SubwayCarBargeAtGWB.JPG","//upload.wikimedia.org/wikipedia/commons/thumb/1/16/SubwayCarBargeAtGWB.JPG/220px-SubwayCarBargeAtGWB.JPG","/wiki/File:SubwayCarBargeAtGWB.JPG","//bits.wikimedia.org/static-1.22wmf12/skins/common/images/magnify-clip.png","/wiki/George_Washington_Bridge","/wiki/MTA_New_York_City_Transit","/wiki/R142","/wiki/R142A","/wiki/Redbird_trains","/wiki/Interborough_Rapid_Transit_Company","/wiki/New_York_City_Subway","/wiki/Wikipedia:Citation_needed","/wiki/R32_(New_York_City_Subway_car)","/wiki/R38_(New_York_City_Subway_car)","/wiki/R40_(New_York_City_Subway_car)","/wiki/R42_(New_York_City_Subway_car)","/wiki/R160A_(New_York_City_Subway_car)","/wiki/R160B_(New_York_City_Subway_car)","/w/index.php?title=Artificial_reef&action=edit&section=12","/w/index.php?title=Artificial_reef&veaction=edit&section=12","/w/index.php?title=Artificial_reef&action=edit&section=13","/w/index.php?title=Artificial_reef&veaction=edit&section=13","#cite_note-10","/w/index.php?title=Artificial_reef&action=edit&section=14","/w/index.php?title=Artificial_reef&veaction=edit&section=14","/wiki/HMAS_Swan_(DE_50)","#cite_note-11","/wiki/HMAS_Perth_(D_38)","#cite_note-12","/wiki/HMAS_Hobart_(D_39)","#cite_note-13","/wiki/HMAS_Brisbane_(D_41)","#cite_note-14","/wiki/HMAS_Canberra_(FFG_02)","#cite_note-15","/wiki/HMAS_Adelaide_(FFG_01)","/w/index.php?title=Artificial_reef&action=edit&section=15","/w/index.php?title=Artificial_reef&veaction=edit&section=15","/wiki/Gibraltar_Artificial_Reef","/wiki/Tyres","/wiki/Gibraltar_Port_Authority","/wiki/Barges","/wiki/Camp_Bay,_Gibraltar","/wiki/MV_New_Flame","/wiki/Gibraltar","/wiki/Spain","/wiki/Gibraltarians","#cite_note-16","/w/index.php?title=Artificial_reef&action=edit&section=16","/w/index.php?title=Artificial_reef&veaction=edit&section=16","/wiki/File:Sarcastic_fringehead_in_plastic_tube.JPG","//upload.wikimedia.org/wikipedia/commons/thumb/e/e7/Sarcastic_fringehead_in_plastic_tube.JPG/220px-Sarcastic_fringehead_in_plastic_tube.JPG","/wiki/File:Sarcastic_fringehead_in_plastic_tube.JPG","//bits.wikimedia.org/static-1.22wmf12/skins/common/images/magnify-clip.png","/wiki/Sarcastic_fringehead","/wiki/El_Segundo,_California","/wiki/Los_Angeles","/wiki/California","/wiki/Perth,_Western_Australia","/wiki/Geotextile","/wiki/Pratte%27s_Reef","/wiki/Habitat","/wiki/USS_Spiegel_Grove","/wiki/Boscombe","/wiki/Bournemouth","/wiki/Multi-purpose_reef","#cite_note-17","/wiki/Boscombe_Surf_Reef","/wiki/Geotextile","/w/index.php?title=Artificial_reef&action=edit&section=17","/w/index.php?title=Artificial_reef&veaction=edit&section=17","/wiki/Limestone","/wiki/Planula","#cite_note-GCRA-18","/wiki/Battery_(electricity)","/wiki/Cathode","/wiki/Anode","/wiki/Solar_panel","#cite_note-GCRA-18","/wiki/Biorock","/wiki/Mariculture","/w/index.php?title=Artificial_reef&action=edit&section=18","/w/index.php?title=Artificial_reef&veaction=edit&section=18","/wiki/The_Ocean_Conservancy","#cite_note-enn-19","/w/index.php?title=Artificial_reef&action=edit&section=19","/w/index.php?title=Artificial_reef&veaction=edit&section=19","/wiki/Artificial_reefs_in_Japan","/wiki/Artificial_wave","/wiki/Biorock","/wiki/Marine_debris","/wiki/Multi-purpose_reef","/wiki/Ship_graveyard","/wiki/Sinking_ships_for_wreck_diving_sites","/wiki/Spawning_bed","/w/index.php?title=Artificial_reef&action=edit&section=20","/w/index.php?title=Artificial_reef&veaction=edit&section=20","#cite_ref-1","http://etd.vcu.edu/theses/available/etd-08042006-093035/unrestricted/williamstw_phd.pdf","#cite_ref-2","/wiki/Rand_Corporation","http://192.5.14.110/pubs/monograph_reports/MR1377/MR1377.ch5.pdf","#cite_ref-3","http://www.nap.edu/nap-cgi/skimit.cgi?recid=1024&chap=85-114","#cite_ref-4","http://www.gsmfc.org/pubs/SFRP/Guidelines_for_Marine_Artificial_Reef_Materials_January_1997.pdf","#cite_ref-ng211_5-0","#cite_ref-ng211_5-1","#cite_ref-ng211_5-2","#cite_ref-ng211_5-3","http://ngm.nationalgeographic.com/2011/02/artificial-reefs/harrigan-text","#cite_ref-WTSP20090821_6-0","http://www.webcitation.org/5uenyZyK1","/wiki/St._Petersburg,_Florida","/wiki/WTSP","http://www.wtsp.com/news/mostpop/story.aspx?storyid=111967&provider=top","#cite_ref-7","http://www.nytimes.com/2008/08/19/science/earth/19ship.html","#cite_ref-8","http://my.att.net/s/editorial.dll?fromspage=cg/news/ne_details.htm&eeid=6592684&eetype=article&render=y&ch=ne&s=na","#cite_ref-9","http://www.nytimes.com/aponline/2009/05/25/us/AP-US-Sinking-The-Vandenberg.html","#cite_ref-10","#cite_ref-11","http://www.michaelmcfadyenscuba.info/viewpage.php?page_id=454","#cite_ref-12","http://www.hmasperth.com.au/","#cite_ref-13","http://www.exhmashobart.com.au/index.html","#cite_ref-14","http://www.derm.qld.gov.au/parks/ex-hmas-brisbane/index.html","#cite_ref-15","http://www.hmascanberra.com.au/","#cite_ref-16","http://www.bbc.co.uk/news/uk-23567976","#cite_ref-17","http://www.bournemouthecho.co.uk/news/features/surfreef/surfreefstories/4716058.Optimism_at_Boscombe_surf_reef___s_opening_day/","#cite_ref-GCRA_18-0","#cite_ref-GCRA_18-1","http://www.globalcoral.org/","#cite_ref-enn_19-0","http://www.enn.com/top_stories/article/6895","/wiki/Template:Coastal_management","/w/index.php?title=Template_talk:Coastal_management&action=edit&redlink=1","//en.wikipedia.org/w/index.php?title=Template:Coastal_management&action=edit","/wiki/Coastal_management","/wiki/Coastal_management","/wiki/Coastal_management","/wiki/Accretion_(coastal_management)","/wiki/Coastal_engineering","/wiki/Integrated_coastal_zone_management","/wiki/Managed_retreat","/wiki/Submersion_(coastal_management)","/wiki/File:Seawallventnor.jpg","//upload.wikimedia.org/wikipedia/commons/thumb/b/bb/Seawallventnor.jpg/140px-Seawallventnor.jpg","/wiki/Hard_engineering","/wiki/A-jack","/wiki/Accropode","/wiki/Akmon","/wiki/Breachway","/wiki/Breakwater_(structure)","/wiki/Cliff_stabilization","/wiki/Dolos","/wiki/Flood_wall","/wiki/Floodgate","/wiki/Gabion","/wiki/Groyne","/wiki/Levee","/wiki/Hard_engineering","/wiki/Honeycomb_sea_wall","/wiki/Hudson%27s_equation","/wiki/KOLOS","/wiki/Revetment","/wiki/Riprap","/wiki/Seawall","/wiki/Tetrapod_(structure)","/wiki/Training_(civil)","/wiki/Xbloc","/wiki/Soft_engineering","/wiki/Beach_nourishment","/wiki/Coastal_management#Beach_drainage","/wiki/Sand_dune_stabilization","/wiki/Soft_engineering","/wiki/Soft_shore_remediation","/wiki/Beach_evolution","/wiki/Coastal_erosion","/wiki/Land_reclamation","/wiki/Longshore_transport","/wiki/Modern_recession_of_beaches","//en.wikipedia.org/w/index.php?title=Special:CentralAutoLogin/start&type=1x1&from=enwiki","http://en.wikipedia.org/w/index.php?title=Artificial_reef&oldid=568150391","/wiki/Help:Category","/wiki/Category:Artificial_reefs","/wiki/Category:Ship_disposal","/wiki/Category:All_articles_with_unsourced_statements","/wiki/Category:Articles_with_unsourced_statements_from_May_2009","/w/index.php?title=Special:UserLogin&returnto=Artificial+reef&type=signup","/w/index.php?title=Special:UserLogin&returnto=Artificial+reef","/wiki/Artificial_reef","/wiki/Talk:Artificial_reef","#","/wiki/Artificial_reef","/w/index.php?title=Artificial_reef&action=edit","/w/index.php?title=Artificial_reef&veaction=edit","/w/index.php?title=Artificial_reef&action=history","#","/w/index.php","//bits.wikimedia.org/static-1.22wmf12/skins/vector/images/search-ltr.png?303-4","/wiki/Main_Page","/wiki/Main_Page","/wiki/Portal:Contents","/wiki/Portal:Featured_content","/wiki/Portal:Current_events","/wiki/Special:Random","https://donate.wikimedia.org/wiki/Special:FundraiserRedirector?utm_source=donate&utm_medium=sidebar&utm_campaign=C13_en.wikipedia.org&uselang=en","/wiki/Help:Contents","/wiki/Wikipedia:About","/wiki/Wikipedia:Community_portal","/wiki/Special:RecentChanges","//en.wikipedia.org/wiki/Wikipedia:Contact_us","/wiki/Special:WhatLinksHere/Artificial_reef","/wiki/Special:RecentChangesLinked/Artificial_reef","/wiki/Wikipedia:File_Upload_Wizard","/wiki/Special:SpecialPages","/w/index.php?title=Artificial_reef&oldid=568150391","/w/index.php?title=Artificial_reef&action=info","//www.wikidata.org/wiki/Q985843","/w/index.php?title=Special:Cite&page=Artificial_reef&id=568150391","/w/index.php?title=Special:Book&bookcmd=book_creator&referer=Artificial+reef","/w/index.php?title=Special:Book&bookcmd=render_article&arttitle=Artificial+reef&oldid=568150391&writer=rl","/w/index.php?title=Artificial_reef&printable=yes","//bg.wikipedia.org/wiki/%D0%98%D0%B7%D0%BA%D1%83%D1%81%D1%82%D0%B2%D0%B5%D0%BD_%D1%80%D0%B8%D1%84","//de.wikipedia.org/wiki/K%C3%BCnstliches_Korallenriff","//fr.wikipedia.org/wiki/R%C3%A9cif_artificiel","//ko.wikipedia.org/wiki/%EC%9D%B8%EA%B3%B5_%EC%96%B4%EC%B4%88","//it.wikipedia.org/wiki/Barriera_artificiale","//ja.wikipedia.org/wiki/%E4%BA%BA%E5%B7%A5%E9%AD%9A%E7%A4%81","//no.wikipedia.org/wiki/Kunstig_rev","//pt.wikipedia.org/wiki/Recife_artificial","//fi.wikipedia.org/wiki/Keinotekoinen_riutta","//sv.wikipedia.org/wiki/Konstgjorda_rev","//th.wikipedia.org/wiki/%E0%B8%9B%E0%B8%B0%E0%B8%81%E0%B8%B2%E0%B8%A3%E0%B8%B1%E0%B8%87%E0%B9%80%E0%B8%97%E0%B8%B5%E0%B8%A2%E0%B8%A1","//tr.wikipedia.org/wiki/Yapay_resif","//zh.wikipedia.org/wiki/%E4%BA%BA%E5%B7%A5%E9%B1%BC%E7%A4%81","#","//www.wikidata.org/wiki/Q985843#sitelinks-wikipedia","//en.wikipedia.org/wiki/Wikipedia:Text_of_Creative_Commons_Attribution-ShareAlike_3.0_Unported_License","//creativecommons.org/licenses/by-sa/3.0/","//wikimediafoundation.org/wiki/Terms_of_Use","//wikimediafoundation.org/wiki/Privacy_policy","//www.wikimediafoundation.org/","//wikimediafoundation.org/wiki/Privacy_policy","/wiki/Wikipedia:About","/wiki/Wikipedia:General_disclaimer","//en.wikipedia.org/wiki/Wikipedia:Contact_us","//en.m.wikipedia.org/wiki/Artificial_reef","//wikimediafoundation.org/","//bits.wikimedia.org/images/wikimedia-button.png","//www.mediawiki.org/","//bits.wikimedia.org/static-1.22wmf12/skins/common/images/poweredby_mediawiki_88x31.png","//bits.wikimedia.org/en.wikipedia.org/load.php?debug=false&lang=en&modules=site&only=scripts&skin=vector&*"],"instances":["new_york_city_subway_car","d_41","ffg_02","new_york_city_subway_car","new_york_city_subway_car","electricity","ffg_01","d_39","new_york_city_subway_car","de_50","new_york_city_subway_car","new_york_city_subway_car","d_38"],"pdf":["http://etd.vcu.edu/theses/available/etd-08042006-093035/unrestricted/williamstw_phd.pdf","http://192.5.14.110/pubs/monograph_reports/MR1377/MR1377.ch5.pdf","http://www.gsmfc.org/pubs/SFRP/Guidelines_for_Marine_Artificial_Reef_Materials_January_1997.pdf"],"categories":["Artificial reefs|","Ship disposal"],"headings":["History","Development","Reefs","Artificial surfing reefs","Electro mineral accretion (EMA)","Environmental concerns","See also","References"],"image":["//upload.wikimedia.org/wikipedia/commons/thumb/1/19/Artificialreef.JPG/220px-Artificialreef.JPG","//bits.wikimedia.org/static-1.22wmf12/skins/common/images/magnify-clip.png","//upload.wikimedia.org/wikipedia/commons/thumb/3/34/Tire_reef.jpg/220px-Tire_reef.jpg","//bits.wikimedia.org/static-1.22wmf12/skins/common/images/magnify-clip.png","//upload.wikimedia.org/wikipedia/commons/thumb/d/d3/Tires540.jpg/220px-Tires540.jpg","//bits.wikimedia.org/static-1.22wmf12/skins/common/images/magnify-clip.png","//upload.wikimedia.org/wikipedia/commons/thumb/5/51/Oriskany_July_2008_-1.jpg/220px-Oriskany_July_2008_-1.jpg","//bits.wikimedia.org/static-1.22wmf12/skins/common/images/magnify-clip.png","//upload.wikimedia.org/wikipedia/commons/thumb/1/16/SubwayCarBargeAtGWB.JPG/220px-SubwayCarBargeAtGWB.JPG","//bits.wikimedia.org/static-1.22wmf12/skins/common/images/magnify-clip.png","//upload.wikimedia.org/wikipedia/commons/thumb/e/e7/Sarcastic_fringehead_in_plastic_tube.JPG/220px-Sarcastic_fringehead_in_plastic_tube.JPG","//bits.wikimedia.org/static-1.22wmf12/skins/common/images/magnify-clip.png","//upload.wikimedia.org/wikipedia/commons/thumb/b/bb/Seawallventnor.jpg/140px-Seawallventnor.jpg","//en.wikipedia.org/w/index.php?title=Special:CentralAutoLogin/start&type=1x1&from=enwiki","//bits.wikimedia.org/static-1.22wmf12/skins/vector/images/search-ltr.png?303-4","//bits.wikimedia.org/images/wikimedia-button.png","//bits.wikimedia.org/static-1.22wmf12/skins/common/images/poweredby_mediawiki_88x31.png"],"tags":[["uss_spiegel_grove","lsd-32"],["r32","new_york_city_subway_car"],["r38","new_york_city_subway_car"],["r40","new_york_city_subway_car"],["r42","new_york_city_subway_car"],["r160a","new_york_city_subway_car"],["r160b","new_york_city_subway_car"],["hmas_swan","de_50"],["hmas_perth","d_38"],["hmas_hobart","d_39"],["hmas_brisbane","d_41"],["hmas_canberra","ffg_02"],["hmas_adelaide","ffg_01"],["battery","electricity"]],"members":["r160a","hmas_brisbane","hmas_canberra","uss_spiegel_grove","r42","r40","battery","hmas_adelaide","hmas_hobart","r32","hmas_swan","r38","r160b","hmas_perth"],"related":["Concrete_masonry_unit","Rigs-to-Reefs","Sinking_ships_for_wreck_diving_sites","The_Reef_Ball_Foundation","Algae","Barnacle","Coral","Oyster","Biocenose","Persian_Empire","Tigris_River","India","First_Punic_War","Roman_Republic","Rand_Corporation","Algaculture","Kelp","South_Carolina","Plankton","Sardine","Minnow","Pelagic","Predator","Atlantic_bluefin_tuna","Sharks","Grouper","Lutjanidae","Squirrelfish","Eel","Triggerfish","Carangidae","Barracuda","Algae","Tunicates","Corals","Sponges","Fort_Lauderdale,_Florida","WTSP","St._Petersburg,_Florida","Burial_at_sea","USS_Oriskany","Pensacola","Florida","World_War_II","Troop_transport","Key_West","USS_Spiegel_Grove_(LSD-32)","MTA_New_York_City_Transit","R142","R142A","Redbird_trains","Interborough_Rapid_Transit_Company","New_York_City_Subway","R32_(New_York_City_Subway_car)","R38_(New_York_City_Subway_car)","R40_(New_York_City_Subway_car)","R42_(New_York_City_Subway_car)","R160A_(New_York_City_Subway_car)","R160B_(New_York_City_Subway_car)","HMAS_Swan_(DE_50)","HMAS_Perth_(D_38)","HMAS_Hobart_(D_39)","HMAS_Brisbane_(D_41)","HMAS_Canberra_(FFG_02)","HMAS_Adelaide_(FFG_01)","Gibraltar_Artificial_Reef","Tyres","Gibraltar_Port_Authority","Barges","Camp_Bay,_Gibraltar","MV_New_Flame","Gibraltar","Spain","Gibraltarians","El_Segundo,_California","Los_Angeles","California","Perth,_Western_Australia","Geotextile","Pratte's_Reef","Habitat","USS_Spiegel_Grove","Boscombe","Bournemouth","Multi-purpose_reef","Boscombe_Surf_Reef","Geotextile","Limestone","Planula","Battery_(electricity)","Cathode","Anode","Solar_panel","Biorock","Mariculture","The_Ocean_Conservancy","Artificial_reefs_in_Japan","Artificial_wave","Biorock","Marine_debris","Multi-purpose_reef","Ship_graveyard","Sinking_ships_for_wreck_diving_sites","Spawning_bed"]}