{"cursor":"2125","size":15,"audio":[],"currentlang":"en","article":"\n\n\nAn 'ingredient' is a substance that forms part of a mixture (in a general\nsense). For example, in cooking, recipes specify which ingredients are used to\nprepare a specific dish. Many commercial products contain a secret ingredient\nthat is purported to make them better than competing products. In the\npharmaceutical industry, an active ingredient is that part of a formulation that\nyields the effect required by the customer.\n\nNational laws usually require prepared food products to display a list of\ningredients, and specifically require that certain additives be listed.\n\nIn most developed countries, the law requires that ingredients be listed\naccording to their relative weight [http://www.fda.gov/food/guidancecomplia-\nnceregulatoryinformation/guidancedocuments/foodlabelingnutrition/foodlabelinggu-\nide/ucm064880.htm#descend \"FDA: A Food Labeling Guide\"], April 2008. in\nthe product. If an ingredient itself consists of more than one ingredient (such\nas the cookie pieces which are a part of \"cookies and cream\" flavor ice cream),\nthen that ingredient is listed by what percentage of the total product it\noccupies, with its own ingredients displayed next to it in brackets.\n","linknr":126,"url":"Artificial_ingredient","recorded":1362673670,"links":31,"instances":["business"],"pdf":[],"categories":["Food ingredients|*"],"headings":["Artificial ingredient","See also","References"],"image":["//upload.wikimedia.org/wikipedia/en/thumb/9/99/Question_book-new.svg/50px-Question_book-new.svg.png","//upload.wikimedia.org/wikipedia/commons/thumb/c/c5/Foods.jpg/19px-Foods.jpg","//upload.wikimedia.org/wikipedia/commons/thumb/4/4f/Biscuit_components.jpg/35px-Biscuit_components.jpg","//bits.wikimedia.org/static-1.21wmf10/skins/vector/images/search-ltr.png?303-4","//bits.wikimedia.org/images/wikimedia-button.png","//bits.wikimedia.org/static-1.21wmf10/skins/common/images/poweredby_mediawiki_88x31.png"],"tags":[["product","business"]],"members":["product"],"related":["Mixture","Cooking","Recipe","Product_(business)","Secret_ingredient","Active_ingredient","Formulation","Sovereign_state","Law","Food_additive","Artificial_flavor","Food_additive","Food_coloring","Preservative","Sugar_substitute","Fake_food"]}