{"cursor":"40189","size":15,"audio":[],"currentlang":"en","article":"'Artificial intelligence' (AI) is a common topic of '[[science fiction]]',\nwhether it is of literature, theatre, cinema, or television. Science fiction\nsometimes emphasizes on the dangers of artificial intelligence, and sometimes\nits positive potential. This article focuses on the modern incarnation of this\nidea; stories such as the legend of Pygmalion do not belong here.\n\nThe notion of advanced robots with human intelligence has been around for\ndecades. Samuel Butler was the first to raise this issue, in a number of\narticles contributed to a local periodical in New Zealand and later developed\ninto the three chapters of his novel [[Erewhon]] that compose its fictional Book\nof the Machines. To quote his own words:\n\n There is no security against the ultimate development of mechanical\nconsciousness, in the fact of machines possessing little consciousness now. A\nmollusc has not much consciousness. Reflect upon the extraordinary advance which\nmachines have made during the last few hundred years, and note how slowly the\nanimal and vegetable kingdoms are advancing. The more highly organized machines\nare creatures not so much of yesterday, as of the last five minutes, so to\nspeak, in comparison with past time. {{cite book\n  | last = Butler first = Samuel authorlink = Samuel Butler (novelist) title =\n  | Erewhon publisher = Project Gutenberg origyear = 1906 url =\n  | http://www.gutenberg.org/etext/1906 date = March 20, 2005\n}}  Various scenarios have been proposed, and they are\ncategorised below.\n","linknr":528,"url":"artificial_intelligence_in_fiction","recorded":1376396368,"links":["/w/index.php?title=Artificial_intelligence_in_fiction&action=edit","/w/index.php?title=Artificial_intelligence_in_fiction&action=edit","//bits.wikimedia.org/favicon/wikipedia.ico","/w/opensearch_desc.php","//en.wikipedia.org/w/api.php?action=rsd","//creativecommons.org/licenses/by-sa/3.0/","/w/index.php?title=Special:RecentChanges&feed=atom","http://en.wikipedia.org/wiki/Artificial_intelligence_in_fiction","//bits.wikimedia.org/en.wikipedia.org/load.php?debug=false&lang=en&modules=ext.gadget.DRN-wizard%2CReferenceTooltips%2Ccharinsert%2Cteahouse%7Cext.rtlcite%2Cwikihiero%7Cext.uls.nojs%7Cmediawiki.legacy.commonPrint%2Cshared%7Cmw.PopUpMediaTransform%7Cskins.vector&only=styles&skin=vector&*","//bits.wikimedia.org/en.wikipedia.org/load.php?debug=false&lang=en&modules=ext.visualEditor.viewPageTarget.noscript&only=styles&skin=vector&*","//bits.wikimedia.org/en.wikipedia.org/load.php?debug=false&lang=en&modules=site&only=styles&skin=vector&*","//bits.wikimedia.org/en.wikipedia.org/load.php?debug=false&lang=en&modules=startup&only=scripts&skin=vector&*","//bits.wikimedia.org/geoiplookup","//meta.wikimedia.org","#mw-navigation","#p-search","/wiki/Science_fiction","/wiki/Artificial_intelligence","/wiki/Pygmalion","/wiki/Samuel_Butler_(novelist)","/wiki/Erewhon","#cite_note-Erewhon_Gutenberg-1","#AI_dominance","#AI_rebellion","#AI-controlled_societies","#Human_dominance","#AI-banned_societies","#AI_in_service_to_society","#Merger_of_AI_with_humanity","#AI_equality","#Sentient_AI","#AI_as_a_menace","#Seeking_understanding_and_purpose","#Seeking_human_acceptance","#Ethical_struggles","#AI_and_evolution","#Non-sentient_AI","#See_also","#Notes","#External_links","/w/index.php?title=Artificial_intelligence_in_fiction&action=edit&section=1","/w/index.php?title=Artificial_intelligence_in_fiction&veaction=edit&section=1","/w/index.php?title=Artificial_intelligence_in_fiction&action=edit&section=2","/w/index.php?title=Artificial_intelligence_in_fiction&veaction=edit&section=2","/wiki/Cybernetic_revolt","/wiki/Sentience","/wiki/R.U.R.","/wiki/Karel_%C4%8Capek","/wiki/Self-replicating_machine","/wiki/Skynet_(Terminator)","/wiki/Terminator_(franchise)","/wiki/The_Second_Renaissance","/wiki/The_Animatrix","/wiki/The_Matrix_(franchise)","/wiki/Mega_Man_X","/wiki/Maverick_(Mega_Man)","/wiki/Halo_(series)","/wiki/Mass_Effect","/wiki/Outer_Space#Intergalactic","/wiki/Zombie_apocalypse","/w/index.php?title=Artificial_intelligence_in_fiction&action=edit&section=3","/w/index.php?title=Artificial_intelligence_in_fiction&veaction=edit&section=3","/wiki/Jack_Williamson","/wiki/With_Folded_Hands","/wiki/Gort_(The_Day_the_Earth_Stood_Still)","/wiki/The_Day_the_Earth_Stood_Still_(1951_film)","/wiki/Robotic_police_officer","/wiki/Isaac_Asimov","/wiki/Three_Laws_of_Robotics","/wiki/Colossus:_The_Forbin_Project","/wiki/Iain_M._Banks","/wiki/The_Culture","/wiki/Neal_Asher","/wiki/I,_Robot_(film)","/wiki/Three_Laws_of_Robotics","/wiki/Dan_Simmons","/wiki/Hyperion_Cantos","/wiki/Sid_Meier%27s_Alpha_Centauri","/w/index.php?title=Artificial_intelligence_in_fiction&action=edit&section=4","/w/index.php?title=Artificial_intelligence_in_fiction&veaction=edit&section=4","/w/index.php?title=Artificial_intelligence_in_fiction&action=edit&section=5","/w/index.php?title=Artificial_intelligence_in_fiction&veaction=edit&section=5","/wiki/Frank_Herbert","/wiki/Strong_AI","/wiki/Dune_(franchise)","/wiki/Butlerian_Jihad","/wiki/Orange_Catholic_Bible","/wiki/Hunters_of_Dune","/wiki/Sandworms_of_Dune","/wiki/Battlestar_Galactica_(1978_TV_series)","/wiki/Cylon_(1978)","/wiki/Battlestar_Galactica_(TV_miniseries)","/wiki/Battlestar_Galactica_(2004_TV_series)","/wiki/Reboot_(fiction)","/wiki/Cylon_(re-imagining)","/wiki/Gaius_Baltar","/wiki/Twelve_Colonies","/wiki/Mass_Effect","/wiki/Self-awareness","/wiki/Virtual_Intelligence","/wiki/Star_Trek:_The_Next_Generation","/wiki/Dread_Empire%27s_Fall","/wiki/Walter_Jon_Williams","/w/index.php?title=Artificial_intelligence_in_fiction&action=edit&section=6","/w/index.php?title=Artificial_intelligence_in_fiction&veaction=edit&section=6","/wiki/Three_Laws_of_Robotics","/wiki/Isaac_Asimov","/wiki/Robot_series_(Asimov)","/wiki/Forbidden_Planet","/wiki/List_of_characters_in_The_Jetsons#Rosie","/wiki/The_Jetsons","/wiki/Clamp_(manga_artists)","/wiki/Chobits","/wiki/Angelic_Layer","/wiki/Chi_(Chobits)","/wiki/Sentience","/wiki/Marvin_the_Paranoid_Android","/wiki/The_Hitchhiker%27s_Guide_to_the_Galaxy","/wiki/Droid_(robot)","/wiki/Star_Wars","/wiki/R2-D2","/wiki/C-3PO","/wiki/A.I._(film)","/wiki/Andromeda_(TV_series)","/wiki/Rommie","/wiki/Cortana","/wiki/Halo_(series)","/wiki/Alien_(franchise)","/wiki/Android_(robot)","/wiki/Tiberian_Sun","#cite_note-2","/wiki/Wikipedia:NOTRS","#cite_note-3","/wiki/Wikipedia:NOTRS","/wiki/Mega_Man_Battle_Network","/wiki/MegaMan_NT_Warrior","/w/index.php?title=Artificial_intelligence_in_fiction&action=edit&section=7","/w/index.php?title=Artificial_intelligence_in_fiction&veaction=edit&section=7","/wiki/Transhumanism","/wiki/Manga","/wiki/Ghost_in_the_Shell_(manga)","/wiki/Borg_(Star_Trek)","/wiki/Star_Trek:_The_Next_Generation","/wiki/Transhumanism","/wiki/Cyborg","/wiki/Group_mind_(science_fiction)","/wiki/Peter_F._Hamilton","/wiki/Commonwealth_Saga","/wiki/D.A.R.Y.L.","/wiki/Neal_Asher","/wiki/Portmanteau","/wiki/Deus_Ex","/w/index.php?title=Artificial_intelligence_in_fiction&action=edit&section=8","/w/index.php?title=Artificial_intelligence_in_fiction&veaction=edit&section=8","/wiki/Star_Trek:_The_Next_Generation","/wiki/Data_(Star_Trek)","/wiki/Starship_Enterprise","/wiki/Friendly_artificial_intelligence","/wiki/Three_Laws_of_Robotics","/wiki/The_Most_Toys","/wiki/The_Measure_of_a_Man_(TNG_episode)","/wiki/Iain_M._Banks","/wiki/The_Culture","/wiki/Neal_Asher","/w/index.php?title=Artificial_intelligence_in_fiction&action=edit&section=9","/w/index.php?title=Artificial_intelligence_in_fiction&veaction=edit&section=9","/wiki/Sentience","/wiki/Strong_AI","/wiki/Artificial_consciousness","/wiki/Astro_Boy","/wiki/KITT","/wiki/KARR_(Knight_Rider)","/wiki/Knight_Rider_(1982_TV_series)","/wiki/Holly_(Red_Dwarf)","/wiki/Kryten","/wiki/Red_Dwarf","/wiki/Transformers","/wiki/Chi_(Chobits)","/wiki/Chobits","/wiki/Personal_computer","/wiki/R._Dorothy_Wayneright","/wiki/The_Big_O","/wiki/Cortana","/wiki/Halo_(series)","/wiki/Rampancy","#cite_note-4","/wiki/Wikipedia:NOTRS","/wiki/Bender_Rodriguez","/wiki/Futurama","/wiki/My_Life_as_a_Teenage_Robot","/wiki/Human_society","/wiki/Mass_Effect","/wiki/.hack","/wiki/Mystery_Science_Theater_3000","/wiki/Satellite_of_Love","/wiki/Tom_Servo","/wiki/Crow_T._Robot","/wiki/B_movies","/wiki/Joel_Robinson","/wiki/Mike_Nelson_(character)","/wiki/Chachamaru_Karakuri","/wiki/Negima!_Magister_Negi_Magi","/wiki/Busou_Shinki","/wiki/Gynoid","/wiki/Ku_Klux_Klan","/w/index.php?title=Artificial_intelligence_in_fiction&action=edit&section=10","/w/index.php?title=Artificial_intelligence_in_fiction&veaction=edit&section=10","/wiki/Science_fiction","/wiki/Frankenstein_complex","/wiki/2001:_A_Space_Odyssey_(novel)","/wiki/HAL_9000","/wiki/2010_(film)","/wiki/M%C3%B6bius_loop","/wiki/Dark_Star_(film)","/wiki/Cartesian_doubt","/wiki/Virtuosity","/wiki/Virtual_reality","/wiki/Genetic_algorithm","/wiki/Nanotechnology","/wiki/SHODAN","/wiki/System_Shock","/wiki/Space_station","/wiki/How_to_Make_a_Monster_(2001_film)","/wiki/Game_artificial_intelligence","/wiki/Portal_(video_game)","/wiki/GLaDOS","/wiki/Portal_2","/wiki/Eagle_Eye","/wiki/United_States_Department_of_Defense","/wiki/National_security","/wiki/Shia_LeBeouf","/wiki/Michelle_Monaghan","/wiki/Red_vs._Blue","/wiki/X_(game_series)","/w/index.php?title=Artificial_intelligence_in_fiction&action=edit&section=11","/w/index.php?title=Artificial_intelligence_in_fiction&veaction=edit&section=11","/wiki/Curiosity","/wiki/Metaphysics","/wiki/The_Last_Question","/wiki/Isaac_Asimov","/wiki/Robert_A._Heinlein","/wiki/The_Moon_Is_a_Harsh_Mistress","/wiki/Neuromancer","/wiki/William_Gibson","/wiki/Star_Trek:_The_Motion_Picture","/wiki/Stanis%C5%82aw_Lem","/wiki/Golem_XIV","/wiki/Short_Circuit","/wiki/Frankenstein","/wiki/Puppet_Master_(Ghost_in_the_Shell)","/wiki/Ghost_in_the_Shell_(film)","/wiki/I,_Robot_(film)","/wiki/Three_Laws_of_Robotics","/wiki/Foreshadowing","/wiki/Stealth_(film)","/wiki/Unmanned_Combat_Aerial_Vehicle","/wiki/Clandestine_cell_system","/wiki/Hitchhiker%27s_Guide_to_the_Galaxy","/wiki/Deep_Thought_(The_Hitchhiker%27s_Guide_to_the_Galaxy)","/wiki/Earth","/wiki/Vogons","/w/index.php?title=Artificial_intelligence_in_fiction&action=edit&section=12","/w/index.php?title=Artificial_intelligence_in_fiction&veaction=edit&section=12","/wiki/Pinocchio","/wiki/Star_Trek:_The_Next_Generation","/wiki/Data_(Star_Trek)","/wiki/Bicentennial_Man_(film)","/wiki/A.I._Artificial_Intelligence","/wiki/Terminator:_The_Sarah_Connor_Chronicles","/wiki/Cameron_(Terminator)","/wiki/D.A.R.Y.L.","/w/index.php?title=Artificial_intelligence_in_fiction&action=edit&section=13","/w/index.php?title=Artificial_intelligence_in_fiction&veaction=edit&section=13","/wiki/A_Logic_Named_Joe","/wiki/Murray_Leinster","/wiki/Astounding_Science_Fiction","/wiki/Ethics","/wiki/Three_Laws_of_Robotics","/wiki/Spirit_of_the_law","/wiki/Isaac_Asimov","/wiki/Robot_series_(Asimov)","/wiki/WarGames","/wiki/Game_theory","/wiki/Terminator:_The_Sarah_Connor_Chronicles","/wiki/Wikipedia:Please_clarify","/wiki/Ten_Commandments","/wiki/Iron_Giant","/wiki/Wikipedia:Citing_sources#In-text_attribution","/wiki/Red_vs._Blue","/w/index.php?title=Artificial_intelligence_in_fiction&action=edit&section=14","/w/index.php?title=Artificial_intelligence_in_fiction&veaction=edit&section=14","/wiki/Erewhon","/wiki/James_P._Hogan","/wiki/Code_of_the_Lifemaker","/wiki/Self-replicating_machines","/w/index.php?title=Artificial_intelligence_in_fiction&action=edit&section=15","/w/index.php?title=Artificial_intelligence_in_fiction&veaction=edit&section=15","/wiki/Answer_engine","/wiki/Chatterbot","/wiki/Paradox","/wiki/Does_not_compute","/wiki/Driverless_cars","/wiki/USS_Enterprise_(NCC-1701-D)","/wiki/Star_Trek:_The_Next_Generation","/wiki/A.I._Artificial_Intelligence","/wiki/Snow_Crash","/wiki/I,_Mudd_(TOS_episode)","/wiki/Star_Trek:_The_Original_Series","/wiki/List_of_Ghost_in_the_Shell:_Stand_Alone_Complex_episodes","/wiki/Ghost_in_the_Shell:_Stand_Alone_Complex","/wiki/Tachikoma","/wiki/Liar_paradox","/wiki/Operator_(Ghost_in_the_Shell)","/wiki/Video_game","/wiki/Portal_2","/wiki/Paradox","/wiki/Star_Trek:_the_Next_Generation","/wiki/Multimodal_interaction","/wiki/Speech_recognition","/wiki/Friendly_artificial_intelligence","/w/index.php?title=Artificial_intelligence_in_fiction&action=edit&section=16","/w/index.php?title=Artificial_intelligence_in_fiction&veaction=edit&section=16","/wiki/The_Adolescence_of_P-1","/wiki/Android_(robot)","/wiki/Butlerian_Jihad","/wiki/Darwin_among_the_Machines","/wiki/List_of_fictional_computers","/wiki/List_of_fictional_robots_and_androids","/wiki/Machine_rule","/wiki/Robot","/wiki/Simulated_consciousness_(science_fiction)","/w/index.php?title=Artificial_intelligence_in_fiction&action=edit&section=17","/w/index.php?title=Artificial_intelligence_in_fiction&veaction=edit&section=17","#cite_ref-Erewhon_Gutenberg_1-0","/wiki/Samuel_Butler_(novelist)","http://www.gutenberg.org/etext/1906","/wiki/Project_Gutenberg","#cite_ref-2","http://www.wikia.com/wiki/c:cnc:CABAL","http://www.wikia.com/wiki/c:cnc","#cite_ref-3","http://www.wikia.com/wiki/c:cnc:EVA","http://www.wikia.com/wiki/c:cnc","#cite_ref-4","http://www.halopedia.org/Cortana","http://www.halopedia.org/","/w/index.php?title=Artificial_intelligence_in_fiction&action=edit&section=18","/w/index.php?title=Artificial_intelligence_in_fiction&veaction=edit&section=18","//upload.wikimedia.org/wikipedia/en/thumb/4/4a/Commons-logo.svg/30px-Commons-logo.svg.png","//commons.wikimedia.org/wiki/Category:Artificial_intelligence_in_fiction","http://aitopics.org/topic/science-fiction","http://feanor.sssup.it/~giorgio/movies/ac-eng.html","http://www.sfwriter.com/precarn.htm","http://homepages.inf.ed.ac.uk/rbf/PAPERS/aicinema.pdf","/wiki/Template:Science_fiction","/wiki/Template_talk:Science_fiction","//en.wikipedia.org/w/index.php?title=Template:Science_fiction&action=edit","/wiki/Science_fiction","/wiki/Outline_of_science_fiction","/wiki/Definitions_of_science_fiction","/wiki/Future_history","/wiki/History_of_science_fiction","/wiki/Scientific_romance","/wiki/Golden_Age_of_Science_Fiction","/wiki/New_Wave_science_fiction","/wiki/List_of_science_fiction_genres","/wiki/Adventure_science_fiction","/wiki/Alternate_history","/wiki/Apocalyptic_and_post-apocalyptic_fiction","/wiki/Comic_science_fiction","/wiki/Cyberpunk","/wiki/Dying_Earth_(subgenre)","/wiki/Hard_science_fiction","/wiki/Military_science_fiction","/wiki/Mundane_science_fiction","/wiki/Science-fiction_opera","/wiki/Planetary_romance","/wiki/Science_fantasy","/wiki/Scientific_romance","/wiki/Social_science_fiction","/wiki/Soft_science_fiction","/wiki/Space_opera","/wiki/Space_Western","/wiki/Steampunk","/wiki/Sword_and_planet","/wiki/Science_fiction_convention","/wiki/EMP_Museum","/wiki/Science_fiction_fandom","/wiki/Science_fiction_fanzine","/wiki/Hugo_Award","/wiki/Internet_Speculative_Fiction_Database","/wiki/Nebula_Award","/wiki/Science_fiction_studies","/wiki/Women_in_speculative_fiction","/wiki/Worldcon","/wiki/Australian_science_fiction","/wiki/Bengali_science_fiction","/wiki/Canadian_science_fiction","/wiki/Chinese_science_fiction","/wiki/Croatian_science_fiction","/wiki/Czech_science_fiction_and_fantasy","/wiki/French_science_fiction","/wiki/Japanese_science_fiction","/wiki/Norwegian_science_fiction","/wiki/Science_fiction_and_fantasy_in_Poland","/wiki/Romanian_science_fiction","/wiki/Russian_science_fiction_and_fantasy","/wiki/Serbian_science_fiction","/wiki/Spanish_science_fiction","/wiki/Science_fiction_comics","/wiki/Science_fiction_magazine","/wiki/List_of_science_fiction_novels","/wiki/List_of_science_fiction_publishers","/wiki/List_of_science_fiction_short_stories","/wiki/Science_fiction_film","/wiki/History_of_science_fiction_films","/wiki/List_of_science-fiction_films","/wiki/Science_fiction_on_television","/wiki/List_of_science_fiction_television_programs","/wiki/British_television_science_fiction","/wiki/U.S._television_science_fiction","/wiki/List_of_science_fiction_themes","/wiki/Ancient_astronauts","/wiki/Black_science_fiction","/wiki/Extraterrestrials_in_fiction","/wiki/List_of_fictional_extraterrestrials","/wiki/Feminist_science_fiction","/wiki/First_contact_(science_fiction)","/wiki/Gender_in_speculative_fiction","/wiki/Hyperspace_(science_fiction)","/wiki/LGBT_themes_in_speculative_fiction","/wiki/Libertarian_science_fiction","/wiki/Parallel_universe_(fiction)","/wiki/Planets_in_science_fiction","/wiki/Terraforming_in_popular_culture","/wiki/Political_ideas_in_science_fiction","/wiki/List_of_religious_ideas_in_science_fiction","/wiki/Sex_and_sexuality_in_speculative_fiction","/wiki/Time_travel_in_fiction","/wiki/Uplift_(science_fiction)","/wiki/Fantasy","/wiki/Fictional_technology","/wiki/Future","/wiki/Gothic_fiction","/wiki/Horror_fiction","/wiki/Magic_realism","/wiki/Mecha","/wiki/Mind_uploading","/wiki/Multiverse","/wiki/Robot","/wiki/Rubber_science","/wiki/Speculative_fiction","/wiki/Superhero_fiction","/wiki/Techno-thriller","/wiki/Time_travel","/wiki/Transhumanism","/wiki/Utopian_and_dystopian_fiction","/wiki/Weird_fiction","//upload.wikimedia.org/wikipedia/en/thumb/4/48/Folder_Hexagonal_Icon.svg/16px-Folder_Hexagonal_Icon.svg.png","/wiki/Category:Science_fiction","//upload.wikimedia.org/wikipedia/en/thumb/f/fd/Portal-puzzle.svg/16px-Portal-puzzle.svg.png","/wiki/Portal:Speculative_fiction/Science_fiction","//upload.wikimedia.org/wikipedia/commons/thumb/3/37/People_icon.svg/16px-People_icon.svg.png","/wiki/Wikipedia:WikiProject_Science_Fiction","//en.wikipedia.org/w/index.php?title=Special:CentralAutoLogin/start&type=1x1&from=enwiki","http://en.wikipedia.org/w/index.php?title=Artificial_intelligence_in_fiction&oldid=567141685","/wiki/Help:Category","/wiki/Category:Artificial_intelligence_in_fiction","/wiki/Category:Literature_by_topic","/wiki/Category:All_pages_needing_factual_verification","/wiki/Category:Wikipedia_articles_needing_factual_verification_from_April_2013","/wiki/Category:Wikipedia_articles_needing_clarification_from_April_2013","/wiki/Category:Articles_with_unattributed_quotes","/wiki/Category:Commons_category_with_local_link_same_as_on_Wikidata","/w/index.php?title=Special:UserLogin&returnto=Artificial+intelligence+in+fiction&type=signup","/w/index.php?title=Special:UserLogin&returnto=Artificial+intelligence+in+fiction","/wiki/Artificial_intelligence_in_fiction","/wiki/Talk:Artificial_intelligence_in_fiction","#","/wiki/Artificial_intelligence_in_fiction","/w/index.php?title=Artificial_intelligence_in_fiction&action=edit","/w/index.php?title=Artificial_intelligence_in_fiction&veaction=edit","/w/index.php?title=Artificial_intelligence_in_fiction&action=history","#","/w/index.php","//bits.wikimedia.org/static-1.22wmf12/skins/vector/images/search-ltr.png?303-4","/wiki/Main_Page","/wiki/Main_Page","/wiki/Portal:Contents","/wiki/Portal:Featured_content","/wiki/Portal:Current_events","/wiki/Special:Random","https://donate.wikimedia.org/wiki/Special:FundraiserRedirector?utm_source=donate&utm_medium=sidebar&utm_campaign=C13_en.wikipedia.org&uselang=en","/wiki/Help:Contents","/wiki/Wikipedia:About","/wiki/Wikipedia:Community_portal","/wiki/Special:RecentChanges","//en.wikipedia.org/wiki/Wikipedia:Contact_us","/wiki/Special:WhatLinksHere/Artificial_intelligence_in_fiction","/wiki/Special:RecentChangesLinked/Artificial_intelligence_in_fiction","/wiki/Wikipedia:File_Upload_Wizard","/wiki/Special:SpecialPages","/w/index.php?title=Artificial_intelligence_in_fiction&oldid=567141685","/w/index.php?title=Artificial_intelligence_in_fiction&action=info","//www.wikidata.org/wiki/Q1458063","/w/index.php?title=Special:Cite&page=Artificial_intelligence_in_fiction&id=567141685","/w/index.php?title=Special:Book&bookcmd=book_creator&referer=Artificial+intelligence+in+fiction","/w/index.php?title=Special:Book&bookcmd=render_article&arttitle=Artificial+intelligence+in+fiction&oldid=567141685&writer=rl","/w/index.php?title=Artificial_intelligence_in_fiction&printable=yes","//es.wikipedia.org/wiki/Inteligencia_artificial_en_la_ficci%C3%B3n","//it.wikipedia.org/wiki/Intelligenza_artificiale_nella_fantascienza","//ja.wikipedia.org/wiki/%E3%83%95%E3%82%A3%E3%82%AF%E3%82%B7%E3%83%A7%E3%83%B3%E3%81%AB%E3%81%8A%E3%81%91%E3%82%8B%E4%BA%BA%E5%B7%A5%E7%9F%A5%E8%83%BD","#","//www.wikidata.org/wiki/Q1458063#sitelinks-wikipedia","//en.wikipedia.org/wiki/Wikipedia:Text_of_Creative_Commons_Attribution-ShareAlike_3.0_Unported_License","//creativecommons.org/licenses/by-sa/3.0/","//wikimediafoundation.org/wiki/Terms_of_Use","//wikimediafoundation.org/wiki/Privacy_policy","//www.wikimediafoundation.org/","//wikimediafoundation.org/wiki/Privacy_policy","/wiki/Wikipedia:About","/wiki/Wikipedia:General_disclaimer","//en.wikipedia.org/wiki/Wikipedia:Contact_us","//en.m.wikipedia.org/wiki/Artificial_intelligence_in_fiction","//wikimediafoundation.org/","//bits.wikimedia.org/images/wikimedia-button.png","//www.mediawiki.org/","//bits.wikimedia.org/static-1.22wmf12/skins/common/images/poweredby_mediawiki_88x31.png","//bits.wikimedia.org/en.wikipedia.org/load.php?debug=false&lang=en&modules=site&only=scripts&skin=vector&*"],"instances":["tng_episode","robot","the_day_the_earth_stood_still","franchise","mega_man","character","star_trek","franchise","2004_tv_series","star_trek","series","asimov","novelist","robot","terminator","red_dwarf","ghost_in_the_shell","game_series","terminator","chobits","ghost_in_the_shell","franchise","science_fiction","manga_artists","fiction","knight_rider","science_fiction","film","tos_episode"],"pdf":["http://homepages.inf.ed.ac.uk/rbf/PAPERS/aicinema.pdf"],"categories":["Artificial intelligence in fiction|","Literature by topic"],"headings":["AI dominance","Human dominance","Sentient AI","Non-sentient AI","See also","Notes","External links"],"image":["//upload.wikimedia.org/wikipedia/en/thumb/4/4a/Commons-logo.svg/30px-Commons-logo.svg.png","//upload.wikimedia.org/wikipedia/en/thumb/4/48/Folder_Hexagonal_Icon.svg/16px-Folder_Hexagonal_Icon.svg.png","//upload.wikimedia.org/wikipedia/en/thumb/f/fd/Portal-puzzle.svg/16px-Portal-puzzle.svg.png","//upload.wikimedia.org/wikipedia/commons/thumb/3/37/People_icon.svg/16px-People_icon.svg.png","//en.wikipedia.org/w/index.php?title=Special:CentralAutoLogin/start&type=1x1&from=enwiki","//bits.wikimedia.org/static-1.22wmf12/skins/vector/images/search-ltr.png?303-4","//bits.wikimedia.org/images/wikimedia-button.png","//bits.wikimedia.org/static-1.22wmf12/skins/common/images/poweredby_mediawiki_88x31.png"],"tags":[["samuel_butler","novelist"],["skynet","terminator"],["terminator","franchise"],["the_matrix","franchise"],["maverick","mega_man"],["halo","series"],["gort","the_day_the_earth_stood_still"],["dune","franchise"],["battlestar_galactica","1978_tv_series"],["cylon","1978"],["battlestar_galactica","tv_miniseries"],["battlestar_galactica","2004_tv_series"],["reboot","fiction"],["cylon","re-imagining"],["robot_series","asimov"],["clamp","manga_artists"],["chi","chobits"],["droid","robot"],["halo","series"],["android","robot"],["borg","star_trek"],["group_mind","science_fiction"],["data","star_trek"],["the_measure_of_a_man","tng_episode"],["karr","knight_rider"],["holly","red_dwarf"],["chi","chobits"],["mike_nelson","character"],["x","game_series"],["puppet_master","ghost_in_the_shell"],["i,_robot","film"],["deep_thought","the_hitchhiker's_guide_to_the_galaxy"],["data","star_trek"],["cameron","terminator"],["robot_series","asimov"],["uss_enterprise","ncc-1701-d"],["i,_mudd","tos_episode"],["operator","ghost_in_the_shell"],["android","robot"],["simulated_consciousness","science_fiction"]],"members":["the_measure_of_a_man","android","gort","terminator","maverick","uss_enterprise","mike_nelson","borg","dune","battlestar_galactica","data","halo","robot_series","samuel_butler","cylon","droid","skynet","holly","puppet_master","x","cameron","chi","operator","the_matrix","simulated_consciousness","clamp","reboot","deep_thought","karr","group_mind"],"related":["Artificial_intelligence","Pygmalion","Samuel_Butler_(novelist)","Project_Gutenberg","Sentience","Karel_Čapek","Self-replicating_machine","Skynet_(Terminator)","Terminator_(franchise)","The_Second_Renaissance","The_Matrix_(franchise)","Maverick_(Mega_Man)","Halo_(series)","Zombie_apocalypse","Jack_Williamson","With_Folded_Hands","Gort_(The_Day_the_Earth_Stood_Still)","Robotic_police_officer","Isaac_Asimov","Three_Laws_of_Robotics","Iain_M._Banks","Neal_Asher","Three_Laws_of_Robotics","Dan_Simmons","Frank_Herbert","Strong_AI","Dune_(franchise)","Butlerian_Jihad","Orange_Catholic_Bible","Battlestar_Galactica_(1978_TV_series)","Cylon_(1978)","Battlestar_Galactica_(TV_miniseries)","Battlestar_Galactica_(2004_TV_series)","Reboot_(fiction)","Cylon_(re-imagining)","Gaius_Baltar","Twelve_Colonies","Self-awareness","Virtual_Intelligence","Walter_Jon_Williams","Three_Laws_of_Robotics","Isaac_Asimov","Robot_series_(Asimov)","Clamp_(manga_artists)","Chi_(Chobits)","Sentience","Marvin_the_Paranoid_Android","Droid_(robot)","R2-D2","C-3PO","Rommie","Cortana","Halo_(series)","Android_(robot)","Transhumanism","Manga","Borg_(Star_Trek)","Transhumanism","Cyborg","Group_mind_(science_fiction)","Peter_F._Hamilton","Neal_Asher","Portmanteau","Data_(Star_Trek)","Starship_Enterprise","Friendly_artificial_intelligence","Three_Laws_of_Robotics","The_Most_Toys","The_Measure_of_a_Man_(TNG_episode)","Iain_M._Banks","Neal_Asher","Sentience","Strong_AI","Artificial_consciousness","KITT","KARR_(Knight_Rider)","Holly_(Red_Dwarf)","Kryten","Transformers","Chi_(Chobits)","Personal_computer","R._Dorothy_Wayneright","Cortana","Rampancy","Bender_Rodriguez","Human_society","Mystery_Science_Theater_3000","Satellite_of_Love","Tom_Servo","Crow_T._Robot","B_movies","Joel_Robinson","Mike_Nelson_(character)","Chachamaru_Karakuri","Busou_Shinki","Gynoid","Ku_Klux_Klan","Science_fiction","Frankenstein_complex","HAL_9000","Möbius_loop","Cartesian_doubt","Virtual_reality","Genetic_algorithm","Nanotechnology","SHODAN","Space_station","Game_artificial_intelligence","GLaDOS","United_States_Department_of_Defense","National_security","Shia_LeBeouf","Michelle_Monaghan","X_(game_series)","Curiosity","Metaphysics","The_Last_Question","Isaac_Asimov","Robert_A._Heinlein","William_Gibson","Stanisław_Lem","Frankenstein","Puppet_Master_(Ghost_in_the_Shell)","I,_Robot_(film)","Three_Laws_of_Robotics","Foreshadowing","Unmanned_Combat_Aerial_Vehicle","Clandestine_cell_system","Deep_Thought_(The_Hitchhiker's_Guide_to_the_Galaxy)","Earth","Vogons","Data_(Star_Trek)","Cameron_(Terminator)","A_Logic_Named_Joe","Murray_Leinster","Ethics","Three_Laws_of_Robotics","Spirit_of_the_law","Isaac_Asimov","Robot_series_(Asimov)","Game_theory","Ten_Commandments","Erewhon","James_P._Hogan","Code_of_the_Lifemaker","Self-replicating_machines","Answer_engine","Chatterbot","Paradox","Does_not_compute","Driverless_cars","LCARS","USS_Enterprise_(NCC-1701-D)","I,_Mudd_(TOS_episode)","Tachikoma","Liar_paradox","Operator_(Ghost_in_the_Shell)","Video_game","Paradox","Multimodal_interaction","Speech_recognition","Friendly_artificial_intelligence","The_Adolescence_of_P-1","Android_(robot)","Butlerian_Jihad","Darwin_among_the_Machines","List_of_fictional_computers","List_of_fictional_robots_and_androids","Machine_rule","Robot","Simulated_consciousness_(science_fiction)"]}