{"cursor":"15105","size":15,"audio":[],"currentlang":"en","article":"An 'artificial neuron' is a mathematical function conceived as a crude model, or\nabstraction of biological neurons. Artificial neurons are the constitutive units\nin an artificial neural network. Depending on the specific model used, it can\nreceive different names, such as 'semi-linear unit', 'Nv neuron', 'binary\nneuron', 'linear threshold function' or 'McCullochâPitts (MCP) neuron'. The\nartificial neuron receives one or more inputs (representing the one or more\ndendrites) and sums them to produce an output (representing a biological\nneuron's axon). Usually the sums of each node are weighted, and the sum is\npassed through a non-linear function known as an activation function or transfer\nfunction. The transfer functions usually have a sigmoid shape, but they may also\ntake the form of other non-linear functions, piecewise linear functions, or step\nfunctions. They are also often monotonically increasing, continuous,\ndifferentiable and bounded.\n\nThe artificial neuron transfer function should not be confused with a linear\nsystem's transfer function.\n","linknr":181,"url":"Artificial_neuron","recorded":1375692550,"links":["/w/index.php?title=Artificial_neuron&action=edit","/w/index.php?title=Artificial_neuron&action=edit","//bits.wikimedia.org/favicon/wikipedia.ico","/w/opensearch_desc.php","//en.wikipedia.org/w/api.php?action=rsd","//creativecommons.org/licenses/by-sa/3.0/","/w/index.php?title=Special:RecentChanges&feed=atom","//bits.wikimedia.org/en.wikipedia.org/load.php?debug=false&lang=en&modules=ext.gadget.DRN-wizard%2CReferenceTooltips%2Ccharinsert%2Cteahouse%7Cext.rtlcite%2Cwikihiero%7Cext.uls.nojs%7Cmediawiki.legacy.commonPrint%2Cshared%7Cmw.PopUpMediaTransform%7Cskins.vector&only=styles&skin=vector&*","//bits.wikimedia.org/en.wikipedia.org/load.php?debug=false&lang=en&modules=site&only=styles&skin=vector&*","//bits.wikimedia.org/en.wikipedia.org/load.php?debug=false&lang=en&modules=startup&only=scripts&skin=vector&*","//bits.wikimedia.org/geoiplookup","//meta.wikimedia.org","#mw-navigation","#p-search","/wiki/Neuron","/wiki/Artificial_neural_network","/wiki/Dendrite","/wiki/Axon","/wiki/Non-linear","/wiki/Activation_function","/wiki/Transfer_function","/wiki/Sigmoid_function","/wiki/Piecewise","#Step_function","/wiki/Monotonic_function","/wiki/Continuous_function","/wiki/Differentiable_function","/wiki/Bounded_function","/wiki/Transfer_function","#Basic_structure","#Comparison_to_biological_neurons","#History","#Types_of_transfer_functions","#Step_function","#Linear_combination","#Sigmoid","#Pseudocode_algorithm","#Spreadsheet_example","#Limitations","#See_also","#References","#Further_reading","#External_links","/w/index.php?title=Artificial_neuron&action=edit&section=1","//upload.wikimedia.org/math/8/4/4/8444f80ebc7c70ca9b6a376d4c80074b.png","//upload.wikimedia.org/math/3/5/3/3538eb9c84efdcbd130c4c953781cfdb.png","/wiki/File:Artificial_neuron.png","//upload.wikimedia.org/wikipedia/commons/b/b0/Artificial_neuron.png","/wiki/Axon","/w/index.php?title=Artificial_neuron&action=edit&section=2","/w/index.php?title=Artificial_neuron&action=edit&section=3","/wiki/Warren_McCulloch","/wiki/Walter_Pitts","/wiki/Heaviside_step_function","/wiki/Conjunctive_normal_form","/wiki/Feedback","/wiki/Perceptron","/wiki/Frank_Rosenblatt","/wiki/Widrow","/wiki/Wikipedia:Citation_needed","/wiki/Gradient_descent","#cite_note-1","#cite_note-2","/w/index.php?title=Artificial_neuron&action=edit&section=4","/wiki/Multilayer_perceptron","//upload.wikimedia.org/math/1/4/5/145b11dfd9d6e4e117d77e54076a9d88.png","/w/index.php?title=Artificial_neuron&action=edit&section=5","//upload.wikimedia.org/math/2/5/0/2505964b342bc8b249f54c448b1a3314.png","/wiki/Perceptron","/wiki/Vector_space","/wiki/Hyperplane","/w/index.php?title=Artificial_neuron&action=edit&section=6","/wiki/Harmonic_analysis","/wiki/Homogeneous_coordinates","/wiki/Linear_transformation","/wiki/Harmonic_analysis","/wiki/Linear_filter","/wiki/Wavelet","/wiki/Principal_component_analysis","/wiki/Independent_component_analysis","/wiki/Deconvolution","/w/index.php?title=Artificial_neuron&action=edit&section=7","/wiki/Sigmoid_function","/wiki/Multilayer_perceptron","/wiki/Backpropagation","/wiki/Sigmoid_function","/w/index.php?title=Artificial_neuron&action=edit&section=8","/wiki/Pseudocode","/wiki/Boolean_data_type","/wiki/Object_oriented","/w/index.php?title=Artificial_neuron&action=edit&section=9","/w/index.php?title=Artificial_neuron&action=edit&section=10","#cite_note-3","/w/index.php?title=Artificial_neuron&action=edit&section=11","/wiki/ADALINE","/wiki/Biological_neuron_models","/wiki/Connectionism","/wiki/Neural_network","/wiki/Nv_network","/wiki/Perceptron","/w/index.php?title=Artificial_neuron&action=edit&section=12","#cite_ref-1","/w/index.php?title=Paul_J._Werbos&action=edit&redlink=1","#cite_ref-2","/wiki/Backpropagation","#cite_ref-3","/wiki/International_Standard_Book_Number","/wiki/Special:BookSources/978-0-387-94948-2","/w/index.php?title=Artificial_neuron&action=edit&section=13","/wiki/Warren_McCulloch","/wiki/Walter_Pitts","http://prl.aps.org/abstract/PRL/v102/i22/e226802","/w/index.php?title=Artificial_neuron&action=edit&section=14","http://www.mind.ilstu.edu/curriculum/modOverview.php?modGUI=212","//en.wikipedia.org/w/index.php?title=Special:CentralAutoLogin/start&type=1x1&from=enwiki","http://en.wikipedia.org/w/index.php?title=Artificial_neuron&oldid=563551869","/wiki/Help:Categories","/wiki/Category:Neural_networks","/wiki/Category:American_inventions","/wiki/Category:All_articles_with_unsourced_statements","/wiki/Category:Articles_with_unsourced_statements_from_March_2008","/w/index.php?title=Special:UserLogin&returnto=Artificial+neuron&type=signup","/w/index.php?title=Special:UserLogin&returnto=Artificial+neuron","/wiki/Artificial_neuron","/wiki/Talk:Artificial_neuron","#","/wiki/Artificial_neuron","/w/index.php?title=Artificial_neuron&action=edit","/w/index.php?title=Artificial_neuron&action=history","#","/w/index.php","//bits.wikimedia.org/static-1.22wmf11/skins/vector/images/search-ltr.png?303-4","/wiki/Main_Page","/wiki/Main_Page","/wiki/Portal:Contents","/wiki/Portal:Featured_content","/wiki/Portal:Current_events","/wiki/Special:Random","//donate.wikimedia.org/wiki/Special:FundraiserRedirector?utm_source=donate&utm_medium=sidebar&utm_campaign=C13_en.wikipedia.org&uselang=en","/wiki/Help:Contents","/wiki/Wikipedia:About","/wiki/Wikipedia:Community_portal","/wiki/Special:RecentChanges","//en.wikipedia.org/wiki/Wikipedia:Contact_us","/wiki/Special:WhatLinksHere/Artificial_neuron","/wiki/Special:RecentChangesLinked/Artificial_neuron","/wiki/Wikipedia:File_Upload_Wizard","/wiki/Special:SpecialPages","/w/index.php?title=Artificial_neuron&oldid=563551869","/w/index.php?title=Artificial_neuron&action=info","//www.wikidata.org/wiki/Q177058","/w/index.php?title=Special:Cite&page=Artificial_neuron&id=563551869","/w/index.php?title=Special:Book&bookcmd=book_creator&referer=Artificial+neuron","/w/index.php?title=Special:Book&bookcmd=render_article&arttitle=Artificial+neuron&oldid=563551869&writer=rl","/w/index.php?title=Artificial_neuron&printable=yes","//de.wikipedia.org/wiki/K%C3%BCnstliches_Neuron","//es.wikipedia.org/wiki/Neurona_de_McCulloch-Pitts","//fr.wikipedia.org/wiki/Neurone_formel","//ko.wikipedia.org/wiki/%EC%9D%B8%EA%B3%B5_%EB%89%B4%EB%9F%B0","//ja.wikipedia.org/wiki/%E4%BA%BA%E5%B7%A5%E7%A5%9E%E7%B5%8C","//pl.wikipedia.org/wiki/Neuron_McCullocha-Pittsa","//pt.wikipedia.org/wiki/Neur%C3%B4nio_artificial","//ru.wikipedia.org/wiki/%D0%98%D1%81%D0%BA%D1%83%D1%81%D1%81%D1%82%D0%B2%D0%B5%D0%BD%D0%BD%D1%8B%D0%B9_%D0%BD%D0%B5%D0%B9%D1%80%D0%BE%D0%BD","//ta.wikipedia.org/wiki/%E0%AE%9A%E0%AF%86%E0%AE%AF%E0%AE%B1%E0%AF%8D%E0%AE%95%E0%AF%88_%E0%AE%A8%E0%AE%B0%E0%AE%AE%E0%AF%8D%E0%AE%AA%E0%AE%A3%E0%AF%81","//uk.wikipedia.org/wiki/%D0%A8%D1%82%D1%83%D1%87%D0%BD%D0%B8%D0%B9_%D0%BD%D0%B5%D0%B9%D1%80%D0%BE%D0%BD","#","//www.wikidata.org/wiki/Q177058#sitelinks-wikipedia","//en.wikipedia.org/wiki/Wikipedia:Text_of_Creative_Commons_Attribution-ShareAlike_3.0_Unported_License","//creativecommons.org/licenses/by-sa/3.0/","//wikimediafoundation.org/wiki/Terms_of_Use","//wikimediafoundation.org/wiki/Privacy_policy","//www.wikimediafoundation.org/","//wikimediafoundation.org/wiki/Privacy_policy","/wiki/Wikipedia:About","/wiki/Wikipedia:General_disclaimer","//en.wikipedia.org/wiki/Wikipedia:Contact_us","//en.m.wikipedia.org/wiki/Artificial_neuron","//wikimediafoundation.org/","//bits.wikimedia.org/images/wikimedia-button.png","//www.mediawiki.org/","//bits.wikimedia.org/static-1.22wmf11/skins/common/images/poweredby_mediawiki_88x31.png","//bits.wikimedia.org/en.wikipedia.org/load.php?debug=false&lang=en&modules=site&only=scripts&skin=vector&*"],"instances":[],"pdf":[],"categories":["Neural networks","American inventions"],"headings":["Basic structure","Comparison to biological neurons","History","Types of transfer functions","Pseudocode algorithm","Spreadsheet example","Limitations","See also","References","Further reading","External links"],"image":["//upload.wikimedia.org/math/8/4/4/8444f80ebc7c70ca9b6a376d4c80074b.png","//upload.wikimedia.org/math/3/5/3/3538eb9c84efdcbd130c4c953781cfdb.png","//upload.wikimedia.org/wikipedia/commons/b/b0/Artificial_neuron.png","//upload.wikimedia.org/math/1/4/5/145b11dfd9d6e4e117d77e54076a9d88.png","//upload.wikimedia.org/math/2/5/0/2505964b342bc8b249f54c448b1a3314.png","//en.wikipedia.org/w/index.php?title=Special:CentralAutoLogin/start&type=1x1&from=enwiki","//bits.wikimedia.org/static-1.22wmf11/skins/vector/images/search-ltr.png?303-4","//bits.wikimedia.org/images/wikimedia-button.png","//bits.wikimedia.org/static-1.22wmf11/skins/common/images/poweredby_mediawiki_88x31.png"],"tags":[],"members":[],"related":["Neuron","Artificial_neural_network","Dendrite","Axon","Non-linear","Activation_function","Transfer_function","Sigmoid_function","Piecewise","Monotonic_function","Continuous_function","Differentiable_function","Bounded_function","Transfer_function","Axon","Warren_McCulloch","Walter_Pitts","Heaviside_step_function","Conjunctive_normal_form","Feedback","Perceptron","Frank_Rosenblatt","Widrow","Gradient_descent","Paul_J._Werbos","Backpropagation","Multilayer_perceptron","Perceptron","Vector_space","Hyperplane","Harmonic_analysis","Homogeneous_coordinates","Linear_transformation","Harmonic_analysis","Linear_filter","Wavelet","Principal_component_analysis","Independent_component_analysis","Deconvolution","Sigmoid_function","Multilayer_perceptron","Backpropagation","Sigmoid_function","Pseudocode","Boolean_data_type","Object_oriented","ADALINE","Biological_neuron_models","Connectionism","Neural_network","Nv_network","Perceptron","Warren_McCulloch","Walter_Pitts"]}