{"cursor":"1201","size":15,"audio":[],"currentlang":"en","article":"\n\nFounded in 2001, the Artificial General Intelligence Research Institute's\n(AGIRI) mission is to \"foster the creation of powerful and ethically positive\"\nArtificial General Intelligence. AGIRI hosts an online forum, publishes material\non the development, application and implications for AGI, and hosts AGI\nworkshops in the Washington, D.C. area.\n\nAGIRI is sponsored by Novamente LLC, a for-profit software company based in N.\nBethesda, MD.\n","linknr":114,"url":"Artificial_General_Intelligence_Research_Institute","recorded":1367272678,"links":["/w/index.php?title=Artificial_General_Intelligence_Research_Institute&action=edit","/w/index.php?title=Artificial_General_Intelligence_Research_Institute&action=edit","//en.wikipedia.org/apple-touch-icon.png","//bits.wikimedia.org/favicon/wikipedia.ico","/w/opensearch_desc.php","//en.wikipedia.org/w/api.php?action=rsd","//creativecommons.org/licenses/by-sa/3.0/","/w/index.php?title=Special:RecentChanges&feed=atom","//bits.wikimedia.org/en.wikipedia.org/load.php?debug=false&lang=en&modules=ext.gadget.DRN-wizard%2CReferenceTooltips%2Ccharinsert%2Cteahouse%7Cext.wikihiero%7Cmediawiki.legacy.commonPrint%2Cshared%7Cmw.PopUpMediaTransform%7Cskins.vector&only=styles&skin=vector&*","//bits.wikimedia.org/en.wikipedia.org/load.php?debug=false&lang=en&modules=site&only=styles&skin=vector&*","//bits.wikimedia.org/en.wikipedia.org/load.php?debug=false&lang=en&modules=startup&only=scripts&skin=vector&*","//bits.wikimedia.org/geoiplookup","//meta.wikimedia.org","#mw-navigation","#p-search","//upload.wikimedia.org/wikipedia/en/f/f4/Ambox_content.png","/wiki/Wikipedia:Notability","/wiki/Wikipedia:Identifying_reliable_sources","/wiki/Wikipedia:Merge","/wiki/Wikipedia:Redirect","/wiki/Wikipedia:Deletion_policy","http://www.google.com/search?as_eq=wikipedia&q=%22Artificial+General+Intelligence+Research+Institute%22&num=50","http://www.google.com/search?q=%22Artificial+General+Intelligence+Research+Institute%22&tbm=nws&tbs=ar:1","http://www.google.com/search?tbs=bks:1&q=%22Artificial+General+Intelligence+Research+Institute%22","http://scholar.google.com/scholar?q=%22Artificial+General+Intelligence+Research+Institute%22","http://www.jstor.org/action/doBasicSearch?Query=%22Artificial+General+Intelligence+Research+Institute%22&acc=on&wc=on","http://images.google.com/images?safe=off&as_rights=(cc_publicdomain%7ccc_attribute%7ccc_sharealike%7ccc_noncommercial%7ccc_nonderived)&q=%22Artificial+General+Intelligence+Research+Institute%22","/wiki/File:Artificial_General_Intelligence_Research_Institute_(logo).png","//upload.wikimedia.org/wikipedia/en/c/c3/Artificial_General_Intelligence_Research_Institute_%28logo%29.png","/wiki/File:Artificial_General_Intelligence_Research_Institute_(logo).png","//bits.wikimedia.org/static-1.22wmf1/skins/common/images/magnify-clip.png","/wiki/Strategic_planning","/wiki/Strong_AI","/wiki/Washington,_D.C.","/w/index.php?title=Novamente&action=edit&redlink=1","/wiki/For-profit","/wiki/North_Bethesda","/wiki/Maryland","/w/index.php?title=Artificial_General_Intelligence_Research_Institute&action=edit&section=1","/wiki/Strong_AI","/wiki/Ben_Goertzel","/wiki/Hugo_de_Garis","/wiki/Stan_Franklin","/wiki/Peter_Nordin","/wiki/OpenCog","/w/index.php?title=Artificial_General_Intelligence_Research_Institute&action=edit&section=2","http://novamente.net/","http://agiri.org/","/w/index.php?title=Artificial_General_Intelligence_Research_Institute&action=edit&section=3","http://www.agiri.org/workshop","http://www.amazon.com/gp/product/354023733X","/wiki/File:Ruzgar-deneme-y%C3%B6netici4.png","//upload.wikimedia.org/wikipedia/commons/thumb/f/fb/Ruzgar-deneme-y%C3%B6netici4.png/40px-Ruzgar-deneme-y%C3%B6netici4.png","/wiki/Wikipedia:Stub","//en.wikipedia.org/w/index.php?title=Artificial_General_Intelligence_Research_Institute&action=edit","/wiki/Template:Org-stub","/wiki/Template_talk:Org-stub","//en.wikipedia.org/w/index.php?title=Template:Org-stub&action=edit","http://en.wikipedia.org/w/index.php?title=Artificial_General_Intelligence_Research_Institute&oldid=544245221","/wiki/Help:Categories","/wiki/Category:Artificial_intelligence_associations","/wiki/Category:Organization_stubs","/wiki/Category:Articles_with_topics_of_unclear_notability_from_April_2010","/wiki/Category:All_articles_with_topics_of_unclear_notability","/w/index.php?title=Special:UserLogin&returnto=Artificial+General+Intelligence+Research+Institute&type=signup","/w/index.php?title=Special:UserLogin&returnto=Artificial+General+Intelligence+Research+Institute","/wiki/Artificial_General_Intelligence_Research_Institute","/w/index.php?title=Talk:Artificial_General_Intelligence_Research_Institute&action=edit&redlink=1","#","/wiki/Artificial_General_Intelligence_Research_Institute","/w/index.php?title=Artificial_General_Intelligence_Research_Institute&action=edit","/w/index.php?title=Artificial_General_Intelligence_Research_Institute&action=history","#","/w/index.php","//bits.wikimedia.org/static-1.22wmf2/skins/vector/images/search-ltr.png?303-4","/wiki/Main_Page","/wiki/Main_Page","/wiki/Portal:Contents","/wiki/Portal:Featured_content","/wiki/Portal:Current_events","/wiki/Special:Random","//donate.wikimedia.org/wiki/Special:FundraiserRedirector?utm_source=donate&utm_medium=sidebar&utm_campaign=C13_en.wikipedia.org&uselang=en","/wiki/Help:Contents","/wiki/Wikipedia:About","/wiki/Wikipedia:Community_portal","/wiki/Special:RecentChanges","//en.wikipedia.org/wiki/Wikipedia:Contact_us","/wiki/Special:WhatLinksHere/Artificial_General_Intelligence_Research_Institute","/wiki/Special:RecentChangesLinked/Artificial_General_Intelligence_Research_Institute","/wiki/Wikipedia:File_Upload_Wizard","/wiki/Special:SpecialPages","/w/index.php?title=Artificial_General_Intelligence_Research_Institute&oldid=544245221","/w/index.php?title=Artificial_General_Intelligence_Research_Institute&action=info","/w/index.php?title=Special:Cite&page=Artificial_General_Intelligence_Research_Institute&id=544245221","/w/index.php?title=Special:Book&bookcmd=book_creator&referer=Artificial+General+Intelligence+Research+Institute","/w/index.php?title=Special:Book&bookcmd=render_article&arttitle=Artificial+General+Intelligence+Research+Institute&oldid=544245221&writer=rl","/w/index.php?title=Artificial_General_Intelligence_Research_Institute&printable=yes","//sv.wikipedia.org/wiki/Weak_AI","//www.wikidata.org/wiki/Q4801026#sitelinks","//en.wikipedia.org/wiki/Wikipedia:Text_of_Creative_Commons_Attribution-ShareAlike_3.0_Unported_License","//creativecommons.org/licenses/by-sa/3.0/","//wikimediafoundation.org/wiki/Terms_of_Use","//wikimediafoundation.org/wiki/Privacy_policy","//www.wikimediafoundation.org/","//wikimediafoundation.org/wiki/Privacy_policy","/wiki/Wikipedia:About","/wiki/Wikipedia:General_disclaimer","//en.wikipedia.org/wiki/Wikipedia:Contact_us","http://en.m.wikipedia.org/wiki/Artificial_General_Intelligence_Research_Institute","//wikimediafoundation.org/","//bits.wikimedia.org/images/wikimedia-button.png","//www.mediawiki.org/","//bits.wikimedia.org/static-1.22wmf2/skins/common/images/poweredby_mediawiki_88x31.png","/w/index.php?title=MediaWiki:Gadget-ReferenceTooltips.js&action=raw&ctype=text/javascript&508635914","//bits.wikimedia.org/en.wikipedia.org/load.php?debug=false&lang=en&modules=site&only=scripts&skin=vector&*"],"instances":[],"pdf":[],"categories":["Artificial intelligence associations"],"headings":["See also","External links","References"],"image":["//upload.wikimedia.org/wikipedia/en/f/f4/Ambox_content.png","//upload.wikimedia.org/wikipedia/en/c/c3/Artificial_General_Intelligence_Research_Institute_%28logo%29.png","//bits.wikimedia.org/static-1.22wmf1/skins/common/images/magnify-clip.png","//upload.wikimedia.org/wikipedia/commons/thumb/f/fb/Ruzgar-deneme-y%C3%B6netici4.png/40px-Ruzgar-deneme-y%C3%B6netici4.png","//bits.wikimedia.org/static-1.22wmf2/skins/vector/images/search-ltr.png?303-4","//bits.wikimedia.org/images/wikimedia-button.png","//bits.wikimedia.org/static-1.22wmf2/skins/common/images/poweredby_mediawiki_88x31.png"],"tags":[],"members":[],"related":["Strategic_planning","Strong_AI","Washington,_D.C.","Novamente","For-profit","North_Bethesda","Maryland","Strong_AI","Ben_Goertzel","Hugo_de_Garis","Stan_Franklin","Peter_Nordin","OpenCog"]}