{"cursor":"26232","size":15,"audio":[],"currentlang":"en","article":"'Artificial gene synthesis' is a method in synthetic biology that is used to\ncreate artificial genes in the laboratory. Based on solid-phase DNA synthesis,\nit differs from molecular cloning and polymerase chain reaction (PCR) in that\nthe user does not have to begin with preexisting DNA sequences. Therefore, it is\npossible to make a completely synthetic double-stranded DNA molecule with no\napparent limits on either nucleotide sequence or size. The method has been used\nto generate functional bacterial chromosomes containing approximately one\nmillion base pairs.\n\nSynthesis of the first complete gene, a yeast tRNA, was demonstrated by Har\nGobind Khorana and coworkers in 1972. {{cite journal\n | author=Khorana HG | year=1972 | month=December | pmid=4571075\n |title=Studies on polynucleotides. 103. Total synthesis of the structural gene\n for an alanine transfer ribonucleic acid from yeast\n | journal=J. Mol. Biol. | volume=72 | issue=2 | pages=209–217 |doi=10.1016/0022-2836(72)90146-\n | 5 author-separator=, author2=Agarwal KL author3=BÃ¼chi H display-authors=3\n | last4=Caruthers first4=M.H. last5=Gupta first5=N.K. last6=Klbppe first6=K.\n | last7=Kumar first7=A. last8=Ohtsuka first8=E. last9=Rajbhandary first9=U.L.\n | }} Synthesis of the first peptide- and protein-coding genes was\n | performed in the laboratories of Herbert Boyer and Alexander Markham,\n | respectively. {{cite journal author=Itakura K | year=1977\n | | month=December | pmid=412251 title=Expression in Escherichia coli of a\n | chemically synthesized gene for the hormone somatostatin journal=Science |\n | volume=198 | issue=4321 | pages=1056–1063\n | |url=http://www.sciencemag.org/cgi/pmidlookup?view=long&pmid=412251\n | doi=10.1126/science.412251 author-separator=, author2=Hirose T author3=Crea R\n | display-authors=3 last4=Riggs first4=A. last5=Heyneker first5=H.\n | last6=Bolivar first6=F last7=Boyer first7=H.\n|bibcode = 1977Sci...198.1056I }}\n\nCommercial gene synthesis services are now available from numerous companies\nworldwide, some of which have built their business model around this\ntask. For example, the company DNA 2.0 was established in 2003 in Menlo\nPark, CA as a \"synthetic genomics company\"\n([https://www.dna20.com/company/aboutus.php quotated page]). Current gene\nsynthesis approaches are most often based on a combination of organic chemistry\nand molecular biological techniques and entire genes may be synthesized \"de\nnovo\", without the need for precursor template DNA. Gene synthesis has become an\nimportant tool in many fields of recombinant DNA technology including\nheterologous gene expression, vaccine development, gene therapy and molecular\nengineering. The synthesis of nucleic acid sequences is often more economical\nthan classical cloning and mutagenesis procedures.\n","linknr":365,"url":"Artificial_gene_synthesis","recorded":1363134196,"links":["/w/index.php?title=Artificial_gene_synthesis&action=edit","/w/index.php?title=Artificial_gene_synthesis&action=edit","//en.wikipedia.org/apple-touch-icon.png","//bits.wikimedia.org/favicon/wikipedia.ico","/w/opensearch_desc.php","//en.wikipedia.org/w/api.php?action=rsd","//creativecommons.org/licenses/by-sa/3.0/","/w/index.php?title=Special:RecentChanges&feed=atom","//bits.wikimedia.org/en.wikipedia.org/load.php?debug=false&lang=en&modules=ext.gadget.DRN-wizard%2CReferenceTooltips%2Ccharinsert%2Cteahouse%7Cext.wikihiero%7Cmediawiki.legacy.commonPrint%2Cshared%7Cmw.PopUpMediaTransform%7Cskins.vector&only=styles&skin=vector&*","//bits.wikimedia.org/en.wikipedia.org/load.php?debug=false&lang=en&modules=site&only=styles&skin=vector&*","//bits.wikimedia.org/en.wikipedia.org/load.php?debug=false&lang=en&modules=startup&only=scripts&skin=vector&*","//bits.wikimedia.org/geoiplookup","//meta.wikimedia.org","#mw-head","#p-search","/wiki/Synthetic_biology","/wiki/Oligonucleotide_synthesis","/wiki/Molecular_cloning","/wiki/Polymerase_chain_reaction","/wiki/TRNA","/wiki/Har_Gobind_Khorana","#cite_note-Khorana72-1","/wiki/Peptide","/wiki/Protein","/wiki/Herbert_Boyer","/wiki/Alexander_Markham","#cite_note-Itakura77-2","#cite_note-Edge81-3","#cite_note-4","/w/index.php?title=Heterologous_gene_expression&action=edit&redlink=1","#Gene_optimization","#Standard_methods","#Chemical_synthesis_of_oligonucleotides","#Annealing_based_connection_of_oligonucleotides","#Limitations","#Error_correction_procedures","#Applications","#Entire_genomes","#Synthia_and_Mycoplasma_laboratorium","#XNA","#See_also","#Notes","#References","#External_links","/w/index.php?title=Artificial_gene_synthesis&action=edit&section=1","/wiki/CDNA","/wiki/Protein","/wiki/Open_reading_frame","#cite_note-5","#cite_note-6","/wiki/Wild_type","/wiki/Cell_(biology)","/wiki/Degeneracy_of_the_genetic_code","/wiki/Protein_sequence","/wiki/Amino_acids","/wiki/Codon","/wiki/RNA","/wiki/Secondary_structure","#cite_note-Welch2009-7","#cite_note-DNA20-8","/wiki/Nucleotide","/w/index.php?title=Artificial_gene_synthesis&action=edit&section=2","/w/index.php?title=Artificial_gene_synthesis&action=edit&section=3","/wiki/Oligonucleotide_synthesis","/wiki/Phosphoramidite","/wiki/High-performance_liquid_chromatography","/w/index.php?title=Artificial_gene_synthesis&action=edit&section=4","#cite_note-Khorana72-1","#cite_note-Itakura77-2","#cite_note-Edge81-3","#cite_note-Fuhrmann99-9","#cite_note-Fuhrmann99-9","#cite_note-10","#cite_note-11","/w/index.php?title=Artificial_gene_synthesis&action=edit&section=5","#cite_note-12","#cite_note-13","#cite_note-14","/w/index.php?title=Artificial_gene_synthesis&action=edit&section=6","#cite_note-15","/wiki/MutS-1","#cite_note-16","#cite_note-17","#cite_note-18","#cite_note-Schwartz_et_al.-19","/w/index.php?title=Artificial_gene_synthesis&action=edit&section=7","/wiki/File:Wiki_letter_w_cropped.svg","//upload.wikimedia.org/wikipedia/commons/thumb/1/1c/Wiki_letter_w_cropped.svg/20px-Wiki_letter_w_cropped.svg.png","//en.wikipedia.org/w/index.php?title=Artificial_gene_synthesis&action=edit","/wiki/DNA_digital_data_storage","/w/index.php?title=Artificial_gene_synthesis&action=edit&section=8","/w/index.php?title=Artificial_gene_synthesis&action=edit&section=9","/wiki/Mycoplasma_laboratorium","/wiki/J._Craig_Venter_Institute","/wiki/Mycoplasma_mycoides","/wiki/Mycoplasma_capricolum","#cite_note-20","/wiki/Craig_Venter","/wiki/The_Guardian","/wiki/Chromosome","/wiki/Mycoplasma_genitalium","/wiki/Mycoplasma_laboratorium","/wiki/Bioethics","/wiki/ETC_Group","/wiki/Pat_Roy_Mooney","#cite_note-21","/wiki/Science_(journal)","#cite_note-22","#cite_note-23","/wiki/Synthia","/wiki/Transfection","/wiki/Transformation_(genetics)","/wiki/Transduction_(genetics)","/wiki/Protofection","/wiki/Wikipedia:Citation_needed","/w/index.php?title=Artificial_gene_synthesis&action=edit&section=10","/wiki/Science_(journal)","/wiki/Laboratory_of_Molecular_Biology","#cite_note-24","#cite_note-25","/w/index.php?title=Artificial_gene_synthesis&action=edit&section=11","/wiki/Protein_engineering","/wiki/Synthetic_gene_database","/wiki/Genetic_modification","/w/index.php?title=Artificial_gene_synthesis&action=edit&section=12","#cite_ref-Khorana72_1-0","#cite_ref-Khorana72_1-1","/wiki/Digital_object_identifier","http://dx.doi.org/10.1016%2F0022-2836%2872%2990146-5","/wiki/PubMed_Identifier","//www.ncbi.nlm.nih.gov/pubmed/4571075","#cite_ref-Itakura77_2-0","#cite_ref-Itakura77_2-1","http://www.sciencemag.org/cgi/pmidlookup?view=long&pmid=412251","/wiki/Bibcode","http://adsabs.harvard.edu/abs/1977Sci...198.1056I","/wiki/Digital_object_identifier","http://dx.doi.org/10.1126%2Fscience.412251","/wiki/PubMed_Identifier","//www.ncbi.nlm.nih.gov/pubmed/412251","http://www.sciencemag.org/cgi/pmidlookup?view=long&pmid=412251","#cite_ref-Edge81_3-0","#cite_ref-Edge81_3-1","/wiki/Bibcode","http://adsabs.harvard.edu/abs/1981Natur.292..756E","/wiki/Digital_object_identifier","http://dx.doi.org/10.1038%2F292756a0","/wiki/PubMed_Identifier","//www.ncbi.nlm.nih.gov/pubmed/6167861","#cite_ref-4","https://www.dna20.com/company/aboutus.php","#cite_ref-5","http://www.pegsummit.com/dpx","http://web.archive.org/web/20100511195224/http://www.pegsummit.com/dpx","http://www.pegsummit.com/dpx","#cite_ref-6","http://www.genengnews.com/gen-articles/new-tools-facilitate-protein-expression/3273/","http://web.archive.org/web/20100509041650/http://www.genengnews.com/gen-articles/new-tools-facilitate-protein-expression/3273/?","http://www.genengnews.com/gen-articles/new-tools-facilitate-protein-expression/3273/","#cite_ref-Welch2009_7-0","http://www.plosone.org/article/info:doi/10.1371/journal.pone.0007002","/wiki/Bibcode","http://adsabs.harvard.edu/abs/2009PLoSO...4.7002W","/wiki/Digital_object_identifier","http://dx.doi.org/10.1371%2Fjournal.pone.0007002","/wiki/PubMed_Central","//www.ncbi.nlm.nih.gov/pmc/articles/PMC2736378","/wiki/PubMed_Identifier","//www.ncbi.nlm.nih.gov/pubmed/19759823","http://www.plosone.org/article/info:doi/10.1371/journal.pone.0007002","#cite_ref-DNA20_8-0","https://www.dna20.com/index.php?pageID=292","https://www.dna20.com/index.php?pageID=292","#cite_ref-Fuhrmann99_9-0","#cite_ref-Fuhrmann99_9-1","http://www3.interscience.wiley.com/resolve/openurl?genre=article&sid=nlm:pubmed&issn=0960-7412&date=1999&volume=19&issue=3&spage=353","/wiki/Digital_object_identifier","http://dx.doi.org/10.1046%2Fj.1365-313X.1999.00526.x","/wiki/PubMed_Identifier","//www.ncbi.nlm.nih.gov/pubmed/10476082","http://www3.interscience.wiley.com/resolve/openurl?genre=article&sid=nlm:pubmed&issn=0960-7412&date=1999&volume=19&issue=3&spage=353","#cite_ref-10","/wiki/Digital_object_identifier","http://dx.doi.org/10.1016%2F0378-1119%2888%2990603-8","/wiki/PubMed_Identifier","//www.ncbi.nlm.nih.gov/pubmed/3265397","#cite_ref-11","http://linkinghub.elsevier.com/retrieve/pii/0378111995005114","/wiki/Digital_object_identifier","http://dx.doi.org/10.1016%2F0378-1119%2895%2900511-4","/wiki/PubMed_Identifier","//www.ncbi.nlm.nih.gov/pubmed/7590320","http://linkinghub.elsevier.com/retrieve/pii/0378111995005114","#cite_ref-12","http://nar.oxfordjournals.org/cgi/pmidlookup?view=long&pmid=14602936","/wiki/Digital_object_identifier","http://dx.doi.org/10.1093%2Fnar%2Fgng143","/wiki/PubMed_Central","//www.ncbi.nlm.nih.gov/pmc/articles/PMC275580","/wiki/PubMed_Identifier","//www.ncbi.nlm.nih.gov/pubmed/14602936","http://nar.oxfordjournals.org/cgi/pmidlookup?view=long&pmid=14602936","#cite_ref-13","http://nar.oxfordjournals.org/cgi/pmidlookup?view=long&pmid=15087491","/wiki/Digital_object_identifier","http://dx.doi.org/10.1093%2Fnar%2Fgnh058","/wiki/PubMed_Central","//www.ncbi.nlm.nih.gov/pmc/articles/PMC407838","/wiki/PubMed_Identifier","//www.ncbi.nlm.nih.gov/pubmed/15087491","http://nar.oxfordjournals.org/cgi/pmidlookup?view=long&pmid=15087491","#cite_ref-14","/wiki/Digital_object_identifier","http://dx.doi.org/10.1021%2Fsb2000116","#cite_ref-15","http://nar.oxfordjournals.org/cgi/pmidlookup?view=long&pmid=12000848","/wiki/Digital_object_identifier","http://dx.doi.org/10.1093%2Fnar%2F30.10.e43","/wiki/PubMed_Central","//www.ncbi.nlm.nih.gov/pmc/articles/PMC115297","/wiki/PubMed_Identifier","//www.ncbi.nlm.nih.gov/pubmed/12000848","http://nar.oxfordjournals.org/cgi/pmidlookup?view=long&pmid=12000848","#cite_ref-16","http://www.biomedcentral.com/1471-2105/7/285","/wiki/Digital_object_identifier","http://dx.doi.org/10.1186%2F1471-2105-7-285","/wiki/PubMed_Central","//www.ncbi.nlm.nih.gov/pmc/articles/PMC1523223","/wiki/PubMed_Identifier","//www.ncbi.nlm.nih.gov/pubmed/16756672","http://www.biomedcentral.com/1471-2105/7/285","#cite_ref-17","/wiki/Bibcode","http://adsabs.harvard.edu/abs/2004Natur.432.1050T","/wiki/Digital_object_identifier","http://dx.doi.org/10.1038%2Fnature03151","/wiki/PubMed_Identifier","//www.ncbi.nlm.nih.gov/pubmed/15616567","#cite_ref-18","/wiki/Digital_object_identifier","http://dx.doi.org/10.1038%2Fnbt.1710","/wiki/PubMed_Identifier","//www.ncbi.nlm.nih.gov/pubmed/21113166","#cite_ref-Schwartz_et_al._19-0","/wiki/Digital_object_identifier","http://dx.doi.org/10.1038%2Fnmeth.2137","/wiki/PubMed_Identifier","//www.ncbi.nlm.nih.gov/pubmed/22886093","#cite_ref-20","http://www.sciencemag.org/cgi/content/abstract/317/5838/632","http://web.archive.org/web/20100524161524/http://www.sciencemag.org/cgi/content/abstract/317/5838/632","http://www.sciencemag.org/cgi/content/abstract/317/5838/632","#cite_ref-21","http://www.guardian.co.uk/science/2007/oct/06/genetics.climatechange","http://web.archive.org/web/20100528172927/http://www.guardian.co.uk/science/2007/oct/06/genetics.climatechange","http://www.guardian.co.uk/science/2007/oct/06/genetics.climatechange","#cite_ref-22","http://www.sciencemag.org/cgi/reprint/328/5981/958.pdf","http://web.archive.org/web/20100525181700/http://www.sciencemag.org/cgi/reprint/328/5981/958.pdf","http://www.sciencemag.org/cgi/reprint/328/5981/958.pdf","#cite_ref-23","http://news.bbc.co.uk/1/hi/sci/tech/8695992.stm","http://web.archive.org/web/20100523015837/http://news.bbc.co.uk/1/hi/sci/tech/8695992.stm?","http://news.bbc.co.uk/1/hi/sci/tech/8695992.stm","#cite_ref-24","http://www.bloomberg.com/news/2012-04-19/artificial-dna-can-replicate-in-lab-researchers-find.html","http://www.bloomberg.com/news/2012-04-19/artificial-dna-can-replicate-in-lab-researchers-find.html","#cite_ref-25","http://www.sciencemag.org/content/336/6079/341.abstract?sid=8d6701f3-7dfe-4a36-abce-72fe69b9b04d","/wiki/Science_(journal)","/wiki/Bibcode","http://adsabs.harvard.edu/abs/2012Sci...336..341P","/wiki/Digital_object_identifier","http://dx.doi.org/10.1126%2Fscience.1217622","http://www.sciencemag.org/content/336/6079/341.abstract?sid=8d6701f3-7dfe-4a36-abce-72fe69b9b04d","/w/index.php?title=Artificial_gene_synthesis&action=edit&section=13","http://nar.oxfordjournals.org/cgi/content/full/32/20/e162","/wiki/Digital_object_identifier","http://dx.doi.org/10.1093%2Fnar%2Fgnh160","/wiki/PubMed_Central","//www.ncbi.nlm.nih.gov/pmc/articles/PMC534640","/wiki/PubMed_Identifier","//www.ncbi.nlm.nih.gov/pubmed/15561997","http://nar.oxfordjournals.org/cgi/content/full/32/20/e162","http://nar.oxfordjournals.org/cgi/content/full/33/6/e58","/wiki/Digital_object_identifier","http://dx.doi.org/10.1093%2Fnar%2Fgni058","/wiki/PubMed_Central","//www.ncbi.nlm.nih.gov/pmc/articles/PMC1072809","/wiki/PubMed_Identifier","//www.ncbi.nlm.nih.gov/pubmed/15800209","http://nar.oxfordjournals.org/cgi/content/full/33/6/e58","/w/index.php?title=Artificial_gene_synthesis&action=edit&section=14","/wiki/Digital_object_identifier","http://dx.doi.org/10.1039%2Fb822268c","/wiki/PubMed_Identifier","//www.ncbi.nlm.nih.gov/pubmed/19562110","http://www.rsc.org/Publishing/ChemTech/Volume/2009/07/rewriting_genetic_code.asp","http://www.genespace.net/","http://www.ted.com/talks/craig_venter_is_on_the_verge_of_creating_synthetic_life.html","/wiki/TED_(conference)","http://en.wikipedia.org/w/index.php?title=Artificial_gene_synthesis&oldid=539908978","/wiki/Help:Categories","/wiki/Category:Gene_expression","/wiki/Category:Chemical_synthesis","/wiki/Category:Molecular_genetics","/wiki/Category:Protein_biosynthesis","/wiki/Category:Genetically_modified_organisms","/wiki/Category:Articles_with_inconsistent_citation_formats","/wiki/Category:Articles_to_be_expanded_from_May_2010","/wiki/Category:All_articles_to_be_expanded","/wiki/Category:All_articles_with_unsourced_statements","/wiki/Category:Articles_with_unsourced_statements_from_October_2010","/w/index.php?title=Special:UserLogin&returnto=Artificial+gene+synthesis&type=signup","/w/index.php?title=Special:UserLogin&returnto=Artificial+gene+synthesis","/wiki/Artificial_gene_synthesis","/wiki/Talk:Artificial_gene_synthesis","#","/wiki/Artificial_gene_synthesis","/w/index.php?title=Artificial_gene_synthesis&action=edit","/w/index.php?title=Artificial_gene_synthesis&action=history","#","/w/index.php","//bits.wikimedia.org/static-1.21wmf10/skins/vector/images/search-ltr.png?303-4","/wiki/Main_Page","/wiki/Main_Page","/wiki/Portal:Contents","/wiki/Portal:Featured_content","/wiki/Portal:Current_events","/wiki/Special:Random","//donate.wikimedia.org/wiki/Special:FundraiserRedirector?utm_source=donate&utm_medium=sidebar&utm_campaign=C13_en.wikipedia.org&uselang=en","/wiki/Help:Contents","/wiki/Wikipedia:About","/wiki/Wikipedia:Community_portal","/wiki/Special:RecentChanges","/wiki/Wikipedia:Contact_us","/wiki/Special:WhatLinksHere/Artificial_gene_synthesis","/wiki/Special:RecentChangesLinked/Artificial_gene_synthesis","/wiki/Wikipedia:File_Upload_Wizard","/wiki/Special:SpecialPages","/w/index.php?title=Artificial_gene_synthesis&oldid=539908978","/w/index.php?title=Artificial_gene_synthesis&action=info","/w/index.php?title=Special:Cite&page=Artificial_gene_synthesis&id=539908978","/w/index.php?title=Special:Book&bookcmd=book_creator&referer=Artificial+gene+synthesis","/w/index.php?title=Special:Book&bookcmd=render_article&arttitle=Artificial+gene+synthesis&oldid=539908978&writer=rl","/w/index.php?title=Artificial_gene_synthesis&printable=yes","//ar.wikipedia.org/wiki/%D8%AA%D8%AE%D9%84%D9%8A%D9%82_%D8%A7%D8%B5%D8%B7%D9%86%D8%A7%D8%B9%D9%8A_%D9%84%D9%84%D9%85%D9%88%D8%B1%D8%AB%D8%A7%D8%AA","//sr.wikipedia.org/wiki/Ve%C5%A1ta%C4%8Dka_sinteza_gena","//www.wikidata.org/wiki/Special:ItemByTitle/enwiki/Artificial gene synthesis","//en.wikipedia.org/wiki/Wikipedia:Text_of_Creative_Commons_Attribution-ShareAlike_3.0_Unported_License","//creativecommons.org/licenses/by-sa/3.0/","//wikimediafoundation.org/wiki/Terms_of_Use","//www.wikimediafoundation.org/","//en.wikipedia.org/wiki/Wikipedia:Contact_us","//wikimediafoundation.org/wiki/Privacy_policy","/wiki/Wikipedia:About","/wiki/Wikipedia:General_disclaimer","http://en.m.wikipedia.org/wiki/Artificial_gene_synthesis","//wikimediafoundation.org/","//bits.wikimedia.org/images/wikimedia-button.png","//www.mediawiki.org/","//bits.wikimedia.org/static-1.21wmf10/skins/common/images/poweredby_mediawiki_88x31.png","//bits.wikimedia.org/en.wikipedia.org/load.php?debug=false&lang=en&modules=skins.vector&only=scripts&skin=vector&*","/w/index.php?title=MediaWiki:Gadget-ReferenceTooltips.js&action=raw&ctype=text/javascript&508635914","//bits.wikimedia.org/en.wikipedia.org/load.php?debug=false&lang=en&modules=site&only=scripts&skin=vector&*"],"instances":["journal","conference","genetics","biology","genetics"],"pdf":["http://www.sciencemag.org/cgi/reprint/328/5981/958.pdf","http://web.archive.org/web/20100525181700/http://www.sciencemag.org/cgi/reprint/328/5981/958.pdf","http://www.sciencemag.org/cgi/reprint/328/5981/958.pdf"],"categories":["Gene expression","Chemical synthesis","Molecular genetics","Protein biosynthesis","Genetically modified organisms"],"headings":["Gene optimization","Standard methods","Applications","Entire genomes","XNA","See also","Notes","References","External links"],"image":["//upload.wikimedia.org/wikipedia/commons/thumb/1/1c/Wiki_letter_w_cropped.svg/20px-Wiki_letter_w_cropped.svg.png","//bits.wikimedia.org/static-1.21wmf10/skins/vector/images/search-ltr.png?303-4","//bits.wikimedia.org/images/wikimedia-button.png","//bits.wikimedia.org/static-1.21wmf10/skins/common/images/poweredby_mediawiki_88x31.png"],"tags":[["cell","biology"],["science","journal"],["transformation","genetics"],["transduction","genetics"],["science","journal"],["ted","conference"]],"members":["science","ted","transduction","cell","transformation"],"related":["Synthetic_biology","Oligonucleotide_synthesis","Molecular_cloning","Polymerase_chain_reaction","TRNA","Har_Gobind_Khorana","Peptide","Protein","Herbert_Boyer","Alexander_Markham","Heterologous_gene_expression","CDNA","Protein","Open_reading_frame","Wild_type","Cell_(biology)","Degeneracy_of_the_genetic_code","Protein_sequence","Amino_acids","Codon","RNA","Secondary_structure","Nucleotide","Phosphoramidite","High-performance_liquid_chromatography","MutS-1","DNA_digital_data_storage","J._Craig_Venter_Institute","Craig_Venter","Chromosome","Bioethics","ETC_Group","Pat_Roy_Mooney","Science_(journal)","Synthia","Transfection","Transformation_(genetics)","Transduction_(genetics)","Protofection","Science_(journal)","Laboratory_of_Molecular_Biology","Protein_engineering","Synthetic_gene_database","Genetic_modification","TED_(conference)"]}