{"cursor":"47273","size":15,"audio":[],"currentlang":"en","article":"\n\nAn 'artificial cell' or 'minimal cell' is an engineered particle that mimics one\nor many functions of a biological cell. The term does not refer to a specific\nphysical entity, but rather to the idea that certain functions or structures of\nbiological cells can be replaced or supplemented with a synthetic entity. Often,\nartificial cells are biological or polymeric membranes which enclose\nbiologically active materials. As such, nanoparticles, liposomes, polymersomes,\nmicrocapsules and a number of other particles have qualified as artificial\ncells. Micro-encapsulation allows for metabolism within the membrane, exchange\nof small molecules and prevention of passage of large substances across it. The main advantages of encapsulation\ninclude improved mimicry in the body, increased solubility of the cargo and\ndecreased immune responses. Notably, artificial cells have been clinically\nsuccessful in hemoperfusion.\n\nIn the area of synthetic biology, a \"living\" artificial cell has been defined as\na completely synthetically made cell that can capture energy, maintain ion\ngradients, contain macromolecules as well as store information and have the\nability to mutate. Such a cell is not technically feasible yet, but a\nvariation of an artificial cell has been created in which a completely synthetic\ngenome was introduced to genomically emptied host cells. Although not completely artificial because the\ncytoplasmic components as well as the membrane from the host cell are kept, the\nengineered cell is under control of a man-made genome and is able to replicate.\n","linknr":686,"url":"Artificial_cell","recorded":1376416202,"links":["/w/index.php?title=Artificial_cell&action=edit","/w/index.php?title=Artificial_cell&action=edit","//bits.wikimedia.org/favicon/wikipedia.ico","/w/opensearch_desc.php","//en.wikipedia.org/w/api.php?action=rsd","//creativecommons.org/licenses/by-sa/3.0/","/w/index.php?title=Special:RecentChanges&feed=atom","http://en.wikipedia.org/wiki/Artificial_cell","//bits.wikimedia.org/en.wikipedia.org/load.php?debug=false&lang=en&modules=ext.gadget.DRN-wizard%2CReferenceTooltips%2Ccharinsert%2Cteahouse%7Cext.rtlcite%2Cwikihiero%7Cext.uls.nojs%7Cmediawiki.legacy.commonPrint%2Cshared%7Cmw.PopUpMediaTransform%7Cskins.vector&only=styles&skin=vector&*","//bits.wikimedia.org/en.wikipedia.org/load.php?debug=false&lang=en&modules=ext.visualEditor.viewPageTarget.noscript&only=styles&skin=vector&*","//bits.wikimedia.org/en.wikipedia.org/load.php?debug=false&lang=en&modules=site&only=styles&skin=vector&*","//bits.wikimedia.org/en.wikipedia.org/load.php?debug=false&lang=en&modules=startup&only=scripts&skin=vector&*","//bits.wikimedia.org/geoiplookup","//meta.wikimedia.org","#mw-navigation","#p-search","/wiki/File:Standard_and_drug_delivery_artificial_cells_.png","//upload.wikimedia.org/wikipedia/en/thumb/5/54/Standard_and_drug_delivery_artificial_cells_.png/350px-Standard_and_drug_delivery_artificial_cells_.png","/wiki/File:Standard_and_drug_delivery_artificial_cells_.png","//bits.wikimedia.org/static-1.22wmf12/skins/common/images/magnify-clip.png","/wiki/Cell_(biology)","/wiki/Nanoparticles","/wiki/Liposomes","/wiki/Polymersome","/wiki/Micro-encapsulation","/wiki/Metabolism","#cite_note-Chang_2007-1","#cite_note-Prakash-2","/wiki/Solubility","/wiki/Immune_system","/wiki/Hemoperfusion","#cite_note-3","/wiki/Synthetic_biology","/wiki/Energy","/wiki/Electrochemical_gradient","/wiki/Macromolecules","/wiki/Mutate","#cite_note-4","/wiki/Genome","#cite_note-gibson52-5","/wiki/Cytoplasm","/wiki/Cell_membrane","/wiki/Self-replication","#Historical_development","#Materials","#Preparation","#High-pressure_homogenization","#Microfluidization","#Drop_method","#Emulsion_method","#Clinical_relevance","#Drug_release_and_delivery","#Enzyme_therapy","#Gene_therapy","#Hemoperfusion","#Encapsulated_cells","#Encapsulated_hepatocytes","#Encapsulated_bacterial_cells","#Artificial_blood_cell","#Oxygen_carriers","#Red_blood_cells","#Leuko-polymersome","#Synthetic_cells","#The_minimal_cell","#Electronic_artificial_cell","#Ethics_and_controversy","#See_also","#References","#External_links","/w/index.php?title=Artificial_cell&action=edit&section=1","/w/index.php?title=Artificial_cell&veaction=edit&section=1","/wiki/Thomas_Chang","/wiki/McGill_University","#cite_note-6","/wiki/Semipermeable","/wiki/Diffusion","/wiki/Cell_(biology)","/wiki/Enzymes","/wiki/Hemoglobin","/wiki/Adsorption","/wiki/Proteins","#cite_note-Chang_2007-1","/wiki/Vaccines","/wiki/Genes","/wiki/Hormones","/wiki/Peptides","#cite_note-Chang_2007-1","/wiki/Hemoperfusion","/wiki/Activated_charcoal","#cite_note-Chang_1996-7","/wiki/Lesch-Nyhan_syndrome","#cite_note-8","/wiki/Red_blood_cells","#cite_note-9","#cite_note-10","/wiki/Hepatocytes","/wiki/Stem_cells","#cite_note-11","#cite_note-12","/wiki/Harvard_University","/wiki/Cell_membrane","#cite_note-JACS-20111229-13","#cite_note-SD-20120125-14","#cite_note-KZ-20120126-15","/w/index.php?title=Artificial_cell&action=edit&section=2","/w/index.php?title=Artificial_cell&veaction=edit&section=2","/wiki/File:Artificial_cell_membranes.png","//upload.wikimedia.org/wikipedia/en/thumb/1/1e/Artificial_cell_membranes.png/450px-Artificial_cell_membranes.png","/wiki/File:Artificial_cell_membranes.png","//bits.wikimedia.org/static-1.22wmf12/skins/common/images/magnify-clip.png","/wiki/Polymers","/wiki/Lipid_membranes","/wiki/Proteins","/wiki/Albumin","/wiki/Antigens","/wiki/Na%2B/K%2B-ATPase","/wiki/Ion_channels","/wiki/Alginic_acid","/wiki/Cellulose","/wiki/Thermoplastic","#cite_note-Prakash-2","/wiki/Molecular_Weight_Cut_Off","#cite_note-Prakash-2","/wiki/Diffusion","/wiki/Biocompatibility","/wiki/Micelles","/wiki/Sol-gel","#cite_note-Prakash-2","/wiki/PH","/wiki/Nanoparticle","/wiki/Liposome","/wiki/Lipid_bilayer_fusion","/wiki/Organelle","/w/index.php?title=Artificial_cell&action=edit&section=3","/w/index.php?title=Artificial_cell&veaction=edit&section=3","/wiki/Nanoparticle#Synthesis","/wiki/Polymersome#Preparation","/wiki/Liposome#Manufacturing","/wiki/Homogenizer","/w/index.php?title=Microfluidizer&action=edit&redlink=1","/wiki/Micro-encapsulation","/w/index.php?title=Artificial_cell&action=edit&section=4","/w/index.php?title=Artificial_cell&veaction=edit&section=4","/w/index.php?title=Artificial_cell&action=edit&section=5","/w/index.php?title=Artificial_cell&veaction=edit&section=5","#cite_note-16","/w/index.php?title=Artificial_cell&action=edit&section=6","/w/index.php?title=Artificial_cell&veaction=edit&section=6","/wiki/Collodion","/w/index.php?title=Artificial_cell&action=edit&section=7","/w/index.php?title=Artificial_cell&veaction=edit&section=7","/wiki/Emulsion","/w/index.php?title=Artificial_cell&action=edit&section=8","/w/index.php?title=Artificial_cell&veaction=edit&section=8","/w/index.php?title=Artificial_cell&action=edit&section=9","/w/index.php?title=Artificial_cell&veaction=edit&section=9","/wiki/Drug_delivery","/w/index.php?title=Artificial_cell&action=edit&section=10","/w/index.php?title=Artificial_cell&veaction=edit&section=10","/wiki/Enzyme","/wiki/Inborn_error_of_metabolism","/wiki/Enzyme","/wiki/Metabolism","#cite_note-Chang_2007-1","#cite_note-17","/wiki/Asparaginase","/wiki/Lymphosarcoma","/wiki/Tumor","#cite_note-18","/wiki/Tyrosine","/wiki/Melanomas","#cite_note-19","/wiki/Tyrosine","#cite_note-20","/wiki/Tyrosinase","#cite_note-21","/wiki/Prodrugs","/wiki/Ifosfamide","/wiki/Cytochrome_p450","/wiki/Toxicity","#cite_note-Lohr-22","#cite_note-23","/wiki/Pancreatic_cancer","#cite_note-Lohr-22","/w/index.php?title=Artificial_cell&action=edit&section=11","/w/index.php?title=Artificial_cell&veaction=edit&section=11","/wiki/Gene_therapy","/wiki/Genes","/wiki/Vector_(molecular_biology)","/wiki/Mutagenesis","/wiki/Immune_response","#cite_note-24","#cite_note-25","/wiki/Leukemia","#cite_note-26","#cite_note-27","/wiki/Transduction_(genetics)","#cite_note-Prakash-2","#cite_note-28","/wiki/Immunoisolate","/wiki/Growth_hormone","#cite_note-29","/wiki/Pancreatic_cancer","#cite_note-Prakash-2","/w/index.php?title=Artificial_cell&action=edit&section=12","/w/index.php?title=Artificial_cell&veaction=edit&section=12","/wiki/Hemoperfusion","/wiki/Activated_charcoal","#cite_note-Chang_1996-7","/wiki/Perfusion","/wiki/Embolism","#cite_note-30","#cite_note-Chang_1996-7","/wiki/Hemoperfusion","/wiki/Hemodialysis","#cite_note-Chang_2007-1","/wiki/Perfusion","/wiki/Toxins","/wiki/Surface_area","#cite_note-Chang_2007-1","/wiki/Liver_failure","/wiki/Renal_failure","#cite_note-Chang_2007-1","/wiki/Albumin","/wiki/Blood_type","#cite_note-31","/wiki/Hypercholesterolemia","/wiki/Monoclonal_antibodies","/wiki/Lipoproteins","#cite_note-32","/wiki/Renal_failure","/w/index.php?title=Artificial_cell&action=edit&section=13","/w/index.php?title=Artificial_cell&veaction=edit&section=13","/wiki/File:Cell_capsule_schematic.png","//upload.wikimedia.org/wikipedia/en/thumb/2/27/Cell_capsule_schematic.png/300px-Cell_capsule_schematic.png","/wiki/File:Cell_capsule_schematic.png","//bits.wikimedia.org/static-1.22wmf12/skins/common/images/magnify-clip.png","/wiki/Cell_encapsulation","/wiki/Suspension_(chemistry)","#cite_note-Prakash-2","/wiki/Monolayer","#cite_note-33","#cite_note-34","/wiki/Apoptosis","/wiki/Necrosis","/wiki/Immune_system","/wiki/Islets_of_Langerhans","/wiki/Type_1_diabetes","#cite_note-35","/wiki/Parathyroid_chief_cell","/w/index.php?title=Artificial_cell&action=edit&section=14","/w/index.php?title=Artificial_cell&veaction=edit&section=14","/wiki/Liver_failure","/wiki/Hepatocyte","/wiki/Bioartificial_liver_devices","#cite_note-Dixit-36","#cite_note-37","/wiki/Alginate","/wiki/Polylysine","/wiki/Immunosuppression","/wiki/Bioartificial_liver_device","/wiki/Hemoperfusion","/wiki/Surface_area","/wiki/Volume","#cite_note-Dixit-36","/wiki/Organ_transplant","#cite_note-38","/wiki/Stem_cells","#cite_note-39","#cite_note-40","/wiki/Regenerative_medicine","/w/index.php?title=Artificial_cell&action=edit&section=15","/w/index.php?title=Artificial_cell&veaction=edit&section=15","/wiki/Colony_(biology)","/wiki/Flora_(microbiology)","#cite_note-41","/wiki/Diarrheal_diseases","#cite_note-42","/wiki/Helicobacter_pylori","#cite_note-43","/wiki/Lactose_intolerance","#cite_note-44","/wiki/Immune_modulation","#cite_note-45","/wiki/Immune_response","#cite_note-Prakash-2","/wiki/Gastrointestinal_system","#cite_note-Prakash-2","#cite_note-Prakash-2","/wiki/Cellulose_acetate","/wiki/Alginate","#cite_note-Prakash-2","/wiki/Mycobacterium_tuberculosis","#cite_note-46","#cite_note-47","#cite_note-Prakash-2","#cite_note-Prakash-2","/w/index.php?title=Artificial_cell&action=edit&section=16","/w/index.php?title=Artificial_cell&veaction=edit&section=16","/w/index.php?title=Artificial_cell&action=edit&section=17","/w/index.php?title=Artificial_cell&veaction=edit&section=17","/wiki/Haemoglobin-based_oxygen_carriers","/wiki/Red_blood_cell","/wiki/Polymersome","/wiki/Hemoglobin","#cite_note-48","#cite_note-49","/w/index.php?title=Artificial_cell&action=edit&section=18","/w/index.php?title=Artificial_cell&veaction=edit&section=18","/wiki/AIDS","/wiki/Hemoglobin","#cite_note-Chang_2007-1","#cite_note-50","/wiki/Lipid_membrane","#cite_note-51","#cite_note-Chang_2007-1","/wiki/Lipids","/wiki/Macrophage","#cite_note-52","/w/index.php?title=Artificial_cell&action=edit&section=19","/w/index.php?title=Artificial_cell&veaction=edit&section=19","/wiki/Polymersome","/wiki/Leukocyte","#cite_note-53","/wiki/Enzymes","/wiki/Circulatory_system","/w/index.php?title=Artificial_cell&action=edit&section=20","/w/index.php?title=Artificial_cell&veaction=edit&section=20","/w/index.php?title=Artificial_cell&action=edit&section=21","/w/index.php?title=Artificial_cell&veaction=edit&section=21","/wiki/Rudolf_Virchow","#cite_note-54","/wiki/Transcription_(genetics)","/wiki/Translation","/wiki/Genes","/wiki/Protocell","/wiki/J._Craig_Venter_Institute","/wiki/Top%E2%80%93down_and_bottom%E2%80%93up_design","#cite_note-gibson52-5","/wiki/Mycoplasma_Genitalium","#cite_note-gibson52-5","#cite_note-Bedau-55","/wiki/Top%E2%80%93down_and_bottom%E2%80%93up_design","/wiki/Phospholipid_bilayer","/wiki/Lipid_membrane","/wiki/DNA","/wiki/RNA","/wiki/Active_transport","#cite_note-56","#cite_note-57","#cite_note-58","#cite_note-59","/wiki/RNA_world_hypothesis","#cite_note-60","/wiki/ExxonMobil","/wiki/Synthetic_Genomics","#cite_note-61","/w/index.php?title=Artificial_cell&action=edit&section=22","/w/index.php?title=Artificial_cell&veaction=edit&section=22","/wiki/European_Commission","http://www.istpace.org//index.html","#cite_note-62","http://www.istpace.org//index.html","http://www.ecltech.org/ecltech_j/index.php","/wiki/European_Commission","http://homepage.ruhr-uni-bochum.de/john.mccaskill/ECCell/","http://www.MICREAgents.eu/","/w/index.php?title=Artificial_cell&action=edit&section=23","/w/index.php?title=Artificial_cell&veaction=edit&section=23","#cite_note-63","#cite_note-Bedau-55","/w/index.php?title=Artificial_cell&action=edit&section=24","/w/index.php?title=Artificial_cell&veaction=edit&section=24","/wiki/Synthetic_biology","/wiki/Targeted_drug_delivery","/w/index.php?title=Artificial_cell&action=edit&section=25","/w/index.php?title=Artificial_cell&veaction=edit&section=25","#cite_ref-Chang_2007_1-0","#cite_ref-Chang_2007_1-1","#cite_ref-Chang_2007_1-2","#cite_ref-Chang_2007_1-3","#cite_ref-Chang_2007_1-4","#cite_ref-Chang_2007_1-5","#cite_ref-Chang_2007_1-6","#cite_ref-Chang_2007_1-7","#cite_ref-Chang_2007_1-8","/wiki/International_Standard_Book_Number","/wiki/Special:BookSources/981-270-576-7","#cite_ref-Prakash_2-0","#cite_ref-Prakash_2-1","#cite_ref-Prakash_2-2","#cite_ref-Prakash_2-3","#cite_ref-Prakash_2-4","#cite_ref-Prakash_2-5","#cite_ref-Prakash_2-6","#cite_ref-Prakash_2-7","#cite_ref-Prakash_2-8","#cite_ref-Prakash_2-9","#cite_ref-Prakash_2-10","#cite_ref-Prakash_2-11","#cite_ref-Prakash_2-12","/wiki/International_Standard_Book_Number","/wiki/Special:BookSources/978-1-84569-036-6","#cite_ref-3","/wiki/International_Standard_Book_Number","/wiki/Special:BookSources/978-0-8412-1084-4","#cite_ref-4","/wiki/Digital_object_identifier","http://dx.doi.org/10.1016%2Fj.tibtech.2005.05.008","/wiki/PubMed_Identifier","//www.ncbi.nlm.nih.gov/pubmed/15935500","#cite_ref-gibson52_5-0","#cite_ref-gibson52_5-1","#cite_ref-gibson52_5-2","/wiki/Digital_object_identifier","http://dx.doi.org/10.1126%2Fscience.1190719","/wiki/PubMed_Identifier","//www.ncbi.nlm.nih.gov/pubmed/20488990","#cite_ref-6","#cite_ref-Chang_1996_7-0","#cite_ref-Chang_1996_7-1","#cite_ref-Chang_1996_7-2","#cite_ref-8","/wiki/PubMed_Identifier","//www.ncbi.nlm.nih.gov/pubmed/2570944","#cite_ref-9","/wiki/International_Standard_Book_Number","/wiki/Special:BookSources/3-8055-6584-4","#cite_ref-10","/wiki/Digital_object_identifier","http://dx.doi.org/10.1016%2FS0140-6736%2894%2990067-1","#cite_ref-11","/wiki/PubMed_Identifier","//www.ncbi.nlm.nih.gov/pubmed/12894754","#cite_ref-12","/wiki/Digital_object_identifier","http://dx.doi.org/10.1038%2Fnm0696-696","#cite_ref-JACS-20111229_13-0","http://pubs.acs.org/doi/abs/10.1021/ja2076873","/wiki/Journal_of_the_American_Chemical_Society","/wiki/Digital_object_identifier","http://dx.doi.org/10.1021%2Fja2076873","#cite_ref-SD-20120125_14-0","http://www.sciencedaily.com/releases/2012/01/120125132822.htm","/wiki/ScienceDaily","#cite_ref-KZ-20120126_15-0","http://www.kurzweilai.net/chemists-create-artificial-cell-membrane","/wiki/Ray_Kurzweil","#cite_ref-16","/wiki/PubMed_Identifier","//www.ncbi.nlm.nih.gov/pubmed/1391454","#cite_ref-17","#cite_ref-18","/wiki/Digital_object_identifier","http://dx.doi.org/10.1038%2F229117a0","/wiki/PubMed_Identifier","//www.ncbi.nlm.nih.gov/pubmed/4923094","#cite_ref-19","/wiki/Digital_object_identifier","http://dx.doi.org/10.1002%2Fjps.10593","/wiki/PubMed_Identifier","//www.ncbi.nlm.nih.gov/pubmed/14999721","#cite_ref-20","/wiki/PubMed_Identifier","//www.ncbi.nlm.nih.gov/pubmed/7093952","#cite_ref-21","/wiki/PubMed_Identifier","//www.ncbi.nlm.nih.gov/pubmed/15027798","#cite_ref-Lohr_22-0","#cite_ref-Lohr_22-1","/wiki/Digital_object_identifier","http://dx.doi.org/10.1007%2Fs00280-002-0448-0","/wiki/PubMed_Identifier","//www.ncbi.nlm.nih.gov/pubmed/12042985","#cite_ref-23","/wiki/Digital_object_identifier","http://dx.doi.org/10.1159%2F000069147","/wiki/PubMed_Identifier","//www.ncbi.nlm.nih.gov/pubmed/12649565","#cite_ref-24","/wiki/Digital_object_identifier","http://dx.doi.org/10.1006%2Fmthe.2001.0305","#cite_ref-25","/wiki/Digital_object_identifier","http://dx.doi.org/10.1016%2Fj.ymgme.2003.08.016","#cite_ref-26","/wiki/Digital_object_identifier","http://dx.doi.org/10.1126%2Fscience.288.5466.669","/wiki/PubMed_Identifier","//www.ncbi.nlm.nih.gov/pubmed/10784449","#cite_ref-27","/wiki/Digital_object_identifier","http://dx.doi.org/10.1126%2Fscience.1088547","/wiki/PubMed_Identifier","//www.ncbi.nlm.nih.gov/pubmed/14564000","#cite_ref-28","/wiki/Digital_object_identifier","http://dx.doi.org/10.1016%2FS0167-7799%2898%2901250-5","#cite_ref-29","/wiki/Digital_object_identifier","http://dx.doi.org/10.1089%2Fhum.1995.6.2-165","#cite_ref-30","/wiki/PubMed_Identifier","//www.ncbi.nlm.nih.gov/pubmed/14329080","#cite_ref-31","/wiki/PubMed_Identifier","//www.ncbi.nlm.nih.gov/pubmed/3892895","#cite_ref-32","/wiki/PubMed_Identifier","//www.ncbi.nlm.nih.gov/pubmed/15974179","#cite_ref-33","#cite_ref-34","/wiki/Digital_object_identifier","http://dx.doi.org/10.1016%2Fj.ijpharm.2004.10.028","/wiki/PubMed_Identifier","//www.ncbi.nlm.nih.gov/pubmed/15778039","#cite_ref-35","/wiki/Digital_object_identifier","http://dx.doi.org/10.1089%2Fdia.2005.7.968","/wiki/PubMed_Identifier","//www.ncbi.nlm.nih.gov/pubmed/16386103","#cite_ref-Dixit_36-0","#cite_ref-Dixit_36-1","/wiki/Digital_object_identifier","http://dx.doi.org/10.1080%2F11024159850191481","#cite_ref-37","#cite_ref-38","/wiki/Digital_object_identifier","http://dx.doi.org/10.1097%2FTP.0b013e3181963ad3","/wiki/PubMed_Identifier","//www.ncbi.nlm.nih.gov/pubmed/19307780","#cite_ref-39","/wiki/PubMed_Identifier","//www.ncbi.nlm.nih.gov/pubmed/12027231","#cite_ref-40","/wiki/International_Standard_Book_Number","/wiki/Special:BookSources/978-1-4419-5785-6","#cite_ref-41","/wiki/Digital_object_identifier","http://dx.doi.org/10.1016%2FS0924-2244%2800%2900029-7","#cite_ref-42","/wiki/PubMed_Identifier","//www.ncbi.nlm.nih.gov/pubmed/12452406","#cite_ref-43","/wiki/PubMed_Identifier","//www.ncbi.nlm.nih.gov/pubmed/11069570","#cite_ref-44","/wiki/PubMed_Identifier","//www.ncbi.nlm.nih.gov/pubmed/9508514","#cite_ref-45","/wiki/Digital_object_identifier","http://dx.doi.org/10.1016%2FS0958-6946%2898%2900074-0","#cite_ref-46","/wiki/Digital_object_identifier","http://dx.doi.org/10.1128%2FIAI.71.1.101-108.2003","#cite_ref-47","/wiki/Digital_object_identifier","http://dx.doi.org/10.1016%2FS0008-8749%2802%2900579-8","/wiki/PubMed_Identifier","//www.ncbi.nlm.nih.gov/pubmed/12473264","#cite_ref-48","/wiki/Digital_object_identifier","http://dx.doi.org/10.1111%2Fj.1525-1594.2004.07345.x","/wiki/PubMed_Identifier","//www.ncbi.nlm.nih.gov/pubmed/15320945","#cite_ref-49","#cite_ref-50","/wiki/Digital_object_identifier","http://dx.doi.org/10.3109%2F10731198809132551","#cite_ref-51","/wiki/PubMed_Identifier","//www.ncbi.nlm.nih.gov/pubmed/7461058","#cite_ref-52","http://www.ncbi.nlm.nih.gov/pmc/articles/PMC3131364","/wiki/Digital_object_identifier","http://dx.doi.org/10.1073%2Fpnas.1106634108","/wiki/PubMed_Central","//www.ncbi.nlm.nih.gov/pmc/articles/PMC3131364","/wiki/PubMed_Identifier","//www.ncbi.nlm.nih.gov/pubmed/21690347","#cite_ref-53","/wiki/Digital_object_identifier","http://dx.doi.org/10.1039%2FB717821B","#cite_ref-54","#cite_ref-Bedau_55-0","#cite_ref-Bedau_55-1","/wiki/International_Standard_Book_Number","/wiki/Special:BookSources/978-0-262-51269-5","#cite_ref-56","/wiki/Digital_object_identifier","http://dx.doi.org/10.1038%2F35053176","#cite_ref-57","/wiki/Digital_object_identifier","http://dx.doi.org/10.1016%2FS0167-7799%2802%2901909-1","#cite_ref-58","http://www.ncbi.nlm.nih.gov/pmc/articles/PMC3048108","/wiki/Digital_object_identifier","http://dx.doi.org/10.1073%2Fpnas.1017075108","/wiki/PubMed_Central","//www.ncbi.nlm.nih.gov/pmc/articles/PMC3048108","/wiki/PubMed_Identifier","//www.ncbi.nlm.nih.gov/pubmed/21317359","#cite_ref-59","/wiki/Digital_object_identifier","http://dx.doi.org/10.1162%2F106454603322392479","/wiki/PubMed_Identifier","//www.ncbi.nlm.nih.gov/pubmed/14556688","#cite_ref-60","/wiki/Digital_object_identifier","http://dx.doi.org/10.1038%2F319618a0","#cite_ref-61","/wiki/Digital_object_identifier","http://dx.doi.org/10.1038%2Fnbt0909-783","/wiki/PubMed_Identifier","//www.ncbi.nlm.nih.gov/pubmed/19741613","#cite_ref-62","#cite_ref-63","/wiki/Digital_object_identifier","http://dx.doi.org/10.1038%2F465422a","/w/index.php?title=Artificial_cell&action=edit&section=26","/w/index.php?title=Artificial_cell&veaction=edit&section=26","http://www.informahealthcare.com/abb","//en.wikipedia.org/w/index.php?title=Special:CentralAutoLogin/start&type=1x1&from=enwiki","http://en.wikipedia.org/w/index.php?title=Artificial_cell&oldid=555243827","/wiki/Help:Category","/wiki/Category:Cell_biology","/wiki/Category:Emerging_technologies","/wiki/Category:Synthetic_biology","/w/index.php?title=Special:UserLogin&returnto=Artificial+cell&type=signup","/w/index.php?title=Special:UserLogin&returnto=Artificial+cell","/wiki/Artificial_cell","/wiki/Talk:Artificial_cell","#","/wiki/Artificial_cell","/w/index.php?title=Artificial_cell&action=edit","/w/index.php?title=Artificial_cell&veaction=edit","/w/index.php?title=Artificial_cell&action=history","#","/w/index.php","//bits.wikimedia.org/static-1.22wmf12/skins/vector/images/search-ltr.png?303-4","/wiki/Main_Page","/wiki/Main_Page","/wiki/Portal:Contents","/wiki/Portal:Featured_content","/wiki/Portal:Current_events","/wiki/Special:Random","https://donate.wikimedia.org/wiki/Special:FundraiserRedirector?utm_source=donate&utm_medium=sidebar&utm_campaign=C13_en.wikipedia.org&uselang=en","/wiki/Help:Contents","/wiki/Wikipedia:About","/wiki/Wikipedia:Community_portal","/wiki/Special:RecentChanges","//en.wikipedia.org/wiki/Wikipedia:Contact_us","/wiki/Special:WhatLinksHere/Artificial_cell","/wiki/Special:RecentChangesLinked/Artificial_cell","/wiki/Wikipedia:File_Upload_Wizard","/wiki/Special:SpecialPages","/w/index.php?title=Artificial_cell&oldid=555243827","/w/index.php?title=Artificial_cell&action=info","//www.wikidata.org/wiki/Q1176234","/w/index.php?title=Special:Cite&page=Artificial_cell&id=555243827","/w/index.php?title=Special:Book&bookcmd=book_creator&referer=Artificial+cell","/w/index.php?title=Special:Book&bookcmd=render_article&arttitle=Artificial+cell&oldid=555243827&writer=rl","/w/index.php?title=Artificial_cell&printable=yes","//es.wikipedia.org/wiki/C%C3%A9lula_artificial","//fr.wikipedia.org/wiki/Cellule_artificielle","//ko.wikipedia.org/wiki/%EC%9D%B8%EA%B3%B5_%EC%84%B8%ED%8F%AC","//it.wikipedia.org/wiki/Cellula_artificiale","//lv.wikipedia.org/wiki/M%C4%81ksl%C4%ABga_%C5%A1%C5%ABna","//hu.wikipedia.org/wiki/Mesters%C3%A9ges_sejt_(biol%C3%B3gia)","//ta.wikipedia.org/wiki/%E0%AE%9A%E0%AF%86%E0%AE%AF%E0%AE%B1%E0%AF%8D%E0%AE%95%E0%AF%88_%E0%AE%89%E0%AE%AF%E0%AE%BF%E0%AE%B0%E0%AE%A3%E0%AF%81","#","//www.wikidata.org/wiki/Q1176234#sitelinks-wikipedia","//en.wikipedia.org/wiki/Wikipedia:Text_of_Creative_Commons_Attribution-ShareAlike_3.0_Unported_License","//creativecommons.org/licenses/by-sa/3.0/","//wikimediafoundation.org/wiki/Terms_of_Use","//wikimediafoundation.org/wiki/Privacy_policy","//www.wikimediafoundation.org/","//wikimediafoundation.org/wiki/Privacy_policy","/wiki/Wikipedia:About","/wiki/Wikipedia:General_disclaimer","//en.wikipedia.org/wiki/Wikipedia:Contact_us","//en.m.wikipedia.org/wiki/Artificial_cell","//wikimediafoundation.org/","//bits.wikimedia.org/images/wikimedia-button.png","//www.mediawiki.org/","//bits.wikimedia.org/static-1.22wmf12/skins/common/images/poweredby_mediawiki_88x31.png","//bits.wikimedia.org/en.wikipedia.org/load.php?debug=false&lang=en&modules=site&only=scripts&skin=vector&*"],"instances":["biology","microbiology","genetics","genetics","biology","chemistry","molecular_biology"],"pdf":[],"categories":["Cell biology","Emerging technologies","Synthetic biology"],"headings":["Historical development","Materials","Preparation","Clinical relevance","Synthetic cells"],"image":["//upload.wikimedia.org/wikipedia/en/thumb/5/54/Standard_and_drug_delivery_artificial_cells_.png/350px-Standard_and_drug_delivery_artificial_cells_.png","//bits.wikimedia.org/static-1.22wmf12/skins/common/images/magnify-clip.png","//upload.wikimedia.org/wikipedia/en/thumb/1/1e/Artificial_cell_membranes.png/450px-Artificial_cell_membranes.png","//bits.wikimedia.org/static-1.22wmf12/skins/common/images/magnify-clip.png","//upload.wikimedia.org/wikipedia/en/thumb/2/27/Cell_capsule_schematic.png/300px-Cell_capsule_schematic.png","//bits.wikimedia.org/static-1.22wmf12/skins/common/images/magnify-clip.png","//en.wikipedia.org/w/index.php?title=Special:CentralAutoLogin/start&type=1x1&from=enwiki","//bits.wikimedia.org/static-1.22wmf12/skins/vector/images/search-ltr.png?303-4","//bits.wikimedia.org/images/wikimedia-button.png","//bits.wikimedia.org/static-1.22wmf12/skins/common/images/poweredby_mediawiki_88x31.png"],"tags":[["cell","biology"],["cell","biology"],["vector","molecular_biology"],["transduction","genetics"],["suspension","chemistry"],["colony","biology"],["flora","microbiology"],["transcription","genetics"]],"members":["colony","flora","transduction","transcription","cell","suspension","vector"],"related":["Cell_(biology)","Nanoparticles","Liposomes","Polymersome","Micro-encapsulation","Metabolism","Solubility","Immune_system","Hemoperfusion","Synthetic_biology","Energy","Electrochemical_gradient","Macromolecules","Mutate","Genome","Cytoplasm","Cell_membrane","Self-replication","Thomas_Chang","McGill_University","Semipermeable","Diffusion","Cell_(biology)","Enzymes","Hemoglobin","Adsorption","Proteins","Vaccines","Genes","Hormones","Peptides","Hemoperfusion","Activated_charcoal","Lesch-Nyhan_syndrome","Red_blood_cells","Hepatocytes","Stem_cells","Harvard_University","Cell_membrane","Polymers","Lipid_membranes","Proteins","Albumin","Antigens","Na+/K+-ATPase","Ion_channels","Alginic_acid","Cellulose","Thermoplastic","Molecular_Weight_Cut_Off","Diffusion","Biocompatibility","Micelles","Sol-gel","PH","Nanoparticle","Liposome","Lipid_bilayer_fusion","Organelle","Homogenizer","Microfluidizer","Micro-encapsulation","Collodion","Emulsion","Drug_delivery","Enzyme","Inborn_error_of_metabolism","Enzyme","Metabolism","Asparaginase","Lymphosarcoma","Tumor","Tyrosine","Melanomas","Tyrosine","Tyrosinase","Prodrugs","Ifosfamide","Cytochrome_p450","Toxicity","Pancreatic_cancer","Gene_therapy","Genes","Vector_(molecular_biology)","Mutagenesis","Immune_response","Leukemia","Transduction_(genetics)","Immunoisolate","Growth_hormone","Pancreatic_cancer","Hemoperfusion","Activated_charcoal","Perfusion","Embolism","Hemoperfusion","Hemodialysis","Perfusion","Toxins","Surface_area","Liver_failure","Renal_failure","Albumin","Blood_type","Hypercholesterolemia","Monoclonal_antibodies","Lipoproteins","Renal_failure","Cell_encapsulation","Suspension_(chemistry)","Monolayer","Apoptosis","Necrosis","Immune_system","Islets_of_Langerhans","Type_1_diabetes","Parathyroid_chief_cell","Liver_failure","Hepatocyte","Bioartificial_liver_devices","Alginate","Polylysine","Immunosuppression","Bioartificial_liver_device","Hemoperfusion","Surface_area","Volume","Organ_transplant","Stem_cells","Regenerative_medicine","Colony_(biology)","Flora_(microbiology)","Diarrheal_diseases","Helicobacter_pylori","Lactose_intolerance","Immune_modulation","Immune_response","Gastrointestinal_system","Cellulose_acetate","Alginate","Mycobacterium_tuberculosis","Red_blood_cell","Polymersome","Hemoglobin","AIDS","Hemoglobin","Lipid_membrane","Lipids","Macrophage","Polymersome","Leukocyte","Enzymes","Circulatory_system","Rudolf_Virchow","Transcription_(genetics)","Translation","Genes","Protocell","J._Craig_Venter_Institute","Top–down_and_bottom–up_design","Top–down_and_bottom–up_design","Phospholipid_bilayer","Lipid_membrane","DNA","RNA","Active_transport","RNA_world_hypothesis","ExxonMobil","Synthetic_Genomics","European_Commission","European_Commission","Synthetic_biology","Targeted_drug_delivery"]}