{"cursor":"45523","size":15,"audio":[],"currentlang":"en","article":"\n\n{{Interventions infobox\n| Name = Artificial cardiac pacemaker Image = St Jude Medical pacemaker with\n| ruler.jpg Caption = An artificial pacemaker with electrode for transvenous\n| insertion. The body of the device is about 3-4 cm long, the electrode measures\n| between 50 and 60 cm (20 to 24 inches). ICD10 = ICD9unlinked = ; , MeshID =\n| D010138 MedlinePlus = 007369 eMedicine = 1971142 OPS301 = OtherCodes =\n}}\n\nDr Mark Lidewell invented the the 'pacemaker' (or 'artificial pacemaker', so\nas not to to be confused with the heart's natural pacemaker) is a medical\ndevice that uses electrical impulses, delivered by electrodes contracting the\nheart muscles, to regulate the beating of the heart. The primary purpose of a\npacemaker is to maintain an adequate heart rate, either because the heart's\nnatural pacemaker is not fast enough, or there is a block in the heart's\nelectrical conduction system. Modern pacemakers are externally programmable\nand allow the cardiologist to select the optimum pacing modes for individual\npatients. Some combine a pacemaker and defibrillator in a single implantable\ndevice. Others have multiple electrodes stimulating differing positions\nwithin the heart to improve synchronisation of the lower chambers\n(ventricles) of the heart.\n","linknr":461,"url":"artificial_cardiac_pacemaker","recorded":1376428753,"links":["/w/index.php?title=Artificial_cardiac_pacemaker&action=edit","/w/index.php?title=Artificial_cardiac_pacemaker&action=edit","//bits.wikimedia.org/favicon/wikipedia.ico","/w/opensearch_desc.php","//en.wikipedia.org/w/api.php?action=rsd","//creativecommons.org/licenses/by-sa/3.0/","/w/index.php?title=Special:RecentChanges&feed=atom","http://en.wikipedia.org/wiki/Artificial_cardiac_pacemaker","//bits.wikimedia.org/en.wikipedia.org/load.php?debug=false&lang=en&modules=ext.gadget.DRN-wizard%2CReferenceTooltips%2Ccharinsert%2Cteahouse%7Cext.rtlcite%2Cwikihiero%7Cext.uls.nojs%7Cmediawiki.legacy.commonPrint%2Cshared%7Cmw.PopUpMediaTransform%7Cskins.vector&only=styles&skin=vector&*","//bits.wikimedia.org/en.wikipedia.org/load.php?debug=false&lang=en&modules=ext.visualEditor.viewPageTarget.noscript&only=styles&skin=vector&*","//bits.wikimedia.org/en.wikipedia.org/load.php?debug=false&lang=en&modules=site&only=styles&skin=vector&*","//bits.wikimedia.org/en.wikipedia.org/load.php?debug=false&lang=en&modules=startup&only=scripts&skin=vector&*","//bits.wikimedia.org/geoiplookup","//meta.wikimedia.org","#mw-navigation","#p-search","/wiki/Implanted_cardiac_resynchronization_device","/wiki/Pacemaker_(disambiguation)","/wiki/File:St_Jude_Medical_pacemaker_with_ruler.jpg","//upload.wikimedia.org/wikipedia/commons/thumb/5/5e/St_Jude_Medical_pacemaker_with_ruler.jpg/230px-St_Jude_Medical_pacemaker_with_ruler.jpg","/wiki/Centimetre","/wiki/Inches","/wiki/ICD-9-CM_Volume_3","http://icd9cm.chrisendres.com/index.php?srchtype=procs&srchtext=37.8&Submit=Search&action=search","http://icd9cm.chrisendres.com/index.php?srchtype=procs&srchtext=00.50&Submit=Search&action=search","http://icd9cm.chrisendres.com/index.php?srchtype=procs&srchtext=00.53&Submit=Search&action=search","/wiki/Medical_Subject_Headings","http://www.nlm.nih.gov/cgi/mesh/2011/MB_cgi?field=uid&term=D010138","/wiki/MedlinePlus","http://www.nlm.nih.gov/medlineplus/ency/article/007369.htm","/wiki/EMedicine","http://emedicine.medscape.com/article/1971142-overview","/wiki/Cardiac_pacemaker","/wiki/Electrode","/wiki/Heart","/wiki/Heart_rate","/wiki/Electrical_conduction_system_of_the_heart","/wiki/Cardiologist","/wiki/Implantable_cardioverter-defibrillator","/wiki/Synchronization","/wiki/Ventricle_(heart)","#History","#Methods_of_pacing","#Percussive_pacing","#Transcutaneous_pacing","#Epicardial_pacing_.28temporary.29","#Transvenous_pacing_.28temporary.29","#Permanent_pacing","#Basic_function","#Biventricular_pacing","#Advancements_in_function","#Considerations","#Insertion","#Pacemaker_patient_identification_card","#Periodic_pacemaker_checkups","#Lifestyle_considerations","#Turning_off_the_pacemaker","#Privacy_and_security","#Complications","#Other_devices_with_pacemaker_function","#See_also","#References","#External_links","/w/index.php?title=Artificial_cardiac_pacemaker&action=edit&section=1","/w/index.php?title=Artificial_cardiac_pacemaker&veaction=edit&section=1","/wiki/File:First_pacemaker_(Siemens-Elema_1958).jpg","//upload.wikimedia.org/wikipedia/commons/thumb/9/9f/First_pacemaker_%28Siemens-Elema_1958%29.jpg/220px-First_pacemaker_%28Siemens-Elema_1958%29.jpg","/wiki/File:First_pacemaker_(Siemens-Elema_1958).jpg","//bits.wikimedia.org/static-1.22wmf12/skins/common/images/magnify-clip.png","/wiki/File:Arne_Larsson.jpg","//upload.wikimedia.org/wikipedia/commons/thumb/d/d0/Arne_Larsson.jpg/220px-Arne_Larsson.jpg","/wiki/File:Arne_Larsson.jpg","//bits.wikimedia.org/static-1.22wmf12/skins/common/images/magnify-clip.png","/wiki/Arne_Larsson","/wiki/British_Medical_Journal","/wiki/Asystole","/wiki/Ventricle_(heart)","#cite_note-1","/wiki/Royal_Prince_Alfred_Hospital","/wiki/University_of_Sydney","/wiki/Stillbirth","/wiki/Crown_Street_Women%27s_Hospital,_Sydney","#cite_note-2","#cite_note-Mond_1982-3","/wiki/Albert_Hyman","#cite_note-4","#cite_note-5","//en.wiktionary.org/wiki/hiatus","/wiki/World_War_II","#cite_note-Mond_1982-3","/wiki/John_Alexander_Hopps","/wiki/Wilfred_Gordon_Bigelow","/wiki/Toronto_General_Hospital","/wiki/Vacuum_tube","/wiki/Transcutaneous_pacing","/wiki/Electric_shock","/wiki/Ventricular_fibrillation","/wiki/Paul_Zoll","/wiki/Transcutaneous_pacing","#cite_note-6","/wiki/University_of_Minnesota","/wiki/Heart_block","/wiki/Myocardial","#cite_note-7","/wiki/Jorge_Reynolds_Pombo","/wiki/Silicon","/wiki/Transistor","/wiki/Earl_Bakken","/wiki/C._Walton_Lillehei","/wiki/Myocardium","/wiki/Karolinska_Institute","/wiki/Sweden","/wiki/Rune_Elmqvist","/wiki/%C3%85ke_Senning","/wiki/Myocardium","/wiki/Thoracotomy","#cite_note-8","/wiki/Transvenous_pacing","/wiki/Catheter","/wiki/Basilic_vein","#cite_note-9","/wiki/Montevideo","/wiki/Uruguay","/wiki/Wilson_Greatbatch","/wiki/Animal_testing","/wiki/Mercury_battery","/wiki/Transvenous_pacing","#cite_note-10","#cite_note-11","#cite_note-12","#cite_note-13","#cite_note-14","#cite_note-15","/wiki/Catheter","/wiki/Fluoroscopic","/wiki/Trabeculae","/wiki/File:CPI_Pacemaker.jpg","//upload.wikimedia.org/wikipedia/commons/thumb/5/5d/CPI_Pacemaker.jpg/220px-CPI_Pacemaker.jpg","/wiki/File:CPI_Pacemaker.jpg","//bits.wikimedia.org/static-1.22wmf12/skins/common/images/magnify-clip.png","/wiki/Mercury_battery","/wiki/Wilson_Greatbatch","/wiki/Epoxy","/wiki/Telectronics","/wiki/Titanium#Medical","/w/index.php?title=Bob_Anderson_(engineer)&action=edit&redlink=1","/wiki/Medtronic","/wiki/St_George%27s_Hospital","/wiki/Barouh_Berkovits","/wiki/Geoffrey_Wickham","/wiki/Telectronics","/wiki/Walter_Keller","/wiki/Cordis_(medical)","/wiki/Hans_Thornander","/wiki/Rune_Elmquist","/wiki/Janwillem_van_den_Berg","/wiki/Anthony_Adducci","/wiki/Wikipedia:Citation_needed","/w/index.php?title=Artificial_cardiac_pacemaker&action=edit&section=2","/w/index.php?title=Artificial_cardiac_pacemaker&veaction=edit&section=2","/wiki/File:AtrialPacemakerECG.JPG","//upload.wikimedia.org/wikipedia/commons/thumb/a/a5/AtrialPacemakerECG.JPG/220px-AtrialPacemakerECG.JPG","/wiki/File:AtrialPacemakerECG.JPG","//bits.wikimedia.org/static-1.22wmf12/skins/common/images/magnify-clip.png","/wiki/File:Duelchamber.JPG","//upload.wikimedia.org/wikipedia/commons/thumb/f/ff/Duelchamber.JPG/220px-Duelchamber.JPG","/wiki/File:Duelchamber.JPG","//bits.wikimedia.org/static-1.22wmf12/skins/common/images/magnify-clip.png","/w/index.php?title=Artificial_cardiac_pacemaker&action=edit&section=3","/w/index.php?title=Artificial_cardiac_pacemaker&veaction=edit&section=3","/wiki/Human_sternum","/wiki/Right_ventricle","/wiki/Venae_cavae","#cite_note-16","/w/index.php?title=Artificial_cardiac_pacemaker&action=edit&section=4","/w/index.php?title=Artificial_cardiac_pacemaker&veaction=edit&section=4","/wiki/Transcutaneous_pacing","/wiki/Bradycardia","/wiki/QRS_complex","/wiki/T_wave","/wiki/Electrocardiogram","/w/index.php?title=Artificial_cardiac_pacemaker&action=edit&section=5","/w/index.php?title=Artificial_cardiac_pacemaker&veaction=edit&section=5","/wiki/Epicardial","/wiki/File:Pacemaker_dependent_asystole.jpg","//upload.wikimedia.org/wikipedia/commons/thumb/c/c7/Pacemaker_dependent_asystole.jpg/220px-Pacemaker_dependent_asystole.jpg","/wiki/File:Pacemaker_dependent_asystole.jpg","//bits.wikimedia.org/static-1.22wmf12/skins/common/images/magnify-clip.png","/wiki/Aortic_valve","/wiki/Right_bundle_branch_block","/wiki/Asystole","/wiki/Seizure","/wiki/Escape_rhythm","/w/index.php?title=Artificial_cardiac_pacemaker&action=edit&section=6","/w/index.php?title=Artificial_cardiac_pacemaker&veaction=edit&section=6","/wiki/Transvenous_pacing","/wiki/File:Fluoroscopy_pacemaker_leads_right_atrium_ventricle.png","//upload.wikimedia.org/wikipedia/commons/thumb/6/6a/Fluoroscopy_pacemaker_leads_right_atrium_ventricle.png/220px-Fluoroscopy_pacemaker_leads_right_atrium_ventricle.png","/wiki/File:Fluoroscopy_pacemaker_leads_right_atrium_ventricle.png","//bits.wikimedia.org/static-1.22wmf12/skins/common/images/magnify-clip.png","/w/index.php?title=Artificial_cardiac_pacemaker&action=edit&section=7","/w/index.php?title=Artificial_cardiac_pacemaker&veaction=edit&section=7","/wiki/Fluoroscopy","/wiki/Heart_chamber","#cite_note-urlPacemakers.2C_Patient_and_Public_Information_Center_:_Heart_Rhythm_Society-17","/wiki/Atrium_(heart)","/wiki/Ventricle_(heart)","#cite_note-urlPacemakers.2C_Patient_and_Public_Information_Center_:_Heart_Rhythm_Society-17","#cite_note-urlPacemakers.2C_Patient_and_Public_Information_Center_:_Heart_Rhythm_Society-17","#cite_note-urlPacemakers.2C_Patient_and_Public_Information_Center_:_Heart_Rhythm_Society-17","/wiki/Hermetically_sealed","/wiki/Lithium_battery","/wiki/Computer","/wiki/Immune_system","/wiki/Titanium","/w/index.php?title=Artificial_cardiac_pacemaker&action=edit&section=8","/w/index.php?title=Artificial_cardiac_pacemaker&veaction=edit&section=8","#cite_note-18","/wiki/Sinoatrial_node","/wiki/Sick_sinus_syndrome","/wiki/Atrioventricular_block","#cite_note-19","#cite_note-20","/w/index.php?title=Artificial_cardiac_pacemaker&action=edit&section=9","/w/index.php?title=Artificial_cardiac_pacemaker&veaction=edit&section=9","/wiki/File:Cardiac_resynchronisation_therapy.png","//upload.wikimedia.org/wikipedia/commons/thumb/4/4f/Cardiac_resynchronisation_therapy.png/220px-Cardiac_resynchronisation_therapy.png","/wiki/File:Cardiac_resynchronisation_therapy.png","//bits.wikimedia.org/static-1.22wmf12/skins/common/images/magnify-clip.png","/wiki/Interventricular_septum","/wiki/Left_ventricle","/wiki/Heart_failure","/wiki/Vena_cava","/wiki/Right_atrium","/wiki/Right_ventricle","/wiki/Interventricular_septum","/wiki/Coronary_sinus","#cite_note-21","#cite_note-22","/wiki/Implantable_cardioverter-defibrillator","/wiki/Implanted_cardiac_resynchronization_device","#cite_note-Texas2011-23","/w/index.php?title=Artificial_cardiac_pacemaker&action=edit&section=10","/w/index.php?title=Artificial_cardiac_pacemaker&veaction=edit&section=10","/wiki/File:Herzschrittmacher_auf_Roentgenbild.jpg","//upload.wikimedia.org/wikipedia/commons/thumb/e/e6/Herzschrittmacher_auf_Roentgenbild.jpg/220px-Herzschrittmacher_auf_Roentgenbild.jpg","/wiki/File:Herzschrittmacher_auf_Roentgenbild.jpg","//bits.wikimedia.org/static-1.22wmf12/skins/common/images/magnify-clip.png","/wiki/X-ray","/wiki/QT_interval","/wiki/Oxygen","/wiki/Carbon_dioxide","/wiki/Accelerometer","/wiki/Body_temperature","/wiki/Adenosine_triphosphate","/wiki/Adrenaline","/wiki/The_Heart_Hospital","#cite_note-24","/wiki/Wikipedia:Citation_needed","/wiki/Microprocessor","/wiki/Atrium_(heart)","#cite_note-25","/wiki/Heart_failure","/w/index.php?title=Artificial_cardiac_pacemaker&action=edit&section=11","/w/index.php?title=Artificial_cardiac_pacemaker&veaction=edit&section=11","/w/index.php?title=Artificial_cardiac_pacemaker&action=edit&section=12","/w/index.php?title=Artificial_cardiac_pacemaker&veaction=edit&section=12","/wiki/Local_anesthetic","/wiki/General_anesthetic","#cite_note-26","/wiki/Fluoroscope","/wiki/Depilatory","/w/index.php?title=Artificial_cardiac_pacemaker&action=edit&section=13","/w/index.php?title=Artificial_cardiac_pacemaker&veaction=edit&section=13","//en.wiktionary.org/wiki/symptom","/wiki/ECG","/wiki/Etiology_(medicine)","/wiki/IPG","//toolserver.org/%7Edispenser/cgi-bin/dab_solver.py?page=Artificial_cardiac_pacemaker&editintro=Template:Disambiguation_needed/editintro&client=Template:Dn","/wiki/Manufacturing","/wiki/Lead","#cite_note-27","#cite_note-28","/w/index.php?title=Artificial_cardiac_pacemaker&action=edit&section=14","/w/index.php?title=Artificial_cardiac_pacemaker&veaction=edit&section=14","/wiki/File:PaceMakerRemoteMonitoringDevicesTwoKinds.jpg","//upload.wikimedia.org/wikipedia/commons/thumb/7/7c/PaceMakerRemoteMonitoringDevicesTwoKinds.jpg/220px-PaceMakerRemoteMonitoringDevicesTwoKinds.jpg","/wiki/File:PaceMakerRemoteMonitoringDevicesTwoKinds.jpg","//bits.wikimedia.org/static-1.22wmf12/skins/common/images/magnify-clip.png","/w/index.php?title=Artificial_cardiac_pacemaker&action=edit&section=15","/w/index.php?title=Artificial_cardiac_pacemaker&veaction=edit&section=15","/wiki/Seatbelt","/wiki/Arc_welding","#cite_note-29","/wiki/Magnetic_resonance_imaging","/w/index.php?title=SureScan&action=edit&redlink=1","#cite_note-30","/wiki/Antibiotic","/wiki/Magnetic_resonance_imaging","#cite_note-31","/w/index.php?title=Artificial_cardiac_pacemaker&action=edit&section=16","/w/index.php?title=Artificial_cardiac_pacemaker&veaction=edit&section=16","#cite_note-32","#cite_note-33","/w/index.php?title=Artificial_cardiac_pacemaker&action=edit&section=17","/w/index.php?title=Artificial_cardiac_pacemaker&veaction=edit&section=17","#cite_note-ICD-Radio-34","#cite_note-ICD-Radio-34","#cite_note-35","/w/index.php?title=Artificial_cardiac_pacemaker&action=edit&section=18","/w/index.php?title=Artificial_cardiac_pacemaker&veaction=edit&section=18","#cite_note-Olshansky-36","#cite_note-Olshansky-36","/wiki/Supraventricular_tachycardia","/w/index.php?title=Artificial_cardiac_pacemaker&action=edit&section=19","/w/index.php?title=Artificial_cardiac_pacemaker&veaction=edit&section=19","/wiki/Implantable_cardioverter-defibrillator","/wiki/Cardioversion","/wiki/Defibrillation","/wiki/Ventricular_tachycardia","#cite_note-NASPE_defib_code-37","#cite_note-NASPE_defib_code-37","/w/index.php?title=Artificial_cardiac_pacemaker&action=edit&section=20","/w/index.php?title=Artificial_cardiac_pacemaker&veaction=edit&section=20","/wiki/Artificial_heart","/wiki/Biological_pacemaker","/wiki/Cardiology","/wiki/Electrical_conduction_system_of_the_heart","/wiki/Transcutaneous_pacing","/wiki/Pacemaker_syndrome","/wiki/Infective_endocarditis","/w/index.php?title=Artificial_cardiac_pacemaker&action=edit&section=21","/w/index.php?title=Artificial_cardiac_pacemaker&veaction=edit&section=21","#cite_ref-1","/wiki/Digital_object_identifier","http://dx.doi.org/10.1136%2Fbmj.1.1468.348","http://www.hrsonline.org/News/ep-history/timeline/1800s.cfm#elec","/wiki/Wikipedia:Link_rot","#cite_ref-2","#cite_ref-Mond_1982_3-0","#cite_ref-Mond_1982_3-1","/wiki/Digital_object_identifier","http://dx.doi.org/10.1111%2Fj.1540-8159.1982.tb02226.x","/wiki/PubMed_Identifier","//www.ncbi.nlm.nih.gov/pubmed/6176970","#cite_ref-4","http://www.impaedcard.com/issue/issue27/aquilinao2/AquilinaO.htm","/wiki/Wikipedia:Link_rot","#cite_ref-5","http://www.blackwell-synergy.com/openurl?genre=article&sid=nlm:pubmed&issn=0147-8389&date=2005&volume=28&issue=5&spage=446","/wiki/Digital_object_identifier","http://dx.doi.org/10.1111%2Fj.1540-8159.2005.09542.x","/wiki/PubMed_Identifier","//www.ncbi.nlm.nih.gov/pubmed/15869680","#cite_ref-6","http://news.harvard.edu/gazette/2001/04.19/12-zoll.html","#cite_ref-7","/wiki/PubMed_Identifier","//www.ncbi.nlm.nih.gov/pubmed/13529629","#cite_ref-8","http://www.sjm.com/successstories/successstory.aspx?name=Larsson%2C+Arne","/wiki/Wikipedia:Link_rot","#cite_ref-9","http://www.blackwell-synergy.com/openurl?genre=article&sid=nlm:pubmed&issn=0147-8389&date=2006&volume=29&issue=5&spage=453","/wiki/Digital_object_identifier","http://dx.doi.org/10.1111%2Fj.1540-8159.2006.00399.x","/wiki/PubMed_Identifier","//www.ncbi.nlm.nih.gov/pubmed/16689837","#cite_ref-10","#cite_ref-11","#cite_ref-12","/wiki/Digital_object_identifier","http://dx.doi.org/10.1016%2F0002-9149%2862%2990305-3","/wiki/PubMed_Identifier","//www.ncbi.nlm.nih.gov/pubmed/14484083","#cite_ref-13","/wiki/Digital_object_identifier","http://dx.doi.org/10.1111%2Fj.1540-8159.1978.tb03451.x","/wiki/PubMed_Identifier","//www.ncbi.nlm.nih.gov/pubmed/83610","#cite_ref-14","/wiki/PubMed_Identifier","//www.ncbi.nlm.nih.gov/pubmed/13928055","#cite_ref-15","#cite_ref-16","http://bja.oxfordjournals.org/cgi/content/full/95/4/465","/wiki/Digital_object_identifier","http://dx.doi.org/10.1093%2Fbja%2Faei209","/wiki/PubMed_Identifier","//www.ncbi.nlm.nih.gov/pubmed/16051649","#cite_ref-urlPacemakers.2C_Patient_and_Public_Information_Center_:_Heart_Rhythm_Society_17-0","#cite_ref-urlPacemakers.2C_Patient_and_Public_Information_Center_:_Heart_Rhythm_Society_17-1","#cite_ref-urlPacemakers.2C_Patient_and_Public_Information_Center_:_Heart_Rhythm_Society_17-2","#cite_ref-urlPacemakers.2C_Patient_and_Public_Information_Center_:_Heart_Rhythm_Society_17-3","http://www.hrspatients.org/patients/treatments/pacemakers.asp","#cite_ref-18","/wiki/PubMed_Identifier","//www.ncbi.nlm.nih.gov/pubmed/11916002","#cite_ref-19","http://www3.interscience.wiley.com/journal/119941339/abstract","/wiki/Digital_object_identifier","http://dx.doi.org/10.1111%2Fj.1540-8159.1998.tb01097.x","/wiki/PubMed_Identifier","//www.ncbi.nlm.nih.gov/pubmed/9474681","#cite_ref-20","http://www3.interscience.wiley.com/journal/119992153/abstract","/wiki/Digital_object_identifier","http://dx.doi.org/10.1111%2Fj.1540-8159.1991.tb02757.x","/wiki/PubMed_Identifier","//www.ncbi.nlm.nih.gov/pubmed/1749727","#cite_ref-21","http://content.nejm.org/cgi/content/full/352/15/1539","/wiki/Digital_object_identifier","http://dx.doi.org/10.1056%2FNEJMoa050496","/wiki/PubMed_Identifier","//www.ncbi.nlm.nih.gov/pubmed/15753115","#cite_ref-22","http://content.nejm.org/cgi/pmidlookup?view=short&pmid=15659722&promo=ONFLNS19","/wiki/Digital_object_identifier","http://dx.doi.org/10.1056%2FNEJMoa043399","/wiki/PubMed_Identifier","//www.ncbi.nlm.nih.gov/pubmed/15659722","#cite_ref-Texas2011_23-0","http://www.ncbi.nlm.nih.gov/pmc/articles/PMC3147217","/wiki/PubMed_Central","//www.ncbi.nlm.nih.gov/pmc/articles/PMC3147217","/wiki/PubMed_Identifier","//www.ncbi.nlm.nih.gov/pubmed/21841860","#cite_ref-24","http://www.ncbi.nlm.nih.gov/pmc/articles/PMC1768450/","/wiki/Digital_object_identifier","http://dx.doi.org/10.1136%2Fhrt.2004.045674","#cite_ref-25","http://jama.ama-assn.org/cgi/content/full/288/24/3115","/wiki/Digital_object_identifier","http://dx.doi.org/10.1001%2Fjama.288.24.3115","/wiki/PubMed_Identifier","//www.ncbi.nlm.nih.gov/pubmed/12495391","#cite_ref-26","/wiki/Digital_object_identifier","http://dx.doi.org/10.1161%2FCIRCEP.108.795906","/wiki/PubMed_Identifier","//www.ncbi.nlm.nih.gov/pubmed/19808441","#cite_ref-27","http://www.xs4all.nl/~fbaart/aktueel/pm.htm","#cite_ref-28","http://www.eucomed.com/","#cite_ref-29","/wiki/PubMed_Identifier","//www.ncbi.nlm.nih.gov/pubmed/1279591","#cite_ref-30","http://www.bidmc.org/News/InResearch/2008/November/MP3PlayerStudy.aspx","#cite_ref-31","http://www.americanheart.org/presenter.jhtml?identifier=4676","/wiki/Wikipedia:Link_rot","#cite_ref-32","http://www.ama-assn.org/amednews/2010/05/31/prsa0531.htm","#cite_ref-33","http://www.nytimes.com/2010/06/20/magazine/20pacemaker-t.html","#cite_ref-ICD-Radio_34-0","#cite_ref-ICD-Radio_34-1","http://www.secure-medicine.org/icd-study/icd-study.pdf"],"instances":["medicine","medical","heart","heart","engineer"],"pdf":["http://www.secure-medicine.org/icd-study/icd-study.pdf"],"categories":["Swedish inventions","American inventions","1959 introductions","Australian inventions","Cardiac electrophysiology","Embedded systems","Implants","Neuroprosthetics","Prosthetics","Cybernetics","Biomedical engineering"],"headings":["History","Methods of pacing","Basic function","Biventricular pacing","Advancements in function","Considerations","Other devices with pacemaker function","See also","References","External links"],"image":["//upload.wikimedia.org/wikipedia/commons/thumb/5/5e/St_Jude_Medical_pacemaker_with_ruler.jpg/230px-St_Jude_Medical_pacemaker_with_ruler.jpg","//upload.wikimedia.org/wikipedia/commons/thumb/9/9f/First_pacemaker_%28Siemens-Elema_1958%29.jpg/220px-First_pacemaker_%28Siemens-Elema_1958%29.jpg","//bits.wikimedia.org/static-1.22wmf12/skins/common/images/magnify-clip.png","//upload.wikimedia.org/wikipedia/commons/thumb/d/d0/Arne_Larsson.jpg/220px-Arne_Larsson.jpg","//bits.wikimedia.org/static-1.22wmf12/skins/common/images/magnify-clip.png","//upload.wikimedia.org/wikipedia/commons/thumb/5/5d/CPI_Pacemaker.jpg/220px-CPI_Pacemaker.jpg","//bits.wikimedia.org/static-1.22wmf12/skins/common/images/magnify-clip.png","//upload.wikimedia.org/wikipedia/commons/thumb/a/a5/AtrialPacemakerECG.JPG/220px-AtrialPacemakerECG.JPG","//bits.wikimedia.org/static-1.22wmf12/skins/common/images/magnify-clip.png","//upload.wikimedia.org/wikipedia/commons/thumb/f/ff/Duelchamber.JPG/220px-Duelchamber.JPG","//bits.wikimedia.org/static-1.22wmf12/skins/common/images/magnify-clip.png","//upload.wikimedia.org/wikipedia/commons/thumb/c/c7/Pacemaker_dependent_asystole.jpg/220px-Pacemaker_dependent_asystole.jpg","//bits.wikimedia.org/static-1.22wmf12/skins/common/images/magnify-clip.png","//upload.wikimedia.org/wikipedia/commons/thumb/6/6a/Fluoroscopy_pacemaker_leads_right_atrium_ventricle.png/220px-Fluoroscopy_pacemaker_leads_right_atrium_ventricle.png","//bits.wikimedia.org/static-1.22wmf12/skins/common/images/magnify-clip.png","//upload.wikimedia.org/wikipedia/commons/thumb/4/4f/Cardiac_resynchronisation_therapy.png/220px-Cardiac_resynchronisation_therapy.png","//bits.wikimedia.org/static-1.22wmf12/skins/common/images/magnify-clip.png","//upload.wikimedia.org/wikipedia/commons/thumb/e/e6/Herzschrittmacher_auf_Roentgenbild.jpg/220px-Herzschrittmacher_auf_Roentgenbild.jpg","//bits.wikimedia.org/static-1.22wmf12/skins/common/images/magnify-clip.png","//upload.wikimedia.org/wikipedia/commons/thumb/7/7c/PaceMakerRemoteMonitoringDevicesTwoKinds.jpg/220px-PaceMakerRemoteMonitoringDevicesTwoKinds.jpg","//bits.wikimedia.org/static-1.22wmf12/skins/common/images/magnify-clip.png"],"tags":[["ventricle","heart"],["ventricle","heart"],["bob_anderson","engineer"],["cordis","medical"],["atrium","heart"],["ventricle","heart"],["atrium","heart"],["etiology","medicine"]],"members":["etiology","cordis","atrium","ventricle","bob_anderson"],"related":["Centimetre","Inches","Cardiac_pacemaker","Electrode","Heart","Heart_rate","Electrical_conduction_system_of_the_heart","Cardiologist","Implantable_cardioverter-defibrillator","Synchronization","Ventricle_(heart)","Asystole","Ventricle_(heart)","Royal_Prince_Alfred_Hospital","University_of_Sydney","Stillbirth","Crown_Street_Women's_Hospital,_Sydney","Albert_Hyman","World_War_II","John_Alexander_Hopps","Wilfred_Gordon_Bigelow","Toronto_General_Hospital","Vacuum_tube","Transcutaneous_pacing","Electric_shock","Ventricular_fibrillation","Paul_Zoll","Transcutaneous_pacing","University_of_Minnesota","Heart_block","Myocardial","Jorge_Reynolds_Pombo","Silicon","Transistor","Earl_Bakken","C._Walton_Lillehei","Myocardium","Karolinska_Institute","Sweden","Rune_Elmqvist","Åke_Senning","Myocardium","Thoracotomy","Transvenous_pacing","Catheter","Basilic_vein","Montevideo","Uruguay","Wilson_Greatbatch","Animal_testing","Mercury_battery","Transvenous_pacing","Catheter","Fluoroscopic","Trabeculae","Mercury_battery","Wilson_Greatbatch","Epoxy","Telectronics","Bob_Anderson_(engineer)","Medtronic","St_George's_Hospital","Barouh_Berkovits","Geoffrey_Wickham","Telectronics","Walter_Keller","Cordis_(medical)","Hans_Thornander","Rune_Elmquist","Janwillem_van_den_Berg","Anthony_Adducci","Human_sternum","Right_ventricle","Venae_cavae","Bradycardia","QRS_complex","T_wave","Electrocardiogram","Right_bundle_branch_block","Asystole","Seizure","Escape_rhythm","Fluoroscopy","Heart_chamber","Atrium_(heart)","Ventricle_(heart)","Hermetically_sealed","Lithium_battery","Computer","Immune_system","Titanium","Sinoatrial_node","Sick_sinus_syndrome","Atrioventricular_block","Interventricular_septum","Left_ventricle","Heart_failure","Vena_cava","Right_atrium","Right_ventricle","Interventricular_septum","Coronary_sinus","Implantable_cardioverter-defibrillator","Implanted_cardiac_resynchronization_device","QT_interval","Oxygen","Carbon_dioxide","Accelerometer","Body_temperature","Adenosine_triphosphate","Adrenaline","The_Heart_Hospital","Microprocessor","Atrium_(heart)","Heart_failure","Local_anesthetic","General_anesthetic","Fluoroscope","Depilatory","ECG","Etiology_(medicine)","IPG","Manufacturing","Lead","Seatbelt","Arc_welding","Magnetic_resonance_imaging","SureScan","Antibiotic","Magnetic_resonance_imaging","Supraventricular_tachycardia","Implantable_cardioverter-defibrillator","Cardioversion","Defibrillation","Ventricular_tachycardia","Artificial_heart","Biological_pacemaker","Cardiology","Electrical_conduction_system_of_the_heart","Transcutaneous_pacing","Pacemaker_syndrome","Infective_endocarditis"]}