{"cursor":"7560","size":15,"audio":[],"currentlang":"en","article":"In computer science and operations research, the 'artificial bee colony\nalgorithm (ABC)' is an optimization algorithm based on the intelligent foraging\nbehaviour of honey bee swarm, proposed by Karaboga in 2005. D. Karaboga, An\nIdea Based On Honey Bee Swarm for Numerical Optimization, Technical Report-\nTR06,Erciyes University, Engineering Faculty, Computer Engineering Department\n2005.\n","linknr":214,"url":"Artificial_Bee_Colony_Algorithm","recorded":1362581131,"links":14,"instances":[],"pdf":[],"categories":["Bees","Optimization algorithms and methods","Collective intelligence","Evolutionary algorithms"],"headings":["Algorithm","Application to real-world problems","See also","References","External links"],"image":["//upload.wikimedia.org/wikipedia/commons/thumb/6/62/MaximumParaboloid.png/100px-MaximumParaboloid.png","//bits.wikimedia.org/static-1.21wmf10/skins/vector/images/search-ltr.png?303-4","//bits.wikimedia.org/images/wikimedia-button.png","//bits.wikimedia.org/static-1.21wmf10/skins/common/images/poweredby_mediawiki_88x31.png"],"tags":[],"members":[],"related":["Computer_science","Operations_research","Bees_algorithm","Evolutionary_computation","Intelligent_Water_Drops","Swarm_intelligence"]}