{"cursor":"3167","size":15,"audio":[],"currentlang":"en","article":"\n\n\nTo produce an 'artificial harmonic', a stringed instrument player holds down a\nnote on the neck with the non-dominant hand, thereby shortening the vibrational\nlength of the string, uses a finger to lightly touch a point on the string that\nis an integer divisor of its vibrational length, and plucks or bows the side of\nthe string that is closer to the bridge. This technique is used to produce\nharmonic tones that are otherwise inaccessible on the instrument. To guitar\nplayers, one variety of this technique is known as a pinch harmonic.\n\nThis technique, like natural harmonics, works by canceling out the\nfundamental tone and one or more partial tones by deadening their modes of\nvibration. See node.\n","linknr":121,"url":"Artificial_harmonic","recorded":1374522903,"links":["/w/index.php?title=Artificial_harmonic&action=edit","/w/index.php?title=Artificial_harmonic&action=edit","//bits.wikimedia.org/favicon/wikipedia.ico","/w/opensearch_desc.php","//en.wikipedia.org/w/api.php?action=rsd","//creativecommons.org/licenses/by-sa/3.0/","/w/index.php?title=Special:RecentChanges&feed=atom","//bits.wikimedia.org/en.wikipedia.org/load.php?debug=false&lang=en&modules=ext.gadget.DRN-wizard%2CReferenceTooltips%2Ccharinsert%2Cteahouse%7Cext.rtlcite%2Cwikihiero%7Cext.uls.nojs%7Cmediawiki.legacy.commonPrint%2Cshared%7Cmw.PopUpMediaTransform%7Cskins.vector&only=styles&skin=vector&*","//bits.wikimedia.org/en.wikipedia.org/load.php?debug=false&lang=en&modules=site&only=styles&skin=vector&*","//bits.wikimedia.org/en.wikipedia.org/load.php?debug=false&lang=en&modules=startup&only=scripts&skin=vector&*","//bits.wikimedia.org/geoiplookup","//meta.wikimedia.org","#mw-navigation","#p-search","/wiki/File:Question_book-new.svg","//upload.wikimedia.org/wikipedia/en/thumb/9/99/Question_book-new.svg/50px-Question_book-new.svg.png","/wiki/Wikipedia:Citing_sources","/wiki/Wikipedia:Verifiability","//en.wikipedia.org/w/index.php?title=Artificial_harmonic&action=edit","/wiki/Help:Introduction_to_referencing/1","/wiki/Wikipedia:Verifiability#Burden_of_evidence","/wiki/File:Artificial_harmonic.png","//upload.wikimedia.org/wikipedia/commons/thumb/b/b3/Artificial_harmonic.png/220px-Artificial_harmonic.png","/wiki/File:Artificial_harmonic.png","//bits.wikimedia.org/static-1.22wmf8/skins/common/images/magnify-clip.png","/wiki/File:Artificial_harmonic.mid","//upload.wikimedia.org/wikipedia/commons/thumb/8/8a/Loudspeaker.svg/11px-Loudspeaker.svg.png","//upload.wikimedia.org/wikipedia/commons/e/ef/Artificial_harmonic.mid","/wiki/Wikipedia:Media_help","/wiki/File:Artificial_harmonic.mid","/wiki/Stringed_instrument","/wiki/Handedness","/wiki/Bow_(music)","/wiki/Pinch_harmonic","/wiki/Harmonic","/wiki/Fundamental_tone","/wiki/Node_(physics)","/w/index.php?title=Artificial_harmonic&action=edit&section=1","/w/index.php?title=Artificial_harmonic&action=edit&section=2","/wiki/File:Flageolette.svg","//upload.wikimedia.org/wikipedia/commons/thumb/6/61/Flageolette.svg/256px-Flageolette.svg.png","/wiki/File:Flageolette.svg","//bits.wikimedia.org/static-1.22wmf8/skins/common/images/magnify-clip.png","/wiki/File:Table_of_Harmonics.svg","//upload.wikimedia.org/wikipedia/commons/thumb/2/21/Table_of_Harmonics.svg/256px-Table_of_Harmonics.svg.png","/wiki/File:Table_of_Harmonics.svg","//bits.wikimedia.org/static-1.22wmf8/skins/common/images/magnify-clip.png","/wiki/Just_intonation","/wiki/Overtone","/wiki/Strings_(music)","/wiki/Vibration","/wiki/Frequency","/wiki/Fundamental_frequency","/wiki/Node_(physics)","/wiki/Overtone","/wiki/Timbre","/w/index.php?title=Artificial_harmonic&action=edit&section=3","/wiki/Harmonic","/wiki/Harmonic","/wiki/Artificial_harmonics","/wiki/Node_(physics)","http://en.wikipedia.org/w/index.php?title=Artificial_harmonic&oldid=555852906","/wiki/Help:Categories","/wiki/Category:String_instruments","/wiki/Category:Musical_techniques","/wiki/Category:Guitar_performance_techniques","/wiki/Category:Articles_lacking_sources_from_December_2009","/wiki/Category:All_articles_lacking_sources","/wiki/Category:Articles_with_hAudio_microformats","/w/index.php?title=Special:UserLogin&returnto=Artificial+harmonic&type=signup","/w/index.php?title=Special:UserLogin&returnto=Artificial+harmonic","/wiki/Artificial_harmonic","/wiki/Talk:Artificial_harmonic","#","/wiki/Artificial_harmonic","/w/index.php?title=Artificial_harmonic&action=edit","/w/index.php?title=Artificial_harmonic&action=history","#","/w/index.php","//bits.wikimedia.org/static-1.22wmf8/skins/vector/images/search-ltr.png?303-4","/wiki/Main_Page","/wiki/Main_Page","/wiki/Portal:Contents","/wiki/Portal:Featured_content","/wiki/Portal:Current_events","/wiki/Special:Random","//donate.wikimedia.org/wiki/Special:FundraiserRedirector?utm_source=donate&utm_medium=sidebar&utm_campaign=C13_en.wikipedia.org&uselang=en","/wiki/Help:Contents","/wiki/Wikipedia:About","/wiki/Wikipedia:Community_portal","/wiki/Special:RecentChanges","//en.wikipedia.org/wiki/Wikipedia:Contact_us","/wiki/Special:WhatLinksHere/Artificial_harmonic","/wiki/Special:RecentChangesLinked/Artificial_harmonic","/wiki/Wikipedia:File_Upload_Wizard","/wiki/Special:SpecialPages","/w/index.php?title=Artificial_harmonic&oldid=555852906","/w/index.php?title=Artificial_harmonic&action=info","/w/index.php?title=Special:Cite&page=Artificial_harmonic&id=555852906","/w/index.php?title=Special:Book&bookcmd=book_creator&referer=Artificial+harmonic","/w/index.php?title=Special:Book&bookcmd=render_article&arttitle=Artificial+harmonic&oldid=555852906&writer=rl","/w/index.php?title=Artificial_harmonic&printable=yes","//ca.wikipedia.org/wiki/Harm%C3%B2nics_artificials_i_harm%C3%B2nics_naturals","//fr.wikipedia.org/wiki/Harmonique_artificiel","//it.wikipedia.org/wiki/Armonici_artificiali","#","//www.wikidata.org/wiki/Q748850#sitelinks","//en.wikipedia.org/wiki/Wikipedia:Text_of_Creative_Commons_Attribution-ShareAlike_3.0_Unported_License","//creativecommons.org/licenses/by-sa/3.0/","//wikimediafoundation.org/wiki/Terms_of_Use","//wikimediafoundation.org/wiki/Privacy_policy","//www.wikimediafoundation.org/","//wikimediafoundation.org/wiki/Privacy_policy","/wiki/Wikipedia:About","/wiki/Wikipedia:General_disclaimer","//en.wikipedia.org/wiki/Wikipedia:Contact_us","//en.m.wikipedia.org/wiki/Artificial_harmonic","//wikimediafoundation.org/","//bits.wikimedia.org/images/wikimedia-button.png","//www.mediawiki.org/","//bits.wikimedia.org/static-1.22wmf8/skins/common/images/poweredby_mediawiki_88x31.png","//bits.wikimedia.org/en.wikipedia.org/load.php?debug=false&lang=en&modules=site&only=scripts&skin=vector&*"],"instances":["music","physics","music"],"pdf":[],"categories":["String instruments","Musical techniques","Guitar performance techniques"],"headings":["Details explanation"],"image":["//upload.wikimedia.org/wikipedia/en/thumb/9/99/Question_book-new.svg/50px-Question_book-new.svg.png","//upload.wikimedia.org/wikipedia/commons/thumb/b/b3/Artificial_harmonic.png/220px-Artificial_harmonic.png","//bits.wikimedia.org/static-1.22wmf8/skins/common/images/magnify-clip.png","//upload.wikimedia.org/wikipedia/commons/thumb/8/8a/Loudspeaker.svg/11px-Loudspeaker.svg.png","//upload.wikimedia.org/wikipedia/commons/thumb/6/61/Flageolette.svg/256px-Flageolette.svg.png","//bits.wikimedia.org/static-1.22wmf8/skins/common/images/magnify-clip.png","//upload.wikimedia.org/wikipedia/commons/thumb/2/21/Table_of_Harmonics.svg/256px-Table_of_Harmonics.svg.png","//bits.wikimedia.org/static-1.22wmf8/skins/common/images/magnify-clip.png","//bits.wikimedia.org/static-1.22wmf8/skins/vector/images/search-ltr.png?303-4","//bits.wikimedia.org/images/wikimedia-button.png","//bits.wikimedia.org/static-1.22wmf8/skins/common/images/poweredby_mediawiki_88x31.png"],"tags":[["bow","music"],["node","physics"],["strings","music"],["node","physics"],["node","physics"]],"members":["bow","node","strings"],"related":["Stringed_instrument","Handedness","Bow_(music)","Pinch_harmonic","Harmonic","Fundamental_tone","Node_(physics)","Strings_(music)","Vibration","Frequency","Fundamental_frequency","Node_(physics)","Overtone","Timbre","Harmonic","Artificial_harmonics","Node_(physics)"]}