{"cursor":"18863","size":15,"audio":[],"currentlang":"en","article":"\n\nAn 'artificial organ' is a man-made device that is implanted or integrated into\na human to replace a natural organ, for the purpose of restoring a specific\nfunction or a group of related functions so the patient may return to as normal\na life as possible. The replaced function doesn't necessarily have to be related\nto life support, but often is.\n\nImplied by this definition is the fact that the device must not be continuously\ntethered to a stationary power supply, or other stationary resources, such as\nfilters or chemical processing units. (Periodic rapid recharging of batteries,\nrefilling of chemicals, and/or cleaning/replacing of filters, would exclude a\ndevice from being called an artificial organ.) Thus a dialysis machine, while a\nvery successful and critically important life support device that completely\nreplaces the duties of a kidney, is not an artificial organ. At this time an\nefficient, self-contained artificial kidney has not become available.\n","linknr":299,"url":"Artificial_organ","recorded":1376421172,"links":["/w/index.php?title=Artificial_organ&action=edit","/w/index.php?title=Artificial_organ&action=edit","//bits.wikimedia.org/favicon/wikipedia.ico","/w/opensearch_desc.php","//en.wikipedia.org/w/api.php?action=rsd","//creativecommons.org/licenses/by-sa/3.0/","/w/index.php?title=Special:RecentChanges&feed=atom","http://en.wikipedia.org/wiki/Artificial_organ","//bits.wikimedia.org/en.wikipedia.org/load.php?debug=false&lang=en&modules=ext.gadget.DRN-wizard%2CReferenceTooltips%2Ccharinsert%2Cteahouse%7Cext.rtlcite%2Cwikihiero%7Cext.uls.nojs%7Cmediawiki.legacy.commonPrint%2Cshared%7Cmw.PopUpMediaTransform%7Cskins.vector&only=styles&skin=vector&*","//bits.wikimedia.org/en.wikipedia.org/load.php?debug=false&lang=en&modules=ext.visualEditor.viewPageTarget.noscript&only=styles&skin=vector&*","//bits.wikimedia.org/en.wikipedia.org/load.php?debug=false&lang=en&modules=site&only=styles&skin=vector&*","//bits.wikimedia.org/en.wikipedia.org/load.php?debug=false&lang=en&modules=startup&only=scripts&skin=vector&*","//bits.wikimedia.org/geoiplookup","//meta.wikimedia.org","#mw-navigation","#p-search","//upload.wikimedia.org/wikipedia/en/f/f4/Ambox_content.png","//en.wikipedia.org/w/index.php?title=Artificial_organ&action=edit","/wiki/Talk:Artificial_organ","//upload.wikimedia.org/wikipedia/en/thumb/9/99/Question_book-new.svg/50px-Question_book-new.svg.png","//en.wikipedia.org/w/index.php?title=Artificial_organ&action=edit","/wiki/Help:Introduction_to_referencing/1","/wiki/Template:Citation_needed","/wiki/Wikipedia:Verifiability#Burden_of_evidence","//upload.wikimedia.org/wikipedia/en/f/f4/Ambox_content.png","/wiki/Wikipedia:Avoid_weasel_words","/wiki/Wikipedia:Neutral_point_of_view","/wiki/Wikipedia:Verifiability","/wiki/Wikipedia:Avoid_weasel_words#Improving_weasel-worded_statements","/wiki/Organ_(anatomy)","/wiki/Life_support","/wiki/Dialysis","/wiki/Kidney","/wiki/Artificial_kidney","#Reasons","#Organs","#Brain","#Cardia_and_pylorus_valves","#Corpora_cavernosa","#Ear","#Eye","#Heart","#Artificial_limbs","#Liver","#Lungs","#Pancreas","#Bladder","#Ovaries","#Trachea","#Beyond_restoration","#More_information","#See_also","#References","#External_links","#For_further_reading","/w/index.php?title=Artificial_organ&action=edit&section=1","/w/index.php?title=Artificial_organ&veaction=edit&section=1","/wiki/Organ_transplant","/wiki/Artificial_heart","/wiki/Prosthesis","/wiki/Cochlear_implant","/wiki/Plastic_Surgery","/wiki/Surgical_oncology","/w/index.php?title=Eleni_V._Antoniadou&action=edit&redlink=1","/w/index.php?title=Transplants_Without_Donors_LLC&action=edit&redlink=1","/wiki/Animal_testing","/wiki/Execution","/wiki/Violent_crime","/wiki/Hip_replacement","/w/index.php?title=Artificial_organ&action=edit&section=2","/w/index.php?title=Artificial_organ&veaction=edit&section=2","/w/index.php?title=Artificial_organ&action=edit&section=3","/w/index.php?title=Artificial_organ&veaction=edit&section=3","/wiki/Brain_pacemaker","/wiki/Deep_brain_stimulation","/wiki/Clinical_depression","/wiki/Epilepsy","/wiki/Tremor","/wiki/Parkinson%27s_disease","/wiki/Biological_neural_network","/w/index.php?title=Artificial_organ&action=edit&section=4","/w/index.php?title=Artificial_organ&veaction=edit&section=4","/wiki/Cardia","/wiki/Pylorus","/wiki/Esophageal_cancer","/wiki/Achalasia","/wiki/Gastroesophageal_reflux_disease","/wiki/Valve","/wiki/Stomach","/wiki/Wikipedia:Citation_needed","/w/index.php?title=Artificial_organ&action=edit&section=5","/w/index.php?title=Artificial_organ&veaction=edit&section=5","/wiki/Erectile_dysfunction","/wiki/Corpus_cavernosum_penis","/wiki/Penile_implant","/wiki/Impotence","/wiki/Wikipedia:Citation_needed","/w/index.php?title=Artificial_organ&action=edit&section=6","/w/index.php?title=Artificial_organ&veaction=edit&section=6","/wiki/Cochlear_implant","/wiki/Wikipedia:Citation_needed","/w/index.php?title=Artificial_organ&action=edit&section=7","/w/index.php?title=Artificial_organ&veaction=edit&section=7","/wiki/Visual_prosthetic","/wiki/Digital_camera","/wiki/Electronics","/wiki/Retina","/wiki/Optic_nerve","/wiki/Brain","/wiki/Image","/wiki/Computer_science","/w/index.php?title=Artificial_organ&action=edit&section=8","/w/index.php?title=Artificial_organ&veaction=edit&section=8","/wiki/Artificial_heart","/wiki/Artificial_pacemaker","/wiki/Electronics","/wiki/Cardiac_pacemaker","/wiki/Ventricular_assist_device","/w/index.php?title=Artificial_organ&action=edit&section=9","/w/index.php?title=Artificial_organ&veaction=edit&section=9","/wiki/Prosthetics","/w/index.php?title=Artificial_organ&action=edit&section=10","/w/index.php?title=Artificial_organ&veaction=edit&section=10","/wiki/Liver_dialysis#Liver_dialysis_devices","/wiki/Hepatocyte","/w/index.php?title=HepaLife&action=edit&redlink=1","/wiki/Liver","/wiki/Stem_cell","#cite_note-1","/wiki/Regenerative_Medicine","/wiki/Newcastle_University","/wiki/Newcastle_University","/wiki/Dialysis","#cite_note-2","#cite_note-3","/wiki/Induced_pluripotent_stem_cells","#cite_note-4","/w/index.php?title=Artificial_organ&action=edit&section=11","/w/index.php?title=Artificial_organ&veaction=edit&section=11","/wiki/Artificial_lung","#cite_note-5","http://www.mc3corp.com/","/w/index.php?title=Artificial_organ&action=edit&section=12","/w/index.php?title=Artificial_organ&veaction=edit&section=12","/wiki/Artificial_pancreas","/wiki/Diabetes","/w/index.php?title=Artificial_organ&action=edit&section=13","/w/index.php?title=Artificial_organ&veaction=edit&section=13","/wiki/Artificial_urinary_bladder","#cite_note-clevclin2009-6","#cite_note-clevclin2009-6","#cite_note-smith2006-7","/w/index.php?title=Artificial_organ&action=edit&section=14","/w/index.php?title=Artificial_organ&veaction=edit&section=14","#cite_note-8","/w/index.php?title=Artificial_organ&action=edit&section=15","/w/index.php?title=Artificial_organ&veaction=edit&section=15","#cite_note-9","/w/index.php?title=Artificial_organ&action=edit&section=16","/w/index.php?title=Artificial_organ&veaction=edit&section=16","/wiki/Visual_perception","/wiki/Memory","/wiki/Information_processing","/wiki/Research","/wiki/Short-term_memory","/wiki/Long-term_memory","/wiki/Dementia","/wiki/Mnemonic","/wiki/Kevin_Warwick","#cite_note-10","/wiki/Translation","/wiki/Machine_translation","/wiki/Subcutis","/wiki/Integrated_circuits","/wiki/RFID","/w/index.php?title=Artificial_organ&action=edit&section=17","/w/index.php?title=Artificial_organ&veaction=edit&section=17","/w/index.php?title=Artificial_organ&action=edit&section=18","/w/index.php?title=Artificial_organ&veaction=edit&section=18","/wiki/Artificial_bone","/wiki/Artificial_skin","/wiki/Bionics","/wiki/Biomedical_Engineering","/wiki/Cochlear_implant","/wiki/Ocular_prosthetic","/wiki/Organ_(anatomy)","/wiki/Organ_transplant","/wiki/Plastic_surgery","/wiki/Prosthesis","/wiki/Tissue_scaffold","/wiki/Decellularization","/wiki/Artificial_uterus","/wiki/Artificial_heart","/wiki/Artificial_kidney","/w/index.php?title=Artificial_organ&action=edit&section=19","/w/index.php?title=Artificial_organ&veaction=edit&section=19","#cite_ref-1","http://www.hepalife.com/artificial_liver.php#liver","#cite_ref-2","http://www.dailymail.co.uk/news/article-413551/British-scientists-grow-human-liver-laboratory.html","#cite_ref-3","http://www.livescience.com/health/061031_artif_liver.html","#cite_ref-4","#cite_ref-5","#cite_ref-clevclin2009_6-0","#cite_ref-clevclin2009_6-1","http://my.clevelandclinic.org/services/urinary_reconstruction_and_diversion/hic_urinary_reconstruction_and_diversion.aspx","/wiki/Cleveland_Clinic","#cite_ref-smith2006_7-0","http://www.cnn.com/2006/HEALTH/conditions/04/03/engineered.organs/index.html","/wiki/CNN","#cite_ref-8","#cite_ref-9","http://www.npr.org/templates/transcript/transcript.php?storyId=137701848","http://web.archive.org/web/20110712183610/http://www.npr.org/templates/transcript/transcript.php?storyId=137701848","#cite_ref-10","/w/index.php?title=Artificial_organ&action=edit&section=20","/w/index.php?title=Artificial_organ&veaction=edit&section=20","http://www.asaio.com","http://www.intota.com/multisearch.asp?strSearchType=all&strQuery=artificial+organ","http://www.usc.edu/dept/engineering/CNE/research/hipp/","http://www.usc.edu/dept/engineering/CNE/research/opt/","http://www.liver-products.com/liver-therapy/extracorporeal-liver-support-therapy.html/","http://www.microtissues.com/3dpetridish-support.htm","/w/index.php?title=Artificial_organ&action=edit&section=21","/w/index.php?title=Artificial_organ&veaction=edit&section=21","http://www.cellregenerationjournal.com/content/2/1/1/","//en.wikipedia.org/w/index.php?title=Special:CentralAutoLogin/start&type=1x1&from=enwiki","http://en.wikipedia.org/w/index.php?title=Artificial_organ&oldid=563547739","/wiki/Help:Category","/wiki/Category:Implants","/wiki/Category:Prosthetics","/wiki/Category:Artificial_organs","/wiki/Category:Articles_needing_additional_references_from_September_2009","/wiki/Category:All_articles_needing_additional_references","/wiki/Category:Articles_with_weasel_words_from_September_2010","/wiki/Category:All_articles_with_unsourced_statements","/wiki/Category:Articles_with_unsourced_statements_from_August_2011","/wiki/Category:Articles_with_unsourced_statements_from_April_2010","/w/index.php?title=Special:UserLogin&returnto=Artificial+organ&type=signup","/w/index.php?title=Special:UserLogin&returnto=Artificial+organ","/wiki/Artificial_organ","/wiki/Talk:Artificial_organ","#","/wiki/Artificial_organ","/w/index.php?title=Artificial_organ&action=edit","/w/index.php?title=Artificial_organ&veaction=edit","/w/index.php?title=Artificial_organ&action=history","#","/w/index.php","//bits.wikimedia.org/static-1.22wmf12/skins/vector/images/search-ltr.png?303-4","/wiki/Main_Page","/wiki/Main_Page","/wiki/Portal:Contents","/wiki/Portal:Featured_content","/wiki/Portal:Current_events","/wiki/Special:Random","https://donate.wikimedia.org/wiki/Special:FundraiserRedirector?utm_source=donate&utm_medium=sidebar&utm_campaign=C13_en.wikipedia.org&uselang=en","/wiki/Help:Contents","/wiki/Wikipedia:About","/wiki/Wikipedia:Community_portal","/wiki/Special:RecentChanges","//en.wikipedia.org/wiki/Wikipedia:Contact_us","/wiki/Special:WhatLinksHere/Artificial_organ","/wiki/Special:RecentChangesLinked/Artificial_organ","/wiki/Wikipedia:File_Upload_Wizard","/wiki/Special:SpecialPages","/w/index.php?title=Artificial_organ&oldid=563547739","/w/index.php?title=Artificial_organ&action=info","//www.wikidata.org/wiki/Q1353169","/w/index.php?title=Special:Cite&page=Artificial_organ&id=563547739","/w/index.php?title=Special:Book&bookcmd=book_creator&referer=Artificial+organ","/w/index.php?title=Special:Book&bookcmd=render_article&arttitle=Artificial+organ&oldid=563547739&writer=rl","/w/index.php?title=Artificial_organ&printable=yes","//ar.wikipedia.org/wiki/%D8%B9%D8%B6%D9%88_%D8%B5%D9%86%D8%A7%D8%B9%D9%8A","//ca.wikipedia.org/wiki/%C3%92rgan_artificial","//es.wikipedia.org/wiki/%C3%93rgano_artificial","//ko.wikipedia.org/wiki/%EC%9D%B8%EA%B3%B5_%EC%9E%A5%EA%B8%B0","//it.wikipedia.org/wiki/Organo_artificiale","//ja.wikipedia.org/wiki/%E4%BA%BA%E5%B7%A5%E8%87%93%E5%99%A8","//ta.wikipedia.org/wiki/%E0%AE%9A%E0%AF%86%E0%AE%AF%E0%AE%B1%E0%AF%8D%E0%AE%95%E0%AF%88_%E0%AE%89%E0%AE%9F%E0%AE%B2%E0%AF%8D_%E0%AE%89%E0%AE%B1%E0%AF%81%E0%AE%AA%E0%AF%8D%E0%AE%AA%E0%AF%81","//tr.wikipedia.org/wiki/Yapay_organ","//zh.wikipedia.org/wiki/%E4%BA%BA%E5%B7%A5%E5%99%A8%E5%AE%98","#","//www.wikidata.org/wiki/Q1353169#sitelinks-wikipedia","//en.wikipedia.org/wiki/Wikipedia:Text_of_Creative_Commons_Attribution-ShareAlike_3.0_Unported_License","//creativecommons.org/licenses/by-sa/3.0/","//wikimediafoundation.org/wiki/Terms_of_Use","//wikimediafoundation.org/wiki/Privacy_policy","//www.wikimediafoundation.org/","//wikimediafoundation.org/wiki/Privacy_policy","/wiki/Wikipedia:About","/wiki/Wikipedia:General_disclaimer","//en.wikipedia.org/wiki/Wikipedia:Contact_us","//en.m.wikipedia.org/wiki/Artificial_organ","//wikimediafoundation.org/","//bits.wikimedia.org/images/wikimedia-button.png","//www.mediawiki.org/","//bits.wikimedia.org/static-1.22wmf12/skins/common/images/poweredby_mediawiki_88x31.png","//bits.wikimedia.org/en.wikipedia.org/load.php?debug=false&lang=en&modules=site&only=scripts&skin=vector&*"],"instances":["anatomy"],"pdf":[],"categories":["Implants","Prosthetics","Artificial organs|"],"headings":["Reasons","Organs","Beyond restoration","More information","See also","References","External links","For further reading"],"image":["//upload.wikimedia.org/wikipedia/en/f/f4/Ambox_content.png","//upload.wikimedia.org/wikipedia/en/thumb/9/99/Question_book-new.svg/50px-Question_book-new.svg.png","//upload.wikimedia.org/wikipedia/en/f/f4/Ambox_content.png","//en.wikipedia.org/w/index.php?title=Special:CentralAutoLogin/start&type=1x1&from=enwiki","//bits.wikimedia.org/static-1.22wmf12/skins/vector/images/search-ltr.png?303-4","//bits.wikimedia.org/images/wikimedia-button.png","//bits.wikimedia.org/static-1.22wmf12/skins/common/images/poweredby_mediawiki_88x31.png"],"tags":[["organ","anatomy"],["organ","anatomy"]],"members":["organ"],"related":["Organ_(anatomy)","Life_support","Dialysis","Kidney","Artificial_kidney","Organ_transplant","Artificial_heart","Prosthesis","Cochlear_implant","Plastic_Surgery","Surgical_oncology","Eleni_V._Antoniadou","Transplants_Without_Donors_LLC","Animal_testing","Execution","Violent_crime","Hip_replacement","Brain_pacemaker","Deep_brain_stimulation","Clinical_depression","Epilepsy","Tremor","Parkinson's_disease","Biological_neural_network","Cardia","Pylorus","Esophageal_cancer","Achalasia","Gastroesophageal_reflux_disease","Valve","Stomach","Erectile_dysfunction","Corpus_cavernosum_penis","Penile_implant","Impotence","Digital_camera","Electronics","Retina","Optic_nerve","Brain","Image","Computer_science","Artificial_heart","Artificial_pacemaker","Electronics","Cardiac_pacemaker","Ventricular_assist_device","Prosthetics","HepaLife","Liver","Stem_cell","Regenerative_Medicine","Newcastle_University","Newcastle_University","Dialysis","Induced_pluripotent_stem_cells","Artificial_lung","Diabetes","Cleveland_Clinic","CNN","Visual_perception","Memory","Information_processing","Research","Short-term_memory","Long-term_memory","Dementia","Mnemonic","Kevin_Warwick","Translation","Machine_translation","Subcutis","Integrated_circuits","RFID","Artificial_bone","Artificial_skin","Bionics","Biomedical_Engineering","Cochlear_implant","Ocular_prosthetic","Organ_(anatomy)","Organ_transplant","Plastic_surgery","Prosthesis","Tissue_scaffold","Decellularization","Artificial_uterus","Artificial_heart","Artificial_kidney"]}