{"cursor":"45158","size":15,"audio":[],"currentlang":"en","article":"\ns long, the electrode measures between 50 and 60 centimeters (20 to 24\ninches).]]\n:\nA 'pacemaker' (or 'artificial pacemaker', so as not to be confused with the\nheart's natural pacemaker) is a medical device that uses electrical impulses,\ndelivered by electrodes contacting the heart muscles, to regulate the beating of\nthe heart. The primary purpose of a pacemaker is to maintain an adequate heart\nrate, either because the heart's natural pacemaker is not fast enough, or there\nis a block in the heart's electrical conduction system. Modern pacemakers are\nexternally programmable and allow the cardiologist to select the optimum pacing\nmodes for individual patients. Some combine a pacemaker and defibrillator in a\nsingle implantable device. Others have multiple electrodes stimulating differing\npositions within the heart to improve synchronisation of the lower chambers\n(ventricles) of the heart.\n","linknr":679,"url":"Artificial_pacemaker","recorded":1362892873,"links":55,"instances":["medicine","medical","heart","heart","engineer"],"pdf":["http://www.secure-medicine.org/icd-study/icd-study.pdf","http://www.secure-medicine.org/icd-study/icd-study.pdf","http://www.analog.com/library/analogDialogue/archives/46-11/pacing_artifacts.pdf"],"categories":["Swedish inventions","American inventions","1959 introductions","Australian inventions","Cardiac electrophysiology","Embedded systems","Implants","Neuroprosthetics","Prosthetics","Cybernetics","Biomedical engineering"],"headings":["History","Methods of pacing","Basic function","Biventricular pacing (BVP)","Advancements in function","Considerations","Other devices with pacemaker function","See also","References","External links"],"image":["//upload.wikimedia.org/wikipedia/commons/thumb/5/5e/St_Jude_Medical_pacemaker_with_ruler.jpg/220px-St_Jude_Medical_pacemaker_with_ruler.jpg","//bits.wikimedia.org/static-1.21wmf10/skins/common/images/magnify-clip.png","//upload.wikimedia.org/wikipedia/commons/thumb/9/9f/First_pacemaker_%28Siemens-Elema_1958%29.jpg/220px-First_pacemaker_%28Siemens-Elema_1958%29.jpg","//bits.wikimedia.org/static-1.21wmf10/skins/common/images/magnify-clip.png","//upload.wikimedia.org/wikipedia/commons/thumb/d/d0/Arne_Larsson.jpg/220px-Arne_Larsson.jpg","//bits.wikimedia.org/static-1.21wmf10/skins/common/images/magnify-clip.png","//upload.wikimedia.org/wikipedia/commons/thumb/5/5d/CPI_Pacemaker.jpg/220px-CPI_Pacemaker.jpg","//bits.wikimedia.org/static-1.21wmf10/skins/common/images/magnify-clip.png","//upload.wikimedia.org/wikipedia/commons/thumb/a/a5/AtrialPacemakerECG.JPG/220px-AtrialPacemakerECG.JPG","//bits.wikimedia.org/static-1.21wmf10/skins/common/images/magnify-clip.png","//upload.wikimedia.org/wikipedia/commons/thumb/f/ff/Duelchamber.JPG/220px-Duelchamber.JPG","//bits.wikimedia.org/static-1.21wmf10/skins/common/images/magnify-clip.png","//upload.wikimedia.org/wikipedia/commons/thumb/c/c7/Pacemaker_dependent_asystole.jpg/220px-Pacemaker_dependent_asystole.jpg","//bits.wikimedia.org/static-1.21wmf10/skins/common/images/magnify-clip.png","//upload.wikimedia.org/wikipedia/commons/thumb/6/6a/Fluoroscopy_pacemaker_leads_right_atrium_ventricle.png/220px-Fluoroscopy_pacemaker_leads_right_atrium_ventricle.png","//bits.wikimedia.org/static-1.21wmf10/skins/common/images/magnify-clip.png","//upload.wikimedia.org/wikipedia/commons/thumb/4/4f/Cardiac_resynchronisation_therapy.png/220px-Cardiac_resynchronisation_therapy.png","//bits.wikimedia.org/static-1.21wmf10/skins/common/images/magnify-clip.png","//upload.wikimedia.org/wikipedia/commons/thumb/e/e6/Herzschrittmacher_auf_Roentgenbild.jpg/220px-Herzschrittmacher_auf_Roentgenbild.jpg","//bits.wikimedia.org/static-1.21wmf10/skins/common/images/magnify-clip.png","//upload.wikimedia.org/wikipedia/commons/thumb/7/7c/PaceMakerRemoteMonitoringDevicesTwoKinds.jpg/220px-PaceMakerRemoteMonitoringDevicesTwoKinds.jpg","//bits.wikimedia.org/static-1.21wmf10/skins/common/images/magnify-clip.png","//bits.wikimedia.org/static-1.21wmf10/skins/vector/images/search-ltr.png?303-4","//bits.wikimedia.org/images/wikimedia-button.png","//bits.wikimedia.org/static-1.21wmf10/skins/common/images/poweredby_mediawiki_88x31.png"],"tags":[["ventricle","heart"],["ventricle","heart"],["bob_anderson","engineer"],["cordis","medical"],["atrium","heart"],["ventricle","heart"],["atrium","heart"],["etiology","medicine"]],"members":["etiology","cordis","atrium","ventricle","bob_anderson"],"related":["Cardiac_pacemaker","Electrode","Heart","Heart_rate","Electrical_conduction_system_of_the_heart","Cardiologist","Implantable_cardioverter-defibrillator","Synchronization","Ventricle_(heart)","Asystole","Ventricle_(heart)","Royal_Prince_Alfred_Hospital","University_of_Sydney","Stillbirth","Crown_Street_Women's_Hospital,_Sydney","Albert_Hyman","World_War_II","John_Alexander_Hopps","Wilfred_Gordon_Bigelow","Toronto_General_Hospital","Vacuum_tube","Transcutaneous_pacing","Electric_shock","Ventricular_fibrillation","Paul_Zoll","Transcutaneous_pacing","University_of_Minnesota","Heart_block","Myocardial","Jorge_Reynolds_Pombo","Silicon","Transistor","Earl_Bakken","C._Walton_Lillehei","Myocardium","Karolinska_Institute","Sweden","Rune_Elmqvist","Åke_Senning","Myocardium","Thoracotomy","Transvenous_pacing","Catheter","Basilic_vein","Montevideo","Uruguay","Wilson_Greatbatch","Animal_testing","Mercury_battery","Transvenous_pacing","Catheter","Fluoroscopic","Trabeculae","Mercury_battery","Wilson_Greatbatch","Epoxy","Telectronics","Bob_Anderson_(engineer)","Medtronic","St_George's_Hospital","Barouh_Berkovits","Geoffrey_Wickham","Telectronics","Walter_Keller","Cordis_(medical)","Hans_Thornander","Rune_Elmquist","Janwillem_van_den_Berg","Anthony_Adducci","Human_sternum","Right_ventricle","Venae_cavae","Bradycardia","QRS_complex","T_wave","Electrocardiogram","Right_bundle_branch_block","Asystole","Seizure","Escape_rhythm","Fluoroscopy","Heart_chamber","Atrium_(heart)","Ventricle_(heart)","Hermetically_sealed","Lithium_battery","Computer","Immune_system","Titanium","Sinoatrial_node","Sick_sinus_syndrome","Atrioventricular_block","Interventricular_septum","Left_ventricle","Heart_failure","Vena_cava","Right_atrium","Right_ventricle","Interventricular_septum","Coronary_sinus","QT_interval","Oxygen","Carbon_dioxide","Accelerometer","Body_temperature","Adenosine_triphosphate","Adrenaline","The_Heart_Hospital","Microprocessor","Atrium_(heart)","Heart_failure","Local_anesthetic","General_anesthetic","Fluoroscope","Depilatory","ECG","Etiology_(medicine)","IPG","Manufacturing","Lead","Seatbelt","Arc_welding","Magnetic_resonance_imaging","SureScan","Antibiotic","Magnetic_resonance_imaging","Supraventricular_tachycardia","Implantable_cardioverter-defibrillator","Cardioversion","Defibrillation","Ventricular_tachycardia","Biological_pacemaker","Cardiology","Electrical_conduction_system_of_the_heart","Transcutaneous_pacing","Pacemaker_syndrome","Infective_endocarditis"]}