{"cursor":"1318","size":15,"audio":[],"currentlang":"en","article":"'Artificial reality' was the term Myron W. Krueger used to describe his\ninteractive immersive environments, based on video recognition techniques,\nthat put a user in full, unencumbered contact with the digital world. He\nstarted this work in the late 1960s and is considered to be a key figure in\nthe early innovation of virtual reality. His first book Artificial Reality was\npublished in 1983 and updated in Artificial Reality II in 1991 (both published\nby Addison-Wesley).\n\nIn modern language \"Artificial Reality\" is often used to describe a virtual\nreality that is indistinguishable from reality. This in contrast with the term\nvirtual reality which is often applied to technology that is \"like\" reality but\ncan easily be recognized as a simulation.\n","linknr":137,"url":"artificial_reality","recorded":1376396247,"links":["/w/index.php?title=Artificial_reality&action=edit","/w/index.php?title=Artificial_reality&action=edit","//bits.wikimedia.org/favicon/wikipedia.ico","/w/opensearch_desc.php","//en.wikipedia.org/w/api.php?action=rsd","//creativecommons.org/licenses/by-sa/3.0/","/w/index.php?title=Special:RecentChanges&feed=atom","//bits.wikimedia.org/en.wikipedia.org/load.php?debug=false&lang=en&modules=ext.gadget.DRN-wizard%2CReferenceTooltips%2Ccharinsert%2Cteahouse%7Cext.rtlcite%2Cwikihiero%7Cext.uls.nojs%7Cmediawiki.legacy.commonPrint%2Cshared%7Cmw.PopUpMediaTransform%7Cskins.vector&only=styles&skin=vector&*","//bits.wikimedia.org/en.wikipedia.org/load.php?debug=false&lang=en&modules=site&only=styles&skin=vector&*","//bits.wikimedia.org/en.wikipedia.org/load.php?debug=false&lang=en&modules=startup&only=scripts&skin=vector&*","//bits.wikimedia.org/geoiplookup","//meta.wikimedia.org","#mw-navigation","#p-search","/wiki/Myron_W._Krueger","/wiki/Virtual_reality","/wiki/Addison-Wesley","/w/index.php?title=Artificial_reality&action=edit&section=1","/wiki/Simulated_reality","/w/index.php?title=Artificial_reality&action=edit&section=2","/wiki/Special:BookSources/0201522608","/wiki/Template:Mixed_reality","/wiki/Template_talk:Mixed_reality","//en.wikipedia.org/w/index.php?title=Template:Mixed_reality&action=edit","/wiki/Virtual_reality","/wiki/Augmented_reality","/wiki/Mixed_reality","/wiki/Virtuality","/wiki/Augmented_virtuality","/wiki/Real_life","/wiki/Projection_augmented_model","/wiki/Reality%E2%80%93virtuality_continuum","/wiki/Simulated_reality","/wiki/Ubiquitous_computing","/wiki/Virtual_world","/wiki/Persistent_world","/wiki/Multimodal_interaction","/wiki/Telepresence","/wiki/Immersion_(virtual_reality)","/wiki/Immersive_technology","/wiki/Compositing","/wiki/Camera_resectioning","/wiki/Haptic_suit","/wiki/Head-mounted_display","/wiki/Optical_head-mounted_display","/wiki/Head-up_display","/wiki/Image-based_modeling_and_rendering","/wiki/Real-time_computer_graphics","/wiki/Virtual_retinal_display","/wiki/Wearable_computer","/wiki/Stereoscopy","/wiki/Computer_stereo_vision","/wiki/Computer_vision","/wiki/Chroma_key","/wiki/Visual_hull","/wiki/Free_viewpoint_television","/wiki/Omnidirectional_treadmill","/wiki/Hidden_surface_determination","/wiki/Motion_capture","/wiki/Tracking_system","/wiki/Video_tracking","/wiki/Inertial_navigation_system","/wiki/Wired_glove","/wiki/Razer_Hydra","/wiki/Gametrak","/wiki/PlayStation_Move","/wiki/Kinect","/wiki/Alternate_reality_game","/wiki/ARToolKit","/wiki/Interactive_art","/wiki/Virtual_graffiti","/wiki/Cave_automatic_virtual_environment","/wiki/Simulated_reality_in_fiction","/wiki/Sensorama","/wiki/File:Computer.svg","//upload.wikimedia.org/wikipedia/commons/thumb/d/d7/Computer.svg/30px-Computer.svg.png","/wiki/Wikipedia:Stub","//en.wikipedia.org/w/index.php?title=Artificial_reality&action=edit","/wiki/Template:Compu-stub","/wiki/Template_talk:Compu-stub","//en.wikipedia.org/w/index.php?title=Template:Compu-stub&action=edit","//en.wikipedia.org/w/index.php?title=Special:CentralAutoLogin/start&type=1x1&from=enwiki","http://en.wikipedia.org/w/index.php?title=Artificial_reality&oldid=538746034","/wiki/Help:Categories","/wiki/Category:Multimodal_interaction","/wiki/Category:Virtual_reality","/wiki/Category:Computing_stubs","/w/index.php?title=Special:UserLogin&returnto=Artificial+reality&type=signup","/w/index.php?title=Special:UserLogin&returnto=Artificial+reality","/wiki/Artificial_reality","/wiki/Talk:Artificial_reality","#","/wiki/Artificial_reality","/w/index.php?title=Artificial_reality&action=edit","/w/index.php?title=Artificial_reality&action=history","#","/w/index.php","//bits.wikimedia.org/static-1.22wmf11/skins/vector/images/search-ltr.png?303-4","/wiki/Main_Page","/wiki/Main_Page","/wiki/Portal:Contents","/wiki/Portal:Featured_content","/wiki/Portal:Current_events","/wiki/Special:Random","//donate.wikimedia.org/wiki/Special:FundraiserRedirector?utm_source=donate&utm_medium=sidebar&utm_campaign=C13_en.wikipedia.org&uselang=en","/wiki/Help:Contents","/wiki/Wikipedia:About","/wiki/Wikipedia:Community_portal","/wiki/Special:RecentChanges","//en.wikipedia.org/wiki/Wikipedia:Contact_us","/wiki/Special:WhatLinksHere/Artificial_reality","/wiki/Special:RecentChangesLinked/Artificial_reality","/wiki/Wikipedia:File_Upload_Wizard","/wiki/Special:SpecialPages","/w/index.php?title=Artificial_reality&oldid=538746034","/w/index.php?title=Artificial_reality&action=info","//www.wikidata.org/wiki/Q4801094","/w/index.php?title=Special:Cite&page=Artificial_reality&id=538746034","/w/index.php?title=Special:Book&bookcmd=book_creator&referer=Artificial+reality","/w/index.php?title=Special:Book&bookcmd=render_article&arttitle=Artificial+reality&oldid=538746034&writer=rl","/w/index.php?title=Artificial_reality&printable=yes","#","//www.wikidata.org/wiki/Q4801094#sitelinks-wikipedia","//en.wikipedia.org/wiki/Wikipedia:Text_of_Creative_Commons_Attribution-ShareAlike_3.0_Unported_License","//creativecommons.org/licenses/by-sa/3.0/","//wikimediafoundation.org/wiki/Terms_of_Use","//wikimediafoundation.org/wiki/Privacy_policy","//www.wikimediafoundation.org/","//wikimediafoundation.org/wiki/Privacy_policy","/wiki/Wikipedia:About","/wiki/Wikipedia:General_disclaimer","//en.wikipedia.org/wiki/Wikipedia:Contact_us","//en.m.wikipedia.org/wiki/Artificial_reality","//wikimediafoundation.org/","//bits.wikimedia.org/images/wikimedia-button.png","//www.mediawiki.org/","//bits.wikimedia.org/static-1.22wmf11/skins/common/images/poweredby_mediawiki_88x31.png","//bits.wikimedia.org/en.wikipedia.org/load.php?debug=false&lang=en&modules=site&only=scripts&skin=vector&*"],"instances":[],"pdf":[],"categories":["Multimodal interaction","Virtual reality"],"headings":["See also","References"],"image":["//upload.wikimedia.org/wikipedia/commons/thumb/d/d7/Computer.svg/30px-Computer.svg.png","//en.wikipedia.org/w/index.php?title=Special:CentralAutoLogin/start&type=1x1&from=enwiki","//bits.wikimedia.org/static-1.22wmf11/skins/vector/images/search-ltr.png?303-4","//bits.wikimedia.org/images/wikimedia-button.png","//bits.wikimedia.org/static-1.22wmf11/skins/common/images/poweredby_mediawiki_88x31.png"],"tags":[],"members":[],"related":["Myron_W._Krueger","Virtual_reality","Addison-Wesley","Simulated_reality"]}