{"cursor":"6600","size":15,"audio":[],"currentlang":"en","article":"{{Infobox company |name = Behaviour Interactive |logo = |caption = |type =\nPrivate |foundation = 1992 |location_city = Montreal, Quebec |location_country =\nCanada |key_people = Remi Racine, CEO |industry = Interactive entertainment\n|products = [[Wet (video game)|Wet]], [[Scaler]], [[Indiana Jones and the Staff\nof Kings]], [[Happy Feet#Video games|Happy Feet]] |revenue = |operating_income =\n|net_income = |owner = |num_employees =\n375 [http://www.btmm.qc.ca/en/index.aspx?p=1516 Artificial Mind and Movement ] |parent = |homepage = [http://www.bhvr.com/\nwww.bhvr.com] }}\n\n'Behaviour Interactive', formerly 'Artificial Mind and Movement', founded in\n1992 in Quebec City, Quebec as Megatoon Entertainment Group, is the largest\nindependent game development studio in Canada, specializing in the production of\n2D and 3D action/adventure games for the Xbox 360, PlayStation 3, Wii,\nPlayStation 2, Nintendo GameCube, Xbox, PC, Game Boy Advance, PlayStation\nPortable and Nintendo DS. Behaviour's latest project is Doritos Crash Course 2\nreleased on May 8, 2013.\n\nIn November 2008, the company acquired Santiago, Chile based Wanako Games from\nActivision Blizzard.\n\nBehaviour Interactive claims to be the largest independent game studio in Canada\nwith 375 employees in Montreal.\n","linknr":275,"url":"Artificial_Mind_and_Movement","recorded":1375090037,"links":["/w/index.php?title=Behaviour_Interactive&action=edit","/w/index.php?title=Behaviour_Interactive&action=edit","//bits.wikimedia.org/favicon/wikipedia.ico","/w/opensearch_desc.php","//en.wikipedia.org/w/api.php?action=rsd","//creativecommons.org/licenses/by-sa/3.0/","/w/index.php?title=Special:RecentChanges&feed=atom","/wiki/Behaviour_Interactive","//bits.wikimedia.org/en.wikipedia.org/load.php?debug=false&lang=en&modules=ext.gadget.DRN-wizard%2CReferenceTooltips%2Ccharinsert%2Cteahouse%7Cext.rtlcite%2Cwikihiero%7Cext.uls.nojs%7Cmediawiki.legacy.commonPrint%2Cshared%7Cmw.PopUpMediaTransform%7Cskins.vector&only=styles&skin=vector&*","//bits.wikimedia.org/en.wikipedia.org/load.php?debug=false&lang=en&modules=site&only=styles&skin=vector&*","//bits.wikimedia.org/en.wikipedia.org/load.php?debug=false&lang=en&modules=startup&only=scripts&skin=vector&*","//bits.wikimedia.org/geoiplookup","//meta.wikimedia.org","/w/index.php?title=Artificial_Mind_and_Movement&redirect=no","#mw-navigation","#p-search","/wiki/File:Behaviour_interactive_logo.jpg","//upload.wikimedia.org/wikipedia/en/6/67/Behaviour_interactive_logo.jpg","/wiki/Types_of_business_entity","/wiki/Privately_held_company","/wiki/Interactive_entertainment","/wiki/Montreal","/wiki/Quebec","/wiki/Canada","/wiki/Chief_executive_officer","/wiki/Wet_(video_game)","/wiki/Scaler","/wiki/Indiana_Jones_and_the_Staff_of_Kings","/wiki/Happy_Feet#Video_games","#cite_note-1","http://www.bhvr.com/","/wiki/Quebec_City","/wiki/Quebec","/wiki/Xbox_360","/wiki/PlayStation_3","/wiki/Wii","/wiki/PlayStation_2","/wiki/Nintendo_GameCube","/wiki/Xbox_(console)","/wiki/Personal_computer","/wiki/Game_Boy_Advance","/wiki/PlayStation_Portable","/wiki/Nintendo_DS","/wiki/Behaviour_Santiago","/wiki/Activision_Blizzard","#Titles","#Awards_.26_notable_news","#External_links","#References","/w/index.php?title=Behaviour_Interactive&action=edit&section=1","/w/index.php?title=Naughty_Bear:_Panic_in_Paradise&action=edit&redlink=1","/wiki/PlayStation_Network","/wiki/Xbox_Live_Arcade","/wiki/Ice_Age:_Continental_Drift#Video_games","/wiki/Wii","/wiki/Nintendo_3DS","/wiki/Nintendo_DS","/wiki/Xbox_360","/wiki/Brave_(video_game)","/wiki/Microsoft_Windows","/wiki/Xbox_360","/wiki/Wii","/wiki/PlayStation_3","/wiki/Nintendo_DS","/wiki/Voltron:_Defender_of_the_Universe_(video_game)","/wiki/PlayStation_Network","/wiki/Xbox_Live_Arcade","/wiki/Transformers:_Dark_of_the_Moon_(video_game)","/wiki/Wii","/wiki/Nintendo_3DS","/wiki/Nintendo_DS","/wiki/Rango_(video_game)#Console_games","/wiki/Xbox_360","/wiki/Wii","/wiki/PlayStation_3","/wiki/Nintendo_DS","/wiki/Doritos_Crash_Course","/wiki/Xbox_Live_Arcade","/wiki/MySims_SkyHeroes","/wiki/Naughty_Bear","/wiki/PlayStation_3","/wiki/Xbox_360","/wiki/Dante%27s_Inferno_(video_game)","/wiki/PlayStation_Portable","/wiki/Wet_(video_game)","/wiki/PlayStation_3","/wiki/Xbox_360","/wiki/Indiana_Jones_and_the_Staff_of_Kings","/wiki/Wii","/wiki/PlayStation_2","/wiki/MySims_Racing","/wiki/Nintendo_DS","/wiki/Wii","/wiki/Kung_Fu_Panda:_Legendary_Warriors","/wiki/Nintendo_DS","/wiki/Wii","/wiki/Iron_Man_(video_game)","/wiki/Wii","/wiki/PlayStation_2","/wiki/PlayStation_Portable","/wiki/Personal_computer","/wiki/Nintendo_DS","/wiki/High_School_Musical:_Makin%27_the_Cut!","/wiki/Wii","/wiki/PlayStation_2","/wiki/Nintendo_DS","/wiki/Mercenaries_2:_World_in_Flames","/wiki/PlayStation_2","/wiki/Lord_of_the_Rings:_Conquest","/wiki/Nintendo_DS","/wiki/High_School_Musical_2:_Work_This_Out!","/wiki/Nintendo_DS","/wiki/Transformers:_Animated_(video_game)","/wiki/Nintendo_DS","/wiki/The_Mummy:_Tomb_of_the_Dragon_Emperor_(video_game)","/wiki/Nintendo_DS","/wiki/Power_Rangers:_Super_Legends","/wiki/PlayStation_2","/wiki/Nintendo_DS","/wiki/Spider-Man:_Friend_or_Foe","/wiki/Nintendo_DS","/wiki/PlayStation_Portable","/w/index.php?title=WET_2&action=edit&redlink=1","/wiki/Happy_Feet_(video_game)","/wiki/The_Ant_Bully_(video_game)","/wiki/Disney%27s_Kim_Possible:_Global_Gemini","/wiki/Disney%27s_Kim_Possible:_What%27s_the_Switch%3F","/wiki/Teen_Titans_(console_game)","/wiki/Monster_House_(video_game)","/wiki/Disney%27s_Kim_Possible:_Kimmunicator","/wiki/Evergirl","/wiki/Ed,_Edd_n_Eddy:_The_Mis-Edventures","/w/index.php?title=Flow:_Urban_Dance_Uprising&action=edit&redlink=1","/wiki/Chicken_Little_(video_game)","/w/index.php?title=Lizzie_McGuire_2&action=edit&redlink=1","/wiki/Get_On_Da_Mic","/wiki/Scooby-Doo!_Unmasked","/wiki/Scaler","/wiki/Carmen_Sandiego:_The_Secret_of_the_Stolen_Drums","/w/index.php?title=Kim_Possible_2:_Drakken%27s_Demise&action=edit&redlink=1","/w/index.php?title=Home_on_the_Range_(video_game)&action=edit&redlink=1","/wiki/Scooby_Doo:_Mystery_Mayhem","/wiki/Ice_Age_(video_game)","/wiki/Monsters,_Inc._Scream_Team","/wiki/Bugs_Bunny_%26_Taz:_Time_Busters","/w/index.php?title=Smurf_Racer&action=edit&redlink=1","/wiki/The_Grinch_(video_game)","/wiki/Bugs_Bunny:_Lost_in_Time","/wiki/Jersey_Devil_(video_game)","/wiki/Drake_%26_Josh_(video_game)","/wiki/Doritos_Crash_Course_2","/wiki/Warhammer_40,000:_Eternal_Crusade","/w/index.php?title=Phineas_and_Ferb:_Quest_for_Cool_Stuff&action=edit&redlink=1","/wiki/SpongeBob_SquarePants:_Plankton%27s_Robotic_Revenge","/w/index.php?title=Behaviour_Interactive&action=edit&section=2","http://www.deloitte.com/dtt/section_node/0,1042,sid%253D108772,00.html","/wiki/Deloitte_Fast_50","http://www.deloitte.com/dtt/article/0,1002,sid%253D108772%2526cid%253D129529,00.html","http://www.caeaa.com/index.php/winners/","/w/index.php?title=Behaviour_Interactive&action=edit&section=3","http://www.bhvr.com/","http://www.a2m.com/","/w/index.php?title=Behaviour_Interactive&action=edit&section=4","#cite_ref-1","http://www.btmm.qc.ca/en/index.aspx?p=1516","http://www.a2m.com/en/news_2006_09_22.aspx","/wiki/Template:Carmen_Sandiego","/wiki/Template_talk:Carmen_Sandiego","//en.wikipedia.org/w/index.php?title=Template:Carmen_Sandiego&action=edit","/wiki/Carmen_Sandiego","/wiki/List_of_Carmen_Sandiego_characters","/wiki/Carmen_Sandiego_(character)","/wiki/ACME_and_V.I.L.E.","/wiki/Carmen_Sandiego_(game_series)","/wiki/Where_in_the_World_Is_Carmen_Sandiego%3F_(1985)","/wiki/Where_in_the_U.S.A._Is_Carmen_Sandiego%3F_(1985)","/wiki/Where_in_Europe_Is_Carmen_Sandiego%3F","/wiki/Where_in_Time_Is_Carmen_Sandiego%3F_(1989)","/wiki/Carmen_Sandiego_(game_series)#Where_in_North_Dakota_Is_Carmen_Sandiego.3F","/wiki/Where_in_the_World_Is_Carmen_Sandiego%3F_Deluxe","/wiki/Where_in_the_U.S.A._Is_Carmen_Sandiego%3F_Deluxe","/wiki/Where_in_America%27s_Past_Is_Carmen_Sandiego%3F","/wiki/Where_in_Space_Is_Carmen_Sandiego%3F","/wiki/Carmen_Sandiego_Junior_Detective","/wiki/Where_in_the_U.S.A._Is_Carmen_Sandiego%3F_(1996)","/wiki/Where_in_the_World_Is_Carmen_Sandiego%3F_(1996)","/wiki/Carmen_Sandiego%27s_Great_Chase_Through_Time","/wiki/Carmen_Sandiego_Word_Detective","/wiki/Carmen_Sandiego_Math_Detective","/wiki/Carmen_Sandiego%27s_Think_Quick_Challenge","/wiki/Where_in_the_World_Is_Carmen_Sandiego%3F_Treasures_of_Knowledge","/wiki/Carmen_Sandiego:_The_Secret_of_the_Stolen_Drums","/wiki/List_of_Carmen_Sandiego_products#Mais_o.C3.B9_se_Cache_Carmen_Sandiego.3F_Myst.C3.A8re_au_Bout_du_Monde","/wiki/Where_in_the_World_Is_Carmen_Sandiego%3F_(Facebook)","/wiki/Carmen_Sandiego_Adventures_in_Math","/wiki/Where_in_the_World_Is_Carmen_Sandiego%3F_(game_show)","/wiki/Where_in_the_World_Is_Carmen_Sandiego%3F_(album)","/wiki/Carmen_Sandiego:_Out_of_This_World","/wiki/Where_in_Time_Is_Carmen_Sandiego%3F_(game_show)","/wiki/Where_on_Earth_Is_Carmen_Sandiego%3F","/wiki/Lauren_Elliott","/wiki/Br%C3%B8derbund","/wiki/The_Learning_Company","/wiki/WGBH-TV","/wiki/WQED_(TV)","/wiki/DIC_Entertainment","/wiki/Public_Broadcasting_Service","/wiki/Fox_Kids","/wiki/ABC_Family","/wiki/ION_Television","/wiki/BAM!_Entertainment","/wiki/Mindscape","/wiki/Lynne_Thigpen","/wiki/Rita_Moreno","//en.wikipedia.org/w/index.php?title=Special:CentralAutoLogin/start&type=1x1&from=enwiki","http://en.wikipedia.org/w/index.php?title=Behaviour_Interactive&oldid=565948396","/wiki/Help:Categories","/wiki/Category:Companies_established_in_1992","/wiki/Category:Video_game_companies_of_Canada","/wiki/Category:International_Game_Developers_Association_members","/wiki/Category:Video_game_development_companies","/wiki/Category:Companies_based_in_Montreal","/w/index.php?title=Special:UserLogin&returnto=Behaviour+Interactive&type=signup","/w/index.php?title=Special:UserLogin&returnto=Behaviour+Interactive","/wiki/Behaviour_Interactive","/wiki/Talk:Behaviour_Interactive","#","/wiki/Behaviour_Interactive","/w/index.php?title=Behaviour_Interactive&action=edit","/w/index.php?title=Behaviour_Interactive&action=history","#","/w/index.php","//bits.wikimedia.org/static-1.22wmf11/skins/vector/images/search-ltr.png?303-4","/wiki/Main_Page","/wiki/Main_Page","/wiki/Portal:Contents","/wiki/Portal:Featured_content","/wiki/Portal:Current_events","/wiki/Special:Random","//donate.wikimedia.org/wiki/Special:FundraiserRedirector?utm_source=donate&utm_medium=sidebar&utm_campaign=C13_en.wikipedia.org&uselang=en","/wiki/Help:Contents","/wiki/Wikipedia:About","/wiki/Wikipedia:Community_portal","/wiki/Special:RecentChanges","//en.wikipedia.org/wiki/Wikipedia:Contact_us","/wiki/Special:WhatLinksHere/Behaviour_Interactive","/wiki/Special:RecentChangesLinked/Behaviour_Interactive","/wiki/Wikipedia:File_Upload_Wizard","/wiki/Special:SpecialPages","/w/index.php?title=Behaviour_Interactive&oldid=565948396","/w/index.php?title=Behaviour_Interactive&action=info","//www.wikidata.org/wiki/Q2080076","/w/index.php?title=Special:Cite&page=Behaviour_Interactive&id=565948396","/w/index.php?title=Special:Book&bookcmd=book_creator&referer=Behaviour+Interactive","/w/index.php?title=Special:Book&bookcmd=render_article&arttitle=Behaviour+Interactive&oldid=565948396&writer=rl","/w/index.php?title=Behaviour_Interactive&printable=yes","//fr.wikipedia.org/wiki/Behaviour_Interactive","//pt.wikipedia.org/wiki/Behaviour_Interactive","//ru.wikipedia.org/wiki/Artificial_Mind_and_Movement","#","//www.wikidata.org/wiki/Q2080076#sitelinks-wikipedia","//en.wikipedia.org/wiki/Wikipedia:Text_of_Creative_Commons_Attribution-ShareAlike_3.0_Unported_License","//creativecommons.org/licenses/by-sa/3.0/","//wikimediafoundation.org/wiki/Terms_of_Use","//wikimediafoundation.org/wiki/Privacy_policy","//www.wikimediafoundation.org/","//wikimediafoundation.org/wiki/Privacy_policy","/wiki/Wikipedia:About","/wiki/Wikipedia:General_disclaimer","//en.wikipedia.org/wiki/Wikipedia:Contact_us","//en.m.wikipedia.org/wiki/Behaviour_Interactive","//wikimediafoundation.org/","//bits.wikimedia.org/images/wikimedia-button.png","//www.mediawiki.org/","//bits.wikimedia.org/static-1.22wmf11/skins/common/images/poweredby_mediawiki_88x31.png","//bits.wikimedia.org/en.wikipedia.org/load.php?debug=false&lang=en&modules=site&only=scripts&skin=vector&*"],"instances":["console"],"pdf":[],"categories":["Companies established in 1992","Video game companies of Canada","International Game Developers Association members","Video game development companies","Companies based in Montreal"],"headings":["Titles","Awards & notable news","External links","References"],"image":["//upload.wikimedia.org/wikipedia/en/6/67/Behaviour_interactive_logo.jpg","//en.wikipedia.org/w/index.php?title=Special:CentralAutoLogin/start&type=1x1&from=enwiki","//bits.wikimedia.org/static-1.22wmf11/skins/vector/images/search-ltr.png?303-4","//bits.wikimedia.org/images/wikimedia-button.png","//bits.wikimedia.org/static-1.22wmf11/skins/common/images/poweredby_mediawiki_88x31.png"],"tags":[["xbox","console"]],"members":["xbox"],"related":["Privately_held_company","Montreal","Quebec","Canada","Chief_executive_officer","Interactive_entertainment","Quebec_City","Quebec","Xbox_360","PlayStation_3","Wii","PlayStation_2","Nintendo_GameCube","Xbox_(console)","Personal_computer","Game_Boy_Advance","PlayStation_Portable","Nintendo_DS","Behaviour_Santiago","Activision_Blizzard","PlayStation_Network","Xbox_Live_Arcade","Wii","Nintendo_3DS","Nintendo_DS","Xbox_360","Microsoft_Windows","Xbox_360","Wii","PlayStation_3","Nintendo_DS","PlayStation_Network","Xbox_Live_Arcade","Wii","Nintendo_3DS","Nintendo_DS","Xbox_360","Wii","PlayStation_3","Nintendo_DS","Xbox_Live_Arcade","PlayStation_3","Xbox_360","PlayStation_Portable","PlayStation_3","Xbox_360","Wii","PlayStation_2","Wii","Nintendo_DS","Wii","Wii","PlayStation_2","PlayStation_Portable","Personal_computer","Nintendo_DS","Wii","PlayStation_2","Nintendo_DS","PlayStation_2","Nintendo_DS","Nintendo_DS","Nintendo_DS","Nintendo_DS","PlayStation_2","Nintendo_DS","Nintendo_DS","PlayStation_Portable","Deloitte_Fast_50"]}