{"cursor":"31152","size":15,"audio":[],"currentlang":"en","article":"\n, a brand of cyclamate.]] A 'sugar substitute' is a food additive that\nduplicates the effect of sugar in taste, usually with less food energy. Some\nsugar substitutes are natural and some are synthetic. Those that are not natural\nare, in general, called 'artificial sweeteners.'\n\nAn important class of sugar substitutes are known as high-intensity sweeteners.\nThese are compounds with many times the sweetness of sucrose, common table\nsugar. As a result, much less sweetener is required and energy contribution is\noften negligible. The sensation of sweetness caused by these compounds (the\n\"sweetness profile\") is sometimes notably different from sucrose, so they are\noften used in complex mixtures that achieve the most natural sweet sensation.\n\nIf the sucrose (or other sugar) that is replaced has contributed to the texture\nof the product, then a bulking agent is often also needed. This may be seen in\nsoft drinks that are labeled as \"diet\" or \"light\" and contain artificial\nsweeteners and often have notably different mouthfeel, or in table sugar\nreplacements that mix maltodextrins with an intense sweetener to achieve\nsatisfactory texture sensation.\n\nIn the United States, six intensely sweet sugar substitutes have been approved\nfor use. They are stevia, aspartame, sucralose, neotame, acesulfame potassium,\nand saccharin. There is some ongoing controversy over whether artificial\nsweetener usage poses health risks. The US Food and Drug Administration\nregulates artificial sweeteners as food additives. FDA No Calories... Sweet!\n[http://www.fda.gov/fdac/features/2006/406_sweeteners.html fda.gov] Food\nadditives must be approved by the FDA, which publishes a Generally Recognized as\nSafe (GRAS) list of additives. To date, the FDA has not been\npresented with scientific information that would support a change in conclusions\nabout the safety of these approved high-intensity sweeteners (with the exception\nof Stevia, which is exempt under FDA's GRAS policy due to its being a natural\nsubstance in wide use well before 1958, and has been approved by FDA). The safe\nconclusions are based on a detailed review of a large body of information,\nincluding hundreds of toxicological and clinical studies.\n\nThe majority of sugar substitutes approved for food use are artificially\nsynthesized compounds. However, some bulk natural sugar substitutes are known,\nincluding sorbitol and xylitol, which are found in berries, fruit, vegetables,\nand mushrooms. It is not commercially viable to extract these products from\nfruits and vegetables, so they are produced by catalytic hydrogenation of the\nappropriate reducing sugar. For example, xylose is converted to xylitol, lactose\nto lactitol, and glucose to sorbitol. Other natural substitutes are known, but\nare yet to gain official approval for food use.\n\nSome non-sugar sweeteners are [[polyol]]s, also known as \"sugar alcohols\". These\nare, in general, less sweet than sucrose but have similar bulk properties and\ncan be used in a wide range of food products. Sometimes the sweetness profile is\n'fine-tuned' by mixing with high-intensity sweeteners. As with all food\nproducts, the development of a formulation to replace sucrose is a complex\nproprietary process.\n","linknr":664,"url":"Artificial_sweetener","recorded":1374859812,"links":["/w/index.php?title=Sugar_substitute&action=edit","/w/index.php?title=Sugar_substitute&action=edit","//bits.wikimedia.org/favicon/wikipedia.ico","/w/opensearch_desc.php","//en.wikipedia.org/w/api.php?action=rsd","//creativecommons.org/licenses/by-sa/3.0/","/w/index.php?title=Special:RecentChanges&feed=atom","/wiki/Sugar_substitute","//bits.wikimedia.org/en.wikipedia.org/load.php?debug=false&lang=en&modules=ext.gadget.DRN-wizard%2CReferenceTooltips%2Ccharinsert%2Cteahouse%7Cext.rtlcite%2Cwikihiero%7Cext.uls.nojs%7Cmediawiki.legacy.commonPrint%2Cshared%7Cmw.PopUpMediaTransform%7Cskins.vector&only=styles&skin=vector&*","//bits.wikimedia.org/en.wikipedia.org/load.php?debug=false&lang=en&modules=site&only=styles&skin=vector&*","//bits.wikimedia.org/en.wikipedia.org/load.php?debug=false&lang=en&modules=startup&only=scripts&skin=vector&*","//bits.wikimedia.org/geoiplookup","//meta.wikimedia.org","/w/index.php?title=Artificial_sweetener&redirect=no","#mw-navigation","#p-search","/wiki/Sweetener_(disambiguation)","/wiki/Sugar_free_(disambiguation)","/wiki/File:Assugrin_f3453504.jpg","//upload.wikimedia.org/wikipedia/commons/thumb/3/3c/Assugrin_f3453504.jpg/220px-Assugrin_f3453504.jpg","/wiki/File:Assugrin_f3453504.jpg","//bits.wikimedia.org/static-1.22wmf11/skins/common/images/magnify-clip.png","/wiki/Assugrin","/wiki/Cyclamate","/wiki/Food_additive","/wiki/Sugar","/wiki/Taste","/wiki/Food_energy","/wiki/Sucrose","/wiki/Negligible","/wiki/Soft_drink","/wiki/Mouthfeel","/wiki/Maltodextrin","/wiki/Stevia","/wiki/Aspartame","/wiki/Sucralose","/wiki/Neotame","/wiki/Acesulfame_potassium","/wiki/Saccharin","/wiki/Food_and_Drug_Administration","#cite_note-1","#cite_note-2","#cite_note-3","/wiki/Sorbitol","/wiki/Xylitol","/wiki/Berry","/wiki/Fruit","/wiki/Vegetable","/wiki/Mushroom","/wiki/Hydrogenation","/wiki/Xylose","/wiki/Lactose","/wiki/Lactitol","/wiki/Glucose","/wiki/Polyol","/wiki/Sugar_alcohol","#Reasons_for_use","#Health_issues","#Weight_gain_and_insulin_response_to_artificial_sweeteners","#Food_industry_usage_of_artificial_sweeteners","#Sugar_substitutes_commonly_used_in_food","#Aspartame","#Cyclamate","#Saccharin","#Stevia","#Sucralose","#Lead_acetate_.28historic.29","#Mogrosides","#List_of_sugar_substitutes_and_their_relative_sweetness_to_sugar","#Natural_sugar_substitutes","#Artificial_sugar_substitutes","#See_also","#References","#Further_reading","#External_links","/w/index.php?title=Sugar_substitute&action=edit&section=1","/wiki/Weight_loss","/wiki/Food_energy","/wiki/Dental_care","/wiki/Tooth-friendly","/wiki/Microflora","/wiki/Xylitol","#cite_note-4","/wiki/Diabetes_mellitus","/wiki/Blood_sugar","/wiki/Reactive_hypoglycemia","/wiki/Glycemic","/wiki/List_of_unrefined_sweeteners","#cite_note-5","/w/index.php?title=Sugar_substitute&action=edit&section=2","/w/index.php?title=Sugar_substitute&action=edit&section=3","#cite_note-Jang2007-6","/wiki/Sucralose","#cite_note-Ma2009-7","/wiki/Insulin","/wiki/Hypoglycemia","/wiki/Hyperinsulinemia","#cite_note-Jang2007-6","#cite_note-8","/wiki/Obesity","#cite_note-9","/w/index.php?title=Sugar_substitute&action=edit&section=4","/wiki/Corn_syrup","/wiki/Mintel","/wiki/United_States","#cite_note-10","/wiki/Monsanto_Company","/wiki/Tate_%26_Lyle","#cite_note-11","#cite_note-12","#cite_note-13","#cite_note-14","/w/index.php?title=Sugar_substitute&action=edit&section=5","/w/index.php?title=Sugar_substitute&action=edit&section=6","/wiki/Aspartame","/wiki/Aspartame_controversy","/wiki/G.D._Searle","/wiki/Aspartic_acid","/wiki/Phenylalanine","/wiki/Beverage","/wiki/Chewing_gum","/wiki/Amino_acid","#cite_note-EFSAExperts-15","#cite_note-16","/wiki/Cancer","#cite_note-Magnuson-17","#cite_note-EFSAExperts-15","#cite_note-Magnuson-17","#cite_note-FSANZ2-18","#cite_note-Butchko-19","#cite_note-Butchko-19","/wiki/Food_Standards_Agency","#cite_note-20","/wiki/European_Food_Safety_Authority","#cite_note-21","/wiki/Health_Canada","#cite_note-22","/w/index.php?title=Sugar_substitute&action=edit&section=7","/wiki/Cyclamate","/wiki/United_States","/wiki/U.S._Food_and_Drug_Administration","/wiki/Cyclamate","/wiki/Urinary_bladder","/wiki/Cancer","/wiki/Rat","/w/index.php?title=Sugar_substitute&action=edit&section=8","/wiki/File:S%C3%BC%C3%9Fstoff_Saccharin_Zucker-Museum.jpg","//upload.wikimedia.org/wikipedia/commons/thumb/3/3b/S%C3%BC%C3%9Fstoff_Saccharin_Zucker-Museum.jpg/200px-S%C3%BC%C3%9Fstoff_Saccharin_Zucker-Museum.jpg","/wiki/File:S%C3%BC%C3%9Fstoff_Saccharin_Zucker-Museum.jpg","//bits.wikimedia.org/static-1.22wmf11/skins/common/images/magnify-clip.png","/wiki/Sugar_Museum_(Berlin)","/wiki/Saccharin","/wiki/Sugar_of_lead","/wiki/Saccharin","/wiki/Phthalic_anhydride","/wiki/Bladder_cancer","/wiki/Canada","/wiki/Tumor","/wiki/International_Agency_for_Research_on_Cancer","/wiki/World_Health_Organization","/w/index.php?title=Sugar_substitute&action=edit&section=9","/wiki/Stevia","/wiki/File:Stevia-tablets-as-sold-in-Germany-September-2010.jpg","//upload.wikimedia.org/wikipedia/commons/thumb/b/b5/Stevia-tablets-as-sold-in-Germany-September-2010.jpg/200px-Stevia-tablets-as-sold-in-Germany-September-2010.jpg","/wiki/File:Stevia-tablets-as-sold-in-Germany-September-2010.jpg","//bits.wikimedia.org/static-1.22wmf11/skins/common/images/magnify-clip.png","/wiki/Germany","/wiki/European_Union","/wiki/Glycemic_index","#cite_note-23","#cite_note-24","/wiki/Generally_recognized_as_safe","/wiki/Truvia","/wiki/Rebiana","/wiki/Erythritol","#cite_note-25","/wiki/Cargill","/wiki/The_Coca-Cola_Company","/wiki/PureVia","/wiki/PepsiCo","/wiki/Merisant","#cite_note-26","/w/index.php?title=Sugar_substitute&action=edit&section=10","/wiki/Sucralose","/wiki/Sucralose","/wiki/Hydroxyl_group","#cite_note-Daniel-27","#cite_note-28","/wiki/Splenda","/wiki/Raffinose","#cite_note-livescience-29","#cite_note-30","#cite_note-livescience-29","#cite_note-31","/wiki/Metabolism","#cite_note-Daniel-27","/w/index.php?title=Sugar_substitute&action=edit&section=11","/wiki/Lead(II)_acetate","/wiki/Lead(II)_acetate","/wiki/Lead","/wiki/Ancient_Rome","/wiki/Lead_poisoning","/w/index.php?title=Sugar_substitute&action=edit&section=12","/wiki/Mogroside","/wiki/Monk_fruit","/wiki/GRAS","#cite_note-O.27Brien-Nabors2011-32","#cite_note-Wilson2011-33","#cite_note-Wilson2011-33","#cite_note-34","/wiki/Nestl%C3%A9","/wiki/Milo_(chocolate_bar)","/wiki/Kellogg_Company","#cite_note-Adams2012-35","/wiki/McNeil_Nutritionals","#cite_note-Adams2012-35","/wiki/New_Zealand","/wiki/Guilin","#cite_note-Adams2012-35","/w/index.php?title=Sugar_substitute&action=edit&section=13","/wiki/Chemical_compound","/wiki/Saccharin","/wiki/Aspartame","/wiki/Sucralose","/wiki/Maltitol","/wiki/Sorbitol","/wiki/Erythritol","/wiki/Xylitol","/wiki/Cyclamate","/wiki/Stevia","/w/index.php?title=Sugar_substitute&action=edit&section=14","/wiki/Sucrose","/wiki/Brazzein","/wiki/Curculin","/wiki/Erythritol","/wiki/Glycyrrhizin","/wiki/Glycerol","/wiki/Hydrogenated_starch_hydrolysate","/wiki/Inulin","/wiki/Isomalt","/wiki/Lactitol","/wiki/Mogroside","/wiki/Mabinlin","/wiki/Maltitol","/wiki/Mannitol","/wiki/Miraculin","/wiki/Monatin","/w/index.php?title=Sclerochiton_ilicifolius&action=edit&redlink=1","/wiki/Monellin","/wiki/Serendipity_berry","/wiki/Osladin","/wiki/Pentadin","/wiki/Sorbitol","/wiki/Stevia","/wiki/Truvia","/wiki/PureVia","/wiki/Rebaudioside_A","/wiki/Steviol_glycoside","/wiki/Tagatose","/wiki/Thaumatin","/wiki/Xylitol","/w/index.php?title=Sugar_substitute&action=edit&section=15","/wiki/Acesulfame_potassium","/wiki/Nutrinova","/wiki/Alitame","/wiki/Pfizer","/wiki/Aspartame","/wiki/NutraSweet","/wiki/Equal_(sweetener)","/wiki/Salt_of_aspartame-acesulfame","/wiki/Twinsweet","/wiki/Sodium_cyclamate","/wiki/Dulcin","/wiki/Glucin","/wiki/Neohesperidin_dihydrochalcone","/wiki/Neotame","/wiki/NutraSweet","/wiki/P-4000","/wiki/Saccharin","/wiki/Sweet%27N_Low","/wiki/Sucralose","/wiki/Splenda","/wiki/Tate_%26_Lyle","/w/index.php?title=Sugar_substitute&action=edit&section=16","/wiki/List_of_unrefined_sweeteners","/wiki/Milk_substitute","/w/index.php?title=Sugar_substitute&action=edit&section=17","#cite_ref-1","http://www.fda.gov/fdac/features/2006/406_sweeteners.html","#cite_ref-2","http://www.cfsan.fda.gov/~dms/grasguid.html#Q1","#cite_ref-3","http://www.fda.gov/bbs/topics/NEWS/2006/NEW01369.html","#cite_ref-4","http://www.vrp.com/xylitol/xylitol-a-sweet-alternative-unique-sweetener-supports-oral-health","#cite_ref-5","#cite_ref-Jang2007_6-0","#cite_ref-Jang2007_6-1","http://www.ncbi.nlm.nih.gov/pmc/articles/PMC1986614","/wiki/Bibcode","http://adsabs.harvard.edu/abs/2007PNAS..10415069J","/wiki/Digital_object_identifier","http://dx.doi.org/10.1073%2Fpnas.0706890104","/wiki/PubMed_Central","//www.ncbi.nlm.nih.gov/pmc/articles/PMC1986614","/wiki/PubMed_Identifier","//www.ncbi.nlm.nih.gov/pubmed/17724330","/wiki/Help:CS1_errors#displayauthors","//en.wikipedia.org/w/index.php?title=Template:Cite_doi/10.1073.2Fpnas.0706890104&action=edit&editintro=Template:Cite_doi/editintro2","#cite_ref-Ma2009_7-0","/wiki/Digital_object_identifier","http://dx.doi.org/10.1152%2Fajpgi.90708.2008","//en.wikipedia.org/w/index.php?title=Template:Cite_doi/10.1152.2Fajpgi.90708.2008&action=edit&editintro=Template:Cite_doi/editintro2","#cite_ref-8","/wiki/Digital_object_identifier","http://dx.doi.org/10.1037%2F0735-7044.122.1.161","/wiki/PubMed_Identifier","//www.ncbi.nlm.nih.gov/pubmed/18298259","#cite_ref-9","http://www.webmd.com/diet/news/20050613/drink-more-diet-soda-gain-more-weight","#cite_ref-10","http://www.foodnavigator-usa.com/news-by-product/news.asp?id=63947&idCat=88&k=sugar-demand-rising","#cite_ref-11","http://www.foodnavigator-usa.com/news/ng.asp?id=65046","#cite_ref-12","/wiki/Digital_object_identifier","http://dx.doi.org/10.39451ajcn.2008.26792","#cite_ref-13","#cite_ref-14","#cite_ref-EFSAExperts_15-0","#cite_ref-EFSAExperts_15-1","http://www.efsa.europa.eu/en/scdocs/doc/af100423.pdf","#cite_ref-16","/wiki/International_Standard_Book_Number","/wiki/Special:BookSources/1-4051-3434-8","#cite_ref-Magnuson_17-0","#cite_ref-Magnuson_17-1","/wiki/Digital_object_identifier","http://dx.doi.org/10.1080%2F10408440701516184","/wiki/PubMed_Identifier","//www.ncbi.nlm.nih.gov/pubmed/17828671","#cite_ref-FSANZ2_18-0","/wiki/Food_Standards_Australia_New_Zealand","http://www.nzfsa.govt.nz/consumers/chemicals-nutrients-additives-and-toxins/aspartame/","/wiki/Wikipedia:Link_rot","#cite_ref-Butchko_19-0","#cite_ref-Butchko_19-1","/wiki/Digital_object_identifier","http://dx.doi.org/10.1006%2Frtph.2002.1542","/wiki/PubMed_Identifier","//www.ncbi.nlm.nih.gov/pubmed/12180494","#cite_ref-20","http://www.food.gov.uk/safereating/chemsafe/additivesbranch/sweeteners/55174#h_2","#cite_ref-21","http://www.efsa.europa.eu/en/anstopics/topic/aspartame.htm","#cite_ref-22","http://www.hc-sc.gc.ca/fn-an/securit/addit/sweeten-edulcor/aspartame-eng.php","#cite_ref-23","http://www.steviainfo.com/?page=about","#cite_ref-24","http://archive.columbiatribune.com/2008/mar/20080323puls010.asp","#cite_ref-25","http://livefitblog.com/2008/10/13/just-tried-new-artificial-sweetener-made-from-stevia-truvia/","#cite_ref-26","http://www.bizjournals.com/twincities/stories/2008/12/15/daily38.html","#cite_ref-Daniel_27-0","#cite_ref-Daniel_27-1","/wiki/Food_Chem_Toxicol","/wiki/Digital_object_identifier","http://dx.doi.org/10.1016%2FS0278-6915%2800%2900034-X","#cite_ref-28","http://www.fda.gov/bbs/topics/ANSWERS/ANS00859.html","#cite_ref-livescience_29-0","#cite_ref-livescience_29-1","http://www.livescience.com/health/070515_bad_sugar.html","#cite_ref-30","http://www.truthaboutsplenda.com","#cite_ref-31","/wiki/Digital_object_identifier","http://dx.doi.org/10.1016%2Fj.yrtph.2009.05.011","/wiki/PubMed_Identifier","//www.ncbi.nlm.nih.gov/pubmed/19464334","#cite_ref-O.27Brien-Nabors2011_32-0","http://books.google.com/books?id=coDPwzFX7rAC&pg=PA226","/wiki/International_Standard_Book_Number","/wiki/Special:BookSources/978-1-4398-4614-8","#cite_ref-Wilson2011_33-0","#cite_ref-Wilson2011_33-1","http://www.naturalproductsinsider.com/articles/2011/07/new-and-emerging-opportunities-for-plant-derived-sweeteners.aspx","#cite_ref-34","http://www.independent.co.uk/life-style/health-and-families/chinese-monk-fruit-latest-allnatural-sweetener-to-make-waves-2266598.html","/wiki/The_Independent","#cite_ref-Adams2012_35-0","#cite_ref-Adams2012_35-1","#cite_ref-Adams2012_35-2","http://www.nzherald.co.nz/business/news/article.cfm?c_id=3&objectid=10829886","/wiki/The_New_Zealand_Herald","/w/index.php?title=Sugar_substitute&action=edit&section=18","/wiki/Digital_object_identifier","http://dx.doi.org/10.1002%2Ffood.19910351011","/wiki/International_Standard_Book_Number","/wiki/Special:BookSources/978-0-8412-1903-8","/w/index.php?title=Sugar_substitute&action=edit&section=19","//upload.wikimedia.org/wikipedia/commons/thumb/f/f8/Wiktionary-logo-en.svg/37px-Wiktionary-logo-en.svg.png","//en.wiktionary.org/wiki/sweetener","http://www.caloriecontrol.org","/wiki/Template:E_number_infobox_950-969","/wiki/Template_talk:E_number_infobox_950-969","//en.wikipedia.org/w/index.php?title=Template:E_number_infobox_950-969&action=edit","/wiki/E_number","/wiki/Food_coloring","/wiki/Preservative","/wiki/Antioxidant","/wiki/Acidity_regulator","/wiki/Thickening_agent","/wiki/Food_additive#Categories","/wiki/Emulsion","/wiki/PH","/wiki/Acidity_regulator","/wiki/Anticaking_agent","/wiki/Flavour_enhancer","/wiki/Antibacterial","/wiki/Wax","/wiki/Glazing_agent","/wiki/Flour_treatment_agent","/wiki/Packaging_gas","/wiki/Foaming_agent","/wiki/Acesulfame_potassium","/wiki/Aspartame","/wiki/Sodium_cyclamate","/wiki/Isomalt","/wiki/Saccharin","/wiki/Sucralose","/wiki/Alitame","/wiki/Thaumatin","/wiki/Neohesperidin_dihydrochalcone","/wiki/Neotame","/wiki/Aspartame-acesulfame_salt","/wiki/Maltitol","/wiki/Lactitol","/wiki/Xylitol","/wiki/Template:Food_Substitutes","/wiki/Template_talk:Food_Substitutes","//en.wikipedia.org/w/index.php?title=Template:Food_Substitutes&action=edit","/wiki/Fat_substitute","/wiki/Olestra","/wiki/Trans_fat","/wiki/Acid-hydrolyzed_vegetable_protein","/wiki/Acesulfame_potassium","/wiki/Alitame","/wiki/Aspartame","/wiki/Aspartame-acesulfame_salt","/wiki/Dulcin","/wiki/Glucin","/wiki/Hydrogenated_starch_hydrosylate","/wiki/Neohesperidin_dihydrochalcone","/wiki/Neotame","/wiki/NutraSweet","/wiki/Nutrinova","/wiki/Saccharin","/wiki/Sodium_cyclamate","/wiki/Sucralose","/wiki/Cheese_analogue","/wiki/Coffee_substitute","/wiki/Milk_substitute","/wiki/Food_safety","/wiki/List_of_food_additives","/wiki/Synthetic_alcohol","/wiki/Template:Consumer_Food_Safety","/wiki/Template_talk:Consumer_Food_Safety","//en.wikipedia.org/w/index.php?title=Template:Consumer_Food_Safety&action=edit","/wiki/Food_safety","/wiki/Adulterant","/wiki/Food_contaminant","/wiki/3-MCPD","/wiki/Aldicarb","/wiki/Cyanide","/wiki/Formaldehyde","/wiki/Lead_poisoning","/wiki/Melamine","/wiki/Mercury_in_fish","/wiki/Sudan_I","/wiki/Flavor","/wiki/Monosodium_glutamate","/wiki/Salt","/wiki/Sugar","/wiki/Microorganism","/wiki/Botulism","/wiki/Campylobacter_jejuni","/wiki/Clostridium_perfringens","/wiki/Escherichia_coli_O104:H4","/wiki/Escherichia_coli_O157:H7","/wiki/Hepatitis_A","/wiki/Hepatitis_E","/wiki/Listeria","/wiki/Norovirus","/wiki/Rotavirus","/wiki/Salmonella","/wiki/Pesticide","/wiki/Chlorpyrifos","/wiki/DDT","/wiki/Lindane","/wiki/Malathion","/wiki/Methamidophos","/wiki/Preservative","/wiki/Benzoic_acid","/wiki/Ethylenediaminetetraacetic_acid","/wiki/Sodium_benzoate","/wiki/Acesulfame_potassium","/wiki/Aspartame","/wiki/High-fructose_corn_syrup","/wiki/High-fructose_corn_syrup_and_health","/wiki/Public_relations_of_high-fructose_corn_syrup","/wiki/Saccharin","/wiki/Sodium_cyclamate","/wiki/Sorbitol","/wiki/Sucralose","/wiki/Toxin","/wiki/Poison","/wiki/Aflatoxin","/wiki/Arsenic_contamination_of_groundwater","/wiki/Benzene_in_soft_drinks","/wiki/Bisphenol_A","/wiki/Mycotoxin","/wiki/Shellfish_poisoning","/wiki/List_of_food_contamination_incidents","/wiki/1858_Bradford_sweets_poisoning","/wiki/1989_Chilean_grape_scare","/wiki/2005_Indonesia_food_scare","/wiki/2006_North_American_E._coli_O157:H7_outbreaks","/wiki/2007_Vietnam_food_scare","/wiki/2008_Canada_listeriosis_outbreak","/wiki/2008_Chinese_milk_scandal","/wiki/2008_Irish_pork_crisis","/wiki/2008_United_States_salmonellosis_outbreak","/wiki/2011_Germany_E._coli_O104:H4_outbreak","/wiki/2011_Taiwan_food_scandal","/wiki/2011_United_States_listeriosis_outbreak","/wiki/Food_safety_incidents_in_the_People%27s_Republic_of_China","/wiki/Foodborne_illness","/wiki/List_of_foodborne_illness_outbreaks","/wiki/List_of_foodborne_illness_outbreaks_by_death_toll","/wiki/List_of_foodborne_illness_outbreaks_in_the_United_States","/wiki/ICA_meat_repackaging_controversy","/wiki/Minamata_disease","/wiki/Toxic_oil_syndrome","/wiki/2013_meat_adulteration_scandal","/wiki/2013_aflatoxin_infestation","/wiki/Regulation","/wiki/List_of_food_safety_organisations","/wiki/Acceptable_daily_intake","/wiki/E_number","/wiki/Food_labeling_regulations","/wiki/Food_libel_laws","/wiki/International_Food_Safety_Network","/wiki/Quality_Assurance_International","/wiki/Food_processing","/wiki/4-Hydroxynonenal","/wiki/Acid-hydrolyzed_vegetable_protein","/wiki/Acrylamide","/wiki/Creutzfeldt%E2%80%93Jakob_disease","/wiki/List_of_food_additives","/wiki/Food_irradiation","/wiki/Heterocyclic_amine","/wiki/Modified_starch","/wiki/Nitrosamine","/wiki/Polycyclic_aromatic_hydrocarbon","/wiki/Shortening","/wiki/Trans_fat","/wiki/Curing_(food_preservation)","/wiki/Food_marketing","/wiki/Food_politics","/wiki/Food_preservation","/wiki/Food_quality","/wiki/Genetically_modified_food","/wiki/Taboo_food_and_drink","//en.wikipedia.org/w/index.php?title=Special:CentralAutoLogin/start&type=1x1&from=enwiki","http://en.wikipedia.org/w/index.php?title=Sugar_substitute&oldid=565757448","/wiki/Help:Categories","/wiki/Category:Sweeteners","/wiki/Category:Russian_inventions","/wiki/Category:Pages_using_citations_with_old-style_implicit_et_al.","/wiki/Category:Articles_with_inconsistent_citation_formats","/wiki/Category:All_articles_with_dead_external_links","/wiki/Category:Articles_with_dead_external_links_from_November_2010","/wiki/Category:Use_dmy_dates_from_November_2010","/w/index.php?title=Special:UserLogin&returnto=Sugar+substitute&type=signup","/w/index.php?title=Special:UserLogin&returnto=Sugar+substitute","/wiki/Sugar_substitute","/wiki/Talk:Sugar_substitute","#","/wiki/Sugar_substitute","/w/index.php?title=Sugar_substitute&action=edit","/w/index.php?title=Sugar_substitute&action=history","#","/w/index.php","//bits.wikimedia.org/static-1.22wmf11/skins/vector/images/search-ltr.png?303-4","/wiki/Main_Page","/wiki/Main_Page","/wiki/Portal:Contents","/wiki/Portal:Featured_content","/wiki/Portal:Current_events","/wiki/Special:Random","//donate.wikimedia.org/wiki/Special:FundraiserRedirector?utm_source=donate&utm_medium=sidebar&utm_campaign=C13_en.wikipedia.org&uselang=en","/wiki/Help:Contents","/wiki/Wikipedia:About","/wiki/Wikipedia:Community_portal","/wiki/Special:RecentChanges","//en.wikipedia.org/wiki/Wikipedia:Contact_us","/wiki/Special:WhatLinksHere/Sugar_substitute","/wiki/Special:RecentChangesLinked/Sugar_substitute","/wiki/Wikipedia:File_Upload_Wizard","/wiki/Special:SpecialPages","/w/index.php?title=Sugar_substitute&oldid=565757448","/w/index.php?title=Sugar_substitute&action=info","//www.wikidata.org/wiki/Q626292","/w/index.php?title=Special:Cite&page=Sugar_substitute&id=565757448","/w/index.php?title=Special:Book&bookcmd=book_creator&referer=Sugar+substitute","/w/index.php?title=Special:Book&bookcmd=render_article&arttitle=Sugar+substitute&oldid=565757448&writer=rl","/w/index.php?title=Sugar_substitute&printable=yes","//ar.wikipedia.org/wiki/%D8%A8%D8%AF%D9%8A%D9%84_%D8%A7%D9%84%D8%B3%D9%83%D8%B1","//ca.wikipedia.org/wiki/Edulcorant","//cs.wikipedia.org/wiki/N%C3%A1hradn%C3%AD_sladidlo","//da.wikipedia.org/wiki/Kunstigt_s%C3%B8demiddel","//de.wikipedia.org/wiki/S%C3%BC%C3%9Fstoff","//el.wikipedia.org/wiki/%CE%93%CE%BB%CF%85%CE%BA%CE%B1%CE%BD%CF%84%CE%B9%CE%BA%CE%AD%CF%82_%CE%BF%CF%85%CF%83%CE%AF%CE%B5%CF%82","//es.wikipedia.org/wiki/Sustitutos_del_az%C3%BAcar","//fr.wikipedia.org/wiki/%C3%89dulcorant","//gl.wikipedia.org/wiki/Adozante","//ko.wikipedia.org/wiki/%EA%B0%90%EB%AF%B8%EB%A3%8C","//it.wikipedia.org/wiki/Dolcificante","//he.wikipedia.org/wiki/%D7%AA%D7%97%D7%9C%D7%99%D7%A3_%D7%A1%D7%95%D7%9B%D7%A8","//lt.wikipedia.org/wiki/Dirbtinis_saldiklis","//nl.wikipedia.org/wiki/Zoetstof","//ja.wikipedia.org/wiki/%E7%94%98%E5%91%B3%E6%96%99","//no.wikipedia.org/wiki/Kunstig_s%C3%B8tningsstoff","//pl.wikipedia.org/wiki/Sztuczne_%C5%9Brodki_s%C5%82odz%C4%85ce","//pt.wikipedia.org/wiki/Ado%C3%A7ante","//ru.wikipedia.org/wiki/%D0%9F%D0%BE%D0%B4%D1%81%D0%BB%D0%B0%D1%81%D1%82%D0%B8%D1%82%D0%B5%D0%BB%D0%B8","//simple.wikipedia.org/wiki/Artificial_sweetener","//sl.wikipedia.org/wiki/Sladilo","//fi.wikipedia.org/wiki/Makeutusaine","//sv.wikipedia.org/wiki/S%C3%B6tningsmedel","//th.wikipedia.org/wiki/%E0%B8%A7%E0%B8%B1%E0%B8%95%E0%B8%96%E0%B8%B8%E0%B9%83%E0%B8%AB%E0%B9%89%E0%B8%84%E0%B8%A7%E0%B8%B2%E0%B8%A1%E0%B8%AB%E0%B8%A7%E0%B8%B2%E0%B8%99%E0%B8%97%E0%B8%94%E0%B9%81%E0%B8%97%E0%B8%99%E0%B8%99%E0%B9%89%E0%B8%B3%E0%B8%95%E0%B8%B2%E0%B8%A5","//chy.wikipedia.org/wiki/A%C3%A9stomev%C3%A9%27keemahpe","//tr.wikipedia.org/wiki/Tatland%C4%B1r%C4%B1c%C4%B1lar","//uk.wikipedia.org/wiki/%D0%9F%D1%96%D0%B4%D1%81%D0%BE%D0%BB%D0%BE%D0%B4%D0%B6%D1%83%D0%B2%D0%B0%D1%87%D1%96","//zh.wikipedia.org/wiki/%E7%94%9C%E5%91%B3%E5%89%82","#","//www.wikidata.org/wiki/Q626292#sitelinks-wikipedia","//en.wikipedia.org/wiki/Wikipedia:Text_of_Creative_Commons_Attribution-ShareAlike_3.0_Unported_License","//creativecommons.org/licenses/by-sa/3.0/","//wikimediafoundation.org/wiki/Terms_of_Use","//wikimediafoundation.org/wiki/Privacy_policy","//www.wikimediafoundation.org/","//wikimediafoundation.org/wiki/Privacy_policy","/wiki/Wikipedia:About","/wiki/Wikipedia:General_disclaimer","//en.wikipedia.org/wiki/Wikipedia:Contact_us","//en.m.wikipedia.org/wiki/Sugar_substitute","//wikimediafoundation.org/","//bits.wikimedia.org/images/wikimedia-button.png","//www.mediawiki.org/","//bits.wikimedia.org/static-1.22wmf11/skins/common/images/poweredby_mediawiki_88x31.png","//bits.wikimedia.org/en.wikipedia.org/load.php?debug=false&lang=en&modules=site&only=scripts&skin=vector&*"],"instances":["sweetener"],"pdf":["http://www.efsa.europa.eu/en/scdocs/doc/af100423.pdf"],"categories":["Sweeteners|","Russian inventions"],"headings":["Reasons for use","Health issues","Food industry usage of artificial sweeteners","Sugar substitutes commonly used in food","List of sugar substitutes and their relative sweetness to sugar","See also","References","Further reading","External links"],"image":["//upload.wikimedia.org/wikipedia/commons/thumb/3/3c/Assugrin_f3453504.jpg/220px-Assugrin_f3453504.jpg","//bits.wikimedia.org/static-1.22wmf11/skins/common/images/magnify-clip.png","//upload.wikimedia.org/wikipedia/commons/thumb/3/3b/S%C3%BC%C3%9Fstoff_Saccharin_Zucker-Museum.jpg/200px-S%C3%BC%C3%9Fstoff_Saccharin_Zucker-Museum.jpg","//bits.wikimedia.org/static-1.22wmf11/skins/common/images/magnify-clip.png","//upload.wikimedia.org/wikipedia/commons/thumb/b/b5/Stevia-tablets-as-sold-in-Germany-September-2010.jpg/200px-Stevia-tablets-as-sold-in-Germany-September-2010.jpg","//bits.wikimedia.org/static-1.22wmf11/skins/common/images/magnify-clip.png","//upload.wikimedia.org/wikipedia/commons/thumb/f/f8/Wiktionary-logo-en.svg/37px-Wiktionary-logo-en.svg.png","//en.wikipedia.org/w/index.php?title=Special:CentralAutoLogin/start&type=1x1&from=enwiki","//bits.wikimedia.org/static-1.22wmf11/skins/vector/images/search-ltr.png?303-4","//bits.wikimedia.org/images/wikimedia-button.png","//bits.wikimedia.org/static-1.22wmf11/skins/common/images/poweredby_mediawiki_88x31.png"],"tags":[["lead(ii_acetate"],["equal","sweetener"]],"members":["equal"],"related":["Cyclamate","Food_additive","Sugar","Taste","Food_energy","Sucrose","Negligible","Soft_drink","Mouthfeel","Maltodextrin","Stevia","Aspartame","Sucralose","Neotame","Acesulfame_potassium","Saccharin","Food_and_Drug_Administration","Sorbitol","Xylitol","Berry","Fruit","Vegetable","Mushroom","Hydrogenation","Xylose","Lactose","Lactitol","Glucose","Sugar_alcohol","Weight_loss","Food_energy","Dental_care","Tooth-friendly","Microflora","Xylitol","Diabetes_mellitus","Blood_sugar","Reactive_hypoglycemia","Glycemic","List_of_unrefined_sweeteners","Sucralose","Insulin","Hypoglycemia","Hyperinsulinemia","Obesity","Corn_syrup","Mintel","United_States","Monsanto_Company","Tate_&_Lyle","G.D._Searle","Aspartic_acid","Phenylalanine","Beverage","Chewing_gum","Amino_acid","Cancer","Food_Standards_Australia_New_Zealand","Food_Standards_Agency","European_Food_Safety_Authority","Health_Canada","United_States","U.S._Food_and_Drug_Administration","Cyclamate","Urinary_bladder","Cancer","Rat","Sugar_of_lead","Saccharin","Phthalic_anhydride","Bladder_cancer","Canada","Tumor","International_Agency_for_Research_on_Cancer","World_Health_Organization","European_Union","Glycemic_index","Generally_recognized_as_safe","Truvia","Rebiana","Erythritol","Cargill","The_Coca-Cola_Company","PureVia","PepsiCo","Merisant","Sucralose","Hydroxyl_group","Splenda","Raffinose","Metabolism","Lead(II)_acetate","Lead","Ancient_Rome","Lead_poisoning","Mogroside","Monk_fruit","GRAS","The_New_Zealand_Herald","Chemical_compound","Saccharin","Aspartame","Sucralose","Maltitol","Sorbitol","Erythritol","Xylitol","Cyclamate","Stevia","Sucrose","Brazzein","Curculin","Erythritol","Glycyrrhizin","Glycerol","Hydrogenated_starch_hydrolysate","Inulin","Isomalt","Lactitol","Mogroside","Mabinlin","Maltitol","Mannitol","Miraculin","Monatin","Monellin","Serendipity_berry","Osladin","Pentadin","Sorbitol","Stevia","Truvia","PureVia","Rebaudioside_A","Steviol_glycoside","Tagatose","Thaumatin","Xylitol","Acesulfame_potassium","Nutrinova","Alitame","Pfizer","Aspartame","NutraSweet","Equal_(sweetener)","Salt_of_aspartame-acesulfame","Twinsweet","Sodium_cyclamate","Dulcin","Glucin","Neohesperidin_dihydrochalcone","Neotame","NutraSweet","P-4000","Saccharin","Sweet'N_Low","Sucralose","Splenda","Tate_&_Lyle","List_of_unrefined_sweeteners","Milk_substitute"]}