{"cursor":"9908","size":15,"audio":[],"currentlang":"en","article":"\n\n\n\n'Artificial nails', also known as 'fake nails', 'false nails', 'fashion nails',\n'nail enhancements', or 'nail extensions', are coverings placed over fingernails\nas fashion accessories. Some artificial nails attempt to mimic the appearance of\nreal fingernails as closely as possible, while other designs may deliberately\nstray in appearance from real fingernails. Artificial nails are made from a wide\nvariety of materials.\n","linknr":349,"url":"Artificial_nails","recorded":1376427028,"links":["/w/index.php?title=Artificial_nails&action=edit","/w/index.php?title=Artificial_nails&action=edit","//bits.wikimedia.org/favicon/wikipedia.ico","/w/opensearch_desc.php","//en.wikipedia.org/w/api.php?action=rsd","//creativecommons.org/licenses/by-sa/3.0/","/w/index.php?title=Special:RecentChanges&feed=atom","http://en.wikipedia.org/wiki/Artificial_nails","//bits.wikimedia.org/en.wikipedia.org/load.php?debug=false&lang=en&modules=ext.gadget.DRN-wizard%2CReferenceTooltips%2Ccharinsert%2Cteahouse%7Cext.rtlcite%2Cwikihiero%7Cext.uls.nojs%7Cmediawiki.legacy.commonPrint%2Cshared%7Cmw.PopUpMediaTransform%7Cskins.vector&only=styles&skin=vector&*","//bits.wikimedia.org/en.wikipedia.org/load.php?debug=false&lang=en&modules=ext.visualEditor.viewPageTarget.noscript&only=styles&skin=vector&*","//bits.wikimedia.org/en.wikipedia.org/load.php?debug=false&lang=en&modules=site&only=styles&skin=vector&*","//bits.wikimedia.org/en.wikipedia.org/load.php?debug=false&lang=en&modules=startup&only=scripts&skin=vector&*","//bits.wikimedia.org/geoiplookup","//meta.wikimedia.org","#mw-navigation","#p-search","//upload.wikimedia.org/wikipedia/en/thumb/9/99/Question_book-new.svg/50px-Question_book-new.svg.png","//en.wikipedia.org/w/index.php?title=Artificial_nails&action=edit","/wiki/Help:Introduction_to_referencing/1","/wiki/Template:Citation_needed","/wiki/Wikipedia:Verifiability#Burden_of_evidence","/wiki/File:Tipsy.jpg","//upload.wikimedia.org/wikipedia/commons/thumb/c/cb/Tipsy.jpg/220px-Tipsy.jpg","/wiki/File:Tipsy.jpg","//bits.wikimedia.org/static-1.22wmf12/skins/common/images/magnify-clip.png","/wiki/Fingernails","/wiki/Fashion_accessories","/wiki/Mimic","#Types","#History","#Health_effects","#Health_benefits","#Health_Risks","#Musical_usage","#References","#Further_reading","#Books","#Periodicals","#External_links","/w/index.php?title=Artificial_nails&action=edit&section=1","/w/index.php?title=Artificial_nails&veaction=edit&section=1","/wiki/Acrylic_resin","/wiki/Poly(methyl_methacrylate)","/w/index.php?title=Ethyl_methacrylate&action=edit&redlink=1","/wiki/Acetone","/wiki/Ultraviolet","/wiki/Polymer","/wiki/Resin","/wiki/Ultraviolet_light","/wiki/Fiberglass","/wiki/Silk","/wiki/French_manicure","/w/index.php?title=Artificial_nails&action=edit&section=2","/w/index.php?title=Artificial_nails&veaction=edit&section=2","/wiki/File:Wiki_letter_w_cropped.svg","//upload.wikimedia.org/wikipedia/commons/thumb/1/1c/Wiki_letter_w_cropped.svg/20px-Wiki_letter_w_cropped.svg.png","//en.wikipedia.org/w/index.php?title=Artificial_nails&action=edit","/wiki/Ming_Dynasty","/wiki/China","/wiki/Noblewomen","/wiki/Status_symbol","/wiki/Commoners","/wiki/Manual_labor","/wiki/Greece","/wiki/Upper-class","/wiki/Pistachio","/wiki/Europe","#cite_note-evebridge-1","#cite_note-nsi-2","/w/index.php?title=Artificial_nails&action=edit&section=3","/w/index.php?title=Artificial_nails&veaction=edit&section=3","/w/index.php?title=Artificial_nails&action=edit&section=4","/w/index.php?title=Artificial_nails&veaction=edit&section=4","/w/index.php?title=Artificial_nails&action=edit&section=5","/w/index.php?title=Artificial_nails&veaction=edit&section=5","#cite_note-fda-3","/wiki/Contact_dermatitis","/wiki/Asthma","#cite_note-nioshpub-4","/wiki/Toluene","/wiki/Dibutyl_phthalate","/wiki/Formaldehyde","#cite_note-oshalist-5","#cite_note-nyt-6","#cite_note-nioshtopic-7","/w/index.php?title=Artificial_nails&action=edit&section=6","/w/index.php?title=Artificial_nails&veaction=edit&section=6","/wiki/Musician","/wiki/Stringed_instrument","/wiki/Guitarist","/wiki/Don_Ross_(guitarist)","/wiki/James_Taylor","http://instrumentalcase.com/DuFour.aspx","/wiki/Chinese_instruments","/wiki/Guqin","/wiki/Pipa","/wiki/Ruan","/wiki/Sarod","/w/index.php?title=Artificial_nails&action=edit&section=7","/w/index.php?title=Artificial_nails&veaction=edit&section=7","#cite_ref-evebridge_1-0","http://www.evebridge.com/post/588","#cite_ref-nsi_2-0","http://www.nsinails.com/aboutus/staffDetail/name_stripped/fred-slack.html","#cite_ref-fda_3-0","http://www.fda.gov/Cosmetics/ProductandIngredientSafety/ProductInformation/ucm127068.htm","#cite_ref-nioshpub_4-0","http://www.cdc.gov/niosh/docs/99-112/","#cite_ref-oshalist_5-0","http://www.osha.gov/SLTC/nailsalons/chemicalhazards.html","/wiki/Help:CS1_errors#text_ignored","#cite_ref-nyt_6-0","http://www.nytimes.com/2010/11/11/us/11nails.html?_r=1&","#cite_ref-nioshtopic_7-0","http://www.cdc.gov/niosh/topics/manicure/","/w/index.php?title=Artificial_nails&action=edit&section=8","/w/index.php?title=Artificial_nails&veaction=edit&section=8","/w/index.php?title=Artificial_nails&action=edit&section=9","/w/index.php?title=Artificial_nails&veaction=edit&section=9","/w/index.php?title=Artificial_nails&action=edit&section=10","/w/index.php?title=Artificial_nails&veaction=edit&section=10","/w/index.php?title=Artificial_nails&action=edit&section=11","/w/index.php?title=Artificial_nails&veaction=edit&section=11","//upload.wikimedia.org/wikipedia/en/thumb/4/4a/Commons-logo.svg/30px-Commons-logo.svg.png","//commons.wikimedia.org/wiki/Category:Artificial_nails","http://www.nailforums.com","http://acrylicnailsv.com/","http://www.uspedicurespa.com/blog/17-artificial-nails.aspx","http://pedisalon.com/blog/5-artificial-nails.aspx","http://www.enotes.com/how-products-encyclopedia/acrylic-fingernail","/wiki/Template:Cosmetics","/wiki/Template_talk:Cosmetics","//en.wikipedia.org/w/index.php?title=Template:Cosmetics&action=edit","/wiki/Cosmetics","/wiki/Plastic_surgery","/wiki/Cleanser","/wiki/Toner_(skin_care)","/wiki/Moisturizer","/wiki/Primer_(cosmetics)","/wiki/Foundation_(cosmetics)","/wiki/Concealer","/wiki/Rouge_(cosmetics)","/wiki/Face_powder","/wiki/Veil_(cosmetics)","/wiki/Anti-aging_cream","/wiki/Botulinum_toxin","/wiki/Facial","/wiki/Skin_whitening","/wiki/Facial_toning","/wiki/Permanent_makeup","/wiki/Lip_gloss","/wiki/Lip_liner","/wiki/Lipstick","/wiki/Lip_plumper","/wiki/Lip_stain","/wiki/Eyelash_extensions","/wiki/Eyelid_glue","/wiki/Eye_liner","/wiki/Eye_shadow","/wiki/Kohl_(cosmetics)","/wiki/Mascara","/wiki/Shampoo","/wiki/Hair_conditioner","/wiki/Hairstyling","/wiki/Hairstyling_product","/wiki/Hair_gel","/wiki/Hair_mousse","/wiki/Pomade","/wiki/Hair_spray","/wiki/Hair_wax","/wiki/Hair_removal","/wiki/Waxing","/wiki/Threading_(epilation)","/wiki/Shaving","/wiki/Chemical_depilatory","/wiki/Electrology","/wiki/Laser_hair_removal","/wiki/Intense_pulsed_light","/wiki/Nail_buffing","/wiki/Nail_polish","/wiki/Manicure","/wiki/Pedicure","/wiki/Body_powder","/wiki/Plastic_surgery","/wiki/Cold_cream","/wiki/Exfoliation_(cosmetology)","/wiki/Cosmetics_advertising","/wiki/Ingredients_of_cosmetics","/wiki/Cosmetology","/wiki/History_of_cosmetics","/wiki/Electrotherapy_(cosmetic)","/wiki/Ahava","/wiki/Almay","/wiki/Amorepacific_Corporation","/wiki/Artistry_(cosmetics)","/wiki/Aveda","/wiki/Avon_Products","/wiki/Bath_%26_Body_Works","/wiki/Benefit_Cosmetics","/wiki/Biotherm","/wiki/Bobbi_Brown","/wiki/The_Body_Shop","/wiki/Bonne_Bell","/wiki/Bumble_and_bumble","/wiki/Burt%27s_Bees","/wiki/Cargo_(cosmetics)","/wiki/Carol%27s_Daughter","/wiki/Ciat%C3%A9","/wiki/Clarins","/wiki/Clinique","/wiki/Coty,_Inc.","/wiki/CoverGirl","/wiki/Creme_21","/wiki/Cutex","/wiki/Daigaku_Honyaku_Center","/wiki/Dr._Hauschka","/wiki/Elizabeth_Arden","/wiki/Est%C3%A9e_Lauder_Companies","/wiki/Eyes_Lips_Face","/wiki/Faberge_(cosmetics)","/wiki/Hard_Candy_(cosmetics)","/wiki/Helena_Rubinstein","/wiki/Kanebo_Ltd.","/wiki/Kao_Corporation","/wiki/Kevyn_Aucoin","/wiki/Kiehl%27s","/wiki/La_Mer_(cosmetics)","/wiki/Lanc%C3%B4me","/wiki/Laneige","/wiki/Laura_Mercier","/wiki/Laura_Mercier_Cosmetics","/wiki/Lise_Watier","/wiki/L%27Or%C3%A9al","/wiki/L%27occitane","/wiki/Love_Cosmetics","/wiki/Lush_(company)","/wiki/Make-up_Art_Cosmetics","/wiki/Mary_Kay","/wiki/Max_Factor","/wiki/Maybelline","/wiki/ModelCo","/wiki/NARS_Cosmetics","/wiki/Natura","/wiki/Natural_Wonder_(Revlon_subsidiary_brand)","/wiki/Neal%27s_Yard_Remedies","/wiki/Neutrogena","/wiki/Nexxus","/wiki/Nivea","/wiki/O_Botic%C3%A1rio","/wiki/OPI_Products","/wiki/Oriflame","/wiki/Origins_(cosmetics)","/wiki/Paula_Begoun","/wiki/Pond%27s_Creams","/wiki/Red_Earth_(company)","/wiki/Revlon","/wiki/Richard_Hudnut","/wiki/Rimmel","/wiki/Sephora","/wiki/Shiseido","/wiki/Shu_Uemura","/wiki/SK-II","/wiki/SkinCeuticals","/wiki/Stila","/wiki/ULTA_Beauty","/wiki/Ultima_II_(cosmetics_line)","/wiki/Urban_Decay_(cosmetics)","/wiki/Vichy_cosmetics","/wiki/Victoria%27s_Secret","/wiki/Wella","/wiki/Yves_Rocher_(company)","//upload.wikimedia.org/wikipedia/en/thumb/4/48/Folder_Hexagonal_Icon.svg/16px-Folder_Hexagonal_Icon.svg.png","/wiki/Category:Cosmetics_companies","/wiki/Category:Cosmetics_people","/wiki/Category:History_of_cosmetics","//en.wikipedia.org/w/index.php?title=Special:CentralAutoLogin/start&type=1x1&from=enwiki","http://en.wikipedia.org/w/index.php?title=Artificial_nails&oldid=567992839","/wiki/Help:Category","/wiki/Category:Nail_care","/wiki/Category:Pages_with_citations_using_unnamed_parameters","/wiki/Category:Articles_needing_additional_references_from_February_2010","/wiki/Category:All_articles_needing_additional_references","/wiki/Category:Articles_to_be_expanded_from_February_2009","/wiki/Category:All_articles_to_be_expanded","/wiki/Category:Commons_category_template_with_no_category_set","/wiki/Category:Commons_category_with_page_title_same_as_on_Wikidata","/w/index.php?title=Special:UserLogin&returnto=Artificial+nails&type=signup","/w/index.php?title=Special:UserLogin&returnto=Artificial+nails","/wiki/Artificial_nails","/wiki/Talk:Artificial_nails","#","/wiki/Artificial_nails","/w/index.php?title=Artificial_nails&action=edit","/w/index.php?title=Artificial_nails&veaction=edit","/w/index.php?title=Artificial_nails&action=history","#","/w/index.php","//bits.wikimedia.org/static-1.22wmf12/skins/vector/images/search-ltr.png?303-4","/wiki/Main_Page","/wiki/Main_Page","/wiki/Portal:Contents","/wiki/Portal:Featured_content","/wiki/Portal:Current_events","/wiki/Special:Random","https://donate.wikimedia.org/wiki/Special:FundraiserRedirector?utm_source=donate&utm_medium=sidebar&utm_campaign=C13_en.wikipedia.org&uselang=en","/wiki/Help:Contents","/wiki/Wikipedia:About","/wiki/Wikipedia:Community_portal","/wiki/Special:RecentChanges","//en.wikipedia.org/wiki/Wikipedia:Contact_us","/wiki/Special:WhatLinksHere/Artificial_nails","/wiki/Special:RecentChangesLinked/Artificial_nails","/wiki/Wikipedia:File_Upload_Wizard","/wiki/Special:SpecialPages","/w/index.php?title=Artificial_nails&oldid=567992839","/w/index.php?title=Artificial_nails&action=info","//www.wikidata.org/wiki/Q1147671","/w/index.php?title=Special:Cite&page=Artificial_nails&id=567992839","/w/index.php?title=Special:Book&bookcmd=book_creator&referer=Artificial+nails","/w/index.php?title=Special:Book&bookcmd=render_article&arttitle=Artificial+nails&oldid=567992839&writer=rl","/w/index.php?title=Artificial_nails&printable=yes","//da.wikipedia.org/wiki/Kunstige_negle","//de.wikipedia.org/wiki/Nageltip","//ko.wikipedia.org/wiki/%EB%84%A4%EC%9D%BC_%EC%95%84%ED%8A%B8","//nl.wikipedia.org/wiki/Kunstnagel","//ja.wikipedia.org/wiki/%E3%83%8D%E3%82%A4%E3%83%AB%E3%82%A2%E3%83%BC%E3%83%88","//pl.wikipedia.org/wiki/Tipsy","//ro.wikipedia.org/wiki/Unghii_tehnice","//ru.wikipedia.org/wiki/%D0%9D%D0%B0%D1%80%D0%B0%D1%89%D0%B8%D0%B2%D0%B0%D0%BD%D0%B8%D0%B5_%D0%BD%D0%BE%D0%B3%D1%82%D0%B5%D0%B9","//simple.wikipedia.org/wiki/Nail_art","//fi.wikipedia.org/wiki/Rakennekynnet","//sv.wikipedia.org/wiki/Konstnaglar","//zh.wikipedia.org/wiki/%E6%8C%87%E7%94%B2%E5%BD%A9%E7%B9%AA","#","//www.wikidata.org/wiki/Q1147671#sitelinks-wikipedia","//en.wikipedia.org/wiki/Wikipedia:Text_of_Creative_Commons_Attribution-ShareAlike_3.0_Unported_License","//creativecommons.org/licenses/by-sa/3.0/","//wikimediafoundation.org/wiki/Terms_of_Use","//wikimediafoundation.org/wiki/Privacy_policy","//www.wikimediafoundation.org/","//wikimediafoundation.org/wiki/Privacy_policy","/wiki/Wikipedia:About","/wiki/Wikipedia:General_disclaimer","//en.wikipedia.org/wiki/Wikipedia:Contact_us","//en.m.wikipedia.org/wiki/Artificial_nails","//wikimediafoundation.org/","//bits.wikimedia.org/images/wikimedia-button.png","//www.mediawiki.org/","//bits.wikimedia.org/static-1.22wmf12/skins/common/images/poweredby_mediawiki_88x31.png","//bits.wikimedia.org/en.wikipedia.org/load.php?debug=false&lang=en&modules=site&only=scripts&skin=vector&*"],"instances":["guitarist"],"pdf":[],"categories":["Nail care"],"headings":["Types","History","Health effects","Musical usage","References","Further reading","External links"],"image":["//upload.wikimedia.org/wikipedia/en/thumb/9/99/Question_book-new.svg/50px-Question_book-new.svg.png","//upload.wikimedia.org/wikipedia/commons/thumb/c/cb/Tipsy.jpg/220px-Tipsy.jpg","//bits.wikimedia.org/static-1.22wmf12/skins/common/images/magnify-clip.png","//upload.wikimedia.org/wikipedia/commons/thumb/1/1c/Wiki_letter_w_cropped.svg/20px-Wiki_letter_w_cropped.svg.png","//upload.wikimedia.org/wikipedia/en/thumb/4/4a/Commons-logo.svg/30px-Commons-logo.svg.png","//upload.wikimedia.org/wikipedia/en/thumb/4/48/Folder_Hexagonal_Icon.svg/16px-Folder_Hexagonal_Icon.svg.png","//en.wikipedia.org/w/index.php?title=Special:CentralAutoLogin/start&type=1x1&from=enwiki","//bits.wikimedia.org/static-1.22wmf12/skins/vector/images/search-ltr.png?303-4","//bits.wikimedia.org/images/wikimedia-button.png","//bits.wikimedia.org/static-1.22wmf12/skins/common/images/poweredby_mediawiki_88x31.png"],"tags":[["poly(methyl_methacrylate"],["don_ross","guitarist"]],"members":["don_ross"],"related":["Fingernails","Fashion_accessories","Mimic","Acrylic_resin","Poly(methyl_methacrylate)","Ethyl_methacrylate","Acetone","Ultraviolet","Polymer","Resin","Ultraviolet_light","Fiberglass","Silk","French_manicure","Ming_Dynasty","China","Noblewomen","Status_symbol","Commoners","Manual_labor","Greece","Upper-class","Pistachio","Europe","Contact_dermatitis","Asthma","Toluene","Dibutyl_phthalate","Formaldehyde","Musician","Stringed_instrument","Guitarist","Don_Ross_(guitarist)","James_Taylor","Chinese_instruments","Guqin","Pipa","Ruan","Sarod"]}