{"cursor":"8829","size":15,"audio":[],"currentlang":"en","article":"\nAn '[[artificial]] island' or 'man-made island' is an island or archipelago that\nhas been constructed by people rather than formed by natural means. They are\ncreated by expanding existing islets, construction on existing reefs, or\namalgamating several natural islets into a bigger island.\n\nEarly artificial islands included floating structures in still waters, or wooden\nor megalithic structures erected in shallow waters (e.g., crannÃ³gs and Nan Madol\ndiscussed below). In modern times artificial islands are usually formed by land\nreclamation, but some are formed by the incidental isolation of an existing\npiece of land during canal construction (e.g. Donauinsel and Dithmarschen), or\nflooding of valleys resulting in the tops of former knolls getting isolated by\nwater (e.g. Barro Colorado Island).\n\nSome recent developments have been made more in the manner of oil platforms\n(e.g., Sealand and Republic of Rose Island).\n\nArtificial islands may vary in size from small islets reclaimed solely to\nsupport a single pillar of a building or structure, to those that support entire\ncommunities and cities.\n","linknr":286,"url":"Artificial_island","recorded":1362673670,"links":48,"instances":["dubai","archipelago"],"pdf":["http://seasteading.org/files/research/law/ARTIFICIAL_ISLANDS_-_01.09.09_mod.doc.pdf"],"categories":["Artificial islands|","Coastal construction","Islands","Land reclamation"],"headings":["History","Largest artificial islands according to their size","Modern projects","Political status","See also","References","External links"],"image":["//upload.wikimedia.org/wikipedia/en/thumb/9/99/Question_book-new.svg/50px-Question_book-new.svg.png","//upload.wikimedia.org/wikipedia/commons/thumb/f/ff/Nagasaki_bay_siebold.jpg/180px-Nagasaki_bay_siebold.jpg","//upload.wikimedia.org/wikipedia/en/thumb/8/84/Isolda-di-lolando-site-photo-3.jpg/180px-Isolda-di-lolando-site-photo-3.jpg","//upload.wikimedia.org/wikipedia/commons/thumb/0/0d/Skrpjela.jpg/180px-Skrpjela.jpg","//upload.wikimedia.org/wikipedia/commons/thumb/2/2c/Satellite_image_of_Flevopolder%2C_Netherlands_%285.48E_52.43N%29.png/180px-Satellite_image_of_Flevopolder%2C_Netherlands_%285.48E_52.43N%29.png","//upload.wikimedia.org/wikipedia/commons/thumb/f/fd/Kansai_closeup.jpg/180px-Kansai_closeup.jpg","//upload.wikimedia.org/wikipedia/commons/thumb/0/06/Palm_Island_Resort.jpg/180px-Palm_Island_Resort.jpg","//upload.wikimedia.org/wikipedia/commons/thumb/b/b8/Palm_jumeirah_core.jpg/180px-Palm_jumeirah_core.jpg","//upload.wikimedia.org/wikipedia/commons/thumb/f/fb/Northstar_Offshore_Island_Beaufort_Sea.jpg/180px-Northstar_Offshore_Island_Beaufort_Sea.jpg","//upload.wikimedia.org/wikipedia/commons/thumb/7/70/Sustainable_development.svg/32px-Sustainable_development.svg.png","//upload.wikimedia.org/wikipedia/en/thumb/4/4a/Commons-logo.svg/30px-Commons-logo.svg.png","//bits.wikimedia.org/static-1.21wmf10/skins/vector/images/search-ltr.png?303-4","//bits.wikimedia.org/images/wikimedia-button.png","//bits.wikimedia.org/static-1.21wmf10/skins/common/images/poweredby_mediawiki_88x31.png"],"tags":[["the_world","archipelago"],["the_universe","dubai"],["the_universe","dubai"]],"members":["the_universe","the_world"],"related":["Island","Archipelago","Reef","Floating_island","Wood","Megalith","Crannóg","Nan_Madol","Land_reclamation","Canal","Donauinsel","Dithmarschen","Barro_Colorado_Island","Oil_platform","Principality_of_Sealand","Republic_of_Rose_Island","Crannog","Scotland","Ireland","Nan_Madol","Federated_States_of_Micronesia","Floating_island","Lake_Titicaca","Tenochtitlan","Aztec","Mexico_City","Lake_Texcoco","City","Harbor","Real_estate","Dejima","Nagasaki,_Nagasaki","Japan","Edo_period","Europe","Trade","Netherlands","Ellis_Island","Upper_New_York_Bay","New_York_City","Immigrant","United_States","Illegal_immigrant","Île_Notre-Dame","Montreal","Expo_67","Venetian_Islands,_Miami_Beach,_Florida","Miami_Beach,_Florida","Biscayne_Bay","Florida_land_boom_of_the_1920s","Isola_di_Lolando","1926_Miami_Hurricane","Great_Depression","Dejima","Nagasaki,_Nagasaki","Isola_di_Lolando","Miami_Beach,_Florida","Our_Lady_of_the_Rocks","Montenegro","Flevopolder","Netherlands","Yas_Island","Abu_Dhabi","Yas_Marina_Circuit","Kansai_International_Airport","Japan","Airport","Hong_Kong_International_Airport","China","Airport","Palm_Jebel_Ali","Dubai","Chūbu_Centrair_International_Airport","Japan","Airport","Palm_Jumeirah","Dubai","Rokko_Island","Japan","Housing","Port_Island","Japan","Housing","Flevopolder","Netherlands","Zuiderzee_Works","Flevoland","Dubai","Palm_Islands","The_World_(archipelago)","Palm_Jumeirah","Palm_Jebel_Ali","The_Universe_(Dubai)","Dubai_Waterfront","Palm_Deira","Palm_Jumeirah","Burj_Al_Arab","The_Universe_(Dubai)","Palm_Jebel_Ali","Dubai_Waterfront","Palm_Deira","Kansai_International_Airport","Chūbu_Centrair_International_Airport","New_Kitakyushu_Airport","Kobe_Airport","Hong_Kong_International_Airport","Land_reclamation","Chek_Lap_Kok","Lam_Chau","Flevopolder","Netherlands","Kansai_International_Airport","Palm_Jumeirah","Dubai","Palm_Jumeirah","Northstar_Island","Beaufort_Sea","United_Nations_Convention_on_the_Law_of_the_Sea","Chinampa","Crannóg","Floating_island","Land_reclamation","List_of_artificial_islands","Ocean_colonization"]}