{"cursor":"13929","size":15,"audio":[],"currentlang":"en","article":"\n\n\n\n'Artificial life' (often abbreviated 'ALife' or 'A-Life' Molecules and\nThoughts Y Tarnopolsky - 2003 \"Artificial Life (often abbreviated as Alife or\nA-life) is a small universe existing parallel to the much larger Artificial\nIntelligence. The origins of both areas were different.\" ) is a field of\nstudy and an associated art form which examine systems related to life, its\nprocesses, and its evolution, through the use of simulations with computer\nmodels, robotics, and biochemistry. The discipline was named by\nChristopher Langton, an American computer scientist, in 1986. [http://books.google.com/books?id=-\nwt1aZrGXLYC&pg=PA37&cd=1#v=onepage The MIT Encyclopedia of the Cognitive\nSciences], The MIT Press, p.37. ISBN 978-0-262-73144-7 There are three\nmain kinds of alife, named for their approaches: soft,\nfrom software; hard, from hardware; and [[wet artificial life|wet]],\nfrom biochemistry. Artificial life imitates traditional biology by trying to\nrecreate some aspects of biological phenomena. The term \"artificial\nintelligence\" is often used to specifically refer to soft alife. John\nJohnston, (2008) \"The Allure of Machinic Life: Cybernetics, Artificial Life, and\nthe New AI\", MIT Press\n\n simulation, programmed in breve, an artificial life simulator]]\n","linknr":404,"url":"artificial_life","recorded":1376543172,"links":["/w/index.php?title=Artificial_life&action=edit","/w/index.php?title=Artificial_life&action=edit","//bits.wikimedia.org/favicon/wikipedia.ico","/w/opensearch_desc.php","//en.wikipedia.org/w/api.php?action=rsd","//creativecommons.org/licenses/by-sa/3.0/","/w/index.php?title=Special:RecentChanges&feed=atom","http://en.wikipedia.org/wiki/Artificial_life","//bits.wikimedia.org/en.wikipedia.org/load.php?debug=false&lang=en&modules=ext.gadget.DRN-wizard%2CReferenceTooltips%2Ccharinsert%2Cteahouse%7Cext.rtlcite%2Cwikihiero%7Cext.uls.nojs%7Cmediawiki.legacy.commonPrint%2Cshared%7Cmw.PopUpMediaTransform%7Cskins.vector&only=styles&skin=vector&*","//bits.wikimedia.org/en.wikipedia.org/load.php?debug=false&lang=en&modules=ext.visualEditor.viewPageTarget.noscript&only=styles&skin=vector&*","//bits.wikimedia.org/en.wikipedia.org/load.php?debug=false&lang=en&modules=site&only=styles&skin=vector&*","//bits.wikimedia.org/en.wikipedia.org/load.php?debug=false&lang=en&modules=startup&only=scripts&skin=vector&*","//bits.wikimedia.org/geoiplookup","//meta.wikimedia.org","#mw-navigation","#p-search","/wiki/Alife,_Campania","/wiki/Synthetic_life","//upload.wikimedia.org/wikipedia/commons/thumb/2/2e/Ambox_contradict.svg/40px-Ambox_contradict.svg.png","/wiki/Talk:Artificial_life","#cite_note-1","/wiki/System","/wiki/Life","/wiki/Simulation","/wiki/Computer_models","/wiki/Robotics","/wiki/Biochemistry","#cite_note-2","/wiki/Christopher_Langton","#cite_note-3","#cite_note-4","#cite_note-5","/wiki/Software","#cite_note-6","/wiki/Computer_hardware","/wiki/Wet_artificial_life","/wiki/Biology","#cite_note-7","#cite_note-8","/wiki/File:Braitenberg_vehicle_(simulation_made_with_breve).jpg","//upload.wikimedia.org/wikipedia/commons/thumb/c/c5/Braitenberg_vehicle_%28simulation_made_with_breve%29.jpg/250px-Braitenberg_vehicle_%28simulation_made_with_breve%29.jpg","/wiki/File:Braitenberg_vehicle_(simulation_made_with_breve).jpg","//bits.wikimedia.org/static-1.22wmf12/skins/common/images/magnify-clip.png","/wiki/Braitenberg_vehicles","/wiki/Breve_(software)","#Overview","#Philosophy","#Organizations","#Software-based_-_.22soft.22","#Techniques","#Notable_simulators","#Program-based","#Module-based","#Parameter-based","#Neural_net.E2.80.93based","#Hardware-based_-_.22hard.22","#Biochemical-based_-_.22wet.22","#Related_subjects","#History","#Criticism","#See_also","#References","#External_links","/w/index.php?title=Artificial_life&action=edit&section=1","/w/index.php?title=Artificial_life&veaction=edit&section=1","/wiki/Living_system","/wiki/Agent-based_model","/w/index.php?title=Artificial_life&action=edit&section=2","/w/index.php?title=Artificial_life&veaction=edit&section=2","#cite_note-9","#cite_note-10","/wiki/Life#Definitions","/wiki/Software","/wiki/Ecosystem","/wiki/Philosophy_of_artificial_intelligence#Strong_AI_vs._weak_AI","/wiki/John_von_Neumann","/wiki/Thomas_S._Ray","/wiki/Tierra_(computer_simulation)","/wiki/Wikipedia:Citation_needed","/w/index.php?title=Artificial_life&action=edit&section=3","/w/index.php?title=Artificial_life&veaction=edit&section=3","/wiki/Artificial_life_organizations","/w/index.php?title=Artificial_life&action=edit&section=4","/w/index.php?title=Artificial_life&veaction=edit&section=4","/w/index.php?title=Artificial_life&action=edit&section=5","/w/index.php?title=Artificial_life&veaction=edit&section=5","/wiki/Cellular_automaton","/wiki/Scalability","/wiki/Parallelization","/wiki/Neural_network","/wiki/Artificial_intelligence","/wiki/Population_dynamics","/wiki/Baldwin_effect","/w/index.php?title=Artificial_life&action=edit&section=6","/w/index.php?title=Artificial_life&veaction=edit&section=6","/wiki/Digital_organism","/wiki/Avida","/wiki/Breve_(software)","/wiki/Creatures_(artificial_life_program)","/w/index.php?title=Critterding&action=edit&redlink=1","/wiki/Darwinbots","/wiki/DigiHive","/wiki/EcoSim","/wiki/Evolve_4.0","/wiki/Framsticks","/wiki/TechnoSphere","/wiki/Tierra_(computer_simulation)","/wiki/Noble_Ape","/wiki/Polyworld","/wiki/3D_Virtual_Creature_Evolution","/w/index.php?title=Artificial_life&action=edit&section=7","/w/index.php?title=Artificial_life&veaction=edit&section=7","/wiki/Programming_game","/wiki/Turing_complete","/wiki/Self-replication","/wiki/Cellular_automata","/w/index.php?title=Artificial_life&action=edit&section=8","/w/index.php?title=Artificial_life&veaction=edit&section=8","/w/index.php?title=Artificial_life&action=edit&section=9","/w/index.php?title=Artificial_life&veaction=edit&section=9","/w/index.php?title=Artificial_life&action=edit&section=10","/w/index.php?title=Artificial_life&veaction=edit&section=10","/w/index.php?title=Artificial_life&action=edit&section=11","/w/index.php?title=Artificial_life&veaction=edit&section=11","/wiki/Robot","/wiki/Automation","/wiki/Machine","/w/index.php?title=Artificial_life&action=edit&section=12","/w/index.php?title=Artificial_life&veaction=edit&section=12","/wiki/Synthetic_biology","/wiki/Synthetic_biology","/wiki/Synthetic_DNA","/wiki/Wetware_(brain)","/w/index.php?title=Artificial_life&action=edit&section=13","/w/index.php?title=Artificial_life&veaction=edit&section=13","/wiki/Artificial_intelligence","/wiki/Top-down_and_bottom-up_design","#cite_note-11","/wiki/Artificial_chemistry","/wiki/Evolutionary_algorithms","/wiki/Optimization_problem","/wiki/Wikipedia:Citation_needed","/wiki/Ant_colony_optimization","/wiki/Evolutionary_algorithm","/wiki/Genetic_algorithm","/wiki/Genetic_programming","/wiki/Swarm_intelligence","/wiki/Evolutionary_art","/wiki/Evolutionary_music","/wiki/Abiogenesis","/w/index.php?title=Artificial_life&action=edit&section=14","/w/index.php?title=Artificial_life&veaction=edit&section=14","/wiki/History_of_artificial_life","/w/index.php?title=Artificial_life&action=edit&section=15","/w/index.php?title=Artificial_life&veaction=edit&section=15","/wiki/John_Maynard_Smith","#cite_note-12","/wiki/Science_(journal)","/wiki/Nature_(journal)","/wiki/Evolution","#cite_note-13","/w/index.php?title=Artificial_life&action=edit&section=16","/w/index.php?title=Artificial_life&veaction=edit&section=16","/wiki/Applications_of_artificial_intelligence","/wiki/Artificial_life_organizations","/wiki/Autonomous_foraging","/wiki/Bioethics","/wiki/Complex_adaptive_system","/wiki/Darwin_machine","/wiki/Digital_morphogenesis","/wiki/Life_simulation_game","/wiki/List_of_emerging_technologies","/wiki/Mathematical_biology","/wiki/Outline_of_artificial_intelligence","/wiki/Player_Project","/wiki/File:Complex-adaptive-system.jpg","//upload.wikimedia.org/wikipedia/commons/thumb/0/00/Complex-adaptive-system.jpg/32px-Complex-adaptive-system.jpg","/wiki/Portal:Systems_science","/wiki/Simulated_reality","/wiki/Social_simulation","/wiki/Soda_Constructor","/wiki/Synthetic_life","/wiki/Universal_Darwinism","/wiki/Webots","/w/index.php?title=Digital_life_form&action=edit&redlink=1","/w/index.php?title=Artificial_life&action=edit&section=17","/w/index.php?title=Artificial_life&veaction=edit&section=17","#cite_ref-1","#cite_ref-2","http://dictionary.reference.com/browse/artificial%20life","#cite_ref-3","http://books.google.com/books?id=-wt1aZrGXLYC&pg=PA37&cd=1#v=onepage","/wiki/Special:BookSources/9780262731447","#cite_ref-4","http://www.reed.edu/~mab/publications/papers/BedauTICS03.pdf","#cite_ref-5","/wiki/Andrew_Adamatzky","http://www.springer.com/computer/mathematics/book/978-1-84882-284-9","/wiki/International_Standard_Book_Number","/wiki/Special:BookSources/978-1-84882-284-9","#cite_ref-6","/wiki/Andrew_Adamatzky","http://www.springer.com/computer/hardware/book/978-1-84882-529-1","/wiki/International_Standard_Book_Number","/wiki/Special:BookSources/978-1-84882-529-1","#cite_ref-7","http://zooland.alife.org/","http://web.archive.org/web/20070117220840/http://zooland.alife.org/","#cite_ref-8","#cite_ref-9","http://www.probelog.com/texts/Langton_al.pdf","#cite_ref-10","http://pespmc1.vub.ac.be/MATHME.html","http://arxiv.org/abs/0803.1087","#cite_ref-11","http://web.archive.org/web/20080701040911/http://www.lggwg.com/wolff/aicg99/stern.html","http://lggwg.com/wolff/aicg99/stern.html","#cite_ref-12","#cite_ref-13","http://myxo.css.msu.edu/cgi-bin/lenski/prefman.pl?group=al","http://web.archive.org/web/20070212201846/http://myxo.css.msu.edu/cgi-bin/lenski/prefman.pl?group=al","/w/index.php?title=Artificial_life&action=edit&section=18","/w/index.php?title=Artificial_life&veaction=edit&section=18","http://www.dmoz.org/Computers/Artificial_Life/","/wiki/Open_directory_project","http://www.artificiallife.org/","http://alife.org/","http://www.mitpressjournals.org/loi/artl","http://www.envirtech.com/artificial-life-lab.html","http://www.mrkism.com/diatomea/","/wiki/Template:Computer_science","/wiki/Template_talk:Computer_science","//en.wikipedia.org/w/index.php?title=Template:Computer_science&action=edit","/wiki/Computer_science","/wiki/Mathematics","/wiki/Mathematical_logic","/wiki/Set_theory","/wiki/Number_theory","/wiki/Graph_theory","/wiki/Type_theory","/wiki/Category_theory","/wiki/Numerical_analysis","/wiki/Information_theory","/wiki/Combinatorics","/wiki/Boolean_algebra","/wiki/Theory_of_computation","/wiki/Automata_theory","/wiki/Computability_theory","/wiki/Computational_complexity_theory","/wiki/Quantum_computer","/wiki/Algorithm","/wiki/Data_structure","/wiki/Analysis_of_algorithms","/wiki/Algorithm_design","/wiki/Computational_geometry","/wiki/Programming_language","/wiki/Compiler","/wiki/Parsing","/wiki/Interpreter_(computing)","/wiki/Procedural_programming","/wiki/Object-oriented_programming","/wiki/Functional_programming","/wiki/Logic_programming","/wiki/Programming_paradigm","/wiki/Concurrency_(computer_science)","/wiki/Parallel_computing","/wiki/Distributed_computing","/wiki/Multiprocessing","/wiki/Grid_computing","/wiki/Concurrency_control","/wiki/Software_engineering","/wiki/Requirements_analysis","/wiki/Software_design","/wiki/Computer_programming","/wiki/Formal_methods","/wiki/Software_testing","/wiki/Software_development_process","/wiki/Systems_architecture","/wiki/Computer_architecture","/wiki/Microarchitecture","/wiki/Operating_system","/wiki/Telecommunication","/wiki/Computer_networking","/wiki/Computer_music","/wiki/Routing","/wiki/Network_topology","/wiki/Cryptography","/wiki/Database","/wiki/Database_management_system","/wiki/Relational_database","/wiki/SQL","/wiki/Transaction_processing","/wiki/Index_(database)","/wiki/Data_mining","/wiki/Artificial_intelligence","/wiki/Automated_reasoning","/wiki/Computational_linguistics","/wiki/Computer_vision","/wiki/Evolutionary_computation","/wiki/Expert_system","/wiki/Machine_learning","/wiki/Natural_language_processing","/wiki/Robotics","/wiki/Computer_graphics","/wiki/Visualization_(computer_graphics)","/wiki/Computer_animation","/wiki/Image_processing","/wiki/Human%E2%80%93computer_interaction","/wiki/Computer_accessibility","/wiki/User_interface","/wiki/Wearable_computer","/wiki/Ubiquitous_computing","/wiki/Virtual_reality","/wiki/Computational_science","/wiki/Bioinformatics","/wiki/Cognitive_science","/wiki/Computational_chemistry","/wiki/Computational_neuroscience","/wiki/Computational_physics","/wiki/Numerical_analysis","/wiki/Symbolic_computation","/wiki/ACM_Computing_Classification_System","//en.wikipedia.org/w/index.php?title=Special:CentralAutoLogin/start&type=1x1&from=enwiki","http://en.wikipedia.org/w/index.php?title=Artificial_life&oldid=567772802","/wiki/Help:Category","/wiki/Category:Artificial_life","/wiki/Category:Scientific_modeling","/wiki/Category:Articles_contradicting_other_articles","/wiki/Category:All_articles_with_unsourced_statements","/wiki/Category:Articles_with_unsourced_statements_from_January_2013","/wiki/Category:Articles_with_unsourced_statements_from_August_2007","/w/index.php?title=Special:UserLogin&returnto=Artificial+life&type=signup","/w/index.php?title=Special:UserLogin&returnto=Artificial+life","/wiki/Artificial_life","/wiki/Talk:Artificial_life","#","/wiki/Artificial_life","/w/index.php?title=Artificial_life&action=edit","/w/index.php?title=Artificial_life&veaction=edit","/w/index.php?title=Artificial_life&action=history","#","/w/index.php","//bits.wikimedia.org/static-1.22wmf12/skins/vector/images/search-ltr.png?303-4","/wiki/Main_Page","/wiki/Main_Page","/wiki/Portal:Contents","/wiki/Portal:Featured_content","/wiki/Portal:Current_events","/wiki/Special:Random","https://donate.wikimedia.org/wiki/Special:FundraiserRedirector?utm_source=donate&utm_medium=sidebar&utm_campaign=C13_en.wikipedia.org&uselang=en","/wiki/Help:Contents","/wiki/Wikipedia:About","/wiki/Wikipedia:Community_portal","/wiki/Special:RecentChanges","//en.wikipedia.org/wiki/Wikipedia:Contact_us","/wiki/Special:WhatLinksHere/Artificial_life","/wiki/Special:RecentChangesLinked/Artificial_life","/wiki/Wikipedia:File_Upload_Wizard","/wiki/Special:SpecialPages","/w/index.php?title=Artificial_life&oldid=567772802","/w/index.php?title=Artificial_life&action=info","//www.wikidata.org/wiki/Q263847","/w/index.php?title=Special:Cite&page=Artificial_life&id=567772802","/w/index.php?title=Special:Book&bookcmd=book_creator&referer=Artificial+life","/w/index.php?title=Special:Book&bookcmd=render_article&arttitle=Artificial+life&oldid=567772802&writer=rl","/w/index.php?title=Artificial_life&printable=yes","//ar.wikipedia.org/wiki/%D8%AD%D9%8A%D8%A7%D8%A9_%D8%A7%D8%B5%D8%B7%D9%86%D8%A7%D8%B9%D9%8A%D8%A9","//bg.wikipedia.org/wiki/%D0%98%D0%B7%D0%BA%D1%83%D1%81%D1%82%D0%B2%D0%B5%D0%BD_%D0%B6%D0%B8%D0%B2%D0%BE%D1%82","//ca.wikipedia.org/wiki/Vida_artificial","//de.wikipedia.org/wiki/K%C3%BCnstliches_Leben","//es.wikipedia.org/wiki/Vida_artificial","//eo.wikipedia.org/wiki/Artefarita_vivo","//eu.wikipedia.org/wiki/Bizi_artifizial","//fa.wikipedia.org/wiki/%D8%AD%DB%8C%D8%A7%D8%AA_%D9%85%D8%B5%D9%86%D9%88%D8%B9%DB%8C","//fr.wikipedia.org/wiki/Vie_artificielle","//ko.wikipedia.org/wiki/%EC%9D%B8%EA%B3%B5%EC%83%9D%EB%AA%85","//hr.wikipedia.org/wiki/Umjetni_%C5%BEivot","//it.wikipedia.org/wiki/Vita_artificiale","//ja.wikipedia.org/wiki/%E4%BA%BA%E5%B7%A5%E7%94%9F%E5%91%BD","//pl.wikipedia.org/wiki/Sztuczne_%C5%BCycie","//pt.wikipedia.org/wiki/Vida_artificial","//ru.wikipedia.org/wiki/%D0%98%D1%81%D0%BA%D1%83%D1%81%D1%81%D1%82%D0%B2%D0%B5%D0%BD%D0%BD%D0%B0%D1%8F_%D0%B6%D0%B8%D0%B7%D0%BD%D1%8C","//simple.wikipedia.org/wiki/Artificial_life","//fi.wikipedia.org/wiki/Tekoel%C3%A4m%C3%A4","//tr.wikipedia.org/wiki/Yapay_ya%C5%9Fam","//uk.wikipedia.org/wiki/%D0%A8%D1%82%D1%83%D1%87%D0%BD%D0%B5_%D0%B6%D0%B8%D1%82%D1%82%D1%8F","//vi.wikipedia.org/wiki/S%E1%BB%B1_s%E1%BB%91ng_nh%C3%A2n_t%E1%BA%A1o","//zh.wikipedia.org/wiki/%E4%BA%BA%E5%B7%A5%E7%94%9F%E5%91%BD","#","//www.wikidata.org/wiki/Q263847#sitelinks-wikipedia","//en.wikipedia.org/wiki/Wikipedia:Text_of_Creative_Commons_Attribution-ShareAlike_3.0_Unported_License","//creativecommons.org/licenses/by-sa/3.0/","//wikimediafoundation.org/wiki/Terms_of_Use","//wikimediafoundation.org/wiki/Privacy_policy","//www.wikimediafoundation.org/","//wikimediafoundation.org/wiki/Privacy_policy","/wiki/Wikipedia:About","/wiki/Wikipedia:General_disclaimer","//en.wikipedia.org/wiki/Wikipedia:Contact_us","//en.m.wikipedia.org/wiki/Artificial_life","//wikimediafoundation.org/","//bits.wikimedia.org/images/wikimedia-button.png","//www.mediawiki.org/","//bits.wikimedia.org/static-1.22wmf12/skins/common/images/poweredby_mediawiki_88x31.png","//bits.wikimedia.org/en.wikipedia.org/load.php?debug=false&lang=en&modules=site&only=scripts&skin=vector&*"],"instances":["brain","computer_simulation","software","artificial_life_program"],"pdf":["http://www.reed.edu/~mab/publications/papers/BedauTICS03.pdf","http://www.probelog.com/texts/Langton_al.pdf"],"categories":["Artificial life|*","Scientific modeling"],"headings":["Overview","Philosophy","Organizations","Software-based - \"soft\"","Hardware-based - \"hard\"","Biochemical-based - \"wet\"","Related subjects","History","Criticism","See also","References","External links"],"image":["//upload.wikimedia.org/wikipedia/commons/thumb/2/2e/Ambox_contradict.svg/40px-Ambox_contradict.svg.png","//upload.wikimedia.org/wikipedia/commons/thumb/c/c5/Braitenberg_vehicle_%28simulation_made_with_breve%29.jpg/250px-Braitenberg_vehicle_%28simulation_made_with_breve%29.jpg","//bits.wikimedia.org/static-1.22wmf12/skins/common/images/magnify-clip.png","//upload.wikimedia.org/wikipedia/commons/thumb/0/00/Complex-adaptive-system.jpg/32px-Complex-adaptive-system.jpg","//en.wikipedia.org/w/index.php?title=Special:CentralAutoLogin/start&type=1x1&from=enwiki","//bits.wikimedia.org/static-1.22wmf12/skins/vector/images/search-ltr.png?303-4","//bits.wikimedia.org/images/wikimedia-button.png","//bits.wikimedia.org/static-1.22wmf12/skins/common/images/poweredby_mediawiki_88x31.png"],"tags":[["breve","software"],["tierra","computer_simulation"],["breve","software"],["creatures","artificial_life_program"],["tierra","computer_simulation"],["wetware","brain"]],"members":["wetware","tierra","breve","creatures"],"related":["System","Life","Simulation","Computer_models","Robotics","Biochemistry","Christopher_Langton","Software","Computer_hardware","Biology","Breve_(software)","Living_system","Agent-based_model","Software","Ecosystem","John_von_Neumann","Thomas_S._Ray","Tierra_(computer_simulation)","Cellular_automaton","Scalability","Parallelization","Neural_network","Artificial_intelligence","Population_dynamics","Baldwin_effect","Digital_organism","Avida","Breve_(software)","Creatures_(artificial_life_program)","Critterding","Darwinbots","DigiHive","EcoSim","Evolve_4.0","Framsticks","TechnoSphere","Tierra_(computer_simulation)","Noble_Ape","Polyworld","3D_Virtual_Creature_Evolution","Turing_complete","Self-replication","Cellular_automata","Automation","Machine","Synthetic_biology","Synthetic_DNA","Wetware_(brain)","Artificial_intelligence","Top-down_and_bottom-up_design","Artificial_chemistry","Evolutionary_algorithms","Optimization_problem","Ant_colony_optimization","Evolutionary_algorithm","Genetic_algorithm","Genetic_programming","Swarm_intelligence","Evolutionary_art","Evolutionary_music","Abiogenesis","John_Maynard_Smith","Evolution","Applications_of_artificial_intelligence","Artificial_life_organizations","Autonomous_foraging","Bioethics","Complex_adaptive_system","Darwin_machine","Digital_morphogenesis","Life_simulation_game","List_of_emerging_technologies","Mathematical_biology","Outline_of_artificial_intelligence","Player_Project","Simulated_reality","Social_simulation","Soda_Constructor","Synthetic_life","Simulated_reality","Artificial_consciousness","Universal_Darwinism","Webots","Digital_life_form","Open_directory_project"]}