{"cursor":"31","size":15,"audio":[],"currentlang":"en","article":"#redirectSelective breeding\n","linknr":459,"url":"Artificial_selection","recorded":1374544744,"links":["/w/index.php?title=Selective_breeding&action=edit","/w/index.php?title=Selective_breeding&action=edit","//bits.wikimedia.org/favicon/wikipedia.ico","/w/opensearch_desc.php","//en.wikipedia.org/w/api.php?action=rsd","//creativecommons.org/licenses/by-sa/3.0/","/w/index.php?title=Special:RecentChanges&feed=atom","/wiki/Selective_breeding","//bits.wikimedia.org/en.wikipedia.org/load.php?debug=false&lang=en&modules=ext.gadget.DRN-wizard%2CReferenceTooltips%2Ccharinsert%2Cteahouse%7Cext.rtlcite%2Cwikihiero%7Cext.uls.nojs%7Cmediawiki.legacy.commonPrint%2Cshared%7Cmw.PopUpMediaTransform%7Cskins.vector&only=styles&skin=vector&*","//bits.wikimedia.org/en.wikipedia.org/load.php?debug=false&lang=en&modules=site&only=styles&skin=vector&*","//bits.wikimedia.org/en.wikipedia.org/load.php?debug=false&lang=en&modules=startup&only=scripts&skin=vector&*","//bits.wikimedia.org/geoiplookup","//meta.wikimedia.org","/w/index.php?title=Artificial_selection&redirect=no","#mw-navigation","#p-search","/wiki/Unnatural_Selection_(disambiguation)","/wiki/Evolution","/wiki/File:CollapsedtreeLabels-simplified.svg","//upload.wikimedia.org/wikipedia/commons/thumb/1/12/CollapsedtreeLabels-simplified.svg/200px-CollapsedtreeLabels-simplified.svg.png","/wiki/Genetic_divergence","/wiki/Taxonomy_(biology)","/wiki/Common_descent","/wiki/Introduction_to_evolution","/wiki/Common_descent","/wiki/Evidence_of_common_descent","/wiki/Population_genetics","/wiki/Genetic_diversity","/wiki/Mutation","/wiki/Natural_selection","/wiki/Adaptation","/wiki/Polymorphism_(biology)","/wiki/Genetic_drift","/wiki/Gene_flow","/wiki/Speciation","/wiki/Adaptive_radiation","/wiki/Co-operation_(evolution)","/wiki/Coevolution","/wiki/Divergent_evolution","/wiki/Convergent_evolution","/wiki/Parallel_evolution","/wiki/Extinction","/wiki/Abiogenesis","/wiki/Evolutionary_history_of_life","/wiki/Timeline_of_evolution","/wiki/Human_evolution","/wiki/Phylogenetic_tree","/wiki/Biodiversity","/wiki/Biogeography","/wiki/Biological_classification","/wiki/Evolutionary_taxonomy","/wiki/Cladistics","/wiki/Transitional_fossil","/wiki/Extinction_event","/wiki/History_of_evolutionary_thought","/wiki/Evolutionary_ideas_of_the_Renaissance_and_Enlightenment","/wiki/Transmutation_of_species","/wiki/Charles_Darwin","/wiki/On_the_Origin_of_Species","/wiki/The_eclipse_of_Darwinism","/wiki/Modern_evolutionary_synthesis","/wiki/History_of_molecular_evolution","/wiki/Evolutionary_developmental_biology","/wiki/Evolutionary_biology#Current_research_topics","/wiki/History_of_paleontology","/wiki/Timeline_of_paleontology","/wiki/Applications_of_evolution","/wiki/Biosocial_criminology","/wiki/Ecological_genetics","/wiki/Evolutionary_aesthetics","/wiki/Evolutionary_anthropology","/wiki/Evolutionary_computation","/wiki/Evolutionary_ecology","/wiki/Evolutionary_economics","/wiki/Evolutionary_epistemology","/wiki/Evolutionary_ethics","/wiki/Evolutionary_game_theory","/wiki/Evolutionary_linguistics","/wiki/Evolutionary_medicine","/wiki/Evolutionary_neuroscience","/wiki/Evolutionary_physiology","/wiki/Evolutionary_psychology","/wiki/Experimental_evolution","/wiki/Phylogenetics","/wiki/Paleovirology","/wiki/Systematics","/wiki/Universal_Darwinism","/wiki/Evolution_as_fact_and_theory","/wiki/Social_effect_of_evolutionary_theory","/wiki/Creation%E2%80%93evolution_controversy","/wiki/Objections_to_evolution","/wiki/Level_of_support_for_evolution","//upload.wikimedia.org/wikipedia/commons/thumb/0/09/Tree_of_life.svg/16px-Tree_of_life.svg.png","/wiki/Portal:Evolutionary_biology","//upload.wikimedia.org/wikipedia/en/thumb/4/48/Folder_Hexagonal_Icon.svg/16px-Folder_Hexagonal_Icon.svg.png","/wiki/Category:Evolutionary_biology","//upload.wikimedia.org/wikipedia/commons/thumb/a/a8/Office-book.svg/16px-Office-book.svg.png","/wiki/Book:Evolution","/wiki/Index_of_evolutionary_biology_articles","/wiki/Template:Evolutionary_biology","/wiki/Template_talk:Evolutionary_biology","//en.wikipedia.org/w/index.php?title=Template:Evolutionary_biology&action=edit","/wiki/File:Sectio_caesarea.jpg","//upload.wikimedia.org/wikipedia/commons/thumb/d/da/Sectio_caesarea.jpg/220px-Sectio_caesarea.jpg","/wiki/File:Sectio_caesarea.jpg","//bits.wikimedia.org/static-1.22wmf8/skins/common/images/magnify-clip.png","/wiki/Belgian_Blue","/wiki/Myostatin","/wiki/Gene","/wiki/File:Big_and_little_dog_1.jpg","//upload.wikimedia.org/wikipedia/commons/thumb/e/e9/Big_and_little_dog_1.jpg/220px-Big_and_little_dog_1.jpg","/wiki/File:Big_and_little_dog_1.jpg","//bits.wikimedia.org/static-1.22wmf8/skins/common/images/magnify-clip.png","/wiki/Chihuahua_(dog)","/wiki/Mixed-breed_dog","/wiki/Great_Dane","/wiki/File:Cornselection.jpg","//upload.wikimedia.org/wikipedia/commons/thumb/a/a7/Cornselection.jpg/220px-Cornselection.jpg","/wiki/File:Cornselection.jpg","//bits.wikimedia.org/static-1.22wmf8/skins/common/images/magnify-clip.png","/wiki/Teosinte","/wiki/Animal_breeding","/wiki/Plant_breeding","/wiki/Domesticated","/wiki/Breeder","/wiki/Breed","/wiki/Variety_(biology)","/wiki/Cultigen","/wiki/Cultivar","/wiki/Crossbreed","/wiki/Hybrid_(biology)","/wiki/Animal_breeding","/wiki/Inbreeding","/wiki/Linebreeding","/wiki/Outcrossing","/wiki/Plant_breeding","/wiki/Charles_Darwin","/wiki/Origin_of_Species","/wiki/Domestication","/wiki/Pigeon","/wiki/Cats","/wiki/Cattle","/wiki/Dogs","/wiki/Natural_selection","#cite_note-1","#cite_note-2","#History","#Animal_breeding","#Plant_breeding","#Selective_breeding_in_aquaculture","#Quality_traits_in_aquaculture","#Finfish_response_to_selection","#Shellfish_response_to_selection","#Aquatic_species_versus_terrestrial_livestock","#See_also","#References","#Sources","#External_links","/w/index.php?title=Selective_breeding&action=edit&section=1","/wiki/Ancient_Rome","#cite_note-3","/wiki/Mago_(agricultural_writer)","#cite_note-4","/wiki/Persian_people","/wiki/Muslim","/wiki/Abu_Rayhan_Biruni","#cite_note-5","/wiki/Robert_Bakewell_(agriculturalist)","/wiki/British_Agricultural_Revolution","/wiki/Lincoln_(sheep)","/wiki/Polled_livestock","#cite_note-6","/wiki/Australia","/wiki/North_America","/wiki/English_Leicester","/wiki/Plough","/wiki/Oxen","/wiki/Wikipedia:Citation_needed","/wiki/English_Longhorn","/wiki/Bull","/wiki/Pound_(mass)","/wiki/Shire_horse","/wiki/Charles_Darwin","/wiki/Natural_selection","/wiki/Animal_husbandry","/wiki/Plant_breeding","/wiki/On_the_Origin_of_Species","#cite_note-7","#cite_note-8","/w/index.php?title=Selective_breeding&action=edit&section=2","/wiki/Animal_breeding","/wiki/Culling","/wiki/Purebred","/wiki/Pedigree_chart","/wiki/Crossbreed","/wiki/Mixed_breed","/wiki/Crossbreeding","/wiki/Inbreeding","/wiki/Breed_registry","/wiki/Pedigree_chart","/wiki/Stud_book","#cite_note-grandin69-9","/wiki/Temple_Grandin","/wiki/Rooster","#cite_note-grandin69-9","/wiki/Hybrid_vigor","/wiki/Hybrid_(biology)","/wiki/Evolutionary_physiology","/wiki/Behavioral_genetics","/wiki/Generation_time","#cite_note-Swallow-10","#cite_note-Garland-11","#cite_note-Garland_and_Rose-12","/w/index.php?title=Selective_breeding&action=edit&section=3","/wiki/Plant_breeding","/wiki/File:Carrots_of_many_colors.jpg","//upload.wikimedia.org/wikipedia/commons/thumb/3/32/Carrots_of_many_colors.jpg/100px-Carrots_of_many_colors.jpg","/wiki/File:Carrots_of_many_colors.jpg","//bits.wikimedia.org/static-1.22wmf8/skins/common/images/magnify-clip.png","/wiki/USDA","/wiki/Wild_type","/wiki/Cultigen","/wiki/Crop_yield","/wiki/Transgenic","/wiki/Homozygous","/wiki/Gene_knockout","/wiki/Wikipedia:Citation_needed","/w/index.php?title=Selective_breeding&action=edit&section=4","#cite_note-Gjedrem_and_Moranski_2009-13","#cite_note-14","#cite_note-15","#cite_note-Gjedrem_and_Moranski_2009-13","/w/index.php?title=Selective_breeding&action=edit&section=5","/w/index.php?title=Selective_breeding&action=edit&section=6","/w/index.php?title=Selective_breeding&action=edit&section=7","/w/index.php?title=Selective_breeding&action=edit&section=8","/w/index.php?title=Selective_breeding&action=edit&section=9","/wiki/Animal_breeding","/wiki/Animal_husbandry","/wiki/Breed_registry","/wiki/Breeding_back","/wiki/Culling","/wiki/Experimental_evolution","/wiki/Gene_pool","/wiki/Genetic_engineering","/wiki/Genomics_of_domestication","/wiki/Inbreeding","/wiki/Marker_assisted_selection","/wiki/Mutation_breeding","/wiki/Natural_selection","/wiki/Plant_breeding","/wiki/Quantitative_genetics","/wiki/Selection_methods_in_plant_breeding_based_on_mode_of_reproduction","/wiki/Smart_breeding","/w/index.php?title=Selective_breeding&action=edit&section=10","#cite_ref-1","/wiki/Charles_Darwin","/wiki/International_Standard_Book_Number","/wiki/Special:BookSources/1-904633-78-1","#cite_ref-2","http://www.nature.com/nature/journal/v457/n7231/full/nature07895.html","#cite_ref-3","http://books.google.es/books?id=Rmbur_Am8vgC&pg=PA232&dq=artificial+selection+romans&hl=es&ei=LIIeTPv2NYT68AaX_tCaDA&sa=X&oi=book_result&ct=result&resnum=8&ved=0CE0Q6AEwBzgK#v=onepage&q=artificial%20selection%20romans&f=false","#cite_ref-4","http://books.google.es/books?id=KA-4oOQLgP8C&pg=PA21&dq=artificial+selection+romans&hl=es&ei=LIIeTPv2NYT68AaX_tCaDA&sa=X&oi=book_result&ct=result&resnum=6&ved=0CEMQ6AEwBTgK#v=onepage&q=artificial%20selection&f=false","#cite_ref-5","/wiki/Isis_(journal)","/wiki/Digital_object_identifier","http://dx.doi.org/10.1086%2F348801","#cite_ref-6","http://www.bbc.co.uk/history/historic_figures/bakewell_robert.shtml","#cite_ref-7","#CITEREFDarwin1859","http://darwin-online.org.uk/content/frameset?viewtype=text&itemID=F373&pageseq=124","#cite_ref-8","#CITEREFDarwin1859","http://darwin-online.org.uk/content/frameset?viewtype=text&itemID=F373&pageseq=215","#cite_ref-grandin69_9-0","#cite_ref-grandin69_9-1","/wiki/Temple_Grandin","/wiki/International_Standard_Book_Number","/wiki/Special:BookSources/0-7432-4769-8","#cite_ref-Swallow_10-0","/wiki/Theodore_Garland,_Jr.","http://biology.ucr.edu/people/faculty/Garland/SwalGa05.pdf","#cite_ref-Garland_11-0","/wiki/Theodore_Garland,_Jr.","http://www.biology.ucr.edu/people/faculty/Garland/Garland_2003.pdf","#cite_ref-Garland_and_Rose_12-0","/wiki/Theodore_Garland,_Jr.","http://www.ucpress.edu/books/pages/10604.php","#cite_ref-Gjedrem_and_Moranski_2009_13-0","#cite_ref-Gjedrem_and_Moranski_2009_13-1","#cite_ref-14","#cite_ref-15","/w/index.php?title=Selective_breeding&action=edit&section=11","/wiki/Special:BookSources/1904633781","/wiki/Special:BookSources/0743247698","/w/index.php?title=Selective_breeding&action=edit&section=12","http://www.fao.org/docrep/004/T0559E/T0559E00.htm","http://www.eXtension.org/plant_breeding_genomics","/wiki/Template:Breed","/wiki/Template_talk:Breed","//en.wikipedia.org/w/index.php?title=Template:Breed&action=edit","/wiki/Breed","/wiki/List_of_cat_breeds","/wiki/List_of_cattle_breeds","/wiki/List_of_chicken_breeds","/wiki/List_of_dog_breeds","/wiki/Dog_breeding","/wiki/List_of_duck_breeds","/wiki/List_of_goat_breeds","/wiki/List_of_goose_breeds","/wiki/List_of_guinea_pig_breeds","/wiki/List_of_horse_breeds","/wiki/Horse_breeding","/wiki/List_of_pig_breeds","/wiki/List_of_pigeon_breeds","/wiki/Pigeon_keeping","/wiki/List_of_rabbit_breeds","/wiki/List_of_sheep_breeds","/wiki/List_of_turkey_breeds","/wiki/List_of_water_buffalo_breeds","/wiki/Animal_breeding","/wiki/Backyard_breeder","/wiki/Breed_standard","/wiki/Breed_type","/wiki/Breeding_back","/wiki/Breeding_pair","/wiki/Breeding_program","/wiki/Captive_breeding","/wiki/Crossbreed","/wiki/Preservation_breeding","/wiki/Purebred","/wiki/Cultivar","/wiki/Lists_of_cultivars","/wiki/List_of_apple_cultivars","/wiki/List_of_banana_cultivars","/wiki/List_of_basil_cultivars","/wiki/List_of_Callistemon_cultivars","/wiki/List_of_Canna_cultivars","/wiki/List_of_cherimoya_cultivars","/wiki/Citrus#Hybrids_and_cultivars","/wiki/List_of_coffee_varieties","/wiki/List_of_Gazania_cultivars","/wiki/List_of_grape_varieties","/wiki/List_of_Grevillea_cultivars","/wiki/List_of_hop_varieties","/wiki/List_of_mango_cultivars","/wiki/List_of_Nemesia_cultivars","/wiki/List_of_Nepenthes_cultivars","/wiki/List_of_pear_cultivars","/wiki/List_of_pumpkin_varieties","/wiki/List_of_rice_varieties","/wiki/List_of_strawberry_cultivars","/wiki/List_of_sweet_potato_cultivars","/wiki/List_of_sweetcorn_varieties","/wiki/List_of_tomato_cultivars","/wiki/Mutation_breeding","/wiki/Plant_breeding","/wiki/Plant_breeding_in_Nepal","/wiki/Smart_breeding","/wiki/Tree_breeding","/wiki/Backcrossing","/wiki/Breeder","http://en.wikipedia.org/w/index.php?title=Selective_breeding&oldid=563830867","/wiki/Help:Categories","/wiki/Category:Biotechnology","/wiki/Category:Breeding","/wiki/Category:Selection","/wiki/Category:Articles_with_inconsistent_citation_formats","/wiki/Category:All_articles_with_unsourced_statements","/wiki/Category:Articles_with_unsourced_statements_from_April_2010","/wiki/Category:Articles_with_unsourced_statements_from_February_2008","/w/index.php?title=Special:UserLogin&returnto=Selective+breeding&type=signup","/w/index.php?title=Special:UserLogin&returnto=Selective+breeding","/wiki/Selective_breeding","/wiki/Talk:Selective_breeding","#","/wiki/Selective_breeding","/w/index.php?title=Selective_breeding&action=edit","/w/index.php?title=Selective_breeding&action=history","#","/w/index.php","//bits.wikimedia.org/static-1.22wmf9/skins/vector/images/search-ltr.png?303-4","/wiki/Main_Page","/wiki/Main_Page","/wiki/Portal:Contents","/wiki/Portal:Featured_content","/wiki/Portal:Current_events","/wiki/Special:Random","//donate.wikimedia.org/wiki/Special:FundraiserRedirector?utm_source=donate&utm_medium=sidebar&utm_campaign=C13_en.wikipedia.org&uselang=en","/wiki/Help:Contents","/wiki/Wikipedia:About","/wiki/Wikipedia:Community_portal","/wiki/Special:RecentChanges","//en.wikipedia.org/wiki/Wikipedia:Contact_us","/wiki/Special:WhatLinksHere/Selective_breeding","/wiki/Special:RecentChangesLinked/Selective_breeding","/wiki/Wikipedia:File_Upload_Wizard","/wiki/Special:SpecialPages","/w/index.php?title=Selective_breeding&oldid=563830867","/w/index.php?title=Selective_breeding&action=info","//www.wikidata.org/wiki/Q4023882","/w/index.php?title=Special:Cite&page=Selective_breeding&id=563830867","/w/index.php?title=Special:Book&bookcmd=book_creator&referer=Selective+breeding","/w/index.php?title=Special:Book&bookcmd=render_article&arttitle=Selective+breeding&oldid=563830867&writer=rl","/w/index.php?title=Selective_breeding&printable=yes","//ar.wikipedia.org/wiki/%D8%A7%D8%B3%D8%AA%D9%8A%D9%84%D8%A7%D8%AF_%D8%A7%D9%86%D8%AA%D9%82%D8%A7%D8%A6%D9%8A","//an.wikipedia.org/wiki/Selecci%C3%B3n_artificial","//az.wikipedia.org/wiki/Seleksiya","//bn.wikipedia.org/wiki/%E0%A6%95%E0%A7%83%E0%A6%A4%E0%A7%8D%E0%A6%B0%E0%A6%BF%E0%A6%AE_%E0%A6%A8%E0%A6%BF%E0%A6%B0%E0%A7%8D%E0%A6%AC%E0%A6%BE%E0%A6%9A%E0%A6%A8","//bg.wikipedia.org/wiki/%D0%98%D0%B7%D0%BA%D1%83%D1%81%D1%82%D0%B2%D0%B5%D0%BD_%D0%BE%D1%82%D0%B1%D0%BE%D1%80","//ca.wikipedia.org/wiki/Cria_selectiva","//da.wikipedia.org/wiki/Kunstig_selektion","//de.wikipedia.org/wiki/Zucht","//et.wikipedia.org/wiki/Aretus","//es.wikipedia.org/wiki/Selecci%C3%B3n_artificial","//eo.wikipedia.org/wiki/Selekta_bredado","//eu.wikipedia.org/wiki/Hautespen_artifizial","//fr.wikipedia.org/wiki/%C3%89levage_s%C3%A9lectif_des_animaux","//ko.wikipedia.org/wiki/%ED%92%88%EC%A2%85%EA%B0%9C%EB%9F%89","//hy.wikipedia.org/wiki/%D5%8D%D5%A5%D5%AC%D5%A5%D5%AF%D6%81%D5%AB%D5%A1","//id.wikipedia.org/wiki/Seleksi_buatan","//it.wikipedia.org/wiki/Selezione_genealogica","//he.wikipedia.org/wiki/%D7%91%D7%A8%D7%99%D7%A8%D7%94_%D7%9E%D7%9C%D7%90%D7%9B%D7%95%D7%AA%D7%99%D7%AA","//kk.wikipedia.org/wiki/%D0%A1%D0%B5%D0%BB%D0%B5%D0%BA%D1%86%D0%B8%D1%8F_%D2%93%D1%8B%D0%BB%D1%8B%D0%BC%D1%8B","//ht.wikipedia.org/wiki/Seleksyon_atifisy%C3%A8l","//lv.wikipedia.org/wiki/Selekcija","//ms.wikipedia.org/wiki/Pembiakbakaan_terpilih","//nl.wikipedia.org/wiki/Fokken","//ja.wikipedia.org/wiki/%E4%BA%BA%E7%82%BA%E9%81%B8%E6%8A%9E","//no.wikipedia.org/wiki/Avl","//pl.wikipedia.org/wiki/Sztuczna_selekcja","//pt.wikipedia.org/wiki/Sele%C3%A7%C3%A3o_artificial","//qu.wikipedia.org/wiki/Akllaspa_mirachiy","//ru.wikipedia.org/wiki/%D0%98%D1%81%D0%BA%D1%83%D1%81%D1%81%D1%82%D0%B2%D0%B5%D0%BD%D0%BD%D1%8B%D0%B9_%D0%BE%D1%82%D0%B1%D0%BE%D1%80","//simple.wikipedia.org/wiki/Artificial_selection","//fi.wikipedia.org/wiki/Jalostus_(biologia)","//sv.wikipedia.org/wiki/Avel","//tr.wikipedia.org/wiki/Yapay_se%C3%A7ilim","//uk.wikipedia.org/wiki/%D0%A8%D1%82%D1%83%D1%87%D0%BD%D0%B8%D0%B9_%D0%B4%D0%BE%D0%B1%D1%96%D1%80","//zh.wikipedia.org/wiki/%E4%BA%BA%E5%B7%A5%E9%81%B8%E6%93%87","#","//www.wikidata.org/wiki/Q4023882#sitelinks-wikipedia","//en.wikipedia.org/wiki/Wikipedia:Text_of_Creative_Commons_Attribution-ShareAlike_3.0_Unported_License","//creativecommons.org/licenses/by-sa/3.0/","//wikimediafoundation.org/wiki/Terms_of_Use","//wikimediafoundation.org/wiki/Privacy_policy","//www.wikimediafoundation.org/","//wikimediafoundation.org/wiki/Privacy_policy","/wiki/Wikipedia:About","/wiki/Wikipedia:General_disclaimer","//en.wikipedia.org/wiki/Wikipedia:Contact_us","//en.m.wikipedia.org/wiki/Selective_breeding","//wikimediafoundation.org/","//bits.wikimedia.org/images/wikimedia-button.png","//www.mediawiki.org/","//bits.wikimedia.org/static-1.22wmf9/skins/common/images/poweredby_mediawiki_88x31.png","//bits.wikimedia.org/en.wikipedia.org/load.php?debug=false&lang=en&modules=site&only=scripts&skin=vector&*"],"instances":[],"pdf":["http://biology.ucr.edu/people/faculty/Garland/SwalGa05.pdf","http://www.biology.ucr.edu/people/faculty/Garland/Garland_2003.pdf"],"categories":[],"headings":[],"image":["//upload.wikimedia.org/wikipedia/commons/thumb/1/12/CollapsedtreeLabels-simplified.svg/200px-CollapsedtreeLabels-simplified.svg.png","//upload.wikimedia.org/wikipedia/commons/thumb/0/09/Tree_of_life.svg/16px-Tree_of_life.svg.png","//upload.wikimedia.org/wikipedia/en/thumb/4/48/Folder_Hexagonal_Icon.svg/16px-Folder_Hexagonal_Icon.svg.png","//upload.wikimedia.org/wikipedia/commons/thumb/a/a8/Office-book.svg/16px-Office-book.svg.png","//upload.wikimedia.org/wikipedia/commons/thumb/d/da/Sectio_caesarea.jpg/220px-Sectio_caesarea.jpg","//bits.wikimedia.org/static-1.22wmf8/skins/common/images/magnify-clip.png","//upload.wikimedia.org/wikipedia/commons/thumb/e/e9/Big_and_little_dog_1.jpg/220px-Big_and_little_dog_1.jpg","//bits.wikimedia.org/static-1.22wmf8/skins/common/images/magnify-clip.png","//upload.wikimedia.org/wikipedia/commons/thumb/a/a7/Cornselection.jpg/220px-Cornselection.jpg","//bits.wikimedia.org/static-1.22wmf8/skins/common/images/magnify-clip.png","//upload.wikimedia.org/wikipedia/commons/thumb/3/32/Carrots_of_many_colors.jpg/100px-Carrots_of_many_colors.jpg","//bits.wikimedia.org/static-1.22wmf8/skins/common/images/magnify-clip.png","//bits.wikimedia.org/static-1.22wmf9/skins/vector/images/search-ltr.png?303-4","//bits.wikimedia.org/images/wikimedia-button.png","//bits.wikimedia.org/static-1.22wmf9/skins/common/images/poweredby_mediawiki_88x31.png"],"tags":[],"members":[],"related":["Selective_breeding"]}