{"cursor":"9596","size":15,"audio":[],"currentlang":"en","article":"'Artificial brain' (or 'artificial mind') is a term commonly used in the\nmedia [http://news.bbc.co.uk/1/hi/technology/8164060.stm Artificial\nbrain '10 years away' 2009 BBC news] to describe research that aims to\ndevelop software and hardware with cognitive abilities similar to those of the\nanimal or human brain. Research investigating \"artificial brains\" plays three\nimportant roles in science: #An ongoing attempt by neuroscientists to understand\nhow the human brain works, known as cognitive neuroscience. #A thought\nexperiment in the philosophy of artificial intelligence, demonstrating that it\nis possible, in theory, to create a machine that has all the capabilities of a\nhuman being. #A serious long term project to create machines with strong AI,\ncapable of general intelligent action (or Artificial General Intelligence), i.e.\nas intelligent as a human being.\n\nAn example of the first objective is the project reported by Aston University\nin Birmingham, England [http://www1.aston.ac.uk/about/news/releases/2009/m-\narch/scientists-create-living-model-of-basic-units-of-human-brain/ Aston\nUniversity's news report about the project] where researchers are using\nbiological cells to create \"neurospheres\" (small clusters of neurons) in order\nto develop new treatments for diseases including Alzheimer's, Motor Neurone and\nParkinson's Disease.\n\nThe second objective is a reply to arguments such as John Searle's Chinese room\nargument, Hubert Dreyfus' critique of AI or Roger Penrose's argument in [[The\nEmperor's New Mind]]. These critics argued that there are aspects of human\nconsciousness or expertise that can not be simulated by machines. One reply to\ntheir arguments is that the biological processes inside the brain can be\nsimulated to any degree of accuracy. This reply was made as early as 1950, by\nAlan Turing in his classic paper \"Computing Machinery and\nIntelligence\". The critics:\n*\n* {{Citation\n| last=Dreyfus | first=Hubert | authorlink = Hubert Dreyfus year =1972 title =\n| What Computers Can't Do publisher = MIT Press | location = New York isbn =\n| 0-06-090613-8\n}}\n* Turing's (pre-emptive) response:\n* Other sources that agree with Turing:\n*\n* . \n\nThe third objective is generally called artificial general intelligence by\nresearchers. However Kurzweil prefers the more memorable term Strong\nAI. In his book [[The Singularity is Near]] he focuses on whole brain emulation\nusing conventional computing machines as an approach to implementing artificial\nbrains, and claims (on grounds of computer power continuing an exponential\ngrowth trend) that this could be done by 2025. Henry Markram, director of the\nBlue Brain project (which is attempting brain emulation), made a similar claim\n(2020) at the Oxford TED conference in 2009.\n","linknr":441,"url":"Artificial_brain","recorded":1376396314,"links":["/w/index.php?title=Artificial_brain&action=edit","/w/index.php?title=Artificial_brain&action=edit","//bits.wikimedia.org/favicon/wikipedia.ico","/w/opensearch_desc.php","//en.wikipedia.org/w/api.php?action=rsd","//creativecommons.org/licenses/by-sa/3.0/","/w/index.php?title=Special:RecentChanges&feed=atom","http://en.wikipedia.org/wiki/Artificial_brain","//bits.wikimedia.org/en.wikipedia.org/load.php?debug=false&lang=en&modules=ext.gadget.DRN-wizard%2CReferenceTooltips%2Ccharinsert%2Cteahouse%7Cext.rtlcite%2Cwikihiero%7Cext.uls.nojs%7Cmediawiki.legacy.commonPrint%2Cshared%7Cmw.PopUpMediaTransform%7Cskins.vector&only=styles&skin=vector&*","//bits.wikimedia.org/en.wikipedia.org/load.php?debug=false&lang=en&modules=ext.visualEditor.viewPageTarget.noscript&only=styles&skin=vector&*","//bits.wikimedia.org/en.wikipedia.org/load.php?debug=false&lang=en&modules=site&only=styles&skin=vector&*","//bits.wikimedia.org/en.wikipedia.org/load.php?debug=false&lang=en&modules=startup&only=scripts&skin=vector&*","//bits.wikimedia.org/geoiplookup","//meta.wikimedia.org","#mw-navigation","#p-search","#cite_note-bbc-1","/wiki/Computer_software","/wiki/Computer_hardware","/wiki/Human_brain","/wiki/Neurology","/wiki/Cognitive_neuroscience","/wiki/Philosophy_of_artificial_intelligence","/wiki/Strong_AI","#cite_note-2","/wiki/John_Searle","/wiki/Chinese_room","/wiki/Hubert_Dreyfus","/wiki/Dreyfus%27_critique_of_AI","/wiki/Roger_Penrose","/wiki/The_Emperor%27s_New_Mind","/wiki/Alan_Turing","/wiki/Computing_Machinery_and_Intelligence","#cite_note-3","/wiki/Artificial_general_intelligence","#cite_note-4","/wiki/The_Singularity_is_Near","/wiki/Whole_brain_emulation","/wiki/Henry_Markram","/wiki/Blue_Brain","/wiki/TED_(conference)","#cite_note-bbc-1","#Approaches_to_brain_simulation","#Artificial_brain_thought_experiment","#See_also","#References","#External_links","/w/index.php?title=Artificial_brain&action=edit&section=1","/w/index.php?title=Artificial_brain&veaction=edit&section=1","/wiki/File:Estimations_of_Human_Brain_Emulation_Required_Performance.svg","//upload.wikimedia.org/wikipedia/commons/thumb/1/1e/Estimations_of_Human_Brain_Emulation_Required_Performance.svg/400px-Estimations_of_Human_Brain_Emulation_Required_Performance.svg.png","/wiki/File:Estimations_of_Human_Brain_Emulation_Required_Performance.svg","//bits.wikimedia.org/static-1.22wmf12/skins/common/images/magnify-clip.png","/wiki/Ray_Kurzweil","/wiki/Anders_Sandberg","/wiki/Nick_Bostrom","/wiki/TOP500","/wiki/Artificial_neural_networks","/wiki/High-performance_computing","#cite_note-5","http://www.andcorporation.com/","#cite_note-6","/wiki/Evolutionary_computation","/wiki/Retina","/wiki/The_Pentagon","/wiki/Blue_Brain_Project","/wiki/IBM","/wiki/Lausanne","#cite_note-7","/wiki/Neuron","/wiki/Blue_Brain_Project","/wiki/Consciousness","/wiki/Orders_of_magnitude_(numbers)#1012","/wiki/Brain_cell","#cite_note-8","/wiki/Human_brain","#cite_note-9","/wiki/Human_brain","/wiki/Cognition","/wiki/Wikipedia:Citation_needed","/wiki/Landauer%27s_Principle","/w/index.php?title=Artificial_brain&action=edit&section=2","/w/index.php?title=Artificial_brain&veaction=edit&section=2","#cite_note-10","#cite_note-11","http://dobrev.com/AI/definition.html","/wiki/Turing_test","/w/index.php?title=Artificial_brain&action=edit&section=3","/w/index.php?title=Artificial_brain&veaction=edit&section=3","/wiki/Animat","/wiki/Artificial_intelligence","/wiki/Artificial_intelligence","/wiki/Artificial_Intelligence_System","/wiki/Artificial_life","/wiki/Biological_neural_network","/wiki/Blue_Brain","/wiki/CoDi","/wiki/Cognitive_architecture","/wiki/Human_Brain_Project","/wiki/Multi-agent_system","/wiki/Robotic","/wiki/Simulated_reality","/w/index.php?title=Artificial_brain&action=edit&section=4","/w/index.php?title=Artificial_brain&veaction=edit&section=4","#cite_ref-bbc_1-0","#cite_ref-bbc_1-1","http://news.bbc.co.uk/1/hi/technology/8164060.stm","#cite_ref-2","http://www1.aston.ac.uk/about/news/releases/2009/march/scientists-create-living-model-of-basic-units-of-human-brain/","#cite_ref-3","/wiki/John_Searle","http://web.archive.org/web/20071210043312/http://members.aol.com/NeoNoetics/MindsBrainsPrograms.html","/wiki/Behavioral_and_Brain_Sciences","/wiki/Digital_object_identifier","http://dx.doi.org/10.1017%2FS0140525X00005756","/wiki/Hubert_Dreyfus","/wiki/Dreyfus%27_critique_of_AI","/wiki/International_Standard_Book_Number","/wiki/Special:BookSources/0-06-090613-8","/wiki/Roger_Penrose","/wiki/The_Emperor%27s_New_Mind","/wiki/International_Standard_Book_Number","/wiki/Special:BookSources/0-14-014534-6","/wiki/Alan_Turing","http://loebner.net/Prizef/TuringArticle.html","/wiki/Mind_(journal)","/wiki/Digital_object_identifier","http://dx.doi.org/10.1093%2Fmind%2FLIX.236.433","/wiki/International_Standard_Serial_Number","//www.worldcat.org/issn/0026-4423","/wiki/Hans_Moravec","/wiki/Ray_Kurzweil","/wiki/The_Singularity_is_Near","/wiki/International_Standard_Book_Number","/wiki/Special:BookSources/0-670-03384-7","#cite_ref-4","http://www.adaptiveai.com/research/index.htm#different_approach","/wiki/International_Standard_Book_Number","/wiki/Special:BookSources/3-540-23733-X","#cite_ref-5","/wiki/Artificial_Intelligence_System","http://portal.acm.org/citation.cfm?id=591856","/wiki/Cat_intelligence#Computer_simulation_of_the_cat_brain","#cite_ref-6","http://mitpress.mit.edu/catalog/item/default.asp?ttype=6&tid=18358","#cite_ref-7","http://newsvote.bbc.co.uk/mpapps/pagetools/print/news.bbc.co.uk/2/hi/science/nature/7740484.stm?ad=1","#cite_ref-8","http://seedmagazine.com/content/article/out_of_the_blue/","#cite_ref-9","#cite_ref-10","/wiki/Ben_Goertzel","http://scholar.google.com/scholar?hl=sv&lr=&cluster=15189798216526465792","/wiki/Digital_object_identifier","http://dx.doi.org/10.1016%2Fj.artint.2007.10.011","#cite_ref-11","/wiki/Special:BookSources/9781558604674","/w/index.php?title=Artificial_brain&action=edit&section=5","/w/index.php?title=Artificial_brain&veaction=edit&section=5","http://www.andcorporation.com/","http://www.artificialbrains.com","http://www.kurzweilai.net/meme/frame.html?m=3","/wiki/Template:Emerging_technologies","/wiki/Template_talk:Emerging_technologies","//en.wikipedia.org/w/index.php?title=Template:Emerging_technologies&action=edit","/wiki/Emerging_technologies","/wiki/Technology","/wiki/Agriculture","/wiki/Agricultural_robot","/wiki/In_vitro_meat","/wiki/Genetically_modified_food","/wiki/Precision_agriculture","/wiki/Vertical_farming","/wiki/Biomedical_technology","/wiki/Ampakine","/wiki/Brain_transplant","/wiki/Cryonics","/wiki/Cells_Alive_System","/wiki/Full_genome_sequencing","/wiki/Genetic_engineering","/wiki/Gene_therapy","/wiki/Personalized_medicine","/wiki/Regenerative_medicine","/wiki/Stem_cell_treatments","/wiki/Tissue_engineering","/wiki/Head_transplant","/wiki/Isolated_brain","/wiki/Robotic_surgery","/wiki/Strategies_for_Engineered_Negligible_Senescence","/wiki/Suspended_animation","/wiki/Synthetic_biology","/wiki/Synthetic_genomics","/wiki/Autostereoscopy","/wiki/Holographic_display","/wiki/Next_generation_of_display_technology","/wiki/Screenless","/wiki/Bionic_contact_lens","/wiki/Head-mounted_display","/wiki/Head-up_display","/wiki/Virtual_retinal_display","/wiki/Electronic_nose","/wiki/Electronic_textile","/wiki/Flexible_electronics","/wiki/Memristor","/wiki/Spintronics","/wiki/Thermal_copper_pillar_bump","/wiki/Energy_storage","/wiki/Beltway_battery","/wiki/Carbon_neutral_fuel","/wiki/Compressed_air_energy_storage","/wiki/Flywheel_energy_storage","/wiki/Grid_energy_storage","/wiki/Lithium_air_battery","/wiki/Molten_salt_battery","/wiki/Nanowire_battery","/wiki/Silicon_air_battery","/wiki/Thermal_energy_storage","/wiki/Electric_double-layer_capacitor","/wiki/Fusion_power","/wiki/Molten_salt_reactor","/wiki/Renewable_energy","/wiki/Airborne_wind_turbine","/wiki/Artificial_photosynthesis","/wiki/Biofuel","/wiki/Carbon_negative_fuel","/wiki/Concentrated_solar_power","/wiki/Home_fuel_cell","/wiki/Hydrogen_economy","/wiki/Nantenna","/wiki/Solar_roadway","/wiki/Space-based_solar_power","/wiki/Smart_grid","/wiki/Contactless_energy_transfer","/wiki/Information_and_communication_technologies","/wiki/Artificial_intelligence","/wiki/Applications_of_artificial_intelligence","/wiki/Progress_in_artificial_intelligence","/wiki/Machine_translation","/wiki/Machine_vision","/wiki/Semantic_Web","/wiki/Speech_recognition","/wiki/Atomtronics","/wiki/Cybermethodology","/wiki/Optical_disc#Fourth-generation","/wiki/3D_optical_data_storage","/wiki/Holographic_data_storage","/wiki/GPGPU","/wiki/CBRAM","/wiki/Ferroelectric_RAM","/wiki/Millipede_memory","/wiki/Magnetoresistive_random-access_memory","/wiki/Nano-RAM","/wiki/Phase-change_memory","/wiki/Racetrack_memory","/wiki/RRAM","/wiki/SONOS","/wiki/Optical_computing","/wiki/Quantum_computer","/wiki/Quantum_cryptography","/wiki/Radio-frequency_identification","/wiki/Three-dimensional_integrated_circuit","/wiki/3D_printing","/wiki/Contour_Crafting","/wiki/Claytronics","/wiki/Molecular_assembler","/wiki/Utility_fog","/wiki/Materials_science","/wiki/Artificial_muscle","/wiki/Graphene","/wiki/High-temperature_superconductivity","/wiki/Superfluid","/wiki/Metamaterial","/wiki/Metamaterial_cloaking","/wiki/Multi-function_structure","/wiki/Nanotechnology","/wiki/Carbon_nanotube","/wiki/Molecular_nanotechnology","/wiki/Nanomaterials","/wiki/Programmable_matter","/wiki/Quantum_dot","/wiki/Military_technology","/wiki/Antimatter_weapon","/wiki/Directed-energy_weapon","/wiki/Laser","/wiki/Maser","/wiki/Particle_beam_weapon","/wiki/Sonic_weapon","/wiki/Electromagnetic_weapon","/wiki/Coilgun","/wiki/Railgun","/wiki/Plasma_weapon","/wiki/Pure_fusion_weapon","/wiki/Neuroscience","/wiki/Blue_Brain_Project","/wiki/Electroencephalography","/wiki/Mind_uploading","/wiki/Brain-reading","/wiki/Neuroinformatics","/wiki/Neuroprosthetics","/wiki/Visual_prosthesis","/wiki/Brain_implant","/wiki/Exocortex","/wiki/Retinal_implant","/wiki/Future_of_robotics","/wiki/Nanorobotics","/wiki/Powered_exoskeleton","/wiki/Self-reconfiguring_modular_robot","/wiki/Swarm_robotics","/wiki/Adaptive_Compliant_Wing","/wiki/Alternative_fuel_vehicle","/wiki/Hydrogen_vehicle","/wiki/Backpack_helicopter","/wiki/Autonomous_car","/wiki/Flying_car_(aircraft)","/wiki/Ground_effect_train","/wiki/Hyperloop","/wiki/Jet_pack","/wiki/Interstellar_travel","/wiki/Laser_propulsion","/wiki/Maglev","/wiki/Non-rocket_spacelaunch","/wiki/Mass_driver","/wiki/Orbital_ring","/wiki/Skyhook_(structure)","/wiki/Space_elevator","/wiki/Space_fountain","/wiki/Space_tether","/wiki/Personal_rapid_transit","/wiki/Plasma_propulsion_engine","/wiki/Helicon_Double_Layer_Thruster","/wiki/Variable_Specific_Impulse_Magnetoplasma_Rocket","/wiki/Pulse_detonation_engine","/wiki/Nuclear_pulse_propulsion","/wiki/Scramjet","/wiki/Solar_sail","/wiki/Spaceplane","/wiki/Supersonic_transport","/wiki/Tweel","/wiki/Vactrain","/wiki/Anti-gravity","/wiki/Arcology","/wiki/Cloak_of_invisibility","/wiki/Digital_scent_technology","/wiki/Domed_city","/wiki/Force_shield","/wiki/Plasma_window","/wiki/Immersion_(virtual_reality)","/wiki/Magnetic_refrigeration","/wiki/Phased-array_optics","/wiki/Quantum_technology","/wiki/Quantum_teleportation","/wiki/Collingridge_dilemma","/wiki/Differential_technological_development","/wiki/Ephemeralization","/wiki/Exploratory_engineering","/wiki/Fictional_technology","/wiki/Proactionary_principle","/wiki/Technological_change","/wiki/Technological_convergence","/wiki/Technological_evolution","/wiki/Technological_unemployment","/wiki/Technology_forecasting","/wiki/Accelerating_change","/wiki/Moore%27s_law","/wiki/Timeline_of_the_future_in_forecasts","/wiki/Technological_singularity","/wiki/Technology_scouting","/wiki/Technology_readiness_level","/wiki/Technology_roadmap","/wiki/Transhumanism","/wiki/Virtusphere","//upload.wikimedia.org/wikipedia/en/thumb/4/48/Folder_Hexagonal_Icon.svg/16px-Folder_Hexagonal_Icon.svg.png","/wiki/Category:Emerging_technologies","//upload.wikimedia.org/wikipedia/en/thumb/d/db/Symbol_list_class.svg/16px-Symbol_list_class.svg.png","/wiki/List_of_emerging_technologies","//en.wikipedia.org/w/index.php?title=Special:CentralAutoLogin/start&type=1x1&from=enwiki","http://en.wikipedia.org/w/index.php?title=Artificial_brain&oldid=562915734","/wiki/Help:Category","/wiki/Category:Artificial_intelligence","/wiki/Category:Neuroscience","/wiki/Category:Robotics","/wiki/Category:Multi-agent_systems","/wiki/Category:Emerging_technologies","/wiki/Category:All_articles_with_unsourced_statements","/wiki/Category:Articles_with_unsourced_statements_from_May_2013","/w/index.php?title=Special:UserLogin&returnto=Artificial+brain&type=signup","/w/index.php?title=Special:UserLogin&returnto=Artificial+brain","/wiki/Artificial_brain","/wiki/Talk:Artificial_brain","#","/wiki/Artificial_brain","/w/index.php?title=Artificial_brain&action=edit","/w/index.php?title=Artificial_brain&veaction=edit","/w/index.php?title=Artificial_brain&action=history","#","/w/index.php","//bits.wikimedia.org/static-1.22wmf12/skins/vector/images/search-ltr.png?303-4","/wiki/Main_Page","/wiki/Main_Page","/wiki/Portal:Contents","/wiki/Portal:Featured_content","/wiki/Portal:Current_events","/wiki/Special:Random","https://donate.wikimedia.org/wiki/Special:FundraiserRedirector?utm_source=donate&utm_medium=sidebar&utm_campaign=C13_en.wikipedia.org&uselang=en","/wiki/Help:Contents","/wiki/Wikipedia:About","/wiki/Wikipedia:Community_portal","/wiki/Special:RecentChanges","//en.wikipedia.org/wiki/Wikipedia:Contact_us","/wiki/Special:WhatLinksHere/Artificial_brain","/wiki/Special:RecentChangesLinked/Artificial_brain","/wiki/Wikipedia:File_Upload_Wizard","/wiki/Special:SpecialPages","/w/index.php?title=Artificial_brain&oldid=562915734","/w/index.php?title=Artificial_brain&action=info","//www.wikidata.org/wiki/Q977260","/w/index.php?title=Special:Cite&page=Artificial_brain&id=562915734","/w/index.php?title=Special:Book&bookcmd=book_creator&referer=Artificial+brain","/w/index.php?title=Special:Book&bookcmd=render_article&arttitle=Artificial+brain&oldid=562915734&writer=rl","/w/index.php?title=Artificial_brain&printable=yes","//ar.wikipedia.org/wiki/%D8%B9%D9%82%D9%84_%D8%A7%D8%B5%D8%B7%D9%86%D8%A7%D8%B9%D9%8A","//ca.wikipedia.org/wiki/Cervell_artificial","//es.wikipedia.org/wiki/Cerebro_artificial","//fr.wikipedia.org/wiki/Cerveau_artificiel","//pt.wikipedia.org/wiki/C%C3%A9rebro_artificial","#","//www.wikidata.org/wiki/Q977260#sitelinks-wikipedia","//en.wikipedia.org/wiki/Wikipedia:Text_of_Creative_Commons_Attribution-ShareAlike_3.0_Unported_License","//creativecommons.org/licenses/by-sa/3.0/","//wikimediafoundation.org/wiki/Terms_of_Use","//wikimediafoundation.org/wiki/Privacy_policy","//www.wikimediafoundation.org/","//wikimediafoundation.org/wiki/Privacy_policy","/wiki/Wikipedia:About","/wiki/Wikipedia:General_disclaimer","//en.wikipedia.org/wiki/Wikipedia:Contact_us","//en.m.wikipedia.org/wiki/Artificial_brain","//wikimediafoundation.org/","//bits.wikimedia.org/images/wikimedia-button.png","//www.mediawiki.org/","//bits.wikimedia.org/static-1.22wmf12/skins/common/images/poweredby_mediawiki_88x31.png","//bits.wikimedia.org/en.wikipedia.org/load.php?debug=false&lang=en&modules=site&only=scripts&skin=vector&*"],"instances":["conference"],"pdf":[],"categories":["Artificial intelligence","Neuroscience","Robotics","Multi-agent systems","Emerging technologies"],"headings":["Approaches to brain simulation","Artificial brain thought experiment","See also","References","External links"],"image":["//upload.wikimedia.org/wikipedia/commons/thumb/1/1e/Estimations_of_Human_Brain_Emulation_Required_Performance.svg/400px-Estimations_of_Human_Brain_Emulation_Required_Performance.svg.png","//bits.wikimedia.org/static-1.22wmf12/skins/common/images/magnify-clip.png","//upload.wikimedia.org/wikipedia/en/thumb/4/48/Folder_Hexagonal_Icon.svg/16px-Folder_Hexagonal_Icon.svg.png","//upload.wikimedia.org/wikipedia/en/thumb/d/db/Symbol_list_class.svg/16px-Symbol_list_class.svg.png","//en.wikipedia.org/w/index.php?title=Special:CentralAutoLogin/start&type=1x1&from=enwiki","//bits.wikimedia.org/static-1.22wmf12/skins/vector/images/search-ltr.png?303-4","//bits.wikimedia.org/images/wikimedia-button.png","//bits.wikimedia.org/static-1.22wmf12/skins/common/images/poweredby_mediawiki_88x31.png"],"tags":[["ted","conference"],["orders_of_magnitude","numbers#1012"]],"members":["orders_of_magnitude","ted"],"related":["Computer_software","Computer_hardware","Human_brain","Neurology","Cognitive_neuroscience","Philosophy_of_artificial_intelligence","Strong_AI","John_Searle","Chinese_room","Hubert_Dreyfus","Dreyfus'_critique_of_AI","Roger_Penrose","Alan_Turing","Computing_Machinery_and_Intelligence","Dreyfus'_critique_of_AI","Artificial_general_intelligence","Whole_brain_emulation","Henry_Markram","Blue_Brain","TED_(conference)","Anders_Sandberg","Nick_Bostrom","TOP500","Artificial_neural_networks","High-performance_computing","Artificial_Intelligence_System","Evolutionary_computation","Retina","The_Pentagon","Blue_Brain_Project","IBM","Lausanne","Neuron","Blue_Brain_Project","Consciousness","Brain_cell","Human_brain","Human_brain","Cognition","Landauer's_Principle","Turing_test","Animat","Artificial_intelligence","Artificial_intelligence","Artificial_Intelligence_System","Artificial_life","Biological_neural_network","Blue_Brain","CoDi","Cognitive_architecture","Human_Brain_Project","Multi-agent_system","Robotic","Simulated_reality"]}