{"cursor":"4649","size":15,"audio":[],"currentlang":"en","article":"{{Infobox Organization\n| name = Association for the Advancement of Artificial Intelligence image = Aaai-\n| logo.jpg image_border = size = 140x103 caption = formation = 1979 type =\n| headquarters = Menlo Park, California, United States location = language =\n| leader_title = President leader_name = Henry Kautz key_people = num_staff =\n| budget = website =\n}} The 'Association for the Advancement of Artificial Intelligence' ('AAAI') is\nan international, nonprofit, scientific society devoted to advancing the\nscientific understanding of the mechanisms underlying thought and intelligent\nbehavior and their embodiment in machines. AAAI also aims to increase public\nunderstanding of artificial intelligence (AI), improve the teaching and training\nof AI practitioners, and provide guidance for research planners and funders\nconcerning the importance and potential of current AI developments and future\ndirections. http://www.slate.com/blogs/future_tense/2013/07/19/ai_is_not_as-\n_smart_as_a_4_year_old_child.html {{cite web |url=http://www.news.cornell.edu/stories/2013/08/computer-scientist-lillian-\nlee-named-aaai-fellow |title=Computer scientist Lillian Lee named AAAI Fellow\n|date=August 14, 2013 |work=Cornell Chronicle |accessdate=August 15,\n2013}}\n","linknr":143,"url":"Association_for_the_Advancement_of_Artificial_Intelligence","recorded":1376545656,"links":["/w/index.php?title=Association_for_the_Advancement_of_Artificial_Intelligence&action=edit","/w/index.php?title=Association_for_the_Advancement_of_Artificial_Intelligence&action=edit","//bits.wikimedia.org/favicon/wikipedia.ico","/w/opensearch_desc.php","//en.wikipedia.org/w/api.php?action=rsd","//creativecommons.org/licenses/by-sa/3.0/","/w/index.php?title=Special:RecentChanges&feed=atom","http://en.wikipedia.org/wiki/Association_for_the_Advancement_of_Artificial_Intelligence","//bits.wikimedia.org/en.wikipedia.org/load.php?debug=false&lang=en&modules=ext.gadget.DRN-wizard%2CReferenceTooltips%2Ccharinsert%2Cteahouse%7Cext.rtlcite%2Cwikihiero%7Cext.uls.nojs%7Cmediawiki.legacy.commonPrint%2Cshared%7Cmw.PopUpMediaTransform%7Cskins.vector&only=styles&skin=vector&*","//bits.wikimedia.org/en.wikipedia.org/load.php?debug=false&lang=en&modules=ext.visualEditor.viewPageTarget.noscript&only=styles&skin=vector&*","//bits.wikimedia.org/en.wikipedia.org/load.php?debug=false&lang=en&modules=site&only=styles&skin=vector&*","//bits.wikimedia.org/en.wikipedia.org/load.php?debug=false&lang=en&modules=startup&only=scripts&skin=vector&*","//bits.wikimedia.org/geoiplookup","//meta.wikimedia.org","#mw-navigation","#p-search","/wiki/File:Association_for_the_Advancement_of_Artificial_Intelligence_(logo).jpg","//upload.wikimedia.org/wikipedia/en/b/ba/Association_for_the_Advancement_of_Artificial_Intelligence_%28logo%29.jpg","/wiki/Menlo_Park,_California","/wiki/United_States","/w/index.php?title=Henry_Kautz&action=edit&redlink=1","http://www.aaai.org/","/wiki/Artificial_intelligence","#cite_note-1","#cite_note-2","#History","#Activities","#See_also","#References","#External_links","/w/index.php?title=Association_for_the_Advancement_of_Artificial_Intelligence&action=edit&section=1","/w/index.php?title=Association_for_the_Advancement_of_Artificial_Intelligence&veaction=edit&section=1","/wiki/Computer_science","/wiki/Allen_Newell","/wiki/Edward_Feigenbaum","/wiki/Marvin_Minsky","/wiki/John_McCarthy_(computer_scientist)","/wiki/Eric_Horvitz","/w/index.php?title=Henry_Kautz&action=edit&redlink=1","/wiki/Manuela_Veloso","#cite_note-3","/w/index.php?title=Association_for_the_Advancement_of_Artificial_Intelligence&action=edit&section=2","/w/index.php?title=Association_for_the_Advancement_of_Artificial_Intelligence&veaction=edit&section=2","/wiki/Menlo_Park,_California","/wiki/MIT_Press","/wiki/AI_Magazine","#cite_note-4","#cite_note-5","#cite_note-6","/wiki/International_Joint_Conference_on_Artificial_Intelligence","/w/index.php?title=Association_for_the_Advancement_of_Artificial_Intelligence&action=edit&section=3","/w/index.php?title=Association_for_the_Advancement_of_Artificial_Intelligence&veaction=edit&section=3","/wiki/Category:Fellows_of_the_Association_for_the_Advancement_of_Artificial_Intelligence","/w/index.php?title=Association_for_the_Advancement_of_Artificial_Intelligence&action=edit&section=4","/w/index.php?title=Association_for_the_Advancement_of_Artificial_Intelligence&veaction=edit&section=4","#cite_ref-1","http://www.slate.com/blogs/future_tense/2013/07/19/ai_is_not_as_smart_as_a_4_year_old_child.html","#cite_ref-2","http://www.news.cornell.edu/stories/2013/08/computer-scientist-lillian-lee-named-aaai-fellow","#cite_ref-3","http://www.aaai.org/Organization/officers.php","#cite_ref-4","http://www.aaai.org/Conferences/AAAI/aaai.php","http://web.archive.org/web/20091030114026/http://www.aaai.org/Conferences/AAAI/aaai.php","#cite_ref-5","http://www.core.edu.au/rankings/Conference%20Ranking%20Main.html","http://web.archive.org/web/20091002002344/http://www.core.edu.au/rankings/Conference%20Ranking%20Main.html","/wiki/Wikipedia:Link_rot","#cite_ref-6","http://libra.msra.cn/CSDirectory/conf_category_5.htm","/w/index.php?title=Association_for_the_Advancement_of_Artificial_Intelligence&action=edit&section=5","/w/index.php?title=Association_for_the_Advancement_of_Artificial_Intelligence&veaction=edit&section=5","http://www.aaai.org/","//en.wikipedia.org/w/index.php?title=Special:CentralAutoLogin/start&type=1x1&from=enwiki","http://en.wikipedia.org/w/index.php?title=Association_for_the_Advancement_of_Artificial_Intelligence&oldid=568582620","/wiki/Help:Category","/wiki/Category:Artificial_intelligence_associations","/wiki/Category:Computer_science_organizations","/wiki/Category:Organizations_established_in_1979","/wiki/Category:Association_for_the_Advancement_of_Artificial_Intelligence","/wiki/Category:Menlo_Park,_California","/wiki/Category:Computer_science-related_professional_associations","/wiki/Category:All_articles_with_dead_external_links","/wiki/Category:Articles_with_dead_external_links_from_September_2010","/w/index.php?title=Special:UserLogin&returnto=Association+for+the+Advancement+of+Artificial+Intelligence&type=signup","/w/index.php?title=Special:UserLogin&returnto=Association+for+the+Advancement+of+Artificial+Intelligence","/wiki/Association_for_the_Advancement_of_Artificial_Intelligence","/wiki/Talk:Association_for_the_Advancement_of_Artificial_Intelligence","#","/wiki/Association_for_the_Advancement_of_Artificial_Intelligence","/w/index.php?title=Association_for_the_Advancement_of_Artificial_Intelligence&action=edit","/w/index.php?title=Association_for_the_Advancement_of_Artificial_Intelligence&veaction=edit","/w/index.php?title=Association_for_the_Advancement_of_Artificial_Intelligence&action=history","#","/w/index.php","//bits.wikimedia.org/static-1.22wmf12/skins/vector/images/search-ltr.png?303-4","/wiki/Main_Page","/wiki/Main_Page","/wiki/Portal:Contents","/wiki/Portal:Featured_content","/wiki/Portal:Current_events","/wiki/Special:Random","https://donate.wikimedia.org/wiki/Special:FundraiserRedirector?utm_source=donate&utm_medium=sidebar&utm_campaign=C13_en.wikipedia.org&uselang=en","/wiki/Help:Contents","/wiki/Wikipedia:About","/wiki/Wikipedia:Community_portal","/wiki/Special:RecentChanges","//en.wikipedia.org/wiki/Wikipedia:Contact_us","/wiki/Special:WhatLinksHere/Association_for_the_Advancement_of_Artificial_Intelligence","/wiki/Special:RecentChangesLinked/Association_for_the_Advancement_of_Artificial_Intelligence","/wiki/Wikipedia:File_Upload_Wizard","/wiki/Special:SpecialPages","/w/index.php?title=Association_for_the_Advancement_of_Artificial_Intelligence&oldid=568582620","/w/index.php?title=Association_for_the_Advancement_of_Artificial_Intelligence&action=info","//www.wikidata.org/wiki/Q2739680","/w/index.php?title=Special:Cite&page=Association_for_the_Advancement_of_Artificial_Intelligence&id=568582620","/w/index.php?title=Special:Book&bookcmd=book_creator&referer=Association+for+the+Advancement+of+Artificial+Intelligence","/w/index.php?title=Special:Book&bookcmd=render_article&arttitle=Association+for+the+Advancement+of+Artificial+Intelligence&oldid=568582620&writer=rl","/w/index.php?title=Association_for_the_Advancement_of_Artificial_Intelligence&printable=yes","//es.wikipedia.org/wiki/American_Association_for_Artificial_Intelligence","//fa.wikipedia.org/wiki/%D8%A7%D9%86%D8%AC%D9%85%D9%86_%D9%BE%DB%8C%D8%B4%D8%A8%D8%B1%D8%AF_%D9%87%D9%88%D8%B4_%D9%85%D8%B5%D9%86%D9%88%D8%B9%DB%8C","//fr.wikipedia.org/wiki/Association_for_the_Advancement_of_Artificial_Intelligence","//ko.wikipedia.org/wiki/%EC%A0%84%EB%AF%B8%EC%9D%B8%EA%B3%B5%EC%A7%80%EB%8A%A5%ED%95%99%ED%9A%8C","//ja.wikipedia.org/wiki/%E3%82%A2%E3%83%A1%E3%83%AA%E3%82%AB%E4%BA%BA%E5%B7%A5%E7%9F%A5%E8%83%BD%E5%AD%A6%E4%BC%9A","//sv.wikipedia.org/wiki/Association_for_the_Advancement_of_Artificial_Intelligence","//uk.wikipedia.org/wiki/%D0%90%D1%81%D0%BE%D1%86%D1%96%D0%B0%D1%86%D1%96%D1%8F_%D0%B7_%D1%80%D0%BE%D0%B7%D0%B2%D0%B8%D1%82%D0%BA%D1%83_%D1%88%D1%82%D1%83%D1%87%D0%BD%D0%BE%D0%B3%D0%BE_%D1%96%D0%BD%D1%82%D0%B5%D0%BB%D0%B5%D0%BA%D1%82%D1%83","//zh.wikipedia.org/wiki/%E7%BE%8E%E5%9B%BD%E4%BA%BA%E5%B7%A5%E6%99%BA%E8%83%BD%E5%8D%8F%E4%BC%9A","#","//www.wikidata.org/wiki/Q2739680#sitelinks-wikipedia","//en.wikipedia.org/wiki/Wikipedia:Text_of_Creative_Commons_Attribution-ShareAlike_3.0_Unported_License","//creativecommons.org/licenses/by-sa/3.0/","//wikimediafoundation.org/wiki/Terms_of_Use","//wikimediafoundation.org/wiki/Privacy_policy","//www.wikimediafoundation.org/","//wikimediafoundation.org/wiki/Privacy_policy","/wiki/Wikipedia:About","/wiki/Wikipedia:General_disclaimer","//en.wikipedia.org/wiki/Wikipedia:Contact_us","//en.m.wikipedia.org/wiki/Association_for_the_Advancement_of_Artificial_Intelligence","//wikimediafoundation.org/","//bits.wikimedia.org/images/wikimedia-button.png","//www.mediawiki.org/","//bits.wikimedia.org/static-1.22wmf12/skins/common/images/poweredby_mediawiki_88x31.png","//bits.wikimedia.org/en.wikipedia.org/load.php?debug=false&lang=en&modules=site&only=scripts&skin=vector&*"],"instances":["computer_scientist"],"pdf":[],"categories":["Artificial intelligence associations","Computer science organizations","Organizations established in 1979","Association for the Advancement of Artificial Intelligence","Menlo Park, California","Computer science-related professional associations"],"headings":["History","Activities","See also","References","External links"],"image":["//upload.wikimedia.org/wikipedia/en/b/ba/Association_for_the_Advancement_of_Artificial_Intelligence_%28logo%29.jpg","//en.wikipedia.org/w/index.php?title=Special:CentralAutoLogin/start&type=1x1&from=enwiki","//bits.wikimedia.org/static-1.22wmf12/skins/vector/images/search-ltr.png?303-4","//bits.wikimedia.org/images/wikimedia-button.png","//bits.wikimedia.org/static-1.22wmf12/skins/common/images/poweredby_mediawiki_88x31.png"],"tags":[["john_mccarthy","computer_scientist"]],"members":["john_mccarthy"],"related":["Menlo_Park,_California","United_States","Henry_Kautz","Artificial_intelligence","Computer_science","Allen_Newell","Edward_Feigenbaum","Marvin_Minsky","John_McCarthy_(computer_scientist)","Eric_Horvitz","Henry_Kautz","Manuela_Veloso","Menlo_Park,_California","MIT_Press","International_Joint_Conference_on_Artificial_Intelligence"]}