{"cursor":"6821","size":15,"audio":[],"currentlang":"en","article":"A 'bacterial artificial chromosome (BAC)' is a DNA construct, based on a\nfunctional fertility plasmid (or F-plasmid), used for transforming and cloning\nin bacteria, usually [[Escherichia coli|E. coli]]. {{cite journal |author=O'Connor M, Peifer M, Bender W\n|year=1989 |title=Construction of large DNA segments in Escherichia coli\n|journal=Science |volume=244 |issue=4910 |pages=1307â1312\n|doi=10.1126/science.2660262 |pmid=2660262 }} {{cite journal |author=Shizuya H, Birren B, Kim U-J, Mancino\nV, Slepak T, Tachiiri Y, Simon M |year=1992 |title=Cloning and stable\nmaintenance of 300-kilobase-pair fragments of human DNA in Escherichia coli\nusing an F-factor-based vector |journal=Proc Natl Acad Sci USA |volume=89\n|issue=18 |pages=8794â8797 |doi=10.1073/pnas.89.18.8794 |pmid=1528894 |pmc=50007\n}}  F-plasmids play a crucial role because they contain\npartition genes that promote the even distribution of plasmids after bacterial\ncell division. The bacterial artificial chromosome's usual insert size is 150-\n350 kbp. {{cite journal |author=Stone NE, Fan J-B, Willour\nV, Pennacchio LA, Warrington JA, Hu A, Chapelle A, Lehesjoki A-E, Cox DR, Myers\nRM |year=1996 |title=Construction of a 750-kb bacterial clone contig and\nrestriction map in the region of human chromosome 21 containing the progressive\nmyoclonus epilepsy gene |journal=Genome Research |volume=6 |pages=218â225\n|doi=10.1101/gr.6.3.218 |pmid=8963899 |issue=3 }} A similar cloning vector\ncalled a PAC has also been produced from the bacterial P1-plasmid.\n\nBACs are often used to sequence the genome of organisms in genome projects, for\nexample the Human Genome Project. A short piece of the organism's DNA is\namplified as an insert in BACs, and then sequenced. Finally, the sequenced parts\nare rearranged [[in silico]], resulting in the genomic sequence of the organism.\n","linknr":269,"url":"Bacterial_artificial_chromosome","recorded":1376418967,"links":["/w/index.php?title=Bacterial_artificial_chromosome&action=edit","/w/index.php?title=Bacterial_artificial_chromosome&action=edit","//bits.wikimedia.org/favicon/wikipedia.ico","/w/opensearch_desc.php","//en.wikipedia.org/w/api.php?action=rsd","//creativecommons.org/licenses/by-sa/3.0/","/w/index.php?title=Special:RecentChanges&feed=atom","http://en.wikipedia.org/wiki/Bacterial_artificial_chromosome","//bits.wikimedia.org/en.wikipedia.org/load.php?debug=false&lang=en&modules=ext.gadget.DRN-wizard%2CReferenceTooltips%2Ccharinsert%2Cteahouse%7Cext.rtlcite%2Cwikihiero%7Cext.uls.nojs%7Cmediawiki.legacy.commonPrint%2Cshared%7Cmw.PopUpMediaTransform%7Cskins.vector&only=styles&skin=vector&*","//bits.wikimedia.org/en.wikipedia.org/load.php?debug=false&lang=en&modules=site&only=styles&skin=vector&*","//bits.wikimedia.org/en.wikipedia.org/load.php?debug=false&lang=en&modules=startup&only=scripts&skin=vector&*","//bits.wikimedia.org/geoiplookup","//meta.wikimedia.org","#mw-navigation","#p-search","/wiki/DNA_construct","/wiki/Plasmid","/wiki/F-plasmid","/wiki/Transformation_(genetics)","/wiki/Cloning","/wiki/Bacteria","/wiki/Escherichia_coli","#cite_note-OConnor1989-1","#cite_note-Shizuya1992-2","#cite_note-3","/wiki/Base_pair","#cite_note-Stone1996-4","/wiki/Cloning_vector","/wiki/P1-derived_artificial_chromosome","/wiki/Sequencing","/wiki/Genome_project","/wiki/Human_Genome_Project","/wiki/DNA","/wiki/In_silico","#Common_gene_components","#Contribution_to_models_of_disease","#Inherited_disease","#Infectious_disease","#See_also","#References","#External_links","/w/index.php?title=Bacterial_artificial_chromosome&action=edit&section=1","/wiki/ParABS_system","/wiki/ParABS_system","/wiki/Selectable_marker","/wiki/Antibiotic_resistance","/wiki/LacZ","/wiki/Blue_white_screen","/wiki/Promoter_(genetics)","/w/index.php?title=Bacterial_artificial_chromosome&action=edit&section=2","/w/index.php?title=Bacterial_artificial_chromosome&action=edit&section=3","/w/index.php?title=Modelling_genetic_diseases&action=edit&redlink=1","/wiki/Transgenic","/wiki/Promoter_(biology)","/wiki/Aneuploidy","/wiki/Oncogene","/wiki/DNA_microarray","/wiki/Wikipedia:Citation_needed","/w/index.php?title=Bacterial_artificial_chromosome&action=edit&section=4","/wiki/DNA_viruses","/wiki/RNA_viruses","/wiki/Herpesviridae","/wiki/Poxviridae","/wiki/Coronaviridae","#cite_note-Almazan2000-5","#cite_note-Domi2002-6","#cite_note-Messerle1997-7","/wiki/Homologous_recombination","#cite_note-8","/w/index.php?title=Bacterial_artificial_chromosome&action=edit&section=5","/wiki/Human_artificial_chromosome","/wiki/Yeast_artificial_chromosome","/wiki/Fosmid","/wiki/Cosmid","/w/index.php?title=Bacterial_artificial_chromosome&action=edit&section=6","#cite_ref-OConnor1989_1-0","/wiki/Digital_object_identifier","http://dx.doi.org/10.1126%2Fscience.2660262","/wiki/PubMed_Identifier","//www.ncbi.nlm.nih.gov/pubmed/2660262","#cite_ref-Shizuya1992_2-0","http://www.ncbi.nlm.nih.gov/pmc/articles/PMC50007","/wiki/Digital_object_identifier","http://dx.doi.org/10.1073%2Fpnas.89.18.8794","/wiki/PubMed_Central","//www.ncbi.nlm.nih.gov/pmc/articles/PMC50007","/wiki/PubMed_Identifier","//www.ncbi.nlm.nih.gov/pubmed/1528894","#cite_ref-3","http://www.kjm.keio.ac.jp/past/50/1/26.pdf","/wiki/PubMed_Identifier","//www.ncbi.nlm.nih.gov/pubmed/11296661","#cite_ref-Stone1996_4-0","/wiki/Len_A._Pennacchio","/wiki/Digital_object_identifier","http://dx.doi.org/10.1101%2Fgr.6.3.218","/wiki/PubMed_Identifier","//www.ncbi.nlm.nih.gov/pubmed/8963899","#cite_ref-Almazan2000_5-0","http://www.ncbi.nlm.nih.gov/pmc/articles/PMC25860","/wiki/Digital_object_identifier","http://dx.doi.org/10.1073%2Fpnas.97.10.5516","/wiki/PubMed_Central","//www.ncbi.nlm.nih.gov/pmc/articles/PMC25860","/wiki/PubMed_Identifier","//www.ncbi.nlm.nih.gov/pubmed/10805807","#cite_ref-Domi2002_6-0","http://www.ncbi.nlm.nih.gov/pmc/articles/PMC129459","/wiki/Digital_object_identifier","http://dx.doi.org/10.1073%2Fpnas.192420599","/wiki/PubMed_Central","//www.ncbi.nlm.nih.gov/pmc/articles/PMC129459","/wiki/PubMed_Identifier","//www.ncbi.nlm.nih.gov/pubmed/12196634","#cite_ref-Messerle1997_7-0","http://www.ncbi.nlm.nih.gov/pmc/articles/PMC25110","/wiki/Digital_object_identifier","http://dx.doi.org/10.1073%2Fpnas.94.26.14759","/wiki/PubMed_Central","//www.ncbi.nlm.nih.gov/pmc/articles/PMC25110","/wiki/PubMed_Identifier","//www.ncbi.nlm.nih.gov/pubmed/9405686","#cite_ref-8","http://www.herpesviridae.org/content/1/1/6","/w/index.php?title=Bacterial_artificial_chromosome&action=edit&section=7","http://www.scq.ubc.ca/?p=266","/w/index.php?title=Science_Creative_Quarterly&action=edit&redlink=1","http://www.empiregenomics.com/products-and-services/bac-clones-and-fish-probes","http://genomex.com/page.php?page=","/wiki/Template:Nucleic_acids","/wiki/Template_talk:Nucleic_acids","//en.wikipedia.org/w/index.php?title=Template:Nucleic_acids&action=edit","/wiki/Nucleic_acid","/wiki/Nucleobases","/wiki/Nucleosides","/wiki/Nucleotides","/wiki/Deoxynucleotides","/wiki/RNA","/wiki/Non-coding_RNA","/wiki/RNA#In_translation","/wiki/Messenger_RNA","/wiki/Precursor_mRNA","/wiki/Transfer_RNA","/wiki/Ribosomal_RNA","/wiki/Transfer-messenger_RNA","/wiki/RNA#Regulatory_RNAs","/wiki/MicroRNA","/wiki/Small_interfering_RNA","/wiki/Piwi-interacting_RNA","/wiki/Antisense_RNA","/wiki/RNA_interference","/wiki/RNA#In_RNA_processing","/wiki/Small_nuclear_RNA","/wiki/Small_nucleolar_RNA","/wiki/Guide_RNA","/wiki/Small_hairpin_RNA","/wiki/Small_temporal_RNA","/wiki/Trans-acting_siRNA","/wiki/Subgenomic_RNA","/w/index.php?title=Sutherland_RNA&action=edit&redlink=1","/wiki/DNA","/wiki/Complementary_DNA","/wiki/Chloroplast_DNA","/wiki/GDNA","/wiki/Multicopy_single-stranded_DNA","/wiki/Mitochondrial_DNA","/wiki/Nucleic_acid_analogues","/wiki/Xeno_Nucleic_Acid","/wiki/Glycol_nucleic_acid","/wiki/Threose_nucleic_acid","/w/index.php?title=Hexose_nucleic_acid&action=edit&redlink=1","/wiki/Locked_nucleic_acid","/wiki/Peptide_nucleic_acid","/wiki/Morpholino","/wiki/Cloning_vector","/wiki/Phagemid","/wiki/Plasmid","/wiki/Lambda_phage","/wiki/Cosmid","/wiki/Fosmid","/wiki/P1-derived_artificial_chromosome","/wiki/Yeast_artificial_chromosome","/wiki/Human_artificial_chromosome","/wiki/Biochemistry","/wiki/Template:Metabolism","/wiki/Template:Carbohydrates","/wiki/Template:Alcohols","/wiki/Template:Glycoproteins","/wiki/Template:Glycosides","/wiki/Template:Lipids","/wiki/Template:Eicosanoids","/wiki/Template:Fatty_acids","/wiki/Template:Fatty-acid_metabolism_intermediates","/wiki/Template:Phospholipids","/wiki/Template:Sphingolipids","/wiki/Template:Cholesterol_and_steroid_intermediates","/wiki/Template:Nucleic_acids","/wiki/Template:Nucleobases,_nucleosides,_and_nucleotides","/wiki/Template:Nucleotide_metabolism_intermediates","/wiki/Template:Protein_topics","/wiki/Template:Amino_acids","/wiki/Template:Amino_acid_metabolism_intermediates","/wiki/Template:Tetrapyrroles","/wiki/Template:Heme_metabolism_intermediates","//en.wikipedia.org/w/index.php?title=Special:CentralAutoLogin/start&type=1x1&from=enwiki","http://en.wikipedia.org/w/index.php?title=Bacterial_artificial_chromosome&oldid=564630575","/wiki/Help:Categories","/wiki/Category:Molecular_biology","/wiki/Category:All_articles_with_unsourced_statements","/wiki/Category:Articles_with_unsourced_statements_from_January_2011","/w/index.php?title=Special:UserLogin&returnto=Bacterial+artificial+chromosome&type=signup","/w/index.php?title=Special:UserLogin&returnto=Bacterial+artificial+chromosome","/wiki/Bacterial_artificial_chromosome","/wiki/Talk:Bacterial_artificial_chromosome","#","/wiki/Bacterial_artificial_chromosome","/w/index.php?title=Bacterial_artificial_chromosome&action=edit","/w/index.php?title=Bacterial_artificial_chromosome&action=history","#","/w/index.php","//bits.wikimedia.org/static-1.22wmf12/skins/vector/images/search-ltr.png?303-4","/wiki/Main_Page","/wiki/Main_Page","/wiki/Portal:Contents","/wiki/Portal:Featured_content","/wiki/Portal:Current_events","/wiki/Special:Random","https://donate.wikimedia.org/wiki/Special:FundraiserRedirector?utm_source=donate&utm_medium=sidebar&utm_campaign=C13_en.wikipedia.org&uselang=en","/wiki/Help:Contents","/wiki/Wikipedia:About","/wiki/Wikipedia:Community_portal","/wiki/Special:RecentChanges","//en.wikipedia.org/wiki/Wikipedia:Contact_us","/wiki/Special:WhatLinksHere/Bacterial_artificial_chromosome","/wiki/Special:RecentChangesLinked/Bacterial_artificial_chromosome","/wiki/Wikipedia:File_Upload_Wizard","/wiki/Special:SpecialPages","/w/index.php?title=Bacterial_artificial_chromosome&oldid=564630575","/w/index.php?title=Bacterial_artificial_chromosome&action=info","//www.wikidata.org/wiki/Q419061","/w/index.php?title=Special:Cite&page=Bacterial_artificial_chromosome&id=564630575","/w/index.php?title=Special:Book&bookcmd=book_creator&referer=Bacterial+artificial+chromosome","/w/index.php?title=Special:Book&bookcmd=render_article&arttitle=Bacterial+artificial+chromosome&oldid=564630575&writer=rl","/w/index.php?title=Bacterial_artificial_chromosome&printable=yes","//ar.wikipedia.org/wiki/%D8%B5%D8%A8%D8%BA%D9%8A_%D8%A7%D9%84%D8%A8%D9%83%D8%AA%D9%8A%D8%B1%D9%8A%D8%A7_%D8%A7%D9%84%D8%B5%D9%86%D8%A7%D8%B9%D9%8A","//ca.wikipedia.org/wiki/Cromosoma_artificial_bacteri%C3%A0","//de.wikipedia.org/wiki/Bacterial_Artificial_Chromosome","//es.wikipedia.org/wiki/Cromosoma_artificial_bacteriano","//fr.wikipedia.org/wiki/Chromosome_artificiel_bact%C3%A9rien","//gl.wikipedia.org/wiki/Cromosoma_artificial_bacteriano","//it.wikipedia.org/wiki/Bacterial_artificial_chromosome","//pl.wikipedia.org/wiki/Sztuczny_chromosom_bakteryjny","//zh.wikipedia.org/wiki/%E7%B4%B0%E8%8F%8C%E4%BA%BA%E5%B7%A5%E6%9F%93%E8%89%B2%E9%AB%94","#","//www.wikidata.org/wiki/Q419061#sitelinks-wikipedia","//en.wikipedia.org/wiki/Wikipedia:Text_of_Creative_Commons_Attribution-ShareAlike_3.0_Unported_License","//creativecommons.org/licenses/by-sa/3.0/","//wikimediafoundation.org/wiki/Terms_of_Use","//wikimediafoundation.org/wiki/Privacy_policy","//www.wikimediafoundation.org/","//wikimediafoundation.org/wiki/Privacy_policy","/wiki/Wikipedia:About","/wiki/Wikipedia:General_disclaimer","//en.wikipedia.org/wiki/Wikipedia:Contact_us","//en.m.wikipedia.org/wiki/Bacterial_artificial_chromosome","//wikimediafoundation.org/","//bits.wikimedia.org/images/wikimedia-button.png","//www.mediawiki.org/","//bits.wikimedia.org/static-1.22wmf12/skins/common/images/poweredby_mediawiki_88x31.png","//bits.wikimedia.org/en.wikipedia.org/load.php?debug=false&lang=en&modules=site&only=scripts&skin=vector&*"],"instances":["biology","genetics"],"pdf":["http://www.kjm.keio.ac.jp/past/50/1/26.pdf"],"categories":["Molecular biology"],"headings":["Common gene components","Contribution to models of disease","See also","References","External links"],"image":["//en.wikipedia.org/w/index.php?title=Special:CentralAutoLogin/start&type=1x1&from=enwiki","//bits.wikimedia.org/static-1.22wmf12/skins/vector/images/search-ltr.png?303-4","//bits.wikimedia.org/images/wikimedia-button.png","//bits.wikimedia.org/static-1.22wmf12/skins/common/images/poweredby_mediawiki_88x31.png"],"tags":[["transformation","genetics"],["promoter","genetics"],["promoter","biology"]],"members":["promoter","transformation"],"related":["DNA_construct","Plasmid","F-plasmid","Transformation_(genetics)","Cloning","Bacteria","Base_pair","Len_A._Pennacchio","Cloning_vector","P1-derived_artificial_chromosome","Sequencing","Genome_project","Human_Genome_Project","DNA","Selectable_marker","Antibiotic_resistance","LacZ","Blue_white_screen","Promoter_(genetics)","Modelling_genetic_diseases","Transgenic","Promoter_(biology)","Aneuploidy","Oncogene","DNA_microarray","DNA_viruses","RNA_viruses","Herpesviridae","Poxviridae","Coronaviridae","Homologous_recombination","Human_artificial_chromosome","Yeast_artificial_chromosome","Fosmid","Cosmid","Science_Creative_Quarterly"]}