{"cursor":"1992","size":15,"audio":[],"currentlang":"en","article":"\nThe 'Conference on Artificial General Intelligence' is a meeting of researchers\nin the field of Strong AI. It is organized by the AGI Organizing Committee and\nhas been held every year since 2008. The conference was initiated by the 2006\nBethesda Artificial General Intelligence Workshop. The conference series has\nbeen hosted in diverse locations including the University of Memphis (sponsored\nby the AAAI); Arlington, Virginina (sponsored by the AAAI and Ray Kurzweil's\n[http://www.kurzweilai.net KurzweilAI.net]); Lugano, Switzerland (In Memoriam\nRay Solomonoff and sponsored by the AAAI and KurzweilAI); Google headquarters in\nMountain View, California (Sponsored by Google, Inc., the AAAI and KurzweilAI);\nand at the University of Oxford, United Kingdom (sponsored by the Future of\nHumanity Institute and KurzweilAI). The upcoming AGI-2013 will be held in\nBeijing, China.\n\nThe conference has atracted many speakers over the years including Joscha Bach,\nJohn L. Pollock, Nicholas L. Cassimatis, Bill Hibbard, Hugo de Garis, Stan\nFranklin, Steve Omohundro, Ben Goertzel, Itamar Arel, Eric Baum, Marcus Hutter,\nJohn E. Laird, Stephen R. Reed, JÃ¼rgen Schmidhuber, Richard S. Sutton, Randal A.\nKoene, Ernst Dickmanns, Peter Norvig, Zhongzhi Shi, Margaret Boden, David\nHanson, Angelo Cangelosi, and Nick Bostrom.\n","linknr":111,"url":"Conference_on_Artificial_General_Intelligence","recorded":1376410061,"links":["/w/index.php?title=Conference_on_Artificial_General_Intelligence&action=edit","/w/index.php?title=Conference_on_Artificial_General_Intelligence&action=edit","//bits.wikimedia.org/favicon/wikipedia.ico","/w/opensearch_desc.php","//en.wikipedia.org/w/api.php?action=rsd","//creativecommons.org/licenses/by-sa/3.0/","/w/index.php?title=Special:RecentChanges&feed=atom","http://en.wikipedia.org/wiki/Conference_on_Artificial_General_Intelligence","//bits.wikimedia.org/en.wikipedia.org/load.php?debug=false&lang=en&modules=ext.gadget.DRN-wizard%2CReferenceTooltips%2Ccharinsert%2Cteahouse%7Cext.rtlcite%2Cwikihiero%7Cext.uls.nojs%7Cmediawiki.legacy.commonPrint%2Cshared%7Cmw.PopUpMediaTransform%7Cskins.vector&only=styles&skin=vector&*","//bits.wikimedia.org/en.wikipedia.org/load.php?debug=false&lang=en&modules=ext.visualEditor.viewPageTarget.noscript&only=styles&skin=vector&*","//bits.wikimedia.org/en.wikipedia.org/load.php?debug=false&lang=en&modules=site&only=styles&skin=vector&*","//bits.wikimedia.org/en.wikipedia.org/load.php?debug=false&lang=en&modules=startup&only=scripts&skin=vector&*","//bits.wikimedia.org/geoiplookup","//meta.wikimedia.org","#mw-navigation","#p-search","/wiki/Strong_AI","/wiki/Association_for_the_Advancement_of_Artificial_Intelligence","/wiki/Association_for_the_Advancement_of_Artificial_Intelligence","/wiki/Ray_Kurzweil","http://www.kurzweilai.net","/wiki/Ray_Solomonoff","/wiki/Association_for_the_Advancement_of_Artificial_Intelligence","/wiki/Google","/wiki/Association_for_the_Advancement_of_Artificial_Intelligence","/wiki/Future_of_Humanity_Institute","/wiki/John_L._Pollock","/wiki/Bill_Hibbard","/wiki/Hugo_de_Garis","/wiki/Stan_Franklin","/wiki/Steve_Omohundro","/wiki/Ben_Goertzel","/wiki/Eric_Baum","/wiki/Marcus_Hutter","/wiki/John_E._Laird","/wiki/J%C3%BCrgen_Schmidhuber","/wiki/Richard_S._Sutton","/wiki/Randal_A._Koene","/wiki/Ernst_Dickmanns","/wiki/Peter_Norvig","/wiki/Margaret_Boden","/wiki/David_Hanson_(robotics_designer)","/wiki/Nick_Bostrom","/w/index.php?title=Conference_on_Artificial_General_Intelligence&action=edit&section=1","/w/index.php?title=Conference_on_Artificial_General_Intelligence&veaction=edit&section=1","http://agi-conf.org","https://www.youtube.com/watch?v=FOT4IXiP_6c","/wiki/File:LampFlowchart.svg","//upload.wikimedia.org/wikipedia/commons/thumb/9/91/LampFlowchart.svg/20px-LampFlowchart.svg.png","/wiki/Artificial_intelligence","/wiki/Wikipedia:Stub","//en.wikipedia.org/w/index.php?title=Conference_on_Artificial_General_Intelligence&action=edit","/wiki/Template:Compu-AI-stub","/wiki/Template_talk:Compu-AI-stub","//en.wikipedia.org/w/index.php?title=Template:Compu-AI-stub&action=edit","//en.wikipedia.org/w/index.php?title=Special:CentralAutoLogin/start&type=1x1&from=enwiki","http://en.wikipedia.org/w/index.php?title=Conference_on_Artificial_General_Intelligence&oldid=560551773","/wiki/Help:Categories","/wiki/Category:Artificial_intelligence_conferences","/wiki/Category:Machine_learning","/wiki/Category:Artificial_intelligence_stubs","/wiki/Category:WikiProject_Computer_science_stubs","/w/index.php?title=Special:UserLogin&returnto=Conference+on+Artificial+General+Intelligence&type=signup","/w/index.php?title=Special:UserLogin&returnto=Conference+on+Artificial+General+Intelligence","/wiki/Conference_on_Artificial_General_Intelligence","/wiki/Talk:Conference_on_Artificial_General_Intelligence","#","/wiki/Conference_on_Artificial_General_Intelligence","/w/index.php?title=Conference_on_Artificial_General_Intelligence&action=edit","/w/index.php?title=Conference_on_Artificial_General_Intelligence&veaction=edit","/w/index.php?title=Conference_on_Artificial_General_Intelligence&action=history","#","/w/index.php","//bits.wikimedia.org/static-1.22wmf12/skins/vector/images/search-ltr.png?303-4","/wiki/Main_Page","/wiki/Main_Page","/wiki/Portal:Contents","/wiki/Portal:Featured_content","/wiki/Portal:Current_events","/wiki/Special:Random","https://donate.wikimedia.org/wiki/Special:FundraiserRedirector?utm_source=donate&utm_medium=sidebar&utm_campaign=C13_en.wikipedia.org&uselang=en","/wiki/Help:Contents","/wiki/Wikipedia:About","/wiki/Wikipedia:Community_portal","/wiki/Special:RecentChanges","//en.wikipedia.org/wiki/Wikipedia:Contact_us","/wiki/Special:WhatLinksHere/Conference_on_Artificial_General_Intelligence","/wiki/Special:RecentChangesLinked/Conference_on_Artificial_General_Intelligence","/wiki/Wikipedia:File_Upload_Wizard","/wiki/Special:SpecialPages","/w/index.php?title=Conference_on_Artificial_General_Intelligence&oldid=560551773","/w/index.php?title=Conference_on_Artificial_General_Intelligence&action=info","/w/index.php?title=Special:Cite&page=Conference_on_Artificial_General_Intelligence&id=560551773","/w/index.php?title=Special:Book&bookcmd=book_creator&referer=Conference+on+Artificial+General+Intelligence","/w/index.php?title=Special:Book&bookcmd=render_article&arttitle=Conference+on+Artificial+General+Intelligence&oldid=560551773&writer=rl","/w/index.php?title=Conference_on_Artificial_General_Intelligence&printable=yes","#","//en.wikipedia.org/wiki/Wikipedia:Text_of_Creative_Commons_Attribution-ShareAlike_3.0_Unported_License","//creativecommons.org/licenses/by-sa/3.0/","//wikimediafoundation.org/wiki/Terms_of_Use","//wikimediafoundation.org/wiki/Privacy_policy","//www.wikimediafoundation.org/","//wikimediafoundation.org/wiki/Privacy_policy","/wiki/Wikipedia:About","/wiki/Wikipedia:General_disclaimer","//en.wikipedia.org/wiki/Wikipedia:Contact_us","//en.m.wikipedia.org/wiki/Conference_on_Artificial_General_Intelligence","//wikimediafoundation.org/","//bits.wikimedia.org/images/wikimedia-button.png","//www.mediawiki.org/","//bits.wikimedia.org/static-1.22wmf12/skins/common/images/poweredby_mediawiki_88x31.png","//bits.wikimedia.org/en.wikipedia.org/load.php?debug=false&lang=en&modules=site&only=scripts&skin=vector&*"],"instances":["robotics_designer"],"pdf":[],"categories":["Artificial intelligence conferences","Machine learning"],"headings":["External links"],"image":["//upload.wikimedia.org/wikipedia/commons/thumb/9/91/LampFlowchart.svg/20px-LampFlowchart.svg.png","//en.wikipedia.org/w/index.php?title=Special:CentralAutoLogin/start&type=1x1&from=enwiki","//bits.wikimedia.org/static-1.22wmf12/skins/vector/images/search-ltr.png?303-4","//bits.wikimedia.org/images/wikimedia-button.png","//bits.wikimedia.org/static-1.22wmf12/skins/common/images/poweredby_mediawiki_88x31.png"],"tags":[["david_hanson","robotics_designer"]],"members":["david_hanson"],"related":["Strong_AI","Association_for_the_Advancement_of_Artificial_Intelligence","Association_for_the_Advancement_of_Artificial_Intelligence","Ray_Kurzweil","Ray_Solomonoff","Association_for_the_Advancement_of_Artificial_Intelligence","Google","Association_for_the_Advancement_of_Artificial_Intelligence","Future_of_Humanity_Institute","John_L._Pollock","Bill_Hibbard","Hugo_de_Garis","Stan_Franklin","Steve_Omohundro","Ben_Goertzel","Eric_Baum","Marcus_Hutter","John_E._Laird","Jürgen_Schmidhuber","Richard_S._Sutton","Randal_A._Koene","Ernst_Dickmanns","Peter_Norvig","Margaret_Boden","David_Hanson_(robotics_designer)","Nick_Bostrom"]}