{"cursor":"60636","size":15,"audio":[],"currentlang":"en","article":"\n\n\n\n'Creatures' is an artificial life (alife) computer program series, created in\nthe mid-1990s by English computer scientist Steve Grand whilst working for the\nCambridge video games developer Millennium Interactive. Gameplay focuses on\nraising alien creatures known as Norns, teaching them to survive, helping them\nexplore their world, defending them against other species, and breeding them.\nRather than taking a scripted approach, Creatures series games were driven by\ndetailed biological and neurological simulation and their unexpected results.\n","linknr":829,"url":"Creatures_(artificial_life_program)","recorded":1364126030,"links":["/w/index.php?title=Creatures_(artificial_life_series)&action=edit","/w/index.php?title=Creatures_(artificial_life_series)&action=edit","//en.wikipedia.org/apple-touch-icon.png","//bits.wikimedia.org/favicon/wikipedia.ico","/w/opensearch_desc.php","//en.wikipedia.org/w/api.php?action=rsd","//creativecommons.org/licenses/by-sa/3.0/","/w/index.php?title=Special:RecentChanges&feed=atom","/wiki/Creatures_(artificial_life_series)","//bits.wikimedia.org/en.wikipedia.org/load.php?debug=false&lang=en&modules=ext.gadget.DRN-wizard%2CReferenceTooltips%2Ccharinsert%2Cteahouse%7Cext.wikihiero%7Cmediawiki.legacy.commonPrint%2Cshared%7Cmw.PopUpMediaTransform%7Cskins.vector&only=styles&skin=vector&*","//bits.wikimedia.org/en.wikipedia.org/load.php?debug=false&lang=en&modules=site&only=styles&skin=vector&*","//bits.wikimedia.org/en.wikipedia.org/load.php?debug=false&lang=en&modules=startup&only=scripts&skin=vector&*","//bits.wikimedia.org/geoiplookup","//meta.wikimedia.org","/w/index.php?title=Creatures_(artificial_life_program)&redirect=no","#mw-head","#p-search","/wiki/Creatures_(video_game)","/wiki/Albia,_Iowa","//upload.wikimedia.org/wikipedia/en/thumb/f/f2/Edit-clear.svg/40px-Edit-clear.svg.png","/wiki/Wikipedia:Manual_of_Style/Lead_section","/wiki/Wikipedia:Summary_style","/wiki/Wikipedia:Manual_of_Style/Lead_section#Provide_an_accessible_overview","/wiki/Artificial_life","/wiki/Computer_program","/wiki/Computer_science","/wiki/Steve_Grand","/wiki/Cambridge","/wiki/Video_game","/wiki/Millennium_Interactive","#Overview","#History","#Gameplay","#Species","#User_Interface","#Environment","#Games_in_the_series","#On_Albia_.28later_re-released_as_Creatures:_The_Albian_Years.29","#Creatures","#Creatures_2","#After_Leaving_Albia_.28later_re-released_as_Creatures_Exodus.29","#Creatures_3","#Docking_Station","#Creatures_4","#Younger_Children.27s_Games_.28later_re-released_as_Creatures_Village.29","#Creatures_Adventures","#Creatures_Playground","#Console_games","#Later_bundled_releases","#See_also","#References","#Further_reading","#External_links","#Official_links","#Third-party_links","/w/index.php?title=Creatures_(artificial_life_series)&action=edit&section=1","#cite_note-1","/wiki/Artificial_life","/wiki/Biochemistry","/wiki/Neural_network","/wiki/Brain","#cite_note-2","#cite_note-3","/wiki/DNA","/wiki/Evolution","/wiki/Selective_breeding","#cite_note-4","#cite_note-5","/wiki/Wikipedia:Citation_needed","/wiki/Drive_theory","/wiki/Behaviorist","#cite_note-autogenerated1996-6","#cite_note-7","#cite_note-8","#cite_note-9","#cite_note-10","#cite_note-TCGDE-11","/wiki/Emergence","/wiki/Animat","/wiki/Animal_locomotion","#cite_note-grand352-12","#cite_note-13","#cite_note-14","#cite_note-15","/w/index.php?title=Savanna_Simulator&action=edit&redlink=1","/wiki/Exidy_Sorcerer","/wiki/Genetics","/wiki/Physical_anthropology","/wiki/Haploid","#cite_note-16","/wiki/Dominant_gene","/wiki/Recessive_gene","/wiki/Genetic_recombination","/wiki/Locus_(genetics)","/wiki/Oxford","/wiki/Zoology","/wiki/Richard_Dawkins","#cite_note-17","/wiki/Douglas_Adams","#cite_note-18","#cite_note-19","/w/index.php?title=Creatures_(artificial_life_series)&action=edit&section=2","/wiki/Desktop_pet","#cite_note-initialpitch-20","/wiki/The_Planiverse","/wiki/Ewok","#cite_note-21","/wiki/Little_Computer_People","#cite_note-rationale-22","#cite_note-mainhistory-23","#cite_note-mythography-24","#cite_note-rationale-22","/wiki/Artificial_life","/wiki/Animal_fancy","#cite_note-25","/wiki/Top-down_and_bottom-up_design","/wiki/Emergence","#cite_note-26","/wiki/Millennium_Interactive","/wiki/Mindscape_Group","/wiki/Wikipedia:Citation_needed","/wiki/Online_community","#cite_note-Jepsen_C2-27","/wiki/Selective_breeding","#cite_note-28","#cite_note-29","#cite_note-TCGDE-11","#cite_note-Gamasutra_C2-30","/wiki/Millennium_Interactive","/wiki/Cyberlife_Technology","/wiki/Ministry_of_Defence_(United_Kingdom)","/wiki/Fighter_jet","#cite_note-31","#cite_note-32","/w/index.php?title=Cyberlife_Research&action=edit&redlink=1","/wiki/Robotics","/wiki/Creature_Labs","/wiki/Video_game","#cite_note-33","/wiki/Creatures_2","/wiki/Creatures_3","/w/index.php?title=Creatures_Adventures&action=edit&redlink=1","/w/index.php?title=Creatures_Playground&action=edit&redlink=1","#cite_note-34","/wiki/Electronic_Entertainment_Expo","#cite_note-35","/wiki/BAFTA_award","#cite_note-36","#cite_note-37","#cite_note-highlights-38","/w/index.php?title=Gameware_Development&action=edit&redlink=1","#cite_note-gamewaredevelopment1-39","/wiki/BBC","/wiki/BAMZOOKi","#cite_note-gamewaredevelopment1-39","#cite_note-gamewaredevelopment1-39","/wiki/Kutoka_Interactive","/wiki/Mac_OS_X","/wiki/Windows_XP","#cite_note-gamewaredevelopment1-39","/wiki/GOG.com","#cite_note-40","/w/index.php?title=Fishing_Cactus&action=edit&redlink=1","/wiki/GamesCom","#cite_note-41","#cite_note-42","#cite_note-LSDJV-43","/wiki/Paris_Games_Week","#cite_note-44","#cite_note-45","/w/index.php?title=Creatures_(artificial_life_series)&action=edit&section=3","#cite_note-46","#cite_note-CNETreview-47","/wiki/Squirt_bottle","#cite_note-48","#cite_note-49","#cite_note-CNETreview-47","#cite_note-50","/wiki/Senescence","#cite_note-aigamedev1-51","#cite_note-52","#cite_note-aigamedev1-51","#cite_note-gamewaredevelopment3-53","#cite_note-54","/wiki/Immune_system","#cite_note-TCGDE-11","/w/index.php?title=Creatures_(artificial_life_series)&action=edit&section=4","#cite_note-55","/wiki/Gremlins","#cite_note-56","#cite_note-Jepsen_C2-27","/wiki/Valet","#cite_note-57","#cite_note-58","#cite_note-59","/wiki/Neural_network","#cite_note-Gamasutra_C2-30","#cite_note-60","#cite_note-61","#cite_note-62","/wiki/File:Shee_statue.png","//upload.wikimedia.org/wikipedia/en/thumb/0/0c/Shee_statue.png/220px-Shee_statue.png","/wiki/File:Shee_statue.png","//bits.wikimedia.org/static-1.21wmf11/skins/common/images/magnify-clip.png","/wiki/Creatures_2","/w/index.php?title=Norn_(Creatures)&action=edit&redlink=1","#cite_note-63","/wiki/DNA","#cite_note-definitivearticle-64","/wiki/Creatures_2","/wiki/Creatures_3","#cite_note-65","#cite_note-mythography-24","/w/index.php?title=Norns_(Creatures)&action=edit&redlink=1","#cite_note-TCGDE-11","#cite_note-mythography-24","/wiki/Airlock","/wiki/Piranha","#cite_note-66","#cite_note-67","#cite_note-TCGDE-11","/w/index.php?title=Creatures_(artificial_life_series)&action=edit&section=5","/wiki/File:Wiki_letter_w_cropped.svg","//upload.wikimedia.org/wikipedia/commons/thumb/1/1c/Wiki_letter_w_cropped.svg/20px-Wiki_letter_w_cropped.svg.png","//en.wikipedia.org/w/index.php?title=Creatures_(artificial_life_series)&action=edit","#cite_note-68","#cite_note-69","#cite_note-70","#cite_note-Brooker-71","#cite_note-72","/wiki/Bachelor%27s_degree","#cite_note-Walou-73","/w/index.php?title=Creatures_(artificial_life_series)&action=edit&section=6","/wiki/File:Wiki_letter_w_cropped.svg","//upload.wikimedia.org/wikipedia/commons/thumb/1/1c/Wiki_letter_w_cropped.svg/20px-Wiki_letter_w_cropped.svg.png","//en.wikipedia.org/w/index.php?title=Creatures_(artificial_life_series)&action=edit","/wiki/Windows_Media_Player","#cite_note-initialpitch-20","/wiki/Albion","#cite_note-rationale-22","#cite_note-definitivearticle-64","#cite_note-grand352-12","#cite_note-mainhistory-23","/wiki/2.5D","/wiki/Object-oriented_programming","#cite_note-autogenerated1996-6","#cite_note-74","#cite_note-75","#cite_note-gamewaredevelopment4-76","/w/index.php?title=Creatures_(artificial_life_series)&action=edit&section=7","/w/index.php?title=Creatures_(artificial_life_series)&action=edit&section=8","/w/index.php?title=Creatures_(artificial_life_series)&action=edit&section=9","/wiki/Natural_environment","/wiki/Laboratory","/wiki/Egg_(biology)","#cite_note-77","/w/index.php?title=Creatures_(artificial_life_series)&action=edit&section=10","/wiki/Creatures_2","/wiki/Natural_disaster","/wiki/Landscape","/wiki/Technology","/wiki/Species","/wiki/Player_(game)","#cite_note-Gamasutra_C2-30","#cite_note-TCGDE-11","#cite_note-78","#cite_note-79","#cite_note-80","#cite_note-Jepsen_C2-27","#cite_note-81","/w/index.php?title=Creatures_(artificial_life_series)&action=edit&section=11","/w/index.php?title=Creatures_(artificial_life_series)&action=edit&section=12","/wiki/Creatures_3","/wiki/Starship","/wiki/Natural_environment","#cite_note-82","/wiki/Experiment","#cite_note-83","#cite_note-gamewaredevelopment3-53","/w/index.php?title=Creatures_(artificial_life_series)&action=edit&section=13","/wiki/Internet","#cite_note-highlights-38","#cite_note-84","/wiki/Online_chat","#cite_note-gamewaredevelopment4-76","#cite_note-85","#cite_note-86","/w/index.php?title=Creatures_(artificial_life_series)&action=edit&section=14","#cite_note-87","/wiki/2.5D","#cite_note-autogenerated1996-6","/wiki/Free_to_play","#cite_note-88","/wiki/Alpha_test","#cite_note-89","#cite_note-Walou-73","#cite_note-90","/wiki/Procedural_generation","#cite_note-91","/wiki/Heterochromia_iridium","#cite_note-92","/wiki/Drive_theory","/wiki/Altruism_in_animals","#cite_note-93","/w/index.php?title=Creatures_(artificial_life_series)&action=edit&section=15","/w/index.php?title=Creatures_(artificial_life_series)&action=edit&section=16","/w/index.php?title=Creatures_Adventures&action=edit&redlink=1","/w/index.php?title=Creatures_(artificial_life_series)&action=edit&section=17","/w/index.php?title=Creatures_Playground&action=edit&redlink=1","/w/index.php?title=Creatures_(artificial_life_series)&action=edit&section=18","#cite_note-94","/wiki/AI","/w/index.php?title=Volker_Eloesser&action=edit&redlink=1","#cite_note-95","/w/index.php?title=Creatures_(artificial_life_series)&action=edit&section=19","/w/index.php?title=Encore_Software&action=edit&redlink=1","#cite_note-gamewaredevelopment2-96","/w/index.php?title=Encare&action=edit&redlink=1","/w/index.php?title=FastTrak_Software_Publishing&action=edit&redlink=1","#cite_note-gamewaredevelopment2-96","/wiki/Linux_Game_Publishing","/wiki/Focus_Multimedia","/wiki/Creatures_2","/wiki/Creatures_3","http://www.gamewaredevelopment.com/ds/ds_more.php?id=552_0_16_0_C","/w/index.php?title=Creatures_(artificial_life_series)&action=edit&section=20","/wiki/Spore_(2008_video_game)","/wiki/Impossible_Creatures","/wiki/Black_%26_White_(video_game)","/wiki/L.O.L.:_Lack_of_Love","/wiki/Seventh_Cross:_Evolution","/wiki/Evolution:_The_Game_of_Intelligent_Life","/wiki/E.V.O.:_Search_for_Eden","/wiki/SimLife","/wiki/SimEarth","/w/index.php?title=Creatures_(artificial_life_series)&action=edit&section=21","#cite_ref-1","https://docs.google.com/viewer?a=v&q=cache:_vZ4O4mLERcJ:citeseerx.ist.psu.edu/viewdoc/download?doi%3D10.1.1.100.8744%26rep%3Drep1%26type%3Dpdf+LINDSEY+HOLT+critical+study+norn&hl=en&gl=au&pid=bl&srcid=ADGEESiKpW-yllagk-uKO8f_wsWCvWM6bdgk1t6w98DE37FIVUQbXlROparPfOmv7XaQVzAW0erovrENwZ4Vy6W_1qs8RxNEAIIcogHKOe91zOc_MMju5bd-XlxuYAWmlzSIf-wa085O&sig=AHIEtbReVlSOKkmed7IZEXgADpkhJrVtiA","https://docs.google.com/viewer?a=v&q=cache:_vZ4O4mLERcJ:citeseerx.ist.psu.edu/viewdoc/download?doi%3D10.1.1.100.8744%26rep%3Drep1%26type%3Dpdf+LINDSEY+HOLT+critical+study+norn&hl=en&gl=au&pid=bl&srcid=ADGEESiKpW-yllagk-uKO8f_wsWCvWM6bdgk1t6w98DE37FIVUQbXlROparPfOmv7XaQVzAW0erovrENwZ4Vy6W_1qs8RxNEAIIcogHKOe91zOc_MMju5bd-XlxuYAWmlzSIf-wa085O&sig=AHIEtbReVlSOKkmed7IZEXgADpkhJrVtiA","#cite_ref-2","http://utdallas.edu/~maz031000/res/IEEE_Article.pdf","http://utdallas.edu/~maz031000/res/IEEE_Article.pdf","#cite_ref-3","https://www.aaai.org/Papers/Symposia/Spring/1999/SS-99-02/SS99-02-017.pdf","/wiki/Association_for_the_Advancement_of_Artificial_Intelligence","#cite_ref-4","http://articles.latimes.com/1997/jul/21/business/fi-14868","http://articles.latimes.com/1997/jul/21/business/fi-14868","#cite_ref-5","http://www.agent.ai/doc/upload/200302/tayl97.pdf","http://www.agent.ai/doc/upload/200302/tayl97.pdf","#cite_ref-autogenerated1996_6-0","#cite_ref-autogenerated1996_6-1","#cite_ref-autogenerated1996_6-2","http://mrl.snu.ac.kr/courses/CourseSyntheticCharacter/grand96creatures.pdf","http://mrl.snu.ac.kr/courses/CourseSyntheticCharacter/grand96creatures.pdf","#cite_ref-7","/wiki/International_Standard_Book_Number","/wiki/Special:BookSources/978-0262082860","#cite_ref-8","http://www.gamasutra.com/view/feature/131705/game_ai_the_state_of_the_industry.php?page=2","http://www.gamasutra.com/view/feature/131705/game_ai_the_state_of_the_industry.php?page=2","#cite_ref-9","http://partners.nytimes.com/library/cyber/week/060597creatures.html","http://partners.nytimes.com/library/cyber/week/060597creatures.html","#cite_ref-10","http://web.archive.org/web/19971016000846/http://www.cyberlife.co.uk/creatures_newsletter_july2.htm","http://www.cyberlife.co.uk/creatures_newsletter_july2.htm","http://web.archive.org/web/19971016000846/http://www.cyberlife.co.uk/creatures_newsletter_july2.htm","#cite_ref-TCGDE_11-0","#cite_ref-TCGDE_11-1","#cite_ref-TCGDE_11-2","#cite_ref-TCGDE_11-3","#cite_ref-TCGDE_11-4","#cite_ref-TCGDE_11-5","/wiki/Digital_object_identifier","http://dx.doi.org/10.1162%2F106454699568683","#cite_ref-grand352_12-0","#cite_ref-grand352_12-1","/wiki/International_Standard_Book_Number","/wiki/Special:BookSources/9027251398","#cite_ref-13","http://web.archive.org/web/20000605223245/http://www.newscientist.com/nl/0401/stephengrand.html","/wiki/New_Scientist","http://www.newscientist.com/nl/0401/stephengrand.html","#cite_ref-14","/wiki/Digital_object_identifier","http://dx.doi.org/10.1017%2FS1473550403001496","#cite_ref-15","http://stevegrand.wordpress.com/2011/03/06/introduction-to-an-artificial-mind/","http://stevegrand.wordpress.com/2011/03/06/introduction-to-an-artificial-mind/","#cite_ref-16","http://web.archive.org/web/19980126091513/http://www.cyberlife.co.uk/creatures_genetics_preview_kit2.htm","http://www.cyberlife.co.uk/creatures_genetics_preview_kit2.htm","http://web.archive.org/web/19980126091513/http://www.cyberlife.co.uk/creatures_genetics_preview_kit2.htm","#cite_ref-17","http://www.peninsulafilms.com/creaturelabsarch.html","http://www.peninsulafilms.com","http://www.peninsulafilms.com/creaturelabsarch.html","#cite_ref-18","http://stevegrand.wordpress.com/106-2/","http://stevegrand.wordpress.com/106-2/","#cite_ref-19","http://stevegrand.wordpress.com/2011/02/28/blowing-my-own-trumpet/","http://stevegrand.wordpress.com/2011/02/28/blowing-my-own-trumpet/","#cite_ref-initialpitch_20-0","#cite_ref-initialpitch_20-1","http://web.archive.org/web/20050312005250/http://fp.cyberlifersrch.plus.com/creaturesarchive/initialpitch.htm","http://fp.cyberlifersrch.plus.com/creaturesarchive/initialpitch.htm","http://web.archive.org/web/20050312005250/http://fp.cyberlifersrch.plus.com/creaturesarchive/initialpitch.htm","#cite_ref-21","http://web.archive.org/web/20050312005140/http://fp.cyberlifersrch.plus.com/creaturesarchive/ewokspitch.htm","http://fp.cyberlifersrch.plus.com/creaturesarchive/ewokspitch.htm","http://web.archive.org/web/20050312005140/http://fp.cyberlifersrch.plus.com/creaturesarchive/ewokspitch.htm","#cite_ref-rationale_22-0","#cite_ref-rationale_22-1","#cite_ref-rationale_22-2","http://web.archive.org/web/20050312012947/http://fp.cyberlifersrch.plus.com/creaturesarchive/rationale.htm","http://fp.cyberlifersrch.plus.com/creaturesarchive/rationale.htm","http://web.archive.org/web/20050312012947/http://fp.cyberlifersrch.plus.com/creaturesarchive/rationale.htm","#cite_ref-mainhistory_23-0","#cite_ref-mainhistory_23-1","http://web.archive.org/web/20081028181218/http://fp.cyberlifersrch.plus.com/creaturesarchive/creatures_history.htm","http://fp.cyberlifersrch.plus.com/creaturesarchive/creatures_history.htm","http://web.archive.org/web/20081028181218/http://fp.cyberlifersrch.plus.com/creaturesarchive/creatures_history.htm","#cite_ref-mythography_24-0","#cite_ref-mythography_24-1","#cite_ref-mythography_24-2","http://web.archive.org/web/20080927203124/http://fp.cyberlifersrch.plus.com/creaturesarchive/mythography.htm","http://fp.cyberlifersrch.plus.com/creaturesarchive/mythography.htm","http://web.archive.org/web/20080927203124/http://fp.cyberlifersrch.plus.com/creaturesarchive/mythography.htm","#cite_ref-25","http://web.archive.org/web/20080927203129/http://fp.cyberlifersrch.plus.com/creaturesarchive/pleasureprofit.htm","http://fp.cyberlifersrch.plus.com/creaturesarchive/pleasureprofit.htm","http://web.archive.org/web/20080927203129/http://fp.cyberlifersrch.plus.com/creaturesarchive/pleasureprofit.htm","#cite_ref-26","/wiki/International_Standard_Book_Number","/wiki/Special:BookSources/9027251398","#cite_ref-Jepsen_C2_27-0","#cite_ref-Jepsen_C2_27-1","#cite_ref-Jepsen_C2_27-2","/wiki/Computer_Gaming_World","#cite_ref-28","http://web.archive.org/web/200011210323/http://www.emma-foundation.org/prevWin.asp?section=1996","http://web.archive.org/web/200011210323/http://www.emma-foundation.org/prevWin.asp?section=1996","#cite_ref-29","http://web.archive.org/web/19970607011020/http://www.cyberlife.co.uk/cyberlife_awards2.htm","http://www.cyberlife.co.uk/cyberlife_awards2.htm","http://web.archive.org/web/19970607011020/http://www.cyberlife.co.uk/cyberlife_awards2.htm","#cite_ref-Gamasutra_C2_30-0","#cite_ref-Gamasutra_C2_30-1","#cite_ref-Gamasutra_C2_30-2","http://www.gamasutra.com/view/feature/3271/from_creatures_to_androids.php","http://www.gamasutra.com/view/feature/3271/from_creatures_to_androids.php","#cite_ref-31","http://web.archive.org/web/19990117012705/http://www.newscientist.com/ns/980509/features.html","/wiki/New_Scientist","http://www.newscientist.com/ns/980509/features.html","http://web.archive.org/web/19990117012705/http://www.newscientist.com/ns/980509/features.html","#cite_ref-32","http://www.stanford.edu/class/sts145/Library/richard.pdf","http://www.stanford.edu/class/sts145/Library/richard.pdf","#cite_ref-33","http://www.gamewaredevelopment.com/creatures_more.php?id=17_0_6_0_M8","http://www.gamewaredevelopment.com/creatures_more.php?id=17_0_6_0_M8","#cite_ref-34","http://web.archive.org/web/20010421032520/http://www.emma-foundation.org/prevWin.asp?section=2000","http://www.emma-foundation.org/prevWin.asp?section=2000","http://web.archive.org/web/20010421032520/http://www.emma-foundation.org/prevWin.asp?section=2000","#cite_ref-35","http://web.archive.org/web/20010417093344/http://www.creaturelabs.com/creaturelabs/news/news_playground.htm","http://www.creaturelabs.com/creaturelabs/news/news_playground.htm","http://web.archive.org/web/20010417093344/http://www.creaturelabs.com/creaturelabs/news/news_playground.htm","#cite_ref-36","http://web.archive.org/web/200011090124/http://www.bafta.org/bafta/5_ie/5_NOMINATIONS_2000.htm","http://web.archive.org/web/200011090124/http://www.bafta.org/bafta/5_ie/5_NOMINATIONS_2000.htm","#cite_ref-37","http://web.archive.org/web/20010413232223/http://www.creaturelabs.com/creaturelabs/news/news_BAFTA.htm","http://www.creaturelabs.com/creaturelabs/news/news_BAFTA.htm","http://web.archive.org/web/20010413232223/http://www.creaturelabs.com/creaturelabs/news/news_BAFTA.htm","#cite_ref-highlights_38-0","#cite_ref-highlights_38-1","http://web.archive.org/web/20010522113910/http://www.creatures.co.uk/","http://www.creatures.co.uk/","http://web.archive.org/web/20010522113910/http://www.creatures.co.uk/","#cite_ref-gamewaredevelopment1_39-0","#cite_ref-gamewaredevelopment1_39-1","#cite_ref-gamewaredevelopment1_39-2","#cite_ref-gamewaredevelopment1_39-3","http://www.gamewaredevelopment.com/diary.php","http://www.gamewaredevelopment.com/diary.php","#cite_ref-40","http://www.gog.com/en/news/new_release_creatures/2009/11","http://www.gog.com/en/news/new_release_creatures/2009/11","#cite_ref-41","http://blog.fishingcactus.com/index.php/2011/08/11/creatures-4-1st-screenshot-creature-artwork/","http://blog.fishingcactus.com/index.php/2011/08/11/creatures-4-1st-screenshot-creature-artwork/","#cite_ref-42","http://blog.fishingcactus.com/index.php/2012/08/22/creatures-4-at-the-gamescom-2012-in-koln/","http://blog.fishingcactus.com/index.php/2012/08/22/creatures-4-at-the-gamescom-2012-in-koln/","#cite_ref-LSDJV_43-0","http://www.youtube.com/watch?v=41exEYDie54","/wiki/RTBF","http://www.youtube.com/watch?v=41exEYDie54","#cite_ref-44","http://www.parisgamesweek.com/en/game/creatures-4","http://www.parisgamesweek.com/en/game/creatures-4","#cite_ref-45","http://www.creatures4-thegame.co.uk/news/paris-games-week-2012","http://www.creatures4-thegame.co.uk/news/paris-games-week-2012","#cite_ref-46","http://www.gamasutra.com/view/feature/2874/designers_notebook_more_sexes_.php","/wiki/Gamasutra","http://www.gamasutra.com/view/feature/2874/designers_notebook_more_sexes_.php","#cite_ref-CNETreview_47-0","#cite_ref-CNETreview_47-1","http://reviews.cnet.com/pc-games/creatures-2-pc/4505-9696_7-30977365.html","/wiki/CNET","http://reviews.cnet.com/pc-games/creatures-2-pc/4505-9696_7-30977365.html","#cite_ref-48","http://www.insidemacgames.com/reviews/view.php?ID=665&Page=1","/wiki/Inside_Mac_Games","http://www.insidemacgames.com/reviews/view.php?ID=665&Page=1","#cite_ref-49","http://www.gamewaredevelopment.com/downloads/CVManual.pdf","http://www.gamewaredevelopment.com/downloads/CVManual.pdf","#cite_ref-50","/wiki/International_Standard_Book_Number","/wiki/Special:BookSources/9027251398","#cite_ref-aigamedev1_51-0","#cite_ref-aigamedev1_51-1","http://aigamedev.com/open/review/creatures-ai/","http://aigamedev.com/open/review/creatures-ai/","#cite_ref-52","/wiki/International_Standard_Book_Number","/wiki/Special:BookSources/978-0782122022","#cite_ref-gamewaredevelopment3_53-0","#cite_ref-gamewaredevelopment3_53-1","http://www.gamewaredevelopment.com/creatures_more.php?id=481_0_6_0_C","http://www.gamewaredevelopment.com/creatures_more.php?id=481_0_6_0_C","#cite_ref-54","http://web.archive.org/web/20011121150053/http://www.wired.com/news/topstories/0,1287,13293,00.html","http://www.wired.com/news/topstories/0,1287,13293,00.html","http://web.archive.org/web/20011121150053/http://www.wired.com/news/topstories/0,1287,13293,00.html","#cite_ref-55","http://web.archive.org/web/20010212093320/www.creatures.co.uk/Library/History/lib_history_norn.htm","http://web.archive.org/web/20010212093320/www.creatures.co.uk/Library/History/lib_history_norn.htm","#cite_ref-56","http://www.unwinnable.com/2012/01/27/playing-god-on-death-motherhood-and-creatures/#more-26486","http://www.unwinnable.com/2012/01/27/playing-god-on-death-motherhood-and-creatures/#more-26486","#cite_ref-57","http://www.gamewaredevelopment.com/creatures_more.php?id=503_0_6_0_M26","http://www.gamewaredevelopment.com/creatures_more.php?id=503_0_6_0_M26","#cite_ref-58","http://www.gamewaredevelopment.com/creatures_more.php?id=504_0_6_0_M26","http://www.gamewaredevelopment.com/creatures_more.php?id=504_0_6_0_M26","#cite_ref-59","http://www.gamewaredevelopment.com/creatures_more.php?id=501_0_6_0_M26","http://www.gamewaredevelopment.com/creatures_more.php?id=501_0_6_0_M26","#cite_ref-60","/wiki/Computer_Gaming_World","#cite_ref-61","http://web.archive.org/web/19971016000951/http://www.cyberlife.co.uk/creatures_newsletter_june2.htm","http://www.cyberlife.co.uk/creatures_newsletter_june2.htm","http://web.archive.org/web/19971016000951/http://www.cyberlife.co.uk/creatures_newsletter_june2.htm","#cite_ref-62","http://web.archive.org/web/20090312050032/http://worldvillage.com/wv/gamezone/html/reviews/creature.htm","http://worldvillage.com/wv/gamezone/html/reviews/creature.htm","http://web.archive.org/web/20090312050032/http://worldvillage.com/wv/gamezone/html/reviews/creature.htm","#cite_ref-63","http://web.archive.org/web/200012141820/http://www.creatures.co.uk/Library/History/lib_history_shee.htm","http://web.archive.org/web/200012141820/http://www.creatures.co.uk/Library/History/lib_history_shee.htm","#cite_ref-definitivearticle_64-0","#cite_ref-definitivearticle_64-1","http://web.archive.org/web/20080927203105/http://fp.cyberlifersrch.plus.com/creaturesarchive/definitivearticle.htm","http://fp.cyberlifersrch.plus.com/creaturesarchive/definitivearticle.htm","http://web.archive.org/web/20080927203105/http://fp.cyberlifersrch.plus.com/creaturesarchive/definitivearticle.htm","#cite_ref-65","http://web.archive.org/web/19981206040212/http://www.creatures.co.uk/creatures2_news1.htm","http://www.creatures.co.uk/creatures2_news1.htm","http://web.archive.org/web/19981206040212/http://www.creatures.co.uk/creatures2_news1.htm","#cite_ref-66","http://web.archive.org/web/20011129065439/http://www.wired.com/news/topstories/0,1287,5037,00.html","http://www.wired.com/news/topstories/0,1287,5037,00.html","http://web.archive.org/web/20011129065439/http://www.wired.com/news/topstories/0,1287,5037,00.html","#cite_ref-67","http://web.archive.org/web/19971015235359/http://www.cyberlife.co.uk/creatures_newsletter_july.htm","http://www.cyberlife.co.uk/creatures_newsletter_july.htm","http://web.archive.org/web/19971015235359/http://www.cyberlife.co.uk/creatures_newsletter_july.htm","#cite_ref-68","http://web.archive.org/web/19971016002046/http://www.cyberlife.co.uk/creatures_toolbar.htm","http://www.cyberlife.co.uk/creatures_toolbar.htm","http://web.archive.org/web/19971016002046/http://www.cyberlife.co.uk/creatures_toolbar.htm","#cite_ref-69","http://www.gamewaredevelopment.com/downloads/C1Manual.pdf","http://www.gamewaredevelopment.com/downloads/C1Manual.pdf","#cite_ref-70","http://www.gamewaredevelopment.com/downloads/C2Manual.pdf","http://www.gamewaredevelopment.com/downloads/C2Manual.pdf","#cite_ref-Brooker_71-0","http://m.computerandvideogames.com/2854/creatures","/wiki/ComputerAndVideoGames.com","http://m.computerandvideogames.com/2854/creatures","#cite_ref-72","http://web.archive.org/web/20060303193810/http://www.avault.com/reviews/print_review.asp?game=creatur","http://www.avault.com/reviews/print_review.asp?game=creatur","http://web.archive.org/web/20060303193810/http://www.avault.com/reviews/print_review.asp?game=creatur","#cite_ref-Walou_73-0","#cite_ref-Walou_73-1","//fr.wikipedia.org/wiki/Joystick_(magazine)","#cite_ref-74","http://web.archive.org/web/19970801040044/www.elecplay.com/pc/creatures.html","/w/index.php?title=The_Electronic_Playground&action=edit&redlink=1","http://www.elecplay.com/pc/creatures.html","http://web.archive.org/web/19970801040044/www.elecplay.com/pc/creatures.html","#cite_ref-75","http://www.gamewaredevelopment.com/downloads/C3manual.pdf","http://www.gamewaredevelopment.com/downloads/C3manual.pdf","#cite_ref-gamewaredevelopment4_76-0","#cite_ref-gamewaredevelopment4_76-1","http://www.gamewaredevelopment.com/downloads/DSManual.pdf","http://www.gamewaredevelopment.com/downloads/DSManual.pdf","#cite_ref-77","http://web.archive.org/web/20030705043628/http://www.cdmag.com/articles/010/034/lifekit_review.html","/wiki/Computer_Games_Strategy_Plus","http://www.cdmag.com/articles/010/034/lifekit_review.html","http://web.archive.org/web/20030705043628/http://www.cdmag.com/articles/010/034/lifekit_review.html","#cite_ref-78","http://www.gamewaredevelopment.com/downloads_more.php?id=447_0_8_0_M15","http://www.gamewaredevelopment.com/downloads_more.php?id=447_0_8_0_M15","#cite_ref-79","http://www.gamewaredevelopment.com/downloads_more.php?id=34_0_8_0_M15","http://www.gamewaredevelopment.com/downloads_more.php?id=34_0_8_0_M15","#cite_ref-80","/wiki/Computer_Gaming_World","#cite_ref-81","http://m.computerandvideogames.com/2856/creatures-2","/wiki/ComputerAndVideoGames.com","http://m.computerandvideogames.com/2856/creatures-2","#cite_ref-82","http://web.archive.org/web/20000821070502/http://www.gamecenter.com/Reviews/Item/Cont/0,7,0-3763_2,00.html","http://www.gamecenter.com/Reviews/Item/Cont/0,7,0-3763_2,00.html","http://web.archive.org/web/20000821070502/http://www.gamecenter.com/Reviews/Item/Cont/0,7,0-3763_2,00.html","#cite_ref-83","http://m.computerandvideogames.com/2857/creatures-3","/wiki/ComputerAndVideoGames.com","http://m.computerandvideogames.com/2857/creatures-3","#cite_ref-84","http://ign.com/articles/2001/03/27/creatures-gets-new-creatures","http://ign.com/articles/2001/03/27/creatures-gets-new-creatures","#cite_ref-85","http://web.archive.org/web/20010607075048/http://gamezone.com/gzreviews/r18445.htm","/wiki/GameZone","http://gamezone.com/gzreviews/r18445.htm","http://web.archive.org/web/20010607075048/http://gamezone.com/gzreviews/r18445.htm","#cite_ref-86","http://web.archive.org/web/20021208182711/http://www.creaturelabs.com/creatures/expansion/banshee.html","http://www.creaturelabs.com/creatures/expansion/banshee.html","http://web.archive.org/web/20021208182711/http://www.creaturelabs.com/creatures/expansion/banshee.html","#cite_ref-87","http://blog.fishingcactus.com/index.php/2011/05/18/announcing-creatures-4-on-ios-mac-and-pc/","http://blog.fishingcactus.com/index.php/2011/05/18/announcing-creatures-4-on-ios-mac-and-pc/","#cite_ref-88","http://blog.fishingcactus.com/index.php/2011/08/22/the-uncensored-truth-about-creatures-4/","http://blog.fishingcactus.com/index.php/2011/08/22/the-uncensored-truth-about-creatures-4/","#cite_ref-89","http://blog.fishingcactus.com/index.php/2013/02/21/creatures-4-qa-with-the-designers-alpha-test/","http://blog.fishingcactus.com/index.php/2013/02/21/creatures-4-qa-with-the-designers-alpha-test/","#cite_ref-90","http://www.creatures4-thegame.co.uk/forum/viewtopic.php?f=20&t=195&p=1698#p1698","http://www.creatures4-thegame.co.uk/forum/viewtopic.php?f=20&t=195&p=1698#p1698","#cite_ref-91","http://blog.fishingcactus.com/index.php/2013/01/22/creatures-4-dev-update-the-light-at-the-end-of-the-tunnel/","http://blog.fishingcactus.com/index.php/2013/01/22/creatures-4-dev-update-the-light-at-the-end-of-the-tunnel/","#cite_ref-92","http://blog.fishingcactus.com/index.php/2013/03/22/creatures-4-procedural-fur-patterns/","#cite_ref-93","http://www.creatures4-thegame.co.uk/forum/viewtopic.php?f=19&t=303&p=2423#p2423","http://www.creatures4-thegame.co.uk/forum/viewtopic.php?f=19&t=303&p=2423#p2423","#cite_ref-94","http://ign.com/articles/2002/09/23/creatures-review","http://ign.com/articles/2002/09/23/creatures-review","#cite_ref-95","http://web.archive.org/web/20030826062030/http://www.nicelytoasted.net/honey/archives/002107.html","http://www.nicelytoasted.net/honey/archives/002107.html","http://web.archive.org/web/20030826062030/http://www.nicelytoasted.net/honey/archives/002107.html","#cite_ref-gamewaredevelopment2_96-0","#cite_ref-gamewaredevelopment2_96-1","http://www.gamewaredevelopment.com/print.php?id=468_0_10_0","http://www.gamewaredevelopment.com/print.php?id=468_0_10_0","/w/index.php?title=Creatures_(artificial_life_series)&action=edit&section=22","//upload.wikimedia.org/wikipedia/en/thumb/6/6c/Wiki_letter_w.svg/44px-Wiki_letter_w.svg.png","//en.wikipedia.org/w/index.php?title=Creatures_(artificial_life_series)&action=edit","/wiki/Talk:Creatures_(artificial_life_series)","http://www.wired.com/culture/lifestyle/news/1997/05/3639","/wiki/Wired.com","http://www.wired.com/culture/lifestyle/news/1997/05/3639","http://www.insidemacgames.com/reviews/view.php?ID=664","/wiki/Inside_Mac_Games","http://www.insidemacgames.com/reviews/view.php?ID=664","/wiki/Edge_(magazine)","/wiki/GamesTM","/wiki/International_Standard_Book_Number","/wiki/Special:BookSources/978-0674006546","http://www.salon.com/2002/01/02/grand/","/wiki/Salon.com","http://www.gamerevolution.com/review/creatures","http://www.gamerevolution.com/review/creatures","//fr.wikipedia.org/wiki/Joystick_(magazine)","http://www.wired.com/wired/archive/6.02/streetcred_pr.html","/wiki/Wired.com","http://www.wired.com/wired/archive/6.02/streetcred_pr.html","http://www.nytimes.com/2002/02/02/arts/man-who-would-be-god-giving-robots-life.html?pagewanted=all&src=pm","/wiki/Next_Generation_(magazine)","/wiki/Next_Generation_(magazine)","/wiki/Next_Generation_(magazine)","/wiki/PC_Zone","/wiki/International_Standard_Book_Number","/wiki/Special:BookSources/978-0782124408","http://web.archive.org/web/20031027104034/http://www.cdmag.com/articles/010/013/creatures_review.html","/wiki/Computer_Games_Strategy_Plus","http://www.cdmag.com/articles/010/013/creatures_review.html","http://web.archive.org/web/20031027104034/http://www.cdmag.com/articles/010/013/creatures_review.html","http://web.archive.org/web/20050818202754/www.electric-games.com/reviews/creatures.html","http://www.gamesmania.de/game/creatures/1375/","http://www.gamespot.com/creatures-2/reviews/creatures-2-review-2538465/","http://web.archive.org/web/20010508111713/http://www.pcgameplay.co.uk/reviews/puzzle/creatures3.htm","http://web.archive.org/web/20010701213611/http://www.gamezone.com/gzreviews/r12597.htm","http://web.archive.org/web/20000616090011/http://www.gamecenter.com/Reviews/Item/0,6,0-3763,00.html","/w/index.php?title=Creatures_(artificial_life_series)&action=edit&section=23","//upload.wikimedia.org/wikipedia/en/thumb/f/f2/Edit-clear.svg/40px-Edit-clear.svg.png","/wiki/Wikipedia:External_links","//en.wikipedia.org/w/index.php?title=Creatures_(artificial_life_series)&action=edit","/wiki/Wikipedia:What_Wikipedia_is_not#Wikipedia_is_not_a_mirror_or_a_repository_of_links.2C_images.2C_or_media_files","/wiki/Wikipedia:External_links","/wiki/Wikipedia:Citing_sources","/w/index.php?title=Creatures_(artificial_life_series)&action=edit&section=24","http://www.gamewaredevelopment.com/creatures_index.php","http://www.gamewaredevelopment.com/ds/ds_index.php","http://www.cyberlife-research.com/","http://www.creatures4-thegame.co.uk/","/w/index.php?title=Creatures_(artificial_life_series)&action=edit&section=25","http://creaturescaves.com/","http://www.webpetz.com/creatures/","http://creatures.treesprite.com/","http://creatureswiki.net/wiki/CC_Chat","http://en.wikipedia.org/w/index.php?title=Creatures_(artificial_life_series)&oldid=546375051#Creatures","/wiki/Help:Categories","/wiki/Category:1996_video_games","/wiki/Category:1998_video_games","/wiki/Category:1999_video_games","/wiki/Category:2001_video_games","/wiki/Category:Artificial_life","/wiki/Category:Creatures_(artificial_life_program)","/wiki/Category:Creature_Labs_games","/wiki/Category:Biological_simulation_video_games","/wiki/Category:God_games","/wiki/Category:Gameware_Development_games","/wiki/Category:Windows_games","/wiki/Category:Mac_OS_games","/wiki/Category:Linux_games","/wiki/Category:Virtual_pet_video_games","/wiki/Category:Video_games_developed_in_the_United_Kingdom","/wiki/Category:Upcoming_video_games_scheduled_for_2013","/wiki/Category:Wikipedia_introduction_cleanup_from_February_2013","/wiki/Category:All_pages_needing_cleanup","/wiki/Category:Articles_covered_by_WikiProject_Wikify_from_February_2013","/wiki/Category:All_articles_covered_by_WikiProject_Wikify","/wiki/Category:All_articles_with_unsourced_statements","/wiki/Category:Articles_with_unsourced_statements_from_October_2011","/wiki/Category:Articles_with_unsourced_statements_from_November_2012","/wiki/Category:Articles_to_be_expanded_from_November_2012","/wiki/Category:All_articles_to_be_expanded","/wiki/Category:Articles_to_be_expanded_from_December_2012","/wiki/Category:Articles_to_be_expanded_with_sources_from_December_2012","/wiki/Category:Wikipedia_external_links_cleanup_from_September_2012","/wiki/Category:Wikipedia_spam_cleanup_from_September_2012","/w/index.php?title=Special:UserLogin&returnto=Creatures+%28artificial+life+series%29&type=signup","/w/index.php?title=Special:UserLogin&returnto=Creatures+%28artificial+life+series%29","/wiki/Creatures_(artificial_life_series)","/wiki/Talk:Creatures_(artificial_life_series)","#","/wiki/Creatures_(artificial_life_series)","/w/index.php?title=Creatures_(artificial_life_series)&action=edit","/w/index.php?title=Creatures_(artificial_life_series)&action=history","#","/w/index.php","//bits.wikimedia.org/static-1.21wmf11/skins/vector/images/search-ltr.png?303-4","/wiki/Main_Page","/wiki/Main_Page","/wiki/Portal:Contents","/wiki/Portal:Featured_content","/wiki/Portal:Current_events","/wiki/Special:Random","//donate.wikimedia.org/wiki/Special:FundraiserRedirector?utm_source=donate&utm_medium=sidebar&utm_campaign=C13_en.wikipedia.org&uselang=en","/wiki/Help:Contents","/wiki/Wikipedia:About","/wiki/Wikipedia:Community_portal","/wiki/Special:RecentChanges","/wiki/Wikipedia:Contact_us","/wiki/Special:WhatLinksHere/Creatures_(artificial_life_series)","/wiki/Special:RecentChangesLinked/Creatures_(artificial_life_series)","/wiki/Wikipedia:File_Upload_Wizard","/wiki/Special:SpecialPages","/w/index.php?title=Creatures_(artificial_life_series)&oldid=546375051","/w/index.php?title=Creatures_(artificial_life_series)&action=info","/w/index.php?title=Special:Cite&page=Creatures_%28artificial_life_series%29&id=546375051","/w/index.php?title=Special:Book&bookcmd=book_creator&referer=Creatures+%28artificial+life+series%29","/w/index.php?title=Special:Book&bookcmd=render_article&arttitle=Creatures+%28artificial+life+series%29&oldid=546375051&writer=rl","/w/index.php?title=Creatures_(artificial_life_series)&printable=yes","//de.wikipedia.org/wiki/Creatures_(Spieleserie)","//fr.wikipedia.org/wiki/Creatures_(s%C3%A9rie)","//it.wikipedia.org/wiki/Creatures_(serie)","//no.wikipedia.org/wiki/Creatures","//en.wikipedia.org/wiki/Wikipedia:Text_of_Creative_Commons_Attribution-ShareAlike_3.0_Unported_License","//creativecommons.org/licenses/by-sa/3.0/","//wikimediafoundation.org/wiki/Terms_of_Use","//www.wikimediafoundation.org/","//en.wikipedia.org/wiki/Wikipedia:Contact_us","//wikimediafoundation.org/wiki/Privacy_policy","/wiki/Wikipedia:About","/wiki/Wikipedia:General_disclaimer","http://en.m.wikipedia.org/wiki/Creatures_(artificial_life_series)#Creatures","//wikimediafoundation.org/","//bits.wikimedia.org/images/wikimedia-button.png","//www.mediawiki.org/","//bits.wikimedia.org/static-1.21wmf11/skins/common/images/poweredby_mediawiki_88x31.png","//bits.wikimedia.org/en.wikipedia.org/load.php?debug=false&lang=en&modules=skins.vector&only=scripts&skin=vector&*","/w/index.php?title=MediaWiki:Gadget-ReferenceTooltips.js&action=raw&ctype=text/javascript&508635914","//bits.wikimedia.org/en.wikipedia.org/load.php?debug=false&lang=en&modules=site&only=scripts&skin=vector&*"],"instances":["creatures","united_kingdom","game","creatures","genetics","biology"],"pdf":["http://utdallas.edu/~maz031000/res/IEEE_Article.pdf","http://utdallas.edu/~maz031000/res/IEEE_Article.pdf","https://www.aaai.org/Papers/Symposia/Spring/1999/SS-99-02/SS99-02-017.pdf","http://www.agent.ai/doc/upload/200302/tayl97.pdf","http://www.agent.ai/doc/upload/200302/tayl97.pdf","http://mrl.snu.ac.kr/courses/CourseSyntheticCharacter/grand96creatures.pdf","http://mrl.snu.ac.kr/courses/CourseSyntheticCharacter/grand96creatures.pdf","http://www.stanford.edu/class/sts145/Library/richard.pdf","http://www.stanford.edu/class/sts145/Library/richard.pdf","http://www.gamewaredevelopment.com/downloads/CVManual.pdf","http://www.gamewaredevelopment.com/downloads/CVManual.pdf","http://www.gamewaredevelopment.com/downloads/C1Manual.pdf","http://www.gamewaredevelopment.com/downloads/C1Manual.pdf","http://www.gamewaredevelopment.com/downloads/C2Manual.pdf","http://www.gamewaredevelopment.com/downloads/C2Manual.pdf","http://www.gamewaredevelopment.com/downloads/C3manual.pdf","http://www.gamewaredevelopment.com/downloads/C3manual.pdf","http://www.gamewaredevelopment.com/downloads/DSManual.pdf","http://www.gamewaredevelopment.com/downloads/DSManual.pdf"],"categories":["1996 video games","1998 video games","1999 video games","2001 video games","Artificial life","Creatures (artificial life program)|","Creature Labs games","Biological simulation video games","God games","Gameware Development games","Windows games","Mac OS games","Linux games","Virtual pet video games","Video games developed in the United Kingdom","Upcoming video games scheduled for 2013"],"headings":["Overview","History","Gameplay","Games in the series","Later bundled releases","See also","References","Further reading","External links"],"image":["//upload.wikimedia.org/wikipedia/en/thumb/f/f2/Edit-clear.svg/40px-Edit-clear.svg.png","//upload.wikimedia.org/wikipedia/en/thumb/0/0c/Shee_statue.png/220px-Shee_statue.png","//bits.wikimedia.org/static-1.21wmf11/skins/common/images/magnify-clip.png","//upload.wikimedia.org/wikipedia/commons/thumb/1/1c/Wiki_letter_w_cropped.svg/20px-Wiki_letter_w_cropped.svg.png","//upload.wikimedia.org/wikipedia/commons/thumb/1/1c/Wiki_letter_w_cropped.svg/20px-Wiki_letter_w_cropped.svg.png","//upload.wikimedia.org/wikipedia/en/thumb/6/6c/Wiki_letter_w.svg/44px-Wiki_letter_w.svg.png","//upload.wikimedia.org/wikipedia/en/thumb/f/f2/Edit-clear.svg/40px-Edit-clear.svg.png","//bits.wikimedia.org/static-1.21wmf11/skins/vector/images/search-ltr.png?303-4","//bits.wikimedia.org/images/wikimedia-button.png","//bits.wikimedia.org/static-1.21wmf11/skins/common/images/poweredby_mediawiki_88x31.png"],"tags":[["locus","genetics"],["ministry_of_defence","united_kingdom"],["norn","creatures"],["norns","creatures"],["egg","biology"],["player","game"]],"members":["norn","ministry_of_defence","player","norns","locus","egg"],"related":["Artificial_life","Computer_program","Computer_science","Steve_Grand","Cambridge","Video_game","Millennium_Interactive","Artificial_life","Biochemistry","Neural_network","Brain","DNA","Evolution","Selective_breeding","Drive_theory","Behaviorist","Emergence","Animat","Animal_locomotion","Savanna_Simulator","Exidy_Sorcerer","Genetics","Physical_anthropology","Haploid","Dominant_gene","Recessive_gene","Genetic_recombination","Locus_(genetics)","Oxford","Zoology","Richard_Dawkins","Douglas_Adams","Desktop_pet","The_Planiverse","Ewok","Little_Computer_People","Artificial_life","Animal_fancy","Top-down_and_bottom-up_design","Emergence","Millennium_Interactive","Mindscape_Group","Online_community","Selective_breeding","Millennium_Interactive","Cyberlife_Technology","Ministry_of_Defence_(United_Kingdom)","Fighter_jet","Cyberlife_Research","Robotics","Creature_Labs","Video_game","Electronic_Entertainment_Expo","BAFTA_award","Gameware_Development","BBC","Kutoka_Interactive","Mac_OS_X","Windows_XP","GOG.com","Fishing_Cactus","GamesCom","Paris_Games_Week","Squirt_bottle","Senescence","Immune_system","Valet","Neural_network","Norn_(Creatures)","DNA","Creatures_2","Creatures_3","Norns_(Creatures)","Airlock","Piranha","Bachelor's_degree","Windows_Media_Player","Albion","2.5D","Object-oriented_programming","Natural_environment","Laboratory","Egg_(biology)","Creatures_2","Natural_disaster","Landscape","Technology","Species","Player_(game)","Creatures_3","Starship","Natural_environment","Experiment","Internet","Online_chat","GameZone","2.5D","Free_to_play","Alpha_test","Procedural_generation","Heterochromia_iridium","Drive_theory","Altruism_in_animals","Creatures_Adventures","Creatures_Playground","AI","Volker_Eloesser","Encore_Software","Encare","FastTrak_Software_Publishing","Linux_Game_Publishing","Focus_Multimedia"]}