{"cursor":"4916","size":15,"audio":[],"currentlang":"en","article":"\n\n'Distributed Artificial Intelligence (DAI)' is a subfield of artificial\nintelligence research dedicated to the development of distributed solutions for\ncomplex problems regarded as requiring intelligence. DAI is closely related to\nand a predecessor of the field of Multi-Agent Systems.\n","linknr":141,"url":"Distributed_Artificial_Intelligence","recorded":1376412289,"links":["/w/index.php?title=Distributed_artificial_intelligence&action=edit","/w/index.php?title=Distributed_artificial_intelligence&action=edit","//bits.wikimedia.org/favicon/wikipedia.ico","/w/opensearch_desc.php","//en.wikipedia.org/w/api.php?action=rsd","//creativecommons.org/licenses/by-sa/3.0/","/w/index.php?title=Special:RecentChanges&feed=atom","http://en.wikipedia.org/wiki/Distributed_artificial_intelligence","//bits.wikimedia.org/en.wikipedia.org/load.php?debug=false&lang=en&modules=ext.gadget.DRN-wizard%2CReferenceTooltips%2Ccharinsert%2Cteahouse%7Cext.rtlcite%2Cwikihiero%7Cext.uls.nojs%7Cmediawiki.legacy.commonPrint%2Cshared%7Cmw.PopUpMediaTransform%7Cskins.vector&only=styles&skin=vector&*","//bits.wikimedia.org/en.wikipedia.org/load.php?debug=false&lang=en&modules=ext.visualEditor.viewPageTarget.noscript&only=styles&skin=vector&*","//bits.wikimedia.org/en.wikipedia.org/load.php?debug=false&lang=en&modules=site&only=styles&skin=vector&*","//bits.wikimedia.org/en.wikipedia.org/load.php?debug=false&lang=en&modules=startup&only=scripts&skin=vector&*","//bits.wikimedia.org/geoiplookup","//meta.wikimedia.org","/w/index.php?title=Distributed_Artificial_Intelligence&redirect=no","#mw-navigation","#p-search","//upload.wikimedia.org/wikipedia/en/thumb/f/f2/Edit-clear.svg/40px-Edit-clear.svg.png","/wiki/Wikipedia:Cleanup","/wiki/Wikipedia:Manual_of_Style","/wiki/Template:Cleanup/doc","//en.wikipedia.org/w/index.php?title=Distributed_artificial_intelligence&action=edit","//upload.wikimedia.org/wikipedia/commons/thumb/a/a4/Text_document_with_red_question_mark.svg/40px-Text_document_with_red_question_mark.svg.png","/wiki/Wikipedia:Citing_sources","/wiki/Wikipedia:INCITE","/wiki/Wikipedia:WikiProject_Fact_and_Reference_Check","/wiki/Wikipedia:When_to_cite","/wiki/Artificial_intelligence","/wiki/Multi-agent_system","#Objective","#Agents_and_Multi-agent_systems","#Software_agents","#Basic_Disadvantages","#Real_time_Applications","#See_also","#References","#Further_reading","/w/index.php?title=Distributed_artificial_intelligence&action=edit&section=1","/w/index.php?title=Distributed_artificial_intelligence&veaction=edit&section=1","/wiki/Multiprocessor","/wiki/Intelligent_agent","/wiki/Abstraction","/wiki/Macroscopic","/wiki/Microscopic_scale","/wiki/Social_simulation","/w/index.php?title=Distributed_artificial_intelligence&action=edit&section=2","/w/index.php?title=Distributed_artificial_intelligence&veaction=edit&section=2","/w/index.php?title=Distributed_artificial_intelligence&action=edit&section=3","/w/index.php?title=Distributed_artificial_intelligence&veaction=edit&section=3","/wiki/Software_agent","//en.wiktionary.org/wiki/autonomy","/wiki/Agent_communication_language","/wiki/Deliberative_agent","/wiki/Soar_(cognitive_architecture)","/wiki/BDI_software_agent","/w/index.php?title=InterRAP&action=edit&redlink=1","/w/index.php?title=Distributed_artificial_intelligence&action=edit&section=4","/w/index.php?title=Distributed_artificial_intelligence&veaction=edit&section=4","/w/index.php?title=Distributed_artificial_intelligence&action=edit&section=5","/w/index.php?title=Distributed_artificial_intelligence&veaction=edit&section=5","#cite_note-1","/wiki/Robotic_clusters","/w/index.php?title=Distributed_artificial_intelligence&action=edit&section=6","/w/index.php?title=Distributed_artificial_intelligence&veaction=edit&section=6","/wiki/Collective_intelligence","/wiki/Simulated_reality","/w/index.php?title=Distributed_artificial_intelligence&action=edit&section=7","/w/index.php?title=Distributed_artificial_intelligence&veaction=edit&section=7","#cite_ref-1","/w/index.php?title=Distributed_artificial_intelligence&action=edit&section=8","/w/index.php?title=Distributed_artificial_intelligence&veaction=edit&section=8","http://www.masfoundations.org/download.html","/wiki/Cambridge_University_Press","/wiki/International_Standard_Book_Number","/wiki/Special:BookSources/978-0-521-89943-7","/wiki/Special:BookSources/9780521839648","/wiki/International_Standard_Book_Number","/wiki/Special:BookSources/978-1-59829-526-9","//en.wikipedia.org/w/index.php?title=Special:CentralAutoLogin/start&type=1x1&from=enwiki","http://en.wikipedia.org/w/index.php?title=Distributed_artificial_intelligence&oldid=562916640","/wiki/Help:Category","/wiki/Category:Multi-agent_systems","/wiki/Category:Artificial_intelligence","/wiki/Category:Articles_needing_cleanup_from_October_2011","/wiki/Category:All_articles_needing_cleanup","/wiki/Category:Cleanup_tagged_articles_without_a_reason_field_from_October_2011","/wiki/Category:Wikipedia_pages_needing_cleanup_from_October_2011","/wiki/Category:Articles_lacking_in-text_citations_from_February_2011","/wiki/Category:All_articles_lacking_in-text_citations","/w/index.php?title=Special:UserLogin&returnto=Distributed+artificial+intelligence&type=signup","/w/index.php?title=Special:UserLogin&returnto=Distributed+artificial+intelligence","/wiki/Distributed_artificial_intelligence","/wiki/Talk:Distributed_artificial_intelligence","#","/wiki/Distributed_artificial_intelligence","/w/index.php?title=Distributed_artificial_intelligence&action=edit","/w/index.php?title=Distributed_artificial_intelligence&veaction=edit","/w/index.php?title=Distributed_artificial_intelligence&action=history","#","/w/index.php","//bits.wikimedia.org/static-1.22wmf12/skins/vector/images/search-ltr.png?303-4","/wiki/Main_Page","/wiki/Main_Page","/wiki/Portal:Contents","/wiki/Portal:Featured_content","/wiki/Portal:Current_events","/wiki/Special:Random","https://donate.wikimedia.org/wiki/Special:FundraiserRedirector?utm_source=donate&utm_medium=sidebar&utm_campaign=C13_en.wikipedia.org&uselang=en","/wiki/Help:Contents","/wiki/Wikipedia:About","/wiki/Wikipedia:Community_portal","/wiki/Special:RecentChanges","//en.wikipedia.org/wiki/Wikipedia:Contact_us","/wiki/Special:WhatLinksHere/Distributed_artificial_intelligence","/wiki/Special:RecentChangesLinked/Distributed_artificial_intelligence","/wiki/Wikipedia:File_Upload_Wizard","/wiki/Special:SpecialPages","/w/index.php?title=Distributed_artificial_intelligence&oldid=562916640","/w/index.php?title=Distributed_artificial_intelligence&action=info","//www.wikidata.org/wiki/Q3153007","/w/index.php?title=Special:Cite&page=Distributed_artificial_intelligence&id=562916640","/w/index.php?title=Special:Book&bookcmd=book_creator&referer=Distributed+artificial+intelligence","/w/index.php?title=Special:Book&bookcmd=render_article&arttitle=Distributed+artificial+intelligence&oldid=562916640&writer=rl","/w/index.php?title=Distributed_artificial_intelligence&printable=yes","//fr.wikipedia.org/wiki/Intelligence_artificielle_distribu%C3%A9e","#","//www.wikidata.org/wiki/Q3153007#sitelinks-wikipedia","//en.wikipedia.org/wiki/Wikipedia:Text_of_Creative_Commons_Attribution-ShareAlike_3.0_Unported_License","//creativecommons.org/licenses/by-sa/3.0/","//wikimediafoundation.org/wiki/Terms_of_Use","//wikimediafoundation.org/wiki/Privacy_policy","//www.wikimediafoundation.org/","//wikimediafoundation.org/wiki/Privacy_policy","/wiki/Wikipedia:About","/wiki/Wikipedia:General_disclaimer","//en.wikipedia.org/wiki/Wikipedia:Contact_us","//en.m.wikipedia.org/wiki/Distributed_artificial_intelligence","//wikimediafoundation.org/","//bits.wikimedia.org/images/wikimedia-button.png","//www.mediawiki.org/","//bits.wikimedia.org/static-1.22wmf12/skins/common/images/poweredby_mediawiki_88x31.png","//bits.wikimedia.org/en.wikipedia.org/load.php?debug=false&lang=en&modules=site&only=scripts&skin=vector&*"],"instances":["cognitive_architecture"],"pdf":[],"categories":["Multi-agent systems","Artificial intelligence"],"headings":["Objective","Agents and Multi-agent systems","Software agents","Basic Disadvantages","Real time Applications","See also","References","Further reading"],"image":["//upload.wikimedia.org/wikipedia/en/thumb/f/f2/Edit-clear.svg/40px-Edit-clear.svg.png","//upload.wikimedia.org/wikipedia/commons/thumb/a/a4/Text_document_with_red_question_mark.svg/40px-Text_document_with_red_question_mark.svg.png","//en.wikipedia.org/w/index.php?title=Special:CentralAutoLogin/start&type=1x1&from=enwiki","//bits.wikimedia.org/static-1.22wmf12/skins/vector/images/search-ltr.png?303-4","//bits.wikimedia.org/images/wikimedia-button.png","//bits.wikimedia.org/static-1.22wmf12/skins/common/images/poweredby_mediawiki_88x31.png"],"tags":[["soar","cognitive_architecture"]],"members":["soar"],"related":["Artificial_intelligence","Multi-agent_system","Multiprocessor","Intelligent_agent","Abstraction","Macroscopic","Microscopic_scale","Social_simulation","Software_agent","Agent_communication_language","Deliberative_agent","Soar_(cognitive_architecture)","BDI_software_agent","InterRAP","Robotic_clusters","Collective_intelligence","Simulated_reality"]}