{"cursor":"19828","size":15,"audio":[],"currentlang":"en","article":"The 'ethics of artificial intelligence' is the part of the ethics of technology\nspecific to robots and other artificially intelligent beings. It is typically\ndivided into roboethics, a concern with the moral behavior of humans as they\ndesign, construct, use and treat artificially intelligent beings, and machine\nethics, concern with the moral behavior of artificial moral agents (AMAs).\n","linknr":1019,"url":"Ethics_of_artificial_intelligence","recorded":1376396316,"links":["/w/index.php?title=Ethics_of_artificial_intelligence&action=edit","/w/index.php?title=Ethics_of_artificial_intelligence&action=edit","//bits.wikimedia.org/favicon/wikipedia.ico","/w/opensearch_desc.php","//en.wikipedia.org/w/api.php?action=rsd","//creativecommons.org/licenses/by-sa/3.0/","/w/index.php?title=Special:RecentChanges&feed=atom","http://en.wikipedia.org/wiki/Ethics_of_artificial_intelligence","//bits.wikimedia.org/en.wikipedia.org/load.php?debug=false&lang=en&modules=ext.gadget.DRN-wizard%2CReferenceTooltips%2Ccharinsert%2Cteahouse%7Cext.rtlcite%2Cwikihiero%7Cext.uls.nojs%7Cmediawiki.legacy.commonPrint%2Cshared%7Cmw.PopUpMediaTransform%7Cskins.vector&only=styles&skin=vector&*","//bits.wikimedia.org/en.wikipedia.org/load.php?debug=false&lang=en&modules=ext.visualEditor.viewPageTarget.noscript&only=styles&skin=vector&*","//bits.wikimedia.org/en.wikipedia.org/load.php?debug=false&lang=en&modules=site&only=styles&skin=vector&*","//bits.wikimedia.org/en.wikipedia.org/load.php?debug=false&lang=en&modules=startup&only=scripts&skin=vector&*","//bits.wikimedia.org/geoiplookup","//meta.wikimedia.org","#mw-navigation","#p-search","/wiki/Ethics_of_technology","/wiki/Robot","/wiki/Artificial_Intelligence","/wiki/Roboethics","/wiki/Machine_ethics","/wiki/Wikipedia:Citation_needed","#Roboethics","#Robot_rights","#The_threat_to_privacy","#The_threat_to_human_dignity","#Machine_ethics","#Unintended_consequences","#Ethics_of_artificial_intelligence_in_fiction","#See_also","#Notes","#External_links","/w/index.php?title=Ethics_of_artificial_intelligence&action=edit&section=1","/w/index.php?title=Ethics_of_artificial_intelligence&veaction=edit&section=1","/wiki/Roboethics","#cite_note-Veruggio2002-1","/wiki/Wikipedia:Link_rot","/w/index.php?title=Ethics_of_artificial_intelligence&action=edit&section=2","/w/index.php?title=Ethics_of_artificial_intelligence&veaction=edit&section=2","/wiki/Human_rights","/wiki/Animal_rights","#cite_note-2","/wiki/Institute_for_the_Future","#cite_note-3","/wiki/United_Kingdom","/wiki/Department_of_Trade_and_Industry_(United_Kingdom)","#cite_note-TimesOnline-4","#cite_note-TimesOnline-4","#cite_note-5","/wiki/Ray_Kurzweil","#cite_note-6","#cite_note-7","#cite_note-8","/wiki/Loebner_Prize","#cite_note-9","/w/index.php?title=Ethics_of_artificial_intelligence&action=edit&section=3","/w/index.php?title=Ethics_of_artificial_intelligence&veaction=edit&section=3","/wiki/Aleksandr_Solzhenitsyn","/wiki/The_First_Circle","/wiki/Speech_recognition","#cite_note-10","/wiki/Natural_language_processing","/wiki/English_language","/w/index.php?title=Ethics_of_artificial_intelligence&action=edit&section=4","/w/index.php?title=Ethics_of_artificial_intelligence&veaction=edit&section=4","/wiki/Computer_Power_and_Human_Reason","/wiki/Joseph_Weizenbaum","/wiki/Interactive_voice_response","/wiki/Kenneth_Colby","/wiki/Pamela_McCorduck","#cite_note-MWZ-11","/wiki/Pamela_McCorduck","#cite_note-MWZ-11","/wiki/John_McCarthy_(computer_scientist)","#cite_note-MWZ-11","/w/index.php?title=Ethics_of_artificial_intelligence&action=edit&section=5","/w/index.php?title=Ethics_of_artificial_intelligence&veaction=edit&section=5","/wiki/Machine_ethics","#cite_note-Andersonweb-12","#cite_note-Anderson2011-13","#cite_note-Anderson2006-14","#cite_note-Anderson2007-15","/wiki/Isaac_Asimov","/wiki/I,_Robot","/wiki/John_W._Campbell_Jr.","/wiki/Three_Laws_of_Robotics","#cite_note-Asimov2008-16","/wiki/Lausanne","/wiki/Switzerland","#cite_note-17","#cite_note-SantosLang2002-18","#cite_note-19","#cite_note-20","#cite_note-21","/wiki/Association_for_the_Advancement_of_Artificial_Intelligence","#cite_note-22","/wiki/Language_Acquisition_Device_(computer)","/wiki/Vernor_Vinge","/wiki/Technological_singularity","#cite_note-nytimes_july09-23","#cite_note-24","/wiki/Singularitarianism","/wiki/Singularity_Institute_for_Artificial_Intelligence","/wiki/Friendly_AI","#cite_note-25","#cite_note-nytimes_july09-23","#cite_note-Wallach2008-26","/wiki/Normative_ethics","/wiki/List_of_machine_learning_algorithms","/wiki/Nick_Bostrom","/wiki/Eliezer_Yudkowsky","/wiki/Decision_trees","/wiki/ID3_algorithm","/wiki/Artificial_neural_network","/wiki/Genetic_algorithm","/wiki/Stare_decisis","#cite_note-27","/wiki/Hacker_(programmer_subculture)","#cite_note-SantosLang2002-18","/w/index.php?title=Ethics_of_artificial_intelligence&action=edit&section=6","/w/index.php?title=Ethics_of_artificial_intelligence&veaction=edit&section=6","/wiki/File:Wiki_letter_w_cropped.svg","//upload.wikimedia.org/wikipedia/commons/thumb/1/1c/Wiki_letter_w_cropped.svg/20px-Wiki_letter_w_cropped.svg.png","//en.wikipedia.org/w/index.php?title=Ethics_of_artificial_intelligence&action=edit","#cite_note-28","/w/index.php?title=Ethics_of_artificial_intelligence&action=edit&section=7","/w/index.php?title=Ethics_of_artificial_intelligence&veaction=edit&section=7","/wiki/Artificial_intelligence_in_fiction","/wiki/The_Thirteenth_Floor","/wiki/Game_console","/wiki/The_Matrix","/wiki/Speciesism","/wiki/Luminous_(story_collection)","/wiki/Emergency_Medical_Hologram","/wiki/USS_Voyager_(NCC-74656)","/wiki/Lewis_Zimmerman","/wiki/Bicentennial_Man","/wiki/A.I._(film)","/wiki/I,_Robot_(film)","/wiki/Mass_Effect","/wiki/Neural_network","/wiki/Hugo_de_Garis","/wiki/Kevin_Warwick","/w/index.php?title=Ethics_of_artificial_intelligence&action=edit&section=8","/w/index.php?title=Ethics_of_artificial_intelligence&veaction=edit&section=8","/wiki/File:Animation2.gif","//upload.wikimedia.org/wikipedia/commons/thumb/c/c0/Animation2.gif/17px-Animation2.gif","/wiki/Portal:Artificial_intelligence","/wiki/File:Conscience_and_law.jpg","//upload.wikimedia.org/wikipedia/commons/thumb/d/d6/Conscience_and_law.jpg/32px-Conscience_and_law.jpg","/wiki/Portal:Ethics","/wiki/Friendly_artificial_intelligence","/wiki/Animal_rights","/w/index.php?title=Ethics_of_artificial_intelligence&action=edit&section=9","/w/index.php?title=Ethics_of_artificial_intelligence&veaction=edit&section=9","#cite_ref-Veruggio2002_1-0","http://jnrr07.u-strasbg.fr/actes/presentations/TB/Veruggio.pdf","#cite_ref-2","#cite_ref-3","http://news.bbc.co.uk/2/hi/technology/6200005.stm","#cite_ref-TimesOnline_4-0","#cite_ref-TimesOnline_4-1","http://www.timesonline.co.uk/tol/news/uk/science/article1695546.ece","#cite_ref-5","http://www.the-scientist.com/2007/5/1/30/1/","#cite_ref-6","/wiki/Ray_Kurzweil","/wiki/International_Standard_Book_Number","/wiki/Special:BookSources/0-670-03384-7","#cite_ref-7","http://www.yellowzeppelin.info/Robots/worried_9211.html","#cite_ref-8","http://www.independent.co.uk/news/science/the-big-question-should-the-human-race-be-worried-by-the-rise-of-robots-446107.html","#cite_ref-9","http://loebner03.hamill.co.uk/docs/LPC%20Official%20Rules%20v2.0.pdf","/wiki/David_Hamill","#cite_ref-10","#CITEREFMcCorduck2004","#cite_ref-MWZ_11-0","#cite_ref-MWZ_11-1","#cite_ref-MWZ_11-2","/wiki/Joseph_Weizenbaum","#CITEREFMcCorduck2004","#cite_ref-Andersonweb_12-0","http://uhaweb.hartford.edu/anderson/MachineEthics.html","#cite_ref-Anderson2011_13-0","/wiki/Cambridge_University_Press","/wiki/International_Standard_Book_Number","/wiki/Special:BookSources/978-0-521-11235-2","#cite_ref-Anderson2006_14-0","http://www.computer.org/portal/web/csdl/abs/mags/ex/2006/04/x4toc.htm","/wiki/International_Standard_Serial_Number","//www.worldcat.org/issn/1541-1672","#cite_ref-Anderson2007_15-0","http://www.aaai.org/ojs/index.php/aimagazine/article/view/2065","/wiki/International_Standard_Serial_Number","//www.worldcat.org/issn/0738-4602","#cite_ref-Asimov2008_16-0","/wiki/International_Standard_Book_Number","/wiki/Special:BookSources/0-553-38256-X","#cite_ref-17","http://www.popsci.com/scitech/article/2009-08/evolving-robots-learn-lie-hide-resources-each-other","#cite_ref-SantosLang2002_18-0","#cite_ref-SantosLang2002_18-1","http://knol.google.com/k/chris-santos-lang/ethics-for-artificial-intelligences/3iue30fi4gfq9/1","#cite_ref-19","http://news.bbc.co.uk/2/hi/technology/8182003.stm","#cite_ref-20","http://www.dailytech.com/New%20Navyfunded%20Report%20Warns%20of%20War%20Robots%20Going%20Terminator/article14298.htm","#cite_ref-21","http://www.engadget.com/2009/02/18/navy-report-warns-of-robot-uprising-suggests-a-strong-moral-com/","#cite_ref-22","http://research.microsoft.com/en-us/um/people/horvitz/AAAI_Presidential_Panel_2008-2009.htm","#cite_ref-nytimes_july09_23-0","#cite_ref-nytimes_july09_23-1","http://www.nytimes.com/2009/07/26/science/26robot.html?_r=1&ref=todayspaper","#cite_ref-24","http://www-rohan.sdsu.edu/faculty/vinge/misc/singularity.html","#cite_ref-25","http://www.asimovlaws.com/articles/archives/2004/07/why_we_need_fri_1.html","#cite_ref-Wallach2008_26-0","/wiki/Oxford_University_Press","/wiki/International_Standard_Book_Number","/wiki/Special:BookSources/978-0-19-537404-9","#cite_ref-27","/wiki/Nick_Bostrom","/wiki/Eliezer_Yudkowsky","http://www.nickbostrom.com/ethics/artificial-intelligence.pdf","/wiki/Cambridge_Press","#cite_ref-28","http://berglas.org/Articles/AIKillGrandchildren/AIKillGrandchildren.html","/w/index.php?title=Ethics_of_artificial_intelligence&action=edit&section=10","/w/index.php?title=Ethics_of_artificial_intelligence&veaction=edit&section=10","http://www.aaai.org/aitopics/pmwiki/pmwiki.php/AITopics/Ethics:","http://www.cc.gatech.edu/ai/robot-lab/online-publications/formalizationv35.pdf","http://www.shawnkilmer.com/Kilmer-PhilosophyOfAI.pdf","http://www.asimovlaws.com","http://news.bbc.co.uk/1/hi/sci/tech/1809769.stm","http://www.dasboot.org/thorisson.htm","http://www.southernct.edu/organizations/rccs/resources/research/introduction/bynum_shrt_hist.html","http://www.aspcr.com","/wiki/Template:Philosophy_of_science","/wiki/Template_talk:Philosophy_of_science","//en.wikipedia.org/w/index.php?title=Template:Philosophy_of_science&action=edit","/wiki/Philosophy_of_science","/wiki/Philosophy_of_biology","/wiki/Philosophy_of_chemistry","/wiki/Philosophy_of_physics","/wiki/Philosophy_of_mind","/wiki/Philosophy_of_artificial_intelligence","/wiki/Philosophy_of_information","/wiki/Philosophy_of_perception","/wiki/Philosophy_of_space_and_time","/wiki/Philosophy_of_thermal_and_statistical_physics","/wiki/Philosophy_of_social_science","/wiki/Philosophy_of_environment","/wiki/Philosophy_of_psychology","/wiki/Philosophy_of_technology","/wiki/Philosophy_of_computer_science","/wiki/Category:Philosophers_of_science","/wiki/Adolf_Gr%C3%BCnbaum","/wiki/Albert_Einstein","/wiki/Alfred_North_Whitehead","/wiki/Aristotle","/wiki/Auguste_Comte","/wiki/Averroes","/wiki/Bas_van_Fraassen","/wiki/Berlin_Circle","/wiki/Bertrand_Russell","/wiki/Carl_Gustav_Hempel","/wiki/C._D._Broad","/wiki/Charles_Sanders_Peirce","/wiki/Dominicus_Gundissalinus","/wiki/Daniel_Dennett","/wiki/Epicureanism","/wiki/Francis_Bacon","/wiki/Friedrich_Wilhelm_Joseph_Schelling","/wiki/Galileo_Galilei","/wiki/Henri_Poincar%C3%A9","/wiki/Herbert_Spencer","/wiki/Hugh_of_Saint_Victor","/wiki/Ian_Hacking","/wiki/Immanuel_Kant","/wiki/Imre_Lakatos","/wiki/Isaac_Newton","/wiki/John_Dewey","/wiki/John_Stuart_Mill","/wiki/J%C3%BCrgen_Habermas","/wiki/Karl_Pearson","/wiki/Karl_Popper","/wiki/Karl_Jaspers","/wiki/Larry_Laudan","/wiki/Mario_Bunge","/wiki/Michael_Polanyi","/wiki/Otto_Neurath","/wiki/Paul_H%C3%A4berlin","/wiki/Paul_Feyerabend","/wiki/Pierre_Duhem","/wiki/Pierre_Gassendi","/wiki/Plato","/wiki/R._B._Braithwaite","/wiki/Ren%C3%A9_Descartes","/wiki/Robert_Kilwardby","/wiki/Roger_Bacon","/wiki/Rudolf_Carnap","/wiki/Stephen_Toulmin","/wiki/Stoicism","/wiki/Thomas_Hobbes","/wiki/Thomas_Kuhn","/wiki/Vienna_Circle","/wiki/Willard_Van_Orman_Quine","/wiki/Wilhelm_Windelband","/wiki/Wilhelm_Wundt","/wiki/William_of_Ockham","/wiki/William_Whewell","/wiki/List_of_philosophers_of_science","/wiki/Philosophical_analysis","/wiki/Analytic%E2%80%93synthetic_distinction","/wiki/A_priori_and_a_posteriori","/wiki/Artificial_intelligence","/wiki/Causality","/wiki/Commensurability_(philosophy_of_science)","/wiki/Construct_(philosophy_of_science)","/wiki/Demarcation_problem","/wiki/Empirical_evidence","/wiki/Explanatory_power","/wiki/Explanandum","/wiki/Fact","/wiki/Falsifiability","/wiki/Feminist_method","/wiki/Ignoramus_et_ignorabimus","/wiki/Inductive_reasoning","/wiki/Ingenuity","/wiki/Inquiry","/wiki/Intertheoretic_reduction","/wiki/Models_of_scientific_inquiry","/wiki/Nature_(philosophy)","/wiki/Objectivity_(philosophy)","/wiki/Observation","/wiki/Paradigm","/wiki/Problem_of_induction","/wiki/Scientific_law","/wiki/Scientific_method","/wiki/Scientific_revolution","/wiki/Scientific_theory","/wiki/Testability","/wiki/Theory_choice","/wiki/Theory%E2%80%90ladenness","/wiki/Underdetermination","/wiki/Category:Metatheory_of_science","/wiki/Confirmation_holism","/wiki/Coherentism","/wiki/Constructive_empiricism","/wiki/Constructive_realism","/wiki/Constructivist_epistemology","/wiki/Contextualism","/wiki/Conventionalism","/wiki/Deductive-nomological_model","/wiki/Determinism","/wiki/Empiricism","/wiki/Fallibilism","/wiki/Foundationalism","/wiki/Hypothetico-deductive_model","/wiki/Inductionism","/wiki/Infinitism","/wiki/Instrumentalism","/wiki/Model-dependent_realism","/wiki/Naturalism_(philosophy)","/wiki/Physicalism","/wiki/Positivism","/wiki/Pragmatism","/wiki/Rationalism","/wiki/Received_view_of_theories","/wiki/Reductionism","/wiki/Anti-realism","/wiki/Scientific_essentialism","/wiki/Scientific_formalism","/wiki/Scientific_realism","/wiki/Scientific_skepticism","/wiki/Scientism","/wiki/Semantic_view_of_theories","/wiki/Structuralism_(philosophy_of_science)","/wiki/Uniformitarianism","/wiki/Vitalism","/wiki/Metaphysics","/wiki/Epistemology","/wiki/History_and_philosophy_of_science","/wiki/History_of_science","/wiki/History_of_evolutionary_thought","/wiki/Pseudoscience","/wiki/Relationship_between_religion_and_science","/wiki/Rhetoric_of_science","/wiki/Sociology_of_scientific_knowledge","/wiki/Criticism_of_science","/wiki/Alchemy","/wiki/Index_of_philosophy_of_science_articles","/wiki/Portal:Philosophy_of_science","/wiki/Category:Philosophy_of_science","/wiki/Wikipedia:WikiProject_Philosophy/Science","/wiki/Wikipedia_talk:WikiProject_Philosophy","//en.wikipedia.org/w/index.php?title=Special:Recentchangeslinked&target=Template:Philosophy_of_science&hidebots=0","/wiki/Template:Ethics","/wiki/Template_talk:Ethics","//en.wikipedia.org/w/index.php?title=Template:Ethics&action=edit","/wiki/Ethics","/wiki/Applied_ethics","/wiki/Axiology","/wiki/Bioethics","/wiki/Business_ethics","/wiki/Christian_ethics","/wiki/Descriptive_ethics","/wiki/Discourse_ethics","/wiki/Environmental_ethics","/wiki/Evolutionary_ethics","/wiki/Islamic_ethics","/wiki/Jewish_ethics","/wiki/Legal_ethics","/wiki/Medical_ethics","/wiki/Meta-ethics","/wiki/Normative_ethics","/wiki/Nursing_ethics","/wiki/Professional_ethics","/wiki/Religious_ethics","/wiki/Sexual_ethics","/wiki/Category:Moral_philosophers","/wiki/Plato","/wiki/Aristotle","/wiki/Cicero","/wiki/Confucius","/wiki/Augustine_of_Hippo","/wiki/Mencius","/wiki/Mozi","/wiki/Xunzi","/wiki/Thomas_Aquinas","/wiki/Baruch_Spinoza","/wiki/David_Hume","/wiki/Immanuel_Kant","/wiki/Georg_Wilhelm_Friedrich_Hegel","/wiki/Arthur_Schopenhauer","/wiki/Jeremy_Bentham","/wiki/John_Stuart_Mill","/wiki/S%C3%B8ren_Kierkegaard","/wiki/Henry_Sidgwick","/wiki/Friedrich_Nietzsche","/wiki/G._E._Moore","/wiki/Karl_Barth","/wiki/Paul_Tillich","/wiki/Dietrich_Bonhoeffer","/wiki/Philippa_Foot","/wiki/John_Rawls","/wiki/Bernard_Williams","/wiki/J._L._Mackie","/wiki/G._E._M._Anscombe","/wiki/Alasdair_MacIntyre","/wiki/R._M._Hare","/wiki/Peter_Singer","/wiki/Derek_Parfit","/wiki/Thomas_Nagel","/wiki/Charles_Taylor_(philosopher)","/wiki/Christine_Korsgaard","/wiki/Martha_Nussbaum","/wiki/List_of_ethicists","/wiki/Category:Ethical_theories","/wiki/Consequentialism","/wiki/Deontological_ethics","/wiki/Virtue_ethics","/wiki/Ethics_of_care","/wiki/Pragmatic_ethics","/wiki/Moral_particularism","/wiki/Role_ethics","/wiki/Category:Concepts_in_ethics","/wiki/Autonomy","/wiki/Axiology","/wiki/Belief","/wiki/Conscience","/wiki/Consent","/wiki/Egalitarianism","/wiki/Ethics_of_care","/wiki/Evil","/wiki/Free_will","/wiki/Good_and_evil","/wiki/Happiness","/wiki/Justice","/wiki/Morality","/wiki/Norm_(philosophy)","/wiki/Political_freedom","/wiki/Principle","/wiki/Suffering","/wiki/Stewardship","/wiki/Sympathy","/wiki/Trust_(social_sciences)","/wiki/Value_(ethics)","/wiki/Virtue","/wiki/Wrong","/wiki/Index_of_ethics_articles","/wiki/Portal:Ethics","/wiki/Category:Ethics","/wiki/Wikipedia:WikiProject_Philosophy/Ethics","/wiki/Category:Ethics_stubs","/wiki/Wikipedia_talk:WikiProject_Philosophy","/wiki/Template:Emerging_technologies","/wiki/Template_talk:Emerging_technologies","//en.wikipedia.org/w/index.php?title=Template:Emerging_technologies&action=edit","/wiki/Emerging_technologies","/wiki/Technology","/wiki/Agriculture","/wiki/Agricultural_robot","/wiki/In_vitro_meat","/wiki/Genetically_modified_food","/wiki/Precision_agriculture","/wiki/Vertical_farming","/wiki/Biomedical_technology","/wiki/Ampakine","/wiki/Brain_transplant","/wiki/Cryonics","/wiki/Cells_Alive_System","/wiki/Full_genome_sequencing","/wiki/Genetic_engineering","/wiki/Gene_therapy","/wiki/Personalized_medicine","/wiki/Regenerative_medicine","/wiki/Stem_cell_treatments","/wiki/Tissue_engineering","/wiki/Head_transplant","/wiki/Isolated_brain","/wiki/Robotic_surgery","/wiki/Strategies_for_Engineered_Negligible_Senescence","/wiki/Suspended_animation","/wiki/Synthetic_biology","/wiki/Synthetic_genomics","/wiki/Autostereoscopy","/wiki/Holographic_display","/wiki/Next_generation_of_display_technology","/wiki/Screenless","/wiki/Bionic_contact_lens","/wiki/Head-mounted_display","/wiki/Head-up_display","/wiki/Virtual_retinal_display","/wiki/Electronic_nose","/wiki/Electronic_textile","/wiki/Flexible_electronics","/wiki/Memristor","/wiki/Spintronics","/wiki/Thermal_copper_pillar_bump","/wiki/Energy_storage","/wiki/Beltway_battery","/wiki/Carbon_neutral_fuel","/wiki/Compressed_air_energy_storage","/wiki/Flywheel_energy_storage","/wiki/Grid_energy_storage","/wiki/Lithium_air_battery","/wiki/Molten_salt_battery","/wiki/Nanowire_battery","/wiki/Silicon_air_battery","/wiki/Thermal_energy_storage","/wiki/Electric_double-layer_capacitor","/wiki/Fusion_power","/wiki/Molten_salt_reactor","/wiki/Renewable_energy","/wiki/Airborne_wind_turbine","/wiki/Artificial_photosynthesis","/wiki/Biofuel","/wiki/Carbon_negative_fuel","/wiki/Concentrated_solar_power","/wiki/Home_fuel_cell","/wiki/Hydrogen_economy","/wiki/Nantenna","/wiki/Solar_roadway","/wiki/Space-based_solar_power","/wiki/Smart_grid","/wiki/Contactless_energy_transfer","/wiki/Information_and_communication_technologies","/wiki/Artificial_intelligence","/wiki/Applications_of_artificial_intelligence","/wiki/Progress_in_artificial_intelligence","/wiki/Machine_translation","/wiki/Machine_vision","/wiki/Semantic_Web","/wiki/Speech_recognition","/wiki/Atomtronics","/wiki/Cybermethodology","/wiki/Optical_disc#Fourth-generation","/wiki/3D_optical_data_storage","/wiki/Holographic_data_storage","/wiki/GPGPU","/wiki/CBRAM","/wiki/Ferroelectric_RAM","/wiki/Millipede_memory","/wiki/Magnetoresistive_random-access_memory","/wiki/Nano-RAM","/wiki/Phase-change_memory","/wiki/Racetrack_memory","/wiki/RRAM","/wiki/SONOS","/wiki/Optical_computing","/wiki/Quantum_computer","/wiki/Quantum_cryptography","/wiki/Radio-frequency_identification","/wiki/Three-dimensional_integrated_circuit","/wiki/3D_printing","/wiki/Contour_Crafting","/wiki/Claytronics","/wiki/Molecular_assembler","/wiki/Utility_fog","/wiki/Materials_science","/wiki/Artificial_muscle","/wiki/Graphene","/wiki/High-temperature_superconductivity","/wiki/Superfluid","/wiki/Metamaterial","/wiki/Metamaterial_cloaking","/wiki/Multi-function_structure","/wiki/Nanotechnology","/wiki/Carbon_nanotube","/wiki/Molecular_nanotechnology","/wiki/Nanomaterials","/wiki/Programmable_matter","/wiki/Quantum_dot","/wiki/Military_technology","/wiki/Antimatter_weapon","/wiki/Directed-energy_weapon","/wiki/Laser","/wiki/Maser","/wiki/Particle_beam_weapon","/wiki/Sonic_weapon","/wiki/Electromagnetic_weapon","/wiki/Coilgun","/wiki/Railgun","/wiki/Plasma_weapon","/wiki/Pure_fusion_weapon","/wiki/Neuroscience","/wiki/Artificial_brain","/wiki/Blue_Brain_Project","/wiki/Electroencephalography","/wiki/Mind_uploading","/wiki/Brain-reading","/wiki/Neuroinformatics","/wiki/Neuroprosthetics","/wiki/Visual_prosthesis","/wiki/Brain_implant","/wiki/Exocortex","/wiki/Retinal_implant","/wiki/Future_of_robotics","/wiki/Nanorobotics","/wiki/Powered_exoskeleton","/wiki/Self-reconfiguring_modular_robot","/wiki/Swarm_robotics","/wiki/Adaptive_Compliant_Wing","/wiki/Alternative_fuel_vehicle","/wiki/Hydrogen_vehicle","/wiki/Backpack_helicopter","/wiki/Autonomous_car","/wiki/Flying_car_(aircraft)","/wiki/Ground_effect_train","/wiki/Hyperloop","/wiki/Jet_pack","/wiki/Interstellar_travel","/wiki/Laser_propulsion","/wiki/Maglev","/wiki/Non-rocket_spacelaunch","/wiki/Mass_driver","/wiki/Orbital_ring","/wiki/Skyhook_(structure)","/wiki/Space_elevator","/wiki/Space_fountain","/wiki/Space_tether","/wiki/Personal_rapid_transit","/wiki/Plasma_propulsion_engine","/wiki/Helicon_Double_Layer_Thruster","/wiki/Variable_Specific_Impulse_Magnetoplasma_Rocket","/wiki/Pulse_detonation_engine","/wiki/Nuclear_pulse_propulsion","/wiki/Scramjet","/wiki/Solar_sail","/wiki/Spaceplane","/wiki/Supersonic_transport","/wiki/Tweel","/wiki/Vactrain","/wiki/Anti-gravity","/wiki/Arcology","/wiki/Cloak_of_invisibility","/wiki/Digital_scent_technology","/wiki/Domed_city","/wiki/Force_shield","/wiki/Plasma_window","/wiki/Immersion_(virtual_reality)","/wiki/Magnetic_refrigeration","/wiki/Phased-array_optics","/wiki/Quantum_technology","/wiki/Quantum_teleportation","/wiki/Collingridge_dilemma","/wiki/Differential_technological_development","/wiki/Ephemeralization","/wiki/Exploratory_engineering","/wiki/Fictional_technology","/wiki/Proactionary_principle","/wiki/Technological_change","/wiki/Technological_convergence","/wiki/Technological_evolution","/wiki/Technological_unemployment","/wiki/Technology_forecasting","/wiki/Accelerating_change","/wiki/Moore%27s_law","/wiki/Timeline_of_the_future_in_forecasts","/wiki/Technological_singularity","/wiki/Technology_scouting","/wiki/Technology_readiness_level","/wiki/Technology_roadmap","/wiki/Transhumanism","/wiki/Virtusphere","//upload.wikimedia.org/wikipedia/en/thumb/4/48/Folder_Hexagonal_Icon.svg/16px-Folder_Hexagonal_Icon.svg.png","/wiki/Category:Emerging_technologies","//upload.wikimedia.org/wikipedia/en/thumb/d/db/Symbol_list_class.svg/16px-Symbol_list_class.svg.png","/wiki/List_of_emerging_technologies","/wiki/Template:Technology","/wiki/Template_talk:Technology","//en.wikipedia.org/w/index.php?title=Template:Technology&action=edit","/wiki/Technology","/wiki/Outline_of_technology","/wiki/Outline_of_applied_science","/wiki/Agriculture","/wiki/Agricultural_engineering","/wiki/Aquaculture","/wiki/Fisheries_science","/wiki/Food_chemistry","/wiki/Food_engineering","/wiki/Food_microbiology","/wiki/Food_technology","/wiki/Genetic_use_restriction_technology","/wiki/ICT_in_agriculture","/wiki/Nutrition","/wiki/Biomedical_technology","/wiki/Bioinformatics","/wiki/Biological_engineering","/wiki/Biomechatronics","/wiki/Biomedical_engineering","/wiki/Biotechnology","/wiki/Cheminformatics","/wiki/Genetic_engineering","/wiki/Healthcare_science","/wiki/Medical_research","/wiki/Medical_technology","/wiki/Nanomedicine","/wiki/Neuroscience","/wiki/Neurotechnology","/wiki/Pharmacology","/wiki/Reproductive_technology","/wiki/Tissue_engineering","/wiki/Construction","/wiki/Acoustical_engineering","/wiki/Architectural_engineering","/wiki/Building_services_engineering","/wiki/Civil_engineering","/wiki/Construction_engineering","/wiki/Domestic_technology","/wiki/Facade_engineering","/wiki/Fire_protection_engineering","/wiki/Safety_engineering","/wiki/Sanitary_engineering","/wiki/Structural_engineering","/wiki/Educational_technology","/wiki/Educational_software","/wiki/Digital_technologies_in_education","/wiki/Information_and_communication_technologies_in_education","/wiki/Impact_of_technology_on_the_educational_system","/wiki/Multimedia_learning","/wiki/Virtual_campus","/wiki/Virtual_education","/wiki/Energy_technology","/wiki/Nuclear_engineering","/wiki/Nuclear_technology","/wiki/Petroleum_engineering","/wiki/Soft_energy_technology","/wiki/Environmental_technology","/wiki/Clean_technology","/wiki/Clean_coal_technology","/wiki/Ecological_design","/wiki/Ecological_engineering","/wiki/Ecotechnology","/wiki/Environmental_engineering","/wiki/Environmental_engineering_science","/wiki/Green_building","/wiki/Green_nanotechnology","/wiki/Landscape_engineering","/wiki/Renewable_energy","/wiki/Sustainable_design","/wiki/Sustainable_engineering","/wiki/Industrial_technology","/wiki/Automation","/wiki/Business_informatics","/wiki/Engineering_management","/wiki/Enterprise_engineering","/wiki/Computational_finance","/wiki/Industrial_biotechnology","/wiki/Industrial_engineering","/wiki/Metallurgy","/wiki/Mining_engineering","/wiki/Productivity_improving_technologies_(historical)","/wiki/Research_and_development","/wiki/Information_and_communications_technology","/wiki/Artificial_intelligence","/wiki/Broadcast_engineering","/wiki/Computer_engineering","/wiki/Computer_science","/wiki/Information_technology","/wiki/Music_technology","/wiki/Ontology_engineering","/wiki/RF_engineering","/wiki/Software_engineering","/wiki/Telecommunications_engineering","/wiki/Visual_technology","/wiki/Military_technology","/wiki/Army_engineering_maintenance","/wiki/Electronic_warfare","/wiki/Military_communications","/wiki/Military_engineering","/wiki/Stealth_technology","/wiki/Transport","/wiki/Aerospace_engineering","/wiki/Automotive_engineering","/wiki/Naval_architecture","/wiki/Space_technology","/wiki/Traffic_engineering_(transportation)","/wiki/Transport_engineering","/wiki/Applied_science","/wiki/Cryogenics","/wiki/Electro-optics","/wiki/Electronics","/wiki/Engineering_geology","/wiki/Engineering_physics","/wiki/Hydraulics","/wiki/Materials_science","/wiki/Microtechnology","/wiki/Nanotechnology","/wiki/Engineering","/wiki/List_of_engineering_branches","/wiki/Audio_engineering","/wiki/Biochemical_engineering","/wiki/Ceramic_engineering","/wiki/Chemical_engineering","/wiki/Polymer_engineering","/wiki/Control_engineering","/wiki/Electrical_engineering","/wiki/Electronic_engineering","/wiki/Entertainment_technology","/wiki/Geotechnical_engineering","/wiki/Hydraulic_engineering","/wiki/Mechanical_engineering","/wiki/Mechatronics","/wiki/Optical_engineering","/wiki/Protein_engineering","/wiki/Quantum_technology","/wiki/Robotics","/wiki/Animatronics","/wiki/Systems_engineering","/wiki/Infrastructure","/wiki/Invention","/wiki/Timeline_of_historic_inventions","/wiki/Knowledge","/wiki/Machine","/wiki/Skill","/wiki/Craft","/wiki/Tool","/wiki/Gadget","/wiki/History_of_technology","/wiki/Outline_of_prehistoric_technology","/wiki/Neolithic_Revolution","/wiki/Ancient_technology","/wiki/Medieval_technology","/wiki/Renaissance_technology","/wiki/Industrial_Revolution","/wiki/Second_Industrial_Revolution","/wiki/Jet_Age","/wiki/Digital_Revolution","/wiki/Information_Age","/wiki/Theories_of_technology","/wiki/Appropriate_technology","/wiki/Critique_of_technology","/wiki/Diffusion_of_innovations","/wiki/Disruptive_innovation","/wiki/Dual-use_technology","/wiki/Ephemeralization","/wiki/Ethics_of_technology","/wiki/High_tech","/wiki/Hype_cycle","/wiki/Inevitability_thesis","/wiki/Low-technology","/wiki/Mature_technology","/wiki/Philosophy_of_technology","/wiki/Strategy_of_Technology","/wiki/Technicism","/wiki/Techno-progressivism","/wiki/Technocapitalism","/wiki/Technocentrism","/wiki/Technocracy","/wiki/Technocriticism","/wiki/Technoetic","/wiki/Technoethics","/wiki/Technological_change","/wiki/Technological_convergence","/wiki/Technological_determinism","/wiki/Technological_escalation","/wiki/Technological_evolution","/wiki/Technological_fix","/wiki/Technological_innovation_system","/wiki/Technological_momentum","/wiki/Technological_nationalism","/wiki/Technological_rationality","/wiki/Technological_revival","/wiki/Technological_singularity","/wiki/Technological_somnambulism","/wiki/Technological_utopianism","/wiki/Technology_lifecycle","/wiki/Technology_acceptance_model","/wiki/Technology_adoption_lifecycle","/wiki/Technomancy","/wiki/Technorealism","/wiki/Transhumanism","/wiki/Emerging_technologies","/wiki/List_of_emerging_technologies","/wiki/Fictional_technology","/wiki/Technopaganism","/wiki/Category:High-technology_business_districts","/wiki/Kardashev_scale","/wiki/List_of_technologies","/wiki/Science,_technology_and_society","/wiki/Technology_dynamics","/wiki/Category:Science_and_technology_by_country","/wiki/Technology_alignment","/wiki/Technology_assessment","/wiki/Technology_brokering","/wiki/Category:Technology_companies","/wiki/Technology_demonstration","/wiki/Technology_education","/wiki/Category:Technical_universities_and_colleges","/wiki/Technology_evangelist","/wiki/Technology_fusion","/wiki/Technology_governance","/wiki/Technology_integration","/wiki/Technology_journalism","/wiki/Technology_management","/wiki/Technology_policy","/wiki/Technology_shock","/wiki/Technology_strategy","/wiki/Technology_and_society","/wiki/Technology_transfer","//upload.wikimedia.org/wikipedia/commons/thumb/8/89/Symbol_book_class2.svg/16px-Symbol_book_class2.svg.png","/wiki/Book:Technology","//upload.wikimedia.org/wikipedia/en/thumb/4/48/Folder_Hexagonal_Icon.svg/16px-Folder_Hexagonal_Icon.svg.png","/wiki/Category:Technology","//upload.wikimedia.org/wikipedia/en/thumb/4/4a/Commons-logo.svg/12px-Commons-logo.svg.png","//commons.wikimedia.org/wiki/Category:Technology","//upload.wikimedia.org/wikipedia/en/thumb/f/fd/Portal-puzzle.svg/16px-Portal-puzzle.svg.png","/wiki/Portal:Technology","//upload.wikimedia.org/wikipedia/commons/thumb/f/fa/Wikiquote-logo.svg/16px-Wikiquote-logo.svg.png","//en.wikiquote.org/wiki/Technology","//en.wikipedia.org/w/index.php?title=Special:CentralAutoLogin/start&type=1x1&from=enwiki","http://en.wikipedia.org/w/index.php?title=Ethics_of_artificial_intelligence&oldid=568064322","/wiki/Help:Category","/wiki/Category:Philosophy_of_artificial_intelligence","/wiki/Category:Emerging_technologies","/wiki/Category:All_articles_with_unsourced_statements","/wiki/Category:Articles_with_unsourced_statements_from_August_2012","/wiki/Category:All_articles_with_dead_external_links","/wiki/Category:Articles_with_dead_external_links_from_May_2013","/wiki/Category:Articles_to_be_expanded_from_March_2009","/wiki/Category:All_articles_to_be_expanded","/w/index.php?title=Special:UserLogin&returnto=Ethics+of+artificial+intelligence&type=signup","/w/index.php?title=Special:UserLogin&returnto=Ethics+of+artificial+intelligence","/wiki/Ethics_of_artificial_intelligence","/wiki/Talk:Ethics_of_artificial_intelligence","#","/wiki/Ethics_of_artificial_intelligence","/w/index.php?title=Ethics_of_artificial_intelligence&action=edit","/w/index.php?title=Ethics_of_artificial_intelligence&veaction=edit","/w/index.php?title=Ethics_of_artificial_intelligence&action=history","#","/w/index.php","//bits.wikimedia.org/static-1.22wmf12/skins/vector/images/search-ltr.png?303-4","/wiki/Main_Page","/wiki/Main_Page","/wiki/Portal:Contents","/wiki/Portal:Featured_content","/wiki/Portal:Current_events","/wiki/Special:Random","https://donate.wikimedia.org/wiki/Special:FundraiserRedirector?utm_source=donate&utm_medium=sidebar&utm_campaign=C13_en.wikipedia.org&uselang=en","/wiki/Help:Contents","/wiki/Wikipedia:About","/wiki/Wikipedia:Community_portal","/wiki/Special:RecentChanges","//en.wikipedia.org/wiki/Wikipedia:Contact_us","/wiki/Special:WhatLinksHere/Ethics_of_artificial_intelligence","/wiki/Special:RecentChangesLinked/Ethics_of_artificial_intelligence","/wiki/Wikipedia:File_Upload_Wizard","/wiki/Special:SpecialPages","/w/index.php?title=Ethics_of_artificial_intelligence&oldid=568064322","/w/index.php?title=Ethics_of_artificial_intelligence&action=info","//www.wikidata.org/wiki/Q12727779","/w/index.php?title=Special:Cite&page=Ethics_of_artificial_intelligence&id=568064322","/w/index.php?title=Special:Book&bookcmd=book_creator&referer=Ethics+of+artificial+intelligence","/w/index.php?title=Special:Book&bookcmd=render_article&arttitle=Ethics+of+artificial+intelligence&oldid=568064322&writer=rl","/w/index.php?title=Ethics_of_artificial_intelligence&printable=yes","//ro.wikipedia.org/wiki/Etica_privind_inteligen%C8%9Ba_artificial%C4%83","#","//www.wikidata.org/wiki/Q12727779#sitelinks-wikipedia","//en.wikipedia.org/wiki/Wikipedia:Text_of_Creative_Commons_Attribution-ShareAlike_3.0_Unported_License","//creativecommons.org/licenses/by-sa/3.0/","//wikimediafoundation.org/wiki/Terms_of_Use","//wikimediafoundation.org/wiki/Privacy_policy","//www.wikimediafoundation.org/","//wikimediafoundation.org/wiki/Privacy_policy","/wiki/Wikipedia:About","/wiki/Wikipedia:General_disclaimer","//en.wikipedia.org/wiki/Wikipedia:Contact_us","//en.m.wikipedia.org/wiki/Ethics_of_artificial_intelligence","//wikimediafoundation.org/","//bits.wikimedia.org/images/wikimedia-button.png","//www.mediawiki.org/","//bits.wikimedia.org/static-1.22wmf12/skins/common/images/poweredby_mediawiki_88x31.png","//bits.wikimedia.org/en.wikipedia.org/load.php?debug=false&lang=en&modules=site&only=scripts&skin=vector&*"],"instances":["computer","story_collection","film","united_kingdom","programmer_subculture","film","computer_scientist"],"pdf":["http://jnrr07.u-strasbg.fr/actes/presentations/TB/Veruggio.pdf","http://loebner03.hamill.co.uk/docs/LPC%20Official%20Rules%20v2.0.pdf","http://www.nickbostrom.com/ethics/artificial-intelligence.pdf","http://www.cc.gatech.edu/ai/robot-lab/online-publications/formalizationv35.pdf","http://www.shawnkilmer.com/Kilmer-PhilosophyOfAI.pdf"],"categories":["Philosophy of artificial intelligence","Emerging technologies"],"headings":["Roboethics","Machine ethics","Unintended consequences","Ethics of artificial intelligence in fiction","See also","Notes","External links"],"image":["//upload.wikimedia.org/wikipedia/commons/thumb/1/1c/Wiki_letter_w_cropped.svg/20px-Wiki_letter_w_cropped.svg.png","//upload.wikimedia.org/wikipedia/commons/thumb/c/c0/Animation2.gif/17px-Animation2.gif","//upload.wikimedia.org/wikipedia/commons/thumb/d/d6/Conscience_and_law.jpg/32px-Conscience_and_law.jpg","//upload.wikimedia.org/wikipedia/en/thumb/4/48/Folder_Hexagonal_Icon.svg/16px-Folder_Hexagonal_Icon.svg.png","//upload.wikimedia.org/wikipedia/en/thumb/d/db/Symbol_list_class.svg/16px-Symbol_list_class.svg.png","//upload.wikimedia.org/wikipedia/commons/thumb/8/89/Symbol_book_class2.svg/16px-Symbol_book_class2.svg.png","//upload.wikimedia.org/wikipedia/en/thumb/4/48/Folder_Hexagonal_Icon.svg/16px-Folder_Hexagonal_Icon.svg.png","//upload.wikimedia.org/wikipedia/en/thumb/4/4a/Commons-logo.svg/12px-Commons-logo.svg.png","//upload.wikimedia.org/wikipedia/en/thumb/f/fd/Portal-puzzle.svg/16px-Portal-puzzle.svg.png","//upload.wikimedia.org/wikipedia/commons/thumb/f/fa/Wikiquote-logo.svg/16px-Wikiquote-logo.svg.png","//en.wikipedia.org/w/index.php?title=Special:CentralAutoLogin/start&type=1x1&from=enwiki","//bits.wikimedia.org/static-1.22wmf12/skins/vector/images/search-ltr.png?303-4","//bits.wikimedia.org/images/wikimedia-button.png","//bits.wikimedia.org/static-1.22wmf12/skins/common/images/poweredby_mediawiki_88x31.png"],"tags":[["department_of_trade_and_industry","united_kingdom"],["john_mccarthy","computer_scientist"],["language_acquisition_device","computer"],["hacker","programmer_subculture"],["luminous","story_collection"],["uss_voyager","ncc-74656"],["a.i.","film"],["i,_robot","film"]],"members":["language_acquisition_device","uss_voyager","luminous","department_of_trade_and_industry","hacker","john_mccarthy"],"related":["Ethics_of_technology","Robot","Artificial_Intelligence","Roboethics","Machine_ethics","Human_rights","Animal_rights","Institute_for_the_Future","United_Kingdom","Department_of_Trade_and_Industry_(United_Kingdom)","Ray_Kurzweil","Loebner_Prize","David_Hamill","Aleksandr_Solzhenitsyn","Speech_recognition","Natural_language_processing","English_language","Joseph_Weizenbaum","Interactive_voice_response","Kenneth_Colby","Pamela_McCorduck","Joseph_Weizenbaum","Pamela_McCorduck","John_McCarthy_(computer_scientist)","Isaac_Asimov","I,_Robot","John_W._Campbell_Jr.","Three_Laws_of_Robotics","Lausanne","Switzerland","Association_for_the_Advancement_of_Artificial_Intelligence","Language_Acquisition_Device_(computer)","Vernor_Vinge","Technological_singularity","Singularitarianism","Singularity_Institute_for_Artificial_Intelligence","Friendly_AI","Normative_ethics","List_of_machine_learning_algorithms","Nick_Bostrom","Eliezer_Yudkowsky","Decision_trees","ID3_algorithm","Artificial_neural_network","Genetic_algorithm","Hacker_(programmer_subculture)","The_Thirteenth_Floor","Game_console","The_Matrix","Speciesism","Luminous_(story_collection)","Emergency_Medical_Hologram","USS_Voyager_(NCC-74656)","Lewis_Zimmerman","Bicentennial_Man","A.I._(film)","I,_Robot_(film)","Mass_Effect","Neural_network","Hugo_de_Garis","Kevin_Warwick","Friendly_artificial_intelligence","Animal_rights"]}