{"cursor":"2488","size":15,"audio":[],"currentlang":"en","article":"The biennial 'European Conference on Artificial Intelligence' ('ECAI') is the\nleading conference in the field of Artificial Intelligence in Europe, and is\ncommonly listed together with IJCAI and AAAI as one of the three major general\nAI conferences worldwide. See, e.g., . The conference series has been\nheld without interruption since 1974, originally under the name AISB. [http://www.informatik.uni-\ntrier.de/~ley/db/conf/ecai/ A list of ECAI conferences and the contents of their\nproceedings] is provided online by the DBLP computer science bibliography\nproject at the University of Trier.\n\nThe conferences are held under the auspices of the European Coordinating\nCommittee for Artificial Intelligence (ECCAI) and organized by one of the member\nsocieties. The journal AI Communications, sponsored by the same society,\nregularly publishes special issues in which conference attendees report on the\nconference. E.g., AI Communications vol. 9, issue 3, September 1996,\n\"Special issue on ECAI-96 Budapest\", as listed in the\n[http://portal.acm.org/citation.cfm?id=244508 ACM Guide to Computing\nLiterature].\n\nPublication of a paper in ECAI is considered by some journals to be archival,\nmeaning that the paper should be considered equivalent to a journal publication\nand that the contents of ECAI papers cannot be reformulated as separate journal\nsubmissions unless a significant amount of new material is\nadded. [http://www.ida.liu.se/ext/aijd/authors/newsub/page.html Submitting\nan article to the Artificial Intelligence Journal], Artificial Intelligence\nJournal web site.\n\nECAI-2008 took place in Patras, Greece. ECAI-2010 [http://ecai2010.appia.pt\nECAI 2010] took place in Lisbon, Portugal. ECAI-\n2012 [http://www.lirmm.fr/ecai2012/ ECAI 2012] will take place in\nMontpellier, France.\n","linknr":123,"url":"European_Conference_on_Artificial_Intelligence","recorded":1376546031,"links":["/w/index.php?title=European_Conference_on_Artificial_Intelligence&action=edit","/w/index.php?title=European_Conference_on_Artificial_Intelligence&action=edit","//bits.wikimedia.org/favicon/wikipedia.ico","/w/opensearch_desc.php","//en.wikipedia.org/w/api.php?action=rsd","//creativecommons.org/licenses/by-sa/3.0/","/w/index.php?title=Special:RecentChanges&feed=atom","http://en.wikipedia.org/wiki/European_Conference_on_Artificial_Intelligence","//bits.wikimedia.org/en.wikipedia.org/load.php?debug=false&lang=en&modules=ext.gadget.DRN-wizard%2CReferenceTooltips%2Ccharinsert%2Cteahouse%7Cext.rtlcite%2Cwikihiero%7Cext.uls.nojs%7Cmediawiki.legacy.commonPrint%2Cshared%7Cmw.PopUpMediaTransform%7Cskins.vector&only=styles&skin=vector&*","//bits.wikimedia.org/en.wikipedia.org/load.php?debug=false&lang=en&modules=ext.visualEditor.viewPageTarget.noscript&only=styles&skin=vector&*","//bits.wikimedia.org/en.wikipedia.org/load.php?debug=false&lang=en&modules=site&only=styles&skin=vector&*","//bits.wikimedia.org/en.wikipedia.org/load.php?debug=false&lang=en&modules=startup&only=scripts&skin=vector&*","//bits.wikimedia.org/geoiplookup","//meta.wikimedia.org","#mw-navigation","#p-search","/wiki/Artificial_Intelligence","/wiki/Europe","/wiki/International_Joint_Conference_on_Artificial_Intelligence","/wiki/American_Association_for_Artificial_Intelligence","#cite_note-1","#cite_note-2","/wiki/European_Coordinating_Committee_for_Artificial_Intelligence","#cite_note-3","#cite_note-4","/wiki/Patras","/wiki/Greece","#cite_note-5","/wiki/Lisbon","/wiki/Portugal","#cite_note-6","/wiki/Montpellier","/wiki/France","/w/index.php?title=European_Conference_on_Artificial_Intelligence&action=edit&section=1","/w/index.php?title=European_Conference_on_Artificial_Intelligence&veaction=edit&section=1","#cite_ref-1","http://dream.inf.ed.ac.uk/publications/96-98/677.ps","#cite_ref-2","http://www.informatik.uni-trier.de/~ley/db/conf/ecai/","/wiki/University_of_Trier","#cite_ref-3","http://portal.acm.org/citation.cfm?id=244508","#cite_ref-4","http://www.ida.liu.se/ext/aijd/authors/newsub/page.html","#cite_ref-5","http://ecai2010.appia.pt","#cite_ref-6","http://www.lirmm.fr/ecai2012/","/w/index.php?title=European_Conference_on_Artificial_Intelligence&action=edit&section=2","/w/index.php?title=European_Conference_on_Artificial_Intelligence&veaction=edit&section=2","http://www.eccai.org/ecai.shtml","/wiki/File:LampFlowchart.svg","//upload.wikimedia.org/wikipedia/commons/thumb/9/91/LampFlowchart.svg/20px-LampFlowchart.svg.png","/wiki/Artificial_intelligence","/wiki/Wikipedia:Stub","//en.wikipedia.org/w/index.php?title=European_Conference_on_Artificial_Intelligence&action=edit","/wiki/Template:Compu-AI-stub","/wiki/Template_talk:Compu-AI-stub","//en.wikipedia.org/w/index.php?title=Template:Compu-AI-stub&action=edit","/wiki/Wikipedia:Stub","//en.wikipedia.org/w/index.php?title=European_Conference_on_Artificial_Intelligence&action=edit","/wiki/Template:Compu-conference-stub","/w/index.php?title=Template_talk:Compu-conference-stub&action=edit&redlink=1","//en.wikipedia.org/w/index.php?title=Template:Compu-conference-stub&action=edit","//en.wikipedia.org/w/index.php?title=Special:CentralAutoLogin/start&type=1x1&from=enwiki","http://en.wikipedia.org/w/index.php?title=European_Conference_on_Artificial_Intelligence&oldid=544223005","/wiki/Help:Category","/wiki/Category:Artificial_intelligence_conferences","/wiki/Category:Artificial_intelligence_stubs","/wiki/Category:Computer_conference_stubs","/wiki/Category:WikiProject_Computer_science_stubs","/w/index.php?title=Special:UserLogin&returnto=European+Conference+on+Artificial+Intelligence&type=signup","/w/index.php?title=Special:UserLogin&returnto=European+Conference+on+Artificial+Intelligence","/wiki/European_Conference_on_Artificial_Intelligence","/wiki/Talk:European_Conference_on_Artificial_Intelligence","#","/wiki/European_Conference_on_Artificial_Intelligence","/w/index.php?title=European_Conference_on_Artificial_Intelligence&action=edit","/w/index.php?title=European_Conference_on_Artificial_Intelligence&veaction=edit","/w/index.php?title=European_Conference_on_Artificial_Intelligence&action=history","#","/w/index.php","//bits.wikimedia.org/static-1.22wmf12/skins/vector/images/search-ltr.png?303-4","/wiki/Main_Page","/wiki/Main_Page","/wiki/Portal:Contents","/wiki/Portal:Featured_content","/wiki/Portal:Current_events","/wiki/Special:Random","https://donate.wikimedia.org/wiki/Special:FundraiserRedirector?utm_source=donate&utm_medium=sidebar&utm_campaign=C13_en.wikipedia.org&uselang=en","/wiki/Help:Contents","/wiki/Wikipedia:About","/wiki/Wikipedia:Community_portal","/wiki/Special:RecentChanges","//en.wikipedia.org/wiki/Wikipedia:Contact_us","/wiki/Special:WhatLinksHere/European_Conference_on_Artificial_Intelligence","/wiki/Special:RecentChangesLinked/European_Conference_on_Artificial_Intelligence","/wiki/Wikipedia:File_Upload_Wizard","/wiki/Special:SpecialPages","/w/index.php?title=European_Conference_on_Artificial_Intelligence&oldid=544223005","/w/index.php?title=European_Conference_on_Artificial_Intelligence&action=info","//www.wikidata.org/wiki/Q1376472","/w/index.php?title=Special:Cite&page=European_Conference_on_Artificial_Intelligence&id=544223005","/w/index.php?title=Special:Book&bookcmd=book_creator&referer=European+Conference+on+Artificial+Intelligence","/w/index.php?title=Special:Book&bookcmd=render_article&arttitle=European+Conference+on+Artificial+Intelligence&oldid=544223005&writer=rl","/w/index.php?title=European_Conference_on_Artificial_Intelligence&printable=yes","//de.wikipedia.org/wiki/European_Conference_on_Artificial_Intelligence","#","//www.wikidata.org/wiki/Q1376472#sitelinks-wikipedia","//en.wikipedia.org/wiki/Wikipedia:Text_of_Creative_Commons_Attribution-ShareAlike_3.0_Unported_License","//creativecommons.org/licenses/by-sa/3.0/","//wikimediafoundation.org/wiki/Terms_of_Use","//wikimediafoundation.org/wiki/Privacy_policy","//www.wikimediafoundation.org/","//wikimediafoundation.org/wiki/Privacy_policy","/wiki/Wikipedia:About","/wiki/Wikipedia:General_disclaimer","//en.wikipedia.org/wiki/Wikipedia:Contact_us","//en.m.wikipedia.org/wiki/European_Conference_on_Artificial_Intelligence","//wikimediafoundation.org/","//bits.wikimedia.org/images/wikimedia-button.png","//www.mediawiki.org/","//bits.wikimedia.org/static-1.22wmf12/skins/common/images/poweredby_mediawiki_88x31.png","//bits.wikimedia.org/en.wikipedia.org/load.php?debug=false&lang=en&modules=site&only=scripts&skin=vector&*"],"instances":[],"pdf":[],"categories":["Artificial intelligence conferences"],"headings":["Notes","External links"],"image":["//upload.wikimedia.org/wikipedia/commons/thumb/9/91/LampFlowchart.svg/20px-LampFlowchart.svg.png","//en.wikipedia.org/w/index.php?title=Special:CentralAutoLogin/start&type=1x1&from=enwiki","//bits.wikimedia.org/static-1.22wmf12/skins/vector/images/search-ltr.png?303-4","//bits.wikimedia.org/images/wikimedia-button.png","//bits.wikimedia.org/static-1.22wmf12/skins/common/images/poweredby_mediawiki_88x31.png"],"tags":[],"members":[],"related":["Artificial_Intelligence","Europe","International_Joint_Conference_on_Artificial_Intelligence","American_Association_for_Artificial_Intelligence","University_of_Trier","European_Coordinating_Committee_for_Artificial_Intelligence","Patras","Greece","Lisbon","Portugal","Montpellier","France"]}