{"cursor":"5283","size":15,"audio":[],"currentlang":"en","article":"'Frames' were proposed by Marvin Minsky in his 1974 article \"A Framework for\nRepresenting Knowledge.\" A frame is an artificial intelligence data structure\nused to divide knowledge into substructures by representing \"stereotyped\nsituations.\" Frames are connected together to form a complete idea.\n\nFrames are also an extensive part of knowledge representation and reasoning\nschemes. Frames were originally derived from semantic networks and are therefore\npart of structure based knowledge representations. According to Russell and\nNorvig's \"Artificial Intelligence, A Modern Approach,\" structural\nrepresentations assemble \"...facts about particular object and even types and\narrange the types into a large taxonomic hierarchy analogous to a biological\ntaxonomy.\"\n","linknr":121,"url":"frame_(artificial_intelligence)","recorded":1376396320,"links":["/w/index.php?title=Frame_(artificial_intelligence)&action=edit","/w/index.php?title=Frame_(artificial_intelligence)&action=edit","//bits.wikimedia.org/favicon/wikipedia.ico","/w/opensearch_desc.php","//en.wikipedia.org/w/api.php?action=rsd","//creativecommons.org/licenses/by-sa/3.0/","/w/index.php?title=Special:RecentChanges&feed=atom","http://en.wikipedia.org/wiki/Frame_(artificial_intelligence)","//bits.wikimedia.org/en.wikipedia.org/load.php?debug=false&lang=en&modules=ext.gadget.DRN-wizard%2CReferenceTooltips%2Ccharinsert%2Cteahouse%7Cext.rtlcite%2Cwikihiero%7Cext.uls.nojs%7Cmediawiki.legacy.commonPrint%2Cshared%7Cmw.PopUpMediaTransform%7Cskins.vector&only=styles&skin=vector&*","//bits.wikimedia.org/en.wikipedia.org/load.php?debug=false&lang=en&modules=ext.visualEditor.viewPageTarget.noscript&only=styles&skin=vector&*","//bits.wikimedia.org/en.wikipedia.org/load.php?debug=false&lang=en&modules=site&only=styles&skin=vector&*","//bits.wikimedia.org/en.wikipedia.org/load.php?debug=false&lang=en&modules=startup&only=scripts&skin=vector&*","//bits.wikimedia.org/geoiplookup","//meta.wikimedia.org","#mw-navigation","#p-search","/wiki/Marvin_Minsky","/wiki/Artificial_intelligence","/wiki/Data_structure","/wiki/Knowledge","/wiki/Stereotype","/wiki/Idea","/wiki/Knowledge_representation_and_reasoning","#Frame_structure","#Features_and_Advantages","#Example","#See_also","#References","#External_links","/w/index.php?title=Frame_(artificial_intelligence)&action=edit&section=1","/w/index.php?title=Frame_(artificial_intelligence)&veaction=edit&section=1","/wiki/Wikipedia:Please_clarify","/w/index.php?title=Frame_(artificial_intelligence)&action=edit&section=2","/w/index.php?title=Frame_(artificial_intelligence)&veaction=edit&section=2","/wiki/Soccer_ball","/wiki/Semantic_networks","/w/index.php?title=Frame_(artificial_intelligence)&action=edit&section=3","/w/index.php?title=Frame_(artificial_intelligence)&veaction=edit&section=3","/w/index.php?title=Frame_(artificial_intelligence)&action=edit&section=4","/w/index.php?title=Frame_(artificial_intelligence)&veaction=edit&section=4","/wiki/Frame_language","/w/index.php?title=Frame_(artificial_intelligence)&action=edit&section=5","/w/index.php?title=Frame_(artificial_intelligence)&veaction=edit&section=5","/wiki/Special:BookSources/0136042597","http://aima.cs.berkeley.edu/","/w/index.php?title=Frame_(artificial_intelligence)&action=edit&section=6","/w/index.php?title=Frame_(artificial_intelligence)&veaction=edit&section=6","http://web.media.mit.edu/~minsky/papers/Frames/frames.html","http://aima.cs.berkeley.edu/","/wiki/File:LampFlowchart.svg","//upload.wikimedia.org/wikipedia/commons/thumb/9/91/LampFlowchart.svg/20px-LampFlowchart.svg.png","/wiki/Artificial_intelligence","/wiki/Wikipedia:Stub","//en.wikipedia.org/w/index.php?title=Frame_(artificial_intelligence)&action=edit","/wiki/Template:Compu-AI-stub","/wiki/Template_talk:Compu-AI-stub","//en.wikipedia.org/w/index.php?title=Template:Compu-AI-stub&action=edit","//en.wikipedia.org/w/index.php?title=Special:CentralAutoLogin/start&type=1x1&from=enwiki","http://en.wikipedia.org/w/index.php?title=Frame_(artificial_intelligence)&oldid=546631605","/wiki/Help:Category","/wiki/Category:Knowledge_representation","/wiki/Category:History_of_artificial_intelligence","/wiki/Category:Artificial_intelligence_stubs","/wiki/Category:Wikipedia_articles_needing_clarification_from_January_2010","/wiki/Category:WikiProject_Computer_science_stubs","/w/index.php?title=Special:UserLogin&returnto=Frame+%28artificial+intelligence%29&type=signup","/w/index.php?title=Special:UserLogin&returnto=Frame+%28artificial+intelligence%29","/wiki/Frame_(artificial_intelligence)","/wiki/Talk:Frame_(artificial_intelligence)","#","/wiki/Frame_(artificial_intelligence)","/w/index.php?title=Frame_(artificial_intelligence)&action=edit","/w/index.php?title=Frame_(artificial_intelligence)&veaction=edit","/w/index.php?title=Frame_(artificial_intelligence)&action=history","#","/w/index.php","//bits.wikimedia.org/static-1.22wmf12/skins/vector/images/search-ltr.png?303-4","/wiki/Main_Page","/wiki/Main_Page","/wiki/Portal:Contents","/wiki/Portal:Featured_content","/wiki/Portal:Current_events","/wiki/Special:Random","https://donate.wikimedia.org/wiki/Special:FundraiserRedirector?utm_source=donate&utm_medium=sidebar&utm_campaign=C13_en.wikipedia.org&uselang=en","/wiki/Help:Contents","/wiki/Wikipedia:About","/wiki/Wikipedia:Community_portal","/wiki/Special:RecentChanges","//en.wikipedia.org/wiki/Wikipedia:Contact_us","/wiki/Special:WhatLinksHere/Frame_(artificial_intelligence)","/wiki/Special:RecentChangesLinked/Frame_(artificial_intelligence)","/wiki/Wikipedia:File_Upload_Wizard","/wiki/Special:SpecialPages","/w/index.php?title=Frame_(artificial_intelligence)&oldid=546631605","/w/index.php?title=Frame_(artificial_intelligence)&action=info","//www.wikidata.org/wiki/Q1039416","/w/index.php?title=Special:Cite&page=Frame_%28artificial_intelligence%29&id=546631605","/w/index.php?title=Special:Book&bookcmd=book_creator&referer=Frame+%28artificial+intelligence%29","/w/index.php?title=Special:Book&bookcmd=render_article&arttitle=Frame+%28artificial+intelligence%29&oldid=546631605&writer=rl","/w/index.php?title=Frame_(artificial_intelligence)&printable=yes","//et.wikipedia.org/wiki/Freim","//fr.wikipedia.org/wiki/Cadre_(intelligence_artificielle)","//ko.wikipedia.org/wiki/%ED%94%84%EB%A0%88%EC%9E%84_(%EC%9D%B8%EA%B3%B5%EC%A7%80%EB%8A%A5)","//ru.wikipedia.org/wiki/%D0%A4%D1%80%D0%B5%D0%B9%D0%BC_(%D0%B8%D0%BD%D0%B6%D0%B5%D0%BD%D0%B5%D1%80%D0%B8%D1%8F_%D0%B7%D0%BD%D0%B0%D0%BD%D0%B8%D0%B9)","//uk.wikipedia.org/wiki/%D0%A4%D1%80%D0%B5%D0%B9%D0%BC_(%D0%BE%D0%B4%D0%B8%D0%BD%D0%B8%D1%86%D1%8F_%D0%B7%D0%BD%D0%B0%D0%BD%D0%BD%D1%8F)","#","//www.wikidata.org/wiki/Q1039416#sitelinks-wikipedia","//en.wikipedia.org/wiki/Wikipedia:Text_of_Creative_Commons_Attribution-ShareAlike_3.0_Unported_License","//creativecommons.org/licenses/by-sa/3.0/","//wikimediafoundation.org/wiki/Terms_of_Use","//wikimediafoundation.org/wiki/Privacy_policy","//www.wikimediafoundation.org/","//wikimediafoundation.org/wiki/Privacy_policy","/wiki/Wikipedia:About","/wiki/Wikipedia:General_disclaimer","//en.wikipedia.org/wiki/Wikipedia:Contact_us","//en.m.wikipedia.org/wiki/Frame_(artificial_intelligence)","//wikimediafoundation.org/","//bits.wikimedia.org/images/wikimedia-button.png","//www.mediawiki.org/","//bits.wikimedia.org/static-1.22wmf12/skins/common/images/poweredby_mediawiki_88x31.png","//bits.wikimedia.org/en.wikipedia.org/load.php?debug=false&lang=en&modules=site&only=scripts&skin=vector&*"],"instances":[],"pdf":[],"categories":["Knowledge representation","History of artificial intelligence"],"headings":["Frame structure","Features and Advantages","Example","See also","References","External links"],"image":["//upload.wikimedia.org/wikipedia/commons/thumb/9/91/LampFlowchart.svg/20px-LampFlowchart.svg.png","//en.wikipedia.org/w/index.php?title=Special:CentralAutoLogin/start&type=1x1&from=enwiki","//bits.wikimedia.org/static-1.22wmf12/skins/vector/images/search-ltr.png?303-4","//bits.wikimedia.org/images/wikimedia-button.png","//bits.wikimedia.org/static-1.22wmf12/skins/common/images/poweredby_mediawiki_88x31.png"],"tags":[],"members":[],"related":["Marvin_Minsky","Artificial_intelligence","Data_structure","Knowledge","Stereotype","Idea","Knowledge_representation_and_reasoning","Soccer_ball","Semantic_networks","Frame_language"]}