{"cursor":"20226","size":15,"audio":[],"currentlang":"en","article":"\n\n\nA 'Friendly Artificial Intelligence' or 'FAI' is an artificial intelligence (AI)\nthat has a positive rather than negative effect on humanity. Friendly AI also\nrefers to the field of knowledge required to build such an AI. This term\nparticularly applies to AIs which have the potential to significantly impact\nhumanity, such as those with intelligence comparable to or exceeding that of\nhumans (\"superintelligence\"; see strong AI and technological singularity). This\nspecific term was coined by Eliezer Yudkowsky of the Machine Intelligence\nResearch Institute as a technical term distinct from the everyday meaning of the\nword \"friendly\"; however, the concern is much older.\n","linknr":251,"url":"friendly_artificial_intelligence","recorded":1376396438,"links":["/w/index.php?title=Friendly_artificial_intelligence&action=edit","/w/index.php?title=Friendly_artificial_intelligence&action=edit","//bits.wikimedia.org/favicon/wikipedia.ico","/w/opensearch_desc.php","//en.wikipedia.org/w/api.php?action=rsd","//creativecommons.org/licenses/by-sa/3.0/","/w/index.php?title=Special:RecentChanges&feed=atom","http://en.wikipedia.org/wiki/Friendly_artificial_intelligence","//bits.wikimedia.org/en.wikipedia.org/load.php?debug=false&lang=en&modules=ext.gadget.DRN-wizard%2CReferenceTooltips%2Ccharinsert%2Cteahouse%7Cext.rtlcite%2Cwikihiero%7Cext.uls.nojs%7Cmediawiki.legacy.commonPrint%2Cshared%7Cmw.PopUpMediaTransform%7Cskins.vector&only=styles&skin=vector&*","//bits.wikimedia.org/en.wikipedia.org/load.php?debug=false&lang=en&modules=ext.visualEditor.viewPageTarget.noscript&only=styles&skin=vector&*","//bits.wikimedia.org/en.wikipedia.org/load.php?debug=false&lang=en&modules=site&only=styles&skin=vector&*","//bits.wikimedia.org/en.wikipedia.org/load.php?debug=false&lang=en&modules=startup&only=scripts&skin=vector&*","//bits.wikimedia.org/geoiplookup","//meta.wikimedia.org","#mw-navigation","#p-search","/wiki/File:Question_book-new.svg","//upload.wikimedia.org/wikipedia/en/thumb/9/99/Question_book-new.svg/50px-Question_book-new.svg.png","/wiki/Wikipedia:Verifiability","/wiki/Wikipedia:No_original_research#Primary.2C_secondary_and_tertiary_sources","/wiki/Wikipedia:No_original_research#Primary.2C_secondary_and_tertiary_sources","//upload.wikimedia.org/wikipedia/commons/thumb/a/a4/Text_document_with_red_question_mark.svg/40px-Text_document_with_red_question_mark.svg.png","/wiki/Wikipedia:Citing_sources","/wiki/Wikipedia:INCITE","/wiki/Wikipedia:WikiProject_Fact_and_Reference_Check","/wiki/Wikipedia:When_to_cite","/wiki/Laws_of_robotics","/wiki/Three_Laws_of_Robotics","/wiki/Isaac_Asimov","/wiki/The_Three_Laws_of_Robotics_in_popular_culture","/wiki/Tilden%27s_Laws_of_Robotics","/wiki/Mark_Tilden","/wiki/Roboethics","/wiki/Ethics_of_artificial_intelligence","/wiki/Machine_ethics","/wiki/Template:Robotic_laws","/wiki/Template_talk:Robotic_laws","//en.wikipedia.org/w/index.php?title=Template:Robotic_laws&action=edit","/wiki/Artificial_intelligence","/wiki/Superintelligence","/wiki/Strong_AI","/wiki/Technological_singularity","/wiki/Eliezer_Yudkowsky","/wiki/Machine_Intelligence_Research_Institute","/wiki/Technical_terminology","#Goals_and_definitions_of_Friendly_AI","#Requirements_for_FAI_and_effective_FAI","#Promotion_and_support","#Coherent_Extrapolated_Volition","#Criticism","#See_also","#Further_reading","#Footnotes","#External_links","/w/index.php?title=Friendly_artificial_intelligence&action=edit&section=1","/w/index.php?title=Friendly_artificial_intelligence&veaction=edit&section=1","#cite_note-1","/wiki/Machine_Learning","/wiki/Existential_threat","/wiki/Steve_Omohundro","/wiki/Alex_Wissner-Gross","#cite_note-2","#cite_note-3","/wiki/Science_fiction","/wiki/Anthropomorphism","/wiki/Riemann_hypothesis","/wiki/Molecular_nanotechnology","/wiki/Solar_System","/wiki/Strong_AI","/wiki/Evolutionary_psychology","/wiki/Psychological_adaptation","/wiki/Natural_selection","http://singinst.org/upload/CFAI.html","/wiki/Seed_AI","/wiki/Oxford","/wiki/Nick_Bostrom","/wiki/Isaac_Asimov","/wiki/Three_Laws_of_Robotics","/wiki/Biopsychology","/wiki/Robot_series_(Asimov)","/wiki/Gandhi","/w/index.php?title=Friendly_artificial_intelligence&action=edit&section=2","/w/index.php?title=Friendly_artificial_intelligence&veaction=edit&section=2","/wiki/Unintended_consequence","/wiki/Sympathy","/wiki/First_mover_advantage","/w/index.php?title=Friendly_artificial_intelligence&action=edit&section=3","/w/index.php?title=Friendly_artificial_intelligence&veaction=edit&section=3","/wiki/Machine_Intelligence_Research_Institute","/wiki/Seed_AI","/wiki/Future_studies","/wiki/Raymond_Kurzweil","/wiki/Aubrey_de_Grey","/wiki/World_Transhumanist_Association","/wiki/David_Pearce_(philosopher)","/wiki/Nick_Bostrom","/wiki/Wikipedia:Citation_needed","/w/index.php?title=Friendly_artificial_intelligence&action=edit&section=4","/w/index.php?title=Friendly_artificial_intelligence&veaction=edit&section=4","#cite_note-cevpaper-4","/wiki/Seed_AI","/wiki/Human_nature","#cite_note-cevpaper-4","/wiki/Evolutionary_psychology","/wiki/Utility_function","/wiki/Decision_theory","/wiki/Metaethics","/wiki/Objective_morality","/wiki/Specification#Software_development","/wiki/Machine_Intelligence_Research_Institute","#cite_note-5","#cite_note-6","/w/index.php?title=Friendly_artificial_intelligence&action=edit&section=5","/w/index.php?title=Friendly_artificial_intelligence&veaction=edit&section=5","/wiki/Bill_Hibbard","/wiki/Super-Intelligent_Machines","/wiki/Political","/wiki/Private_sector","/wiki/Multinational_corporation","/wiki/Incentive","/wiki/Human","/wiki/Happiness","#cite_note-smile-7","/wiki/Ben_Goertzel","/wiki/Artificial_general_intelligence","#cite_note-8","#cite_note-9","/wiki/The_New_Atlantis","#cite_note-10","/wiki/Meno%27s_paradox","/wiki/Moral_realism","#cite_note-11","/w/index.php?title=Friendly_artificial_intelligence&action=edit&section=6","/w/index.php?title=Friendly_artificial_intelligence&veaction=edit&section=6","/wiki/Ethics_of_artificial_intelligence","/wiki/Machine_ethics","/wiki/Seed_AI","/wiki/Singularitarianism","/wiki/Technological_singularity","/w/index.php?title=Friendly_artificial_intelligence&action=edit&section=7","/w/index.php?title=Friendly_artificial_intelligence&veaction=edit&section=7","http://www.singinst.org/upload/artificial-intelligence-risk.pdf","/wiki/Existential_risk","http://selfawaresystems.files.wordpress.com/2008/01/ai_drives_final.pdf","/w/index.php?title=Friendly_artificial_intelligence&action=edit&section=8","/w/index.php?title=Friendly_artificial_intelligence&veaction=edit&section=8","#cite_ref-1","/w/index.php?title=Kevin_LaGrandeur&action=edit&redlink=1","http://www.academia.edu/704751/_The_Persistent_Peril_of_the_Artificial_Slave_/","#cite_ref-2","http://io9.com/how-skynet-might-emerge-from-simple-physics-482402911","#cite_ref-3","/wiki/Alex_Wissner-Gross","http://www.alexwg.org/link?url=http%3A%2F%2Fwww.alexwg.org%2Fpublications%2FPhysRevLett_110-168702.pdf","#cite_ref-cevpaper_4-0","#cite_ref-cevpaper_4-1","http://singinst.org/upload/CEV.html","#cite_ref-5","http://singinst.org/research/researchareas","#cite_ref-6","http://kruel.co/2011/07/22/objections-to-coherent-extrapolated-volition/","#cite_ref-smile_7-0","/wiki/Eliezer_Yudkowsky","http://www.sl4.org/archive/0305/6846.html","http://www.sl4.org/archive/0305/6846.html","#cite_ref-8","/wiki/Ben_Goertzel","http://multiverseaccordingtoben.blogspot.com/2010/10/singularity-institutes-scary-idea-and.html","#cite_ref-9","/wiki/Ben_Goertzel","http://hplusmagazine.com/2011/08/17/does-humanity-need-an-ai-nanny/","#cite_ref-10","http://www.thenewatlantis.com/publications/the-problem-with-friendly-artificial-intelligence","#cite_ref-11","http://rationalmorality.info/?p=112","/w/index.php?title=Friendly_artificial_intelligence&action=edit&section=9","/w/index.php?title=Friendly_artificial_intelligence&veaction=edit&section=9","http://www.nickbostrom.com/ethics/ai.html","http://singinst.org/friendly/whatis.html","http://www.singinst.org/ourresearch/publications/guidelines.html","http://www.singinst.org/ourresearch/publications/CFAI/index.html","http://www.ssec.wisc.edu/~billh/g/SIAI_critique.html","/wiki/Bill_Hibbard","http://www.optimal.org/peter/siai_guidelines.htm","http://www.thenewatlantis.com/publications/the-problem-with-friendly-artificial-intelligence","//en.wikipedia.org/w/index.php?title=Special:CentralAutoLogin/start&type=1x1&from=enwiki","http://en.wikipedia.org/w/index.php?title=Friendly_artificial_intelligence&oldid=565781952","/wiki/Help:Category","/wiki/Category:Futurology","/wiki/Category:Philosophy_of_artificial_intelligence","/wiki/Category:Singularitarianism","/wiki/Category:Transhumanism","/wiki/Category:Articles_lacking_reliable_references_from_March_2013","/wiki/Category:All_articles_lacking_reliable_references","/wiki/Category:Articles_lacking_in-text_citations_from_May_2012","/wiki/Category:All_articles_lacking_in-text_citations","/wiki/Category:All_articles_with_unsourced_statements","/wiki/Category:Articles_with_unsourced_statements_from_November_2010","/w/index.php?title=Special:UserLogin&returnto=Friendly+artificial+intelligence&type=signup","/w/index.php?title=Special:UserLogin&returnto=Friendly+artificial+intelligence","/wiki/Friendly_artificial_intelligence","/wiki/Talk:Friendly_artificial_intelligence","#","/wiki/Friendly_artificial_intelligence","/w/index.php?title=Friendly_artificial_intelligence&action=edit","/w/index.php?title=Friendly_artificial_intelligence&veaction=edit","/w/index.php?title=Friendly_artificial_intelligence&action=history","#","/w/index.php","//bits.wikimedia.org/static-1.22wmf12/skins/vector/images/search-ltr.png?303-4","/wiki/Main_Page","/wiki/Main_Page","/wiki/Portal:Contents","/wiki/Portal:Featured_content","/wiki/Portal:Current_events","/wiki/Special:Random","https://donate.wikimedia.org/wiki/Special:FundraiserRedirector?utm_source=donate&utm_medium=sidebar&utm_campaign=C13_en.wikipedia.org&uselang=en","/wiki/Help:Contents","/wiki/Wikipedia:About","/wiki/Wikipedia:Community_portal","/wiki/Special:RecentChanges","//en.wikipedia.org/wiki/Wikipedia:Contact_us","/wiki/Special:WhatLinksHere/Friendly_artificial_intelligence","/wiki/Special:RecentChangesLinked/Friendly_artificial_intelligence","/wiki/Wikipedia:File_Upload_Wizard","/wiki/Special:SpecialPages","/w/index.php?title=Friendly_artificial_intelligence&oldid=565781952","/w/index.php?title=Friendly_artificial_intelligence&action=info","//www.wikidata.org/wiki/Q4168796","/w/index.php?title=Special:Cite&page=Friendly_artificial_intelligence&id=565781952","/w/index.php?title=Special:Book&bookcmd=book_creator&referer=Friendly+artificial+intelligence","/w/index.php?title=Special:Book&bookcmd=render_article&arttitle=Friendly+artificial+intelligence&oldid=565781952&writer=rl","/w/index.php?title=Friendly_artificial_intelligence&printable=yes","//ru.wikipedia.org/wiki/%D0%94%D1%80%D1%83%D0%B6%D0%B5%D1%81%D1%82%D0%B2%D0%B5%D0%BD%D0%BD%D1%8B%D0%B9_%D0%B8%D1%81%D0%BA%D1%83%D1%81%D1%81%D1%82%D0%B2%D0%B5%D0%BD%D0%BD%D1%8B%D0%B9_%D0%B8%D0%BD%D1%82%D0%B5%D0%BB%D0%BB%D0%B5%D0%BA%D1%82","//uk.wikipedia.org/wiki/%D0%94%D1%80%D1%83%D0%B6%D0%BD%D1%96%D0%B9_%D1%88%D1%82%D1%83%D1%87%D0%BD%D0%B8%D0%B9_%D1%96%D0%BD%D1%82%D0%B5%D0%BB%D0%B5%D0%BA%D1%82","#","//www.wikidata.org/wiki/Q4168796#sitelinks-wikipedia","//en.wikipedia.org/wiki/Wikipedia:Text_of_Creative_Commons_Attribution-ShareAlike_3.0_Unported_License","//creativecommons.org/licenses/by-sa/3.0/","//wikimediafoundation.org/wiki/Terms_of_Use","//wikimediafoundation.org/wiki/Privacy_policy","//www.wikimediafoundation.org/","//wikimediafoundation.org/wiki/Privacy_policy","/wiki/Wikipedia:About","/wiki/Wikipedia:General_disclaimer","//en.wikipedia.org/wiki/Wikipedia:Contact_us","//en.m.wikipedia.org/wiki/Friendly_artificial_intelligence","//wikimediafoundation.org/","//bits.wikimedia.org/images/wikimedia-button.png","//www.mediawiki.org/","//bits.wikimedia.org/static-1.22wmf12/skins/common/images/poweredby_mediawiki_88x31.png","//bits.wikimedia.org/en.wikipedia.org/load.php?debug=false&lang=en&modules=site&only=scripts&skin=vector&*"],"instances":["philosopher","asimov"],"pdf":["http://www.singinst.org/upload/artificial-intelligence-risk.pdf","http://selfawaresystems.files.wordpress.com/2008/01/ai_drives_final.pdf","http://www.alexwg.org/link?url=http%3A%2F%2Fwww.alexwg.org%2Fpublications%2FPhysRevLett_110-168702.pdf"],"categories":["Futurology","Philosophy of artificial intelligence","Singularitarianism","Transhumanism"],"headings":["Goals and definitions of Friendly AI","Requirements for FAI and effective FAI","Promotion and support","Coherent Extrapolated Volition","Criticism","See also","Further reading","External links"],"image":["//upload.wikimedia.org/wikipedia/en/thumb/9/99/Question_book-new.svg/50px-Question_book-new.svg.png","//upload.wikimedia.org/wikipedia/commons/thumb/a/a4/Text_document_with_red_question_mark.svg/40px-Text_document_with_red_question_mark.svg.png","//en.wikipedia.org/w/index.php?title=Special:CentralAutoLogin/start&type=1x1&from=enwiki","//bits.wikimedia.org/static-1.22wmf12/skins/vector/images/search-ltr.png?303-4","//bits.wikimedia.org/images/wikimedia-button.png","//bits.wikimedia.org/static-1.22wmf12/skins/common/images/poweredby_mediawiki_88x31.png"],"tags":[["robot_series","asimov"],["david_pearce","philosopher"]],"members":["david_pearce","robot_series"],"related":["Artificial_intelligence","Superintelligence","Strong_AI","Technological_singularity","Eliezer_Yudkowsky","Machine_Intelligence_Research_Institute","Technical_terminology","Machine_Learning","Existential_threat","Steve_Omohundro","Alex_Wissner-Gross","Alex_Wissner-Gross","Science_fiction","Anthropomorphism","Riemann_hypothesis","Molecular_nanotechnology","Solar_System","Strong_AI","Evolutionary_psychology","Psychological_adaptation","Natural_selection","Seed_AI","Oxford","Nick_Bostrom","Isaac_Asimov","Three_Laws_of_Robotics","Biopsychology","Robot_series_(Asimov)","Unintended_consequence","First_mover_advantage","Machine_Intelligence_Research_Institute","Seed_AI","Future_studies","Raymond_Kurzweil","Aubrey_de_Grey","World_Transhumanist_Association","David_Pearce_(philosopher)","Nick_Bostrom","Seed_AI","Human_nature","Evolutionary_psychology","Utility_function","Decision_theory","Metaethics","Objective_morality","Machine_Intelligence_Research_Institute","Bill_Hibbard","Political","Private_sector","Multinational_corporation","Incentive","Human","Happiness","Ben_Goertzel","Artificial_general_intelligence","Meno's_paradox","Moral_realism","Ethics_of_artificial_intelligence","Machine_ethics","Seed_AI","Singularitarianism","Technological_singularity","Existential_risk","Bill_Hibbard"]}