{"cursor":"21027","size":15,"audio":[],"currentlang":"en","article":"\n{{multiple issues|\n\n\n}}\n\n, the game AI must deal with large amounts of information]]\n\nIn video games, 'artificial intelligence' is used to produce the illusion of\nintelligence in the behavior of non-player characters (NPCs). The techniques\nused typically draw upon existing methods from the field of artificial\nintelligence (AI). However, the term game AI is often used to refer to a broad\nset of algorithms that also include techniques from control theory, robotics,\ncomputer graphics and computer science in general.\n\nSince game AI is centered on appearance of intelligence and good gameplay, its\napproach is very different from that of traditional AI; workarounds and cheats\nare acceptable and, in many cases, the computer abilities must be toned down to\ngive human players a sense of fairness. This, for example, is true in first-\nperson shooter games, where NPCs' otherwise perfect aiming would be beyond\nhuman skill.\n","linknr":342,"url":"Game_artificial_intelligence","recorded":1376396317,"links":["/w/index.php?title=Artificial_intelligence_(video_games)&action=edit","/w/index.php?title=Artificial_intelligence_(video_games)&action=edit","//bits.wikimedia.org/favicon/wikipedia.ico","/w/opensearch_desc.php","//en.wikipedia.org/w/api.php?action=rsd","//creativecommons.org/licenses/by-sa/3.0/","/w/index.php?title=Special:RecentChanges&feed=atom","http://en.wikipedia.org/wiki/Artificial_intelligence_(video_games)","//bits.wikimedia.org/en.wikipedia.org/load.php?debug=false&lang=en&modules=ext.gadget.DRN-wizard%2CReferenceTooltips%2Ccharinsert%2Cteahouse%7Cext.rtlcite%2Cwikihiero%7Cext.uls.nojs%7Cmediawiki.legacy.commonPrint%2Cshared%7Cmw.PopUpMediaTransform%7Cskins.vector&only=styles&skin=vector&*","//bits.wikimedia.org/en.wikipedia.org/load.php?debug=false&lang=en&modules=ext.visualEditor.viewPageTarget.noscript&only=styles&skin=vector&*","//bits.wikimedia.org/en.wikipedia.org/load.php?debug=false&lang=en&modules=site&only=styles&skin=vector&*","//bits.wikimedia.org/en.wikipedia.org/load.php?debug=false&lang=en&modules=startup&only=scripts&skin=vector&*","//bits.wikimedia.org/geoiplookup","//meta.wikimedia.org","/w/index.php?title=Game_artificial_intelligence&redirect=no","#mw-navigation","#p-search","//upload.wikimedia.org/wikipedia/en/f/f4/Ambox_content.png","//en.wikipedia.org/w/index.php?title=Artificial_intelligence_(video_games)&action=edit","/wiki/Talk:Artificial_intelligence_(video_games)","//upload.wikimedia.org/wikipedia/commons/thumb/a/a4/Text_document_with_red_question_mark.svg/40px-Text_document_with_red_question_mark.svg.png","/wiki/Wikipedia:Citing_sources","/wiki/Wikipedia:INCITE","/wiki/Wikipedia:WikiProject_Fact_and_Reference_Check","/wiki/Wikipedia:When_to_cite","//upload.wikimedia.org/wikipedia/en/f/f4/Ambox_content.png","/wiki/Wikipedia:No_original_research","//en.wikipedia.org/w/index.php?title=Artificial_intelligence_(video_games)&action=edit","/wiki/Wikipedia:Verifiability","/wiki/Wikipedia:INCITE","/wiki/File:Freeciv-2.1.0-beta3-sdl_slack11.0.png","//upload.wikimedia.org/wikipedia/commons/thumb/b/b3/Freeciv-2.1.0-beta3-sdl_slack11.0.png/220px-Freeciv-2.1.0-beta3-sdl_slack11.0.png","/wiki/File:Freeciv-2.1.0-beta3-sdl_slack11.0.png","//bits.wikimedia.org/static-1.22wmf12/skins/common/images/magnify-clip.png","/wiki/Freeciv","/wiki/Video_game","/wiki/Illusion","/wiki/Intelligence_(trait)","/wiki/Non-player_character","/wiki/Artificial_intelligence","/wiki/Algorithm","/wiki/Control_theory","/wiki/Robotics","/wiki/Computer_graphics","/wiki/Computer_science","/wiki/Workaround","/wiki/First-person_shooter","#History","#Views","#Usage","#Video_game_combat_AI","#Cheating_AI","#Video_games_with_acclaimed_AI","#See_also","#References","#Bibliography","#External_links","/w/index.php?title=Artificial_intelligence_(video_games)&action=edit&section=1","/w/index.php?title=Artificial_intelligence_(video_games)&veaction=edit&section=1","/wiki/Nim","#cite_note-1","/wiki/Ferranti_Mark_1","/wiki/University_of_Manchester","/wiki/Christopher_Strachey","/wiki/Draughts","/wiki/Chess","#cite_note-2","/wiki/Arthur_Samuel","#cite_note-3","/wiki/Garry_Kasparov","/wiki/IBM","/wiki/Deep_Blue_(chess_computer)","#cite_note-4","/wiki/Video_game","/wiki/Spacewar!","/wiki/Pong","/wiki/Gotcha_(arcade_game)","/wiki/Discrete_logic","/wiki/Single_player","/wiki/Arcade_game","/wiki/Taito_Corporation","/wiki/Speed_Race","/wiki/Racing_video_game","/wiki/Atari","/wiki/Qwak!_(arcade_game)","/wiki/Light_gun_shooter","/wiki/Pursuit_(arcade_game)","/wiki/Combat_flight_simulator","/wiki/Hunt_the_Wumpus","/wiki/Star_Trek_(script_game)","/wiki/Microprocessor","/wiki/File:GLtronwin.jpg","//upload.wikimedia.org/wikipedia/commons/thumb/f/f2/GLtronwin.jpg/220px-GLtronwin.jpg","/wiki/File:GLtronwin.jpg","//bits.wikimedia.org/static-1.22wmf12/skins/common/images/magnify-clip.png","/wiki/GLtron","/wiki/Golden_age_of_video_arcade_games","/wiki/Space_Invaders","/wiki/Hash_function","/wiki/Galaxian","/wiki/Pac-Man","/wiki/List_of_maze_video_games","/wiki/Karate_Champ","/wiki/Fighting_game","/wiki/First_Queen","/wiki/Tactical_role-playing_game","/wiki/Action_role-playing_game","#cite_note-MobyGames-5","#cite_note-kuresoft-6","/wiki/Role-playing_video_game","/wiki/Dragon_Quest_IV","/wiki/Non-player_character","/wiki/Action_role-playing_game","/wiki/Secret_of_Mana","/wiki/Madden_NFL","/wiki/Earl_Weaver_Baseball","/wiki/Tony_La_Russa_Baseball","/wiki/Wikipedia:Citation_needed","/wiki/Finite_state_machines","/wiki/Real-time_strategy","#cite_note-7","/wiki/Herzog_Zwei","/wiki/Dune_II","#cite_note-8","/wiki/Emergent_behaviour","/wiki/Creatures_(artificial_life_program)","/wiki/Black_%26_White_(video_game)","/wiki/Fa%C3%A7ade_(interactive_story)","/wiki/Watson_(artificial_intelligence_software)","/wiki/Jeopardy","/wiki/RoboCup","#cite_note-9","/w/index.php?title=Artificial_intelligence_(video_games)&action=edit&section=2","/w/index.php?title=Artificial_intelligence_(video_games)&veaction=edit&section=2","/wiki/Intelligence_(trait)","/wiki/Strong_AI","/wiki/Heuristic_(computer_science)","/wiki/Wikipedia:Citation_needed","/wiki/Idiosyncrasy","/wiki/Cheating","/wiki/Scene_graph","/wiki/Wikipedia:Citation_needed","/wiki/Wikipedia:Citation_needed","/w/index.php?title=Artificial_intelligence_(video_games)&action=edit&section=3","/w/index.php?title=Artificial_intelligence_(video_games)&veaction=edit&section=3","/wiki/Non-player_character","/wiki/Pathfinding","/wiki/Real-time_strategy","/wiki/Fog_of_war","/w/index.php?title=Navigation_(AI)&action=edit&redlink=1","/wiki/Dynamic_game_difficulty_balancing","/wiki/Creatures_(artificial_life_program)","/wiki/Black_%26_White_(video_game)","/wiki/Nintendogs","/wiki/Tamagotchi","/w/index.php?title=Artificial_intelligence_(video_games)&action=edit&section=4","/w/index.php?title=Artificial_intelligence_(video_games)&veaction=edit&section=4","#cite_note-depot-10","/wiki/Stealth_game","#cite_note-depot-10","/wiki/Id_Software","/wiki/Doom_(video_game)","/wiki/Wikipedia:Citation_needed","/w/index.php?title=Artificial_intelligence_(video_games)&action=edit&section=5","/w/index.php?title=Artificial_intelligence_(video_games)&veaction=edit&section=5","#cite_note-Scott_2002-11","/wiki/Game_engine","#cite_note-Scott_2002-11","/w/index.php?title=Artificial_intelligence_(video_games)&action=edit&section=6","/w/index.php?title=Artificial_intelligence_(video_games)&veaction=edit&section=6","/wiki/Creatures_(artificial_life_program)","#cite_note-AiGameDev-12","/wiki/Sid_Meier%27s_Alpha_Centauri","/wiki/Wikipedia:Citation_needed","/wiki/Kingpin:_Life_of_Crime","/wiki/Wikipedia:Citation_needed","/wiki/Halo:_Combat_Evolved","#cite_note-AiGameDev-12","/wiki/F.E.A.R.","#cite_note-AiGameDev-12","/wiki/S.T.A.L.K.E.R.","/wiki/Wikipedia:Citation_needed","/wiki/Far_Cry_2","/wiki/Wikipedia:Citation_needed","/w/index.php?title=Artificial_intelligence_(video_games)&action=edit&section=7","/w/index.php?title=Artificial_intelligence_(video_games)&veaction=edit&section=7","/wiki/File:Animation2.gif","//upload.wikimedia.org/wikipedia/commons/thumb/c/c0/Animation2.gif/17px-Animation2.gif","/wiki/Portal:Artificial_intelligence","/wiki/AI_effect","/wiki/Applications_of_artificial_intelligence","/wiki/Action_selection","/wiki/Computer_chess","/wiki/Computer_game_bot","/wiki/Computer_Go","/wiki/Dynamic_game_difficulty_balancing","/wiki/General_Game_Playing","/wiki/Simulated_reality","/wiki/Kynapse","/wiki/AiLive","/wiki/Xaitment","/wiki/List_of_emerging_technologies","/wiki/List_of_game_AI_middleware","/wiki/Outline_of_artificial_intelligence","/w/index.php?title=Artificial_intelligence_(video_games)&action=edit&section=8","/w/index.php?title=Artificial_intelligence_(video_games)&veaction=edit&section=8","#cite_ref-1","http://www.newyorker.com/archive/1952/08/02/1952_08_02_018_TNY_CARDS_000236053","/wiki/The_New_Yorker","#cite_ref-2","http://www.alanturing.net/turing_archive/pages/Reference%20Articles/BriefHistofComp.html","#cite_ref-3","/wiki/Special:BookSources/9780387765754","#cite_ref-4","/wiki/Pamela_McCorduck","http://www.pamelamc.com/html/machines_who_think.html","/wiki/International_Standard_Book_Number","/wiki/Special:BookSources/1-56881-205-1","#cite_ref-MobyGames_5-0","http://www.mobygames.com/game/first-queen","/wiki/MobyGames","#cite_ref-kuresoft_6-0","http://www.kuresoft.net","/wiki/Kure_Software_Koubou","http://translate.google.co.uk/translate?hl=en&sl=ja&u=http://www.kuresoft.net","#cite_ref-7","#cite_ref-8","#cite_ref-9","http://radoff.com/blog/2011/02/17/emergent-intelligence-games/","#cite_ref-depot_10-0","#cite_ref-depot_10-1","http://ai-depot.com/GameAI/Design.html","#cite_ref-Scott_2002_11-0","#cite_ref-Scott_2002_11-1","#cite_ref-AiGameDev_12-0","#cite_ref-AiGameDev_12-1","#cite_ref-AiGameDev_12-2","http://aigamedev.com/open/highlights/top-ai-games/","/w/index.php?title=Artificial_intelligence_(video_games)&action=edit&section=9","/w/index.php?title=Artificial_intelligence_(video_games)&veaction=edit&section=9","/wiki/O%27Reilly_%26_Associates","/wiki/Special:BookSources/0596005555","/w/index.php?title=Muska_%26_Lipman&action=edit&redlink=1","/wiki/Special:BookSources/193184108X","http://www.ai-junkie.com/ai-junkie.html","/w/index.php?title=Wordware_Publishing&action=edit&redlink=1","/wiki/Special:BookSources/1556220782","http://fear.sourceforge.net/","/wiki/Pearson_Education","/wiki/Special:BookSources/1592730043","/wiki/A_K_Peters","/wiki/Special:BookSources/1568811039","http://ai4games.sourceforge.net/","/wiki/Special:BookSources/1568812086","http://www.ai4g.com/","/wiki/Morgan_Kaufmann","/wiki/Special:BookSources/0124977820","/w/index.php?title=Charles_River_Media&action=edit&redlink=1","/wiki/Special:BookSources/1584503440","http://eu.wiley.com/WileyCDA/WileyTitle/productCd-0470018127.html","/wiki/John_Wiley_%26_Sons","/wiki/Special:BookSources/0470018127","/w/index.php?title=Artificial_intelligence_(video_games)&action=edit&section=10","/w/index.php?title=Artificial_intelligence_(video_games)&veaction=edit&section=10","http://archives.igda.org/ai/","http://www.aiwisdom.com/","http://aigamedev.com/","http://www.gamedev.net/page/reference/index.html/_/reference/programming/artificial-intelligence/?view=archive","/wiki/GameDev.net","//en.wikipedia.org/w/index.php?title=Special:CentralAutoLogin/start&type=1x1&from=enwiki","http://en.wikipedia.org/w/index.php?title=Artificial_intelligence_(video_games)&oldid=567418609","/wiki/Help:Category","/wiki/Category:Game_artificial_intelligence","/wiki/Category:Video_game_development","/wiki/Category:Use_dmy_dates_from_June_2013","/wiki/Category:Articles_lacking_in-text_citations_from_May_2010","/wiki/Category:All_articles_lacking_in-text_citations","/wiki/Category:Articles_that_may_contain_original_research_from_May_2010","/wiki/Category:All_articles_that_may_contain_original_research","/wiki/Category:All_articles_with_unsourced_statements","/wiki/Category:Articles_with_unsourced_statements_from_May_2010","/wiki/Category:Articles_with_unsourced_statements_from_September_2008","/wiki/Category:Articles_with_unsourced_statements_from_August_2011","/wiki/Category:Articles_with_unsourced_statements_from_September_2010","/wiki/Category:Articles_with_unsourced_statements_from_March_2013","/wiki/Category:Articles_with_unsourced_statements_from_August_2013","/w/index.php?title=Special:UserLogin&returnto=Artificial+intelligence+%28video+games%29&type=signup","/w/index.php?title=Special:UserLogin&returnto=Artificial+intelligence+%28video+games%29","/wiki/Artificial_intelligence_(video_games)","/wiki/Talk:Artificial_intelligence_(video_games)","#","/wiki/Artificial_intelligence_(video_games)","/w/index.php?title=Artificial_intelligence_(video_games)&action=edit","/w/index.php?title=Artificial_intelligence_(video_games)&veaction=edit","/w/index.php?title=Artificial_intelligence_(video_games)&action=history","#","/w/index.php","//bits.wikimedia.org/static-1.22wmf12/skins/vector/images/search-ltr.png?303-4","/wiki/Main_Page","/wiki/Main_Page","/wiki/Portal:Contents","/wiki/Portal:Featured_content","/wiki/Portal:Current_events","/wiki/Special:Random","https://donate.wikimedia.org/wiki/Special:FundraiserRedirector?utm_source=donate&utm_medium=sidebar&utm_campaign=C13_en.wikipedia.org&uselang=en","/wiki/Help:Contents","/wiki/Wikipedia:About","/wiki/Wikipedia:Community_portal","/wiki/Special:RecentChanges","//en.wikipedia.org/wiki/Wikipedia:Contact_us","/wiki/Special:WhatLinksHere/Artificial_intelligence_(video_games)","/wiki/Special:RecentChangesLinked/Artificial_intelligence_(video_games)","/wiki/Wikipedia:File_Upload_Wizard","/wiki/Special:SpecialPages","/w/index.php?title=Artificial_intelligence_(video_games)&oldid=567418609","/w/index.php?title=Artificial_intelligence_(video_games)&action=info","//www.wikidata.org/wiki/Q2494121","/w/index.php?title=Special:Cite&page=Artificial_intelligence_%28video_games%29&id=567418609","/w/index.php?title=Special:Book&bookcmd=book_creator&referer=Artificial+intelligence+%28video+games%29","/w/index.php?title=Special:Book&bookcmd=render_article&arttitle=Artificial+intelligence+%28video+games%29&oldid=567418609&writer=rl","/w/index.php?title=Artificial_intelligence_(video_games)&printable=yes","//es.wikipedia.org/wiki/Inteligencia_artificial_(videojuegos)","//fa.wikipedia.org/wiki/%D9%87%D9%88%D8%B4_%D9%85%D8%B5%D9%86%D9%88%D8%B9%DB%8C_(%D8%A8%D8%A7%D8%B2%DB%8C%E2%80%8C%D9%87%D8%A7%DB%8C_%D8%B1%D8%A7%DB%8C%D8%A7%D9%86%D9%87%E2%80%8C%D8%A7%DB%8C)","//ja.wikipedia.org/wiki/%E3%82%B3%E3%83%B3%E3%83%94%E3%83%A5%E3%83%BC%E3%82%BF%E3%82%B2%E3%83%BC%E3%83%A0%E3%81%AB%E3%81%8A%E3%81%91%E3%82%8B%E4%BA%BA%E5%B7%A5%E7%9F%A5%E8%83%BD","//ru.wikipedia.org/wiki/%D0%98%D0%B3%D1%80%D0%BE%D0%B2%D0%BE%D0%B9_%D0%B8%D1%81%D0%BA%D1%83%D1%81%D1%81%D1%82%D0%B2%D0%B5%D0%BD%D0%BD%D1%8B%D0%B9_%D0%B8%D0%BD%D1%82%D0%B5%D0%BB%D0%BB%D0%B5%D0%BA%D1%82","//uk.wikipedia.org/wiki/%D0%86%D0%B3%D1%80%D0%BE%D0%B2%D0%B8%D0%B9_%D1%88%D1%82%D1%83%D1%87%D0%BD%D0%B8%D0%B9_%D1%96%D0%BD%D1%82%D0%B5%D0%BB%D0%B5%D0%BA%D1%82","#","//www.wikidata.org/wiki/Q2494121#sitelinks-wikipedia","//en.wikipedia.org/wiki/Wikipedia:Text_of_Creative_Commons_Attribution-ShareAlike_3.0_Unported_License","//creativecommons.org/licenses/by-sa/3.0/","//wikimediafoundation.org/wiki/Terms_of_Use","//wikimediafoundation.org/wiki/Privacy_policy","//www.wikimediafoundation.org/","//wikimediafoundation.org/wiki/Privacy_policy","/wiki/Wikipedia:About","/wiki/Wikipedia:General_disclaimer","//en.wikipedia.org/wiki/Wikipedia:Contact_us","//en.m.wikipedia.org/wiki/Artificial_intelligence_(video_games)","//wikimediafoundation.org/","//bits.wikimedia.org/images/wikimedia-button.png","//www.mediawiki.org/","//bits.wikimedia.org/static-1.22wmf12/skins/common/images/poweredby_mediawiki_88x31.png","//bits.wikimedia.org/en.wikipedia.org/load.php?debug=false&lang=en&modules=site&only=scripts&skin=vector&*"],"instances":["ai","trait","interactive_story","artificial_intelligence_software","chess_computer","computer_science"],"pdf":[],"categories":["Game artificial intelligence|","Video game development"],"headings":["History","Views","Usage","Cheating AI","Video games with acclaimed AI","See also","References","Bibliography","External links"],"image":["//upload.wikimedia.org/wikipedia/en/f/f4/Ambox_content.png","//upload.wikimedia.org/wikipedia/commons/thumb/a/a4/Text_document_with_red_question_mark.svg/40px-Text_document_with_red_question_mark.svg.png","//upload.wikimedia.org/wikipedia/en/f/f4/Ambox_content.png","//upload.wikimedia.org/wikipedia/commons/thumb/b/b3/Freeciv-2.1.0-beta3-sdl_slack11.0.png/220px-Freeciv-2.1.0-beta3-sdl_slack11.0.png","//bits.wikimedia.org/static-1.22wmf12/skins/common/images/magnify-clip.png","//upload.wikimedia.org/wikipedia/commons/thumb/f/f2/GLtronwin.jpg/220px-GLtronwin.jpg","//bits.wikimedia.org/static-1.22wmf12/skins/common/images/magnify-clip.png","//upload.wikimedia.org/wikipedia/commons/thumb/c/c0/Animation2.gif/17px-Animation2.gif","//en.wikipedia.org/w/index.php?title=Special:CentralAutoLogin/start&type=1x1&from=enwiki","//bits.wikimedia.org/static-1.22wmf12/skins/vector/images/search-ltr.png?303-4","//bits.wikimedia.org/images/wikimedia-button.png","//bits.wikimedia.org/static-1.22wmf12/skins/common/images/poweredby_mediawiki_88x31.png"],"tags":[["intelligence","trait"],["deep_blue","chess_computer"],["façade","interactive_story"],["watson","artificial_intelligence_software"],["intelligence","trait"],["heuristic","computer_science"],["navigation","ai"]],"members":["navigation","intelligence","façade","watson","deep_blue","heuristic"],"related":["Video_game","Illusion","Intelligence_(trait)","Non-player_character","Artificial_intelligence","Algorithm","Control_theory","Robotics","Computer_graphics","Computer_science","Workaround","First-person_shooter","Nim","Ferranti_Mark_1","University_of_Manchester","Christopher_Strachey","Draughts","Chess","Arthur_Samuel","Garry_Kasparov","IBM","Deep_Blue_(chess_computer)","Video_game","Discrete_logic","Single_player","Arcade_game","Taito_Corporation","Racing_video_game","Atari","Light_gun_shooter","Combat_flight_simulator","Microprocessor","Golden_age_of_video_arcade_games","Hash_function","List_of_maze_video_games","Fighting_game","Tactical_role-playing_game","Action_role-playing_game","Role-playing_video_game","Non-player_character","Action_role-playing_game","Finite_state_machines","Real-time_strategy","Emergent_behaviour","Façade_(interactive_story)","Watson_(artificial_intelligence_software)","Jeopardy","RoboCup","Intelligence_(trait)","Strong_AI","Heuristic_(computer_science)","Idiosyncrasy","Cheating","Scene_graph","Non-player_character","Pathfinding","Real-time_strategy","Fog_of_war","Navigation_(AI)","Dynamic_game_difficulty_balancing","Tamagotchi","Stealth_game","Id_Software","Game_engine","AI_effect","Applications_of_artificial_intelligence","Action_selection","Computer_chess","Computer_game_bot","Computer_Go","Dynamic_game_difficulty_balancing","General_Game_Playing","Simulated_reality","Kynapse","AiLive","Xaitment","List_of_emerging_technologies","List_of_game_AI_middleware","Outline_of_artificial_intelligence","O'Reilly_&_Associates","Muska_&_Lipman","Wordware_Publishing","Pearson_Education","A_K_Peters","Morgan_Kaufmann","Charles_River_Media","John_Wiley_&_Sons","GameDev.net"]}