{"cursor":"89820","size":15,"audio":[],"currentlang":"en","article":"\n\n\n\n\nThe 'history of artificial intelligence (AI)' began in antiquity, with myths,\nstories and rumors of artificial beings endowed with intelligence or\nconsciousness by master craftsmen; as Pamela McCorduck writes, AI began with \"an\nancient wish to forge the gods.\"\n\nThe seeds of modern AI were planted by classical philosophers who attempted to\ndescribe the process of human thinking as the mechanical manipulation of\nsymbols. This work culminated in the invention of the programmable digital\ncomputer in the 1940s, a machine based on the abstract essence of mathematical\nreasoning. This device and the ideas behind it inspired a handful of scientists\nto begin seriously discussing the possibility of building an electronic brain.\n\nThe field of AI research was founded at a conference on the campus of Dartmouth\nCollege in the summer of 1956. Those who attended would become the leaders of AI\nresearch for decades. Many of them predicted that a machine as intelligent as a\nhuman being would exist in no more than a generation and they were given\nmillions of dollars to make this vision come true. Eventually it became obvious\nthat they had grossly underestimated the difficulty of the project. In 1973, in\nresponse to the criticism of James Lighthill and ongoing pressure from congress,\nthe U.S. and British Governments stopped funding undirected research into\nartificial intelligence. Seven years later, a visionary initiative by the\nJapanese Government inspired governments and industry to provide AI with\nbillions of dollars, but by the late 80s the investors became disillusioned and\nwithdrew funding again. This cycle of boom and bust, of \"AI winters\" and\nsummers, continues to haunt the field. Undaunted, there are those who make\nextraordinary predictions even now. For example argues that machines with\nhuman level intelligence will exist by 2029.\n\nProgress in AI has continued, despite the rise and fall of its reputation in the\neyes of government bureaucrats and venture capitalists. Problems that had begun\nto seem impossible in 1970 have been solved and the solutions are now used in\nsuccessful commercial products. However, no machine has been built with a human\nlevel of intelligence, contrary to the optimistic predictions of the first\ngeneration of AI researchers. \"We can only see a short distance ahead,\" admitted\nAlan Turing, in a famous 1950 paper that catalyzed the modern search for\nmachines that think. \"But,\" he added, \"we can see much that must be done.\"\n","linknr":1689,"url":"History_of_artificial_intelligence","recorded":1376543640,"links":["/w/index.php?title=History_of_artificial_intelligence&action=edit","/w/index.php?title=History_of_artificial_intelligence&action=edit","//bits.wikimedia.org/favicon/wikipedia.ico","/w/opensearch_desc.php","//en.wikipedia.org/w/api.php?action=rsd","//creativecommons.org/licenses/by-sa/3.0/","/w/index.php?title=Special:RecentChanges&feed=atom","http://en.wikipedia.org/wiki/History_of_artificial_intelligence","//bits.wikimedia.org/en.wikipedia.org/load.php?debug=false&lang=en&modules=ext.gadget.DRN-wizard%2CReferenceTooltips%2Ccharinsert%2Cteahouse%7Cext.rtlcite%2Cwikihiero%7Cext.uls.nojs%7Cmediawiki.legacy.commonPrint%2Cshared%7Cmw.PopUpMediaTransform%7Cskins.vector&only=styles&skin=vector&*","//bits.wikimedia.org/en.wikipedia.org/load.php?debug=false&lang=en&modules=ext.visualEditor.viewPageTarget.noscript&only=styles&skin=vector&*","//bits.wikimedia.org/en.wikipedia.org/load.php?debug=false&lang=en&modules=site&only=styles&skin=vector&*","//bits.wikimedia.org/en.wikipedia.org/load.php?debug=false&lang=en&modules=startup&only=scripts&skin=vector&*","//bits.wikimedia.org/geoiplookup","//meta.wikimedia.org","#mw-navigation","#p-search","/wiki/Timeline_of_artificial_intelligence","/wiki/Artificial_intelligence","/wiki/Artificial_intelligence#Deduction.2C_reasoning.2C_problem_solving","/wiki/Knowledge_representation","/wiki/Automated_planning_and_scheduling","/wiki/Machine_learning","/wiki/Natural_language_processing","/wiki/Computer_vision","/wiki/Robotics","/wiki/Strong_AI","/wiki/Search_algorithm","/wiki/Logic_programming","/wiki/Neural_network","/wiki/Bayesian_network","/wiki/Evolutionary_algorithms","/wiki/Philosophy_of_artificial_intelligence","/wiki/Ethics_of_artificial_intelligence","/wiki/Turing_test","/wiki/Chinese_room","/wiki/Timeline_of_artificial_intelligence","/wiki/AI_winter","/wiki/History_of_computing","/wiki/Computer_hardware","/wiki/History_of_computing_hardware","/wiki/History_of_computing_hardware_(1960s%E2%80%93present)","/wiki/History_of_computer_hardware_in_Soviet_Bloc_countries","/wiki/Computer_science","/wiki/History_of_compiler_construction","/wiki/History_of_computer_science","/wiki/History_of_operating_systems","/wiki/History_of_programming_languages","/wiki/History_of_software_engineering","/wiki/History_of_the_graphical_user_interface","/wiki/History_of_the_Internet","/wiki/History_of_personal_computers","/wiki/History_of_laptops","/wiki/History_of_video_games","/wiki/History_of_the_World_Wide_Web","/wiki/Timeline_of_computing","/wiki/Timeline_of_computing_hardware_2400_BC%E2%80%931949","/wiki/Timeline_of_computing_1950%E2%80%931979","/wiki/Timeline_of_computing_1980%E2%80%931989","/wiki/Timeline_of_computing_1990%E2%80%931999","/wiki/Timeline_of_computing_2000%E2%80%932009","/wiki/Timeline_of_computing_2010-2019","/wiki/Category:Computing_timelines","//upload.wikimedia.org/wikipedia/en/thumb/4/48/Folder_Hexagonal_Icon.svg/16px-Folder_Hexagonal_Icon.svg.png","/wiki/Category:History_of_computing","/wiki/Template:History_of_computing","/wiki/Template_talk:History_of_computing","//en.wikipedia.org/w/index.php?title=Template:History_of_computing&action=edit","/wiki/Ancient_history","/wiki/Pamela_McCorduck","#cite_note-FOOTNOTEMcCorduck2004-1","/wiki/Computer","/wiki/Artificial_intelligence","/wiki/Dartmouth_College","/wiki/James_Lighthill","/wiki/DARPA","/wiki/British_Government","/wiki/Japanese_Government","/wiki/AI_winter","#cite_note-2","/wiki/Strong_AI","/wiki/Alan_Turing","#cite_note-TuringQuote-3","#Precursors","#AI_in_myth.2C_fiction_and_speculation","#Automatons","#Formal_reasoning","#Computer_science","#The_birth_of_artificial_intelligence_1943.E2.80.931956","#Cybernetics_and_early_neural_networks","#Game_AI","#Turing.27s_test","#Symbolic_reasoning_and_the_Logic_Theorist","#Dartmouth_Conference_1956:_the_birth_of_AI","#The_golden_years_1956.E2.80.931974","#The_work","#Reasoning_as_search","#Natural_language","#Micro-worlds","#The_optimism","#The_money","#The_first_AI_winter_1974.E2.80.931980","#The_problems","#The_end_of_funding","#Critiques_from_across_campus","#Perceptrons_and_the_dark_age_of_connectionism","#The_neats:_logic.2C_Prolog_and_expert_systems","#The_scruffies:_frames_and_scripts","#Boom_1980.E2.80.931987","#The_rise_of_expert_systems","#The_knowledge_revolution","#The_money_returns:_the_fifth_generation_project","#The_revival_of_connectionism","#Bust:_the_second_AI_winter_1987.E2.80.931993","#AI_winter","#The_importance_of_having_a_body:_Nouvelle_AI_and_embodied_reason","#AI_1993.E2.80.93present","#Milestones_and_Moore.27s_Law","#Intelligent_agents","#.22Victory_of_the_neats.22","#AI_behind_the_scenes","#Where_is_HAL_9000.3F","#See_also","#Notes","#References","/w/index.php?title=History_of_artificial_intelligence&action=edit&section=1","/w/index.php?title=History_of_artificial_intelligence&veaction=edit&section=1","#CITEREFMcCorduck2004","/wiki/Artificial_intelligence","/wiki/Automaton","#cite_note-FOOTNOTEMcCorduck20045.E2.80.9335-4","/w/index.php?title=History_of_artificial_intelligence&action=edit&section=2","/w/index.php?title=History_of_artificial_intelligence&veaction=edit&section=2","/wiki/Artificial_intelligence_in_fiction","/wiki/Greek_myth","/wiki/Hephaestus","/wiki/Pygmalion_(mythology)","/wiki/Galatea_(mythology)","#cite_note-5","/wiki/Alchemy","/wiki/J%C4%81bir_ibn_Hayy%C4%81n","/wiki/Takwin","/wiki/Paracelsus","/wiki/Homunculus","/wiki/Judah_Loew","/wiki/Golem","#cite_note-6","/wiki/Mary_Shelley","/wiki/Frankenstein","/wiki/Karel_%C4%8Capek","/wiki/R.U.R._(Rossum%27s_Universal_Robots)","#cite_note-FOOTNOTEMcCorduck200417.E2.80.9325-7","/wiki/Samuel_Butler_(novelist)","/wiki/Darwin_among_the_Machines","#cite_note-FOOTNOTEButler1863-8","/w/index.php?title=History_of_artificial_intelligence&action=edit&section=3","/w/index.php?title=History_of_artificial_intelligence&veaction=edit&section=3","/wiki/Automaton","/wiki/File:Al-jazari_robots.jpg","//upload.wikimedia.org/wikipedia/commons/thumb/2/2f/Al-jazari_robots.jpg/250px-Al-jazari_robots.jpg","/wiki/File:Al-jazari_robots.jpg","//bits.wikimedia.org/static-1.22wmf12/skins/common/images/magnify-clip.png","/wiki/Al-Jazari","/wiki/Automaton","/wiki/King_Mu_of_Zhou#Automaton","#cite_note-9","/wiki/Hero_of_Alexandria","#cite_note-10","/wiki/Al-Jazari","#cite_note-FOOTNOTENick2005-11","/wiki/Wolfgang_von_Kempelen","#cite_note-12","/wiki/Automaton","/wiki/Cult_image","/wiki/Ancient_Egypt","/wiki/Ancient_Greece","/wiki/Hermes_Trismegistus","#cite_note-13","#cite_note-14","/w/index.php?title=History_of_artificial_intelligence&action=edit&section=4","/w/index.php?title=History_of_artificial_intelligence&veaction=edit&section=4","/wiki/Chinese_Philosophy","/wiki/Indian_Philosophy","/wiki/Greek_Philosophy","/wiki/Aristotle","/wiki/Syllogism","/wiki/Euclid","/wiki/Euclid%27s_Elements","/wiki/Muhammad_ibn_Musa_al-Khwarizmi","/wiki/Algebra","/wiki/Algorithm","/wiki/Scholasticism","/wiki/William_of_Ockham","/wiki/Duns_Scotus","#cite_note-Berlinski_2000-15","/wiki/Ramon_Llull","#cite_note-16","#cite_note-17","/wiki/Gottfried_Leibniz","#cite_note-18","/wiki/File:Gottfried_Wilhelm_von_Leibniz.jpg","//upload.wikimedia.org/wikipedia/commons/thumb/6/6a/Gottfried_Wilhelm_von_Leibniz.jpg/150px-Gottfried_Wilhelm_von_Leibniz.jpg","/wiki/File:Gottfried_Wilhelm_von_Leibniz.jpg","//bits.wikimedia.org/static-1.22wmf12/skins/common/images/magnify-clip.png","/wiki/Gottfried_Leibniz","/wiki/Gottfried_Leibniz","/wiki/Thomas_Hobbes","/wiki/Ren%C3%A9_Descartes","#cite_note-19","/wiki/Hobbes","/wiki/Leviathan_(book)","#cite_note-20","/wiki/Gottfried_Leibniz","/wiki/Characteristica_universalis","#cite_note-21","/wiki/Physical_symbol_system","/wiki/Mathematical_logic","/wiki/George_Boole","/wiki/The_Laws_of_Thought","/wiki/Frege","/wiki/Begriffsschrift","/wiki/Frege","/wiki/Bertrand_Russell","/wiki/Alfred_North_Whitehead","/wiki/Principia_Mathematica","/wiki/Bertrand_Russell","/wiki/Hilbert%27s_program","#cite_note-Berlinski_2000-15","/wiki/Kurt_G%C3%B6del","/wiki/G%C3%B6del%27s_incompleteness_theorems","/wiki/Alan_Turing","/wiki/Turing_machine","/wiki/Alonzo_Church","/wiki/Lambda_calculus","#cite_note-Berlinski_2000-15","#cite_note-22","/wiki/File:Classic_shot_of_the_ENIAC.jpg","//upload.wikimedia.org/wikipedia/commons/thumb/1/16/Classic_shot_of_the_ENIAC.jpg/250px-Classic_shot_of_the_ENIAC.jpg","/wiki/File:Classic_shot_of_the_ENIAC.jpg","//bits.wikimedia.org/static-1.22wmf12/skins/common/images/magnify-clip.png","/wiki/Church-Turing_thesis","/wiki/Turing_machine","#cite_note-Berlinski_2000-15","#cite_note-23","/w/index.php?title=History_of_artificial_intelligence&action=edit&section=5","/w/index.php?title=History_of_artificial_intelligence&veaction=edit&section=5","/wiki/History_of_computer_hardware","/wiki/History_of_computer_science","/wiki/Gottfried_Leibniz#Information_technology","/wiki/Charles_Babbage","/wiki/Analytical_Engine","/wiki/Ada_Lovelace","#cite_note-Menabrea1843-24","/wiki/Ada_Byron%27s_notes_on_the_analytical_engine","/wiki/Bernoulli_numbers","/wiki/Second_World_War","/wiki/Z3_(computer)","/wiki/ENIAC","/wiki/Colossus_computer","#cite_note-25","/wiki/Alan_Turing","/wiki/John_Von_Neumann","#cite_note-26","/w/index.php?title=History_of_artificial_intelligence&action=edit&section=6","/w/index.php?title=History_of_artificial_intelligence&veaction=edit&section=6","/wiki/File:BRL61-IBM_702.jpg","//upload.wikimedia.org/wikipedia/commons/thumb/1/10/BRL61-IBM_702.jpg/420px-BRL61-IBM_702.jpg","/wiki/File:BRL61-IBM_702.jpg","//bits.wikimedia.org/static-1.22wmf12/skins/common/images/magnify-clip.png","#cite_note-27","/wiki/Artificial_intelligence","/w/index.php?title=History_of_artificial_intelligence&action=edit&section=7","/w/index.php?title=History_of_artificial_intelligence&veaction=edit&section=7","/wiki/Neurology","/wiki/Neuron","/wiki/Norbert_Wiener","/wiki/Cybernetic","/wiki/Claude_Shannon","/wiki/Information_theory","/wiki/Alan_Turing","/wiki/Theory_of_computation","/wiki/Electronic_brain","#cite_note-28","/wiki/W._Grey_Walter","/wiki/Turtle_(robot)","/wiki/Johns_Hopkins_Beast","#cite_note-29","/wiki/Walter_Pitts","/wiki/Warren_Sturgis_McCulloch","/wiki/Neurons","/wiki/Neural_network","#cite_note-30","/wiki/Walter_Pitts","/wiki/Warren_Sturgis_McCulloch","/wiki/Marvin_Minsky","/wiki/Stochastic_neural_analog_reinforcement_calculator","#cite_note-31","/wiki/Marvin_Minsky","/w/index.php?title=History_of_artificial_intelligence&action=edit&section=8","/w/index.php?title=History_of_artificial_intelligence&veaction=edit&section=8","/wiki/Ferranti_Mark_1","/wiki/University_of_Manchester","/wiki/Christopher_Strachey","#cite_note-32","/wiki/Arthur_Samuel","#cite_note-33","/wiki/Game_AI","/w/index.php?title=History_of_artificial_intelligence&action=edit&section=9","/w/index.php?title=History_of_artificial_intelligence&veaction=edit&section=9","/wiki/Alan_Turing","/wiki/Computing_machinery_and_intelligence","#cite_note-34","/wiki/Turing_Test","/wiki/Teleprinter","#cite_note-35","/wiki/Turing_Test","/wiki/Philosophy_of_artificial_intelligence","/w/index.php?title=History_of_artificial_intelligence&action=edit&section=10","/w/index.php?title=History_of_artificial_intelligence&veaction=edit&section=10","/wiki/Digital_computer","#cite_note-36","/wiki/Allen_Newell","/wiki/Herbert_A._Simon","/wiki/Logic_Theorist","/wiki/Cliff_Shaw","/wiki/Bertrand_Russell","/wiki/Alfred_North_Whitehead","/wiki/Principia_Mathematica","#cite_note-37","/wiki/Mind/body_problem","#cite_note-38","/wiki/John_Searle","/wiki/Strong_AI_thesis","#cite_note-39","/w/index.php?title=History_of_artificial_intelligence&action=edit&section=11","/w/index.php?title=History_of_artificial_intelligence&veaction=edit&section=11","/wiki/Dartmouth_Conference","#cite_note-40","/wiki/Marvin_Minsky","/wiki/John_McCarthy_(computer_scientist)","/wiki/Claude_Shannon","/wiki/Nathaniel_Rochester_(computer_scientist)","/wiki/IBM","#cite_note-41","/wiki/Ray_Solomonoff","/wiki/Oliver_Selfridge","/wiki/Trenchard_More","/wiki/Arthur_Samuel","/wiki/Allen_Newell","/wiki/Herbert_A._Simon","#cite_note-42","/wiki/Logic_Theorist","#cite_note-43","#cite_note-44","/w/index.php?title=History_of_artificial_intelligence&action=edit&section=12","/w/index.php?title=History_of_artificial_intelligence&veaction=edit&section=12","#cite_note-45","#cite_note-46","#cite_note-47","/wiki/DARPA","#cite_note-48","/w/index.php?title=History_of_artificial_intelligence&action=edit&section=13","/w/index.php?title=History_of_artificial_intelligence&veaction=edit&section=13","/w/index.php?title=History_of_artificial_intelligence&action=edit&section=14","/w/index.php?title=History_of_artificial_intelligence&veaction=edit&section=14","/wiki/Algorithm","/wiki/Backtracking","/wiki/Reasoning_as_search","#cite_note-49","/wiki/Combinatorial_explosion","/wiki/Heuristics","#cite_note-50","/wiki/Allen_Newell","/wiki/Herbert_A._Simon","/wiki/General_Problem_Solver","#cite_note-51","/wiki/Herbert_Gelernter","/w/index.php?title=Geometry_theorem_prover&action=edit&redlink=1","/w/index.php?title=Symbolic_automatic_integrator&action=edit&redlink=1","/wiki/Marvin_Minsky","/w/index.php?title=James_Slagle&action=edit&redlink=1","#cite_note-52","/wiki/STRIPS","/wiki/Stanford","/wiki/Shakey_the_Robot","#cite_note-53","/wiki/File:Semantic_Net.svg","//upload.wikimedia.org/wikipedia/commons/thumb/6/67/Semantic_Net.svg/250px-Semantic_Net.svg.png","/wiki/File:Semantic_Net.svg","//bits.wikimedia.org/static-1.22wmf12/skins/common/images/magnify-clip.png","/w/index.php?title=History_of_artificial_intelligence&action=edit&section=15","/w/index.php?title=History_of_artificial_intelligence&veaction=edit&section=15","/wiki/Natural_language_processing","/wiki/Daniel_Bobrow","/wiki/STUDENT_(computer_program)","#cite_note-54","/wiki/Semantic_net","/w/index.php?title=Ross_Quillian&action=edit&redlink=1","#cite_note-55","/wiki/Roger_Schank","/wiki/Conceptual_dependency_theory","#cite_note-56","/wiki/Joseph_Weizenbaum","/wiki/ELIZA","/wiki/Canned_response","/wiki/Chatterbot","#cite_note-57","/w/index.php?title=History_of_artificial_intelligence&action=edit&section=16","/w/index.php?title=History_of_artificial_intelligence&veaction=edit&section=16","/wiki/Marvin_Minsky","/wiki/Seymour_Papert","/wiki/MIT","/wiki/Blocks_world","#cite_note-58","/wiki/Machine_vision","/wiki/Gerald_Sussman","/w/index.php?title=Adolfo_Guzman&action=edit&redlink=1","/wiki/David_Waltz","/wiki/Constraint_propagation","/wiki/Patrick_Winston","/wiki/Marvin_Minsky","/wiki/Seymour_Papert","/wiki/Terry_Winograd","/wiki/SHRDLU","#cite_note-59","/w/index.php?title=History_of_artificial_intelligence&action=edit&section=17","/w/index.php?title=History_of_artificial_intelligence&veaction=edit&section=17","/wiki/H._A._Simon","/wiki/Allen_Newell","#cite_note-60","/wiki/H._A._Simon","#cite_note-61","/wiki/Marvin_Minsky","#cite_note-62","/wiki/Marvin_Minsky","/wiki/Life_magazine","#cite_note-63","/w/index.php?title=History_of_artificial_intelligence&action=edit&section=18","/w/index.php?title=History_of_artificial_intelligence&veaction=edit&section=18","/wiki/MIT","/wiki/DARPA","/wiki/Project_MAC","/wiki/Marvin_Minsky","/wiki/John_McCarthy_(computer_scientist)","/wiki/DARPA","#cite_note-64","/wiki/DARPA","/wiki/Allen_Newell","/wiki/Herbert_A._Simon","/wiki/Carnegie_Mellon_University","/wiki/Stanford_Artificial_Intelligence_Laboratory","/wiki/John_McCarthy_(computer_scientist)","#cite_note-65","/wiki/Edinburgh_University","/wiki/Donald_Michie","#cite_note-66","#cite_note-67","/wiki/J._C._R._Licklider","/wiki/DARPA","#cite_note-68","/wiki/MIT","/wiki/Hacker_(programmer_subculture)","#cite_note-69","/w/index.php?title=History_of_artificial_intelligence&action=edit&section=19","/w/index.php?title=History_of_artificial_intelligence&veaction=edit&section=19","#cite_note-70","/wiki/Connectionism","/wiki/Neural_nets","/wiki/Marvin_Minsky","/wiki/Perceptrons","#cite_note-Perceptrons-71","/wiki/Logic_programming","/wiki/Commonsense_reasoning","#cite_note-72","/w/index.php?title=History_of_artificial_intelligence&action=edit&section=20","/w/index.php?title=History_of_artificial_intelligence&veaction=edit&section=20","#cite_note-73","#cite_note-74","/w/index.php?title=Ross_Quillian&action=edit&redlink=1","#cite_note-75","/wiki/Hans_Moravec","/wiki/Horsepower","/wiki/Moore%27s_law","#cite_note-76","#cite_note-77","/wiki/Cray-1","/wiki/Intractability_(complexity)","/wiki/Combinatorial_explosion","/wiki/Richard_Karp","/wiki/Stephen_Cook","/wiki/Cook%27s_theorem","/wiki/Karp%27s_21_NP-complete_problems","/wiki/Exponential_time","#cite_note-78","/wiki/Commonsense_knowledge","/wiki/Commonsense_reasoning","/wiki/Computer_vision","/wiki/Natural_language","#cite_note-79","/wiki/Moravec%27s_paradox","/wiki/Machine_vision","/wiki/Robotics","#cite_note-80","/wiki/Frame_problem","/wiki/Qualification_problem","/wiki/John_McCarthy_(computer_scientist)","/wiki/Logic","/wiki/Automated_planning_and_scheduling","/wiki/Non-monotonic_logic","/wiki/Modal_logic","#cite_note-81","/w/index.php?title=History_of_artificial_intelligence&action=edit&section=21","/w/index.php?title=History_of_artificial_intelligence&veaction=edit&section=21","/wiki/AI_Winter","/wiki/British_government","/wiki/DARPA","/wiki/United_States_National_Research_Council","/wiki/ALPAC","/wiki/United_States_National_Research_Council","#cite_note-82","/wiki/Lighthill_report","#cite_note-83","/wiki/Combinatorial_explosion","#cite_note-84","/wiki/DARPA","/wiki/Speech_recognition","/wiki/Carnegie_Mellon_University","#cite_note-85","/wiki/Hans_Moravec","#cite_note-86","/wiki/Mansfield_Amendment","/wiki/DARPA","/wiki/DARPA","#cite_note-87","/w/index.php?title=History_of_artificial_intelligence&action=edit&section=22","/w/index.php?title=History_of_artificial_intelligence&veaction=edit&section=22","/wiki/Philosophy_of_artificial_intelligence","/wiki/John_Lucas_(philosopher)","/wiki/Kurt_G%C3%B6del","/wiki/G%C3%B6del%27s_incompleteness_theorem","/wiki/Formal_system","#cite_note-88","/wiki/Hubert_Dreyfus","/wiki/Embodied_cognition","/wiki/Instinct","/wiki/Ready-to-hand","#cite_note-89","#cite_note-90","/wiki/John_Searle","/wiki/Chinese_Room","/wiki/Intentionality","#cite_note-91","/wiki/Intractability_(complexity)","/wiki/Commonsense_reasoning","/wiki/Ready-to-hand","/wiki/Intentionality","/wiki/Marvin_Minsky","#cite_note-92","/wiki/MIT","#cite_note-93","/wiki/Joseph_Weizenbaum","/wiki/ELIZA","/wiki/Hubert_Dreyfus","#cite_note-94","/wiki/Kenneth_Colby","/wiki/ELIZA","/wiki/Chatterbot","/wiki/Joseph_Weizenbaum","/wiki/Computer_Power_and_Human_Reason","#cite_note-95","/w/index.php?title=History_of_artificial_intelligence&action=edit&section=23","/w/index.php?title=History_of_artificial_intelligence&veaction=edit&section=23","/wiki/Perceptron","/wiki/Neural_network","/wiki/Frank_Rosenblatt","/wiki/Marvin_Minsky","/wiki/Bronx_High_School_of_Science","/wiki/Marvin_Minsky","/wiki/Seymour_Papert","/wiki/Perceptrons_(book)","/wiki/Frank_Rosenblatt","/wiki/Connectionism","/wiki/Frank_Rosenblatt","#cite_note-Perceptrons-71","/w/index.php?title=History_of_artificial_intelligence&action=edit&section=24","/w/index.php?title=History_of_artificial_intelligence&veaction=edit&section=24","/wiki/John_McCarthy_(computer_scientist)","/wiki/Advice_Taker","#cite_note-96","/wiki/J._Alan_Robinson","/wiki/Resolution_(logic)","/wiki/Unification_(computing)","#cite_note-97","/wiki/Robert_Kowalski","/wiki/University_of_Edinburgh","/wiki/Alain_Colmerauer","/w/index.php?title=Philippe_Roussel&action=edit&redlink=1","/wiki/Prolog","#cite_note-98","/wiki/Horn_clause","/wiki/Production_system","/wiki/Edward_Feigenbaum","/wiki/Expert_systems","/wiki/Allen_Newell","/wiki/Herbert_A._Simon","/wiki/Soar_(cognitive_architecture)","/wiki/Unified_Theory_of_Cognition","#cite_note-99","/wiki/Hubert_Dreyfus","/wiki/Peter_Cathcart_Wason","/wiki/Eleanor_Rosch","/wiki/Amos_Tversky","/wiki/Daniel_Kahneman","#cite_note-100","#cite_note-101","/w/index.php?title=History_of_artificial_intelligence&action=edit&section=25","/w/index.php?title=History_of_artificial_intelligence&veaction=edit&section=25","/wiki/John_McCarthy_(computer_scientist)","/wiki/MIT","/wiki/Marvin_Minsky","/wiki/Seymour_Papert","/wiki/Roger_Schank","/wiki/Gerald_Sussman","#cite_note-102","/wiki/Roger_Schank","/wiki/Neats_vs._scruffies","/wiki/Neats_vs._scruffies","/wiki/John_McCarthy_(computer_scientist)","/wiki/Robert_Kowalski","/wiki/Edward_Feigenbaum","/wiki/Allen_Newell","/wiki/Herbert_A._Simon","#cite_note-103","/wiki/Marvin_Minsky","/wiki/Commonsense_knowledge","/wiki/Frame_(Artificial_intelligence)","/wiki/Roger_Schank","/wiki/Scripts_(artificial_intelligence)","#cite_note-104","/wiki/Object-oriented_programming","/wiki/Inheritance_(computer_science)","/w/index.php?title=History_of_artificial_intelligence&action=edit&section=26","/w/index.php?title=History_of_artificial_intelligence&veaction=edit&section=26","/wiki/Expert_system","/wiki/Knowledge_representation","/wiki/Fifth_generation_computer","/wiki/Connectionism","/wiki/John_Hopfield","/wiki/David_Rumelhart","/w/index.php?title=History_of_artificial_intelligence&action=edit&section=27","/w/index.php?title=History_of_artificial_intelligence&veaction=edit&section=27","/wiki/Expert_system","/wiki/Production_system","/wiki/Edward_Feigenbaum","/wiki/Dendral","/wiki/MYCIN","#cite_note-105","/wiki/Commonsense_knowledge","#cite_note-106","/wiki/XCON","/wiki/Carnegie_Mellon_University","/wiki/Digital_Equipment_Corporation","#cite_note-107","/wiki/Symbolics","/wiki/Lisp_Machines","/wiki/IntelliCorp_(Software)","/wiki/Cleverpath_AION_Business_Rules_Expert","#cite_note-108","/w/index.php?title=History_of_artificial_intelligence&action=edit&section=28","/w/index.php?title=History_of_artificial_intelligence&veaction=edit&section=28","#cite_note-109","/wiki/Pamela_McCorduck","#cite_note-110","/wiki/Knowledge_based_system","/wiki/Knowledge_engineering","#cite_note-111","/wiki/Cyc","/wiki/Commonsense_reasoning","/wiki/Douglas_Lenat","#cite_note-112","/w/index.php?title=History_of_artificial_intelligence&action=edit&section=29","/w/index.php?title=History_of_artificial_intelligence&veaction=edit&section=29","/wiki/Ministry_of_International_Trade_and_Industry","/wiki/Fifth_generation_computer","#cite_note-113","/wiki/Neats_vs._scruffies","/wiki/Prolog","#cite_note-114","/wiki/Alvey","/wiki/Microelectronics_and_Computer_Technology_Corporation","#cite_note-115","#cite_note-Norvig_25-116","/wiki/DARPA","/wiki/Strategic_Computing_Initiative","#cite_note-117","/wiki/File:Hopfield-net.png","//upload.wikimedia.org/wikipedia/commons/thumb/9/95/Hopfield-net.png/220px-Hopfield-net.png","/wiki/File:Hopfield-net.png","//bits.wikimedia.org/static-1.22wmf12/skins/common/images/magnify-clip.png","/w/index.php?title=History_of_artificial_intelligence&action=edit&section=30","/w/index.php?title=History_of_artificial_intelligence&veaction=edit&section=30","/wiki/John_Hopfield","/wiki/Hopfield_net","/wiki/David_Rumelhart","/wiki/Backpropagation","/wiki/Paul_Werbos","/wiki/Connectionism","#cite_note-Norvig_25-116","#cite_note-118","/wiki/David_Rumelhart","/wiki/James_McClelland_(psychologist)","/wiki/Optical_character_recognition","/wiki/Speech_recognition","#cite_note-Norvig_25-116","#cite_note-119","/w/index.php?title=History_of_artificial_intelligence&action=edit&section=31","/w/index.php?title=History_of_artificial_intelligence&veaction=edit&section=31","/wiki/Economic_bubble","/wiki/Rodney_Brooks","/wiki/Hans_Moravec","/wiki/Robotics","/w/index.php?title=History_of_artificial_intelligence&action=edit&section=32","/w/index.php?title=History_of_artificial_intelligence&veaction=edit&section=32","/wiki/AI_winter","#cite_note-120","/wiki/Apple_Computer","/wiki/IBM","/wiki/Lisp_machines","/wiki/Symbolics","#cite_note-121","/wiki/XCON","/wiki/Brittle_(software)","/wiki/Qualification_problem","#cite_note-122","/wiki/Strategic_Computing_Initiative","/wiki/DARPA","#cite_note-123","/wiki/Fifth_generation_computer","#cite_note-FifthGenEnd-124","#cite_note-FifthGenEnd-124","/w/index.php?title=History_of_artificial_intelligence&action=edit&section=33","/w/index.php?title=History_of_artificial_intelligence&veaction=edit&section=33","/wiki/Nouvelle_AI","/wiki/Behavior-based_AI","/wiki/Situated","/wiki/Embodied_cognitive_science","#cite_note-125","/wiki/Commonsense_reasoning","/wiki/Moravec%27s_paradox","#cite_note-126","/wiki/Cybernetic","/wiki/Control_theory","/wiki/David_Marr_(neuroscientist)","/wiki/MIT","/wiki/Computer_vision","/wiki/John_McCarthy_(computer_scientist)","/wiki/Marvin_Minsky","#cite_note-127","http://people.csail.mit.edu/brooks/papers/elephants.pdf","/wiki/Rodney_Brooks","/wiki/Physical_symbol_system","#cite_note-128","/wiki/Cognitive_science","/wiki/Embodied_mind","#cite_note-129","/w/index.php?title=History_of_artificial_intelligence&action=edit&section=34","/w/index.php?title=History_of_artificial_intelligence&veaction=edit&section=34","#cite_note-130","/w/index.php?title=History_of_artificial_intelligence&action=edit&section=35","/w/index.php?title=History_of_artificial_intelligence&veaction=edit&section=35","/wiki/IBM_Deep_Blue","/wiki/Garry_Kasparov","#cite_note-131","/wiki/DARPA_Grand_Challenge","#cite_note-132","/wiki/DARPA_Urban_Challenge","#cite_note-133","/wiki/Jeopardy!","/wiki/Quiz_show","/wiki/IBM","/wiki/Question_answering_system","/wiki/Watson_(artificial_intelligence_software)","/wiki/Brad_Rutter","/wiki/Ken_Jennings","#cite_note-134","#cite_note-135","/wiki/IBM_Deep_Blue","/wiki/Ferranti_Mark_1","/wiki/Christopher_Strachey","#cite_note-136","/wiki/Moore%27s_law","/w/index.php?title=History_of_artificial_intelligence&action=edit&section=36","/w/index.php?title=History_of_artificial_intelligence&veaction=edit&section=36","/wiki/Intelligent_agent","#cite_note-137","#cite_note-138","/wiki/Intelligent_agent","/wiki/Judea_Pearl","/wiki/Allen_Newell","/wiki/Decision_theory","#cite_note-R27-139","/wiki/Economics","/wiki/Rational_agent","/wiki/Computer_science","/wiki/Object-oriented_programming","/wiki/Module_(programming)","/wiki/Intelligent_agent","/wiki/Intelligent_agent","/wiki/Firm","/wiki/Intelligent_agent","#cite_note-140","/wiki/Control_theory","/wiki/Agent_architecture","/wiki/Allen_Newell","/wiki/Soar_(cognitive_architecture)","/wiki/Intelligent_agents","#cite_note-R27-139","#cite_note-141","/w/index.php?title=History_of_artificial_intelligence&action=edit&section=37","/w/index.php?title=History_of_artificial_intelligence&veaction=edit&section=37","#cite_note-142","/wiki/Mathematics","/wiki/Operations_research","#CITEREFRussellNorvig2003","/wiki/Neats_and_scruffies","#cite_note-RN25-143","#cite_note-144","/wiki/Judea_Pearl","#cite_note-145","/wiki/Probability","/wiki/Decision_theory","/wiki/Bayesian_networks","/wiki/Hidden_Markov_models","/wiki/Information_theory","/wiki/Stochastic_modeling","/wiki/Optimization_(mathematics)","/wiki/Computational_intelligence","/wiki/Neural_networks","/wiki/Evolutionary_algorithm","#cite_note-RN25-143","/w/index.php?title=History_of_artificial_intelligence&action=edit&section=38","/w/index.php?title=History_of_artificial_intelligence&veaction=edit&section=38","#cite_note-146","#cite_note-147","/wiki/Data_mining","/wiki/Industrial_robots","#cite_note-148","/wiki/Speech_recognition","#cite_note-149","#cite_note-CNN7242006-150","#cite_note-CNN7242006-150","/wiki/Google","#cite_note-151","#cite_note-152","/wiki/Nick_Bostrom","#cite_note-153","/wiki/Informatics_(academic_field)","/wiki/Knowledge-based_systems","/wiki/Cognitive_system","/wiki/Computational_intelligence","/wiki/AI_Winter","#cite_note-154","#cite_note-155","#cite_note-156","/w/index.php?title=History_of_artificial_intelligence&action=edit&section=39","/w/index.php?title=History_of_artificial_intelligence&veaction=edit&section=39","/wiki/Arthur_C._Clarke","/wiki/Stanley_Kubrick","/wiki/2001:_A_Space_Odyssey","/wiki/HAL_9000","#cite_note-157","/wiki/Marvin_Minsky","#cite_note-158","/wiki/Commonsense_reasoning","/wiki/Neural_nets","/wiki/Genetic_algorithms","/wiki/John_McCarthy_(computer_scientist)","/wiki/Qualification_problem","#cite_note-159","/wiki/Ray_Kurzweil","/wiki/Moore%27s_Law","#cite_note-160","/wiki/Jeff_Hawkins","/wiki/Cerebral_cortex","#cite_note-161","/w/index.php?title=History_of_artificial_intelligence&action=edit&section=40","/w/index.php?title=History_of_artificial_intelligence&veaction=edit&section=40","/wiki/File:Animation2.gif","//upload.wikimedia.org/wikipedia/commons/thumb/c/c0/Animation2.gif/17px-Animation2.gif","/wiki/Portal:Artificial_intelligence","/wiki/History_of_natural_language_processing","/w/index.php?title=History_of_artificial_intelligence&action=edit&section=41","/w/index.php?title=History_of_artificial_intelligence&veaction=edit&section=41","#cite_ref-FOOTNOTEMcCorduck2004_1-0","#CITEREFMcCorduck2004","#cite_ref-2","#CITEREFKurzweil2005","/wiki/Strong_AI","#cite_ref-TuringQuote_3-0","#CITEREFTuring1950","#cite_ref-FOOTNOTEMcCorduck20045.E2.80.9335_4-0","#CITEREFMcCorduck2004","#cite_ref-5","#CITEREFMcCorduck2004","#CITEREFRussellNorvig2003","#cite_ref-6","#CITEREFMcCorduck2004","#CITEREFBuchanan2005","/wiki/Judah_Loew","/wiki/Golem","#CITEREFMcCorduck2004","#CITEREFO.27Connor1994","#cite_ref-FOOTNOTEMcCorduck200417.E2.80.9325_7-0","#CITEREFMcCorduck2004","#cite_ref-FOOTNOTEButler1863_8-0","#CITEREFButler1863","#cite_ref-9","#CITEREFNeedham1986","#cite_ref-10","#CITEREFMcCorduck2004","#cite_ref-FOOTNOTENick2005_11-0","#CITEREFNick2005","#cite_ref-12","#CITEREFMcCorduck2004","#CITEREFLevitt2000","#cite_ref-13","#CITEREFMcCorduck2004","#CITEREFCrevier1993","#CITEREFMcCorduck2004","#cite_ref-14","/wiki/Automaton","/wiki/Haroun_al-Rashid","#CITEREFMcCorduck2004","/wiki/Jacques_de_Vaucanson","#CITEREFMcCorduck2004","/wiki/Leonardo_Torres_y_Quevedo","#CITEREFMcCorduck2004","#cite_ref-Berlinski_2000_15-0","#cite_ref-Berlinski_2000_15-1","#cite_ref-Berlinski_2000_15-2","#cite_ref-Berlinski_2000_15-3","#CITEREFBerlinski2000","#cite_ref-16","#cite_ref-17","#cite_ref-18","#cite_ref-19","#CITEREFMcCorduck2004","#CITEREFRussellNorvig2003","#CITEREFHaugeland1986","#CITEREFBuchanan2005","#cite_ref-20","#CITEREFMcCorduck2004","#CITEREFHobbes1651","#cite_ref-21","#CITEREFMcCorduck2004","#CITEREFRussellNorvig2003","#CITEREFBerlinski2000","#CITEREFBuchanan2005","#cite_ref-22","/wiki/Lambda_calculus","/wiki/Lisp_programming_language","#CITEREFCrevier1993","#cite_ref-23","/wiki/Turing_machine","#CITEREFMcCorduck2004","#CITEREFCrevier1993","#CITEREFRussellNorvig2003","#CITEREFTuring1936","#cite_ref-Menabrea1843_24-0","#cite_ref-25","#CITEREFMcCorduck2004","#CITEREFRussellNorvig2003","#cite_ref-26","#CITEREFMcCorduck2004","#cite_ref-27","#CITEREFCrevier1993","#CITEREFRussellNorvig2003","#cite_ref-28","#CITEREFMcCorduck2004","#CITEREFCrevier1993","#CITEREFRussellNorvig2003","#CITEREFMoravec1988","#CITEREFCordeschi2002Chap._5","#cite_ref-29","#CITEREFMcCorduck2004","#CITEREFCrevier1993","#CITEREFRussellNorvig2003","#CITEREFMoravec1988","#CITEREFCordeschi2002Chap._5","#cite_ref-30","#CITEREFMcCorduck2004","#CITEREFCrevier1993","#CITEREFRussellNorvig2003","#CITEREFCordeschi2002Chap._5","#CITEREFPittsMcCullough1943","#cite_ref-31","#CITEREFMcCorduck2004","#CITEREFCrevier1993","#CITEREFRussellNorvig2003","#cite_ref-32","http://www.alanturing.net/turing_archive/pages/Reference%20Articles/BriefHistofComp.html","#cite_ref-33","/wiki/Special:BookSources/9780387765754","#cite_ref-34","#CITEREFMcCorduck2004","#CITEREFCrevier1993","#CITEREFRussellNorvig2003","#CITEREFHaugeland1985","#CITEREFCordeschi2002","#CITEREFTuring1950","#cite_ref-35","#CITEREFNorvigRussell2003","#cite_ref-36","#CITEREFMcCorduck2004","#CITEREFCrevier","#cite_ref-37","#CITEREFMcCorduck2004","#CITEREFCrevier1993","#CITEREFRussellNorvig2003","#cite_ref-38","#CITEREFCrevier1993","#CITEREFRussellNorvig2003","#cite_ref-39","#CITEREFRussellNorvig2003","#cite_ref-40","#CITEREFMcCorduck2004","#CITEREFCrevier1993","#CITEREFRussellNorvig2003","#cite_ref-41","#CITEREFMcCarthyMinskyRochesterShannon1955","#CITEREFCrevier1993","/wiki/Daniel_Crevier","/wiki/Physical_symbol_system","/wiki/Allen_Newell","/wiki/Herbert_A._Simon","/wiki/General_Problem_Solver","#CITEREFNewellSimon1963","/wiki/Philosophy_of_artificial_intelligence","#cite_ref-42","#CITEREFMcCorduck2004","#cite_ref-43","/wiki/Pamela_McCorduck","#CITEREFMcCorduck2004","/wiki/John_McCarthy_(computer_scientist)","/wiki/CNET","#CITEREFSkillings2006","#cite_ref-44","#CITEREFCrevier1993","#cite_ref-45","#CITEREFRussellNorvig2003","#cite_ref-46","#CITEREFCrevier1993","#CITEREFMoravec1988","#CITEREFRussellNorvig2003","#cite_ref-47","#CITEREFMcCorduck2004","#CITEREFCrevier1993","#CITEREFRussellNorvig2003","#cite_ref-48","#CITEREFCrevier1993","#CITEREFMoravec1988","#cite_ref-49","#CITEREFMcCorduck2004","#CITEREFRussellNorvig2003","#cite_ref-50","#CITEREFMcCorduck2004","#CITEREFRussellNorvig2003","#cite_ref-51","#CITEREFMcCorduck2004","#CITEREFCrevier1993","#CITEREFRussellNorvig2003","#cite_ref-52","#CITEREFCrevier1993","#CITEREFRussellNorvig2003","#cite_ref-53","#CITEREFMcCorduck2004","#CITEREFCrevier1993","#CITEREFMoravec1988","#cite_ref-54","#CITEREFMcCorduck2004","#CITEREFCrevier1993","#CITEREFRussellNorvig2003","#cite_ref-55","#CITEREFCrevier1993","#cite_ref-56","#CITEREFCrevier1993","#cite_ref-57","#CITEREFMcCorduck2004","#CITEREFCrevier1993","#cite_ref-58","#CITEREFMcCorduck2004","#CITEREFCrevier1993","#CITEREFRussellNorvig2003","#CITEREFCopeland2000","#cite_ref-59","#CITEREFMcCorduck2004","#CITEREFCrevier1993","#CITEREFRussellNorvig2003","#cite_ref-60","#CITEREFSimonNewell1958","#CITEREFCrevier1993","#CITEREFRussellNorvig2003","#cite_ref-61","#CITEREFSimon1965","#CITEREFCrevier1993","#cite_ref-62","#CITEREFMinsky1967","#CITEREFCrevier1993","#cite_ref-63","#CITEREFMcCorduck2004","#CITEREFCrevier1993","#CITEREFDarrach1970","#cite_ref-64","#CITEREFCrevier1993","#cite_ref-65","#CITEREFCrevier1993","#cite_ref-66","#CITEREFHowe1994","#cite_ref-67","#CITEREFMcCorduck2004","#CITEREFCrevier1993","/wiki/Dartmouth_conference","#cite_ref-68","#CITEREFCrevier1993","#cite_ref-69","#CITEREFCrevier1993","#CITEREFTurkle1984","#cite_ref-70","#CITEREFCrevier1993","#CITEREFRussellNorvig2003","#cite_ref-Perceptrons_71-0","#cite_ref-Perceptrons_71-1","#CITEREFMcCorduck2004","#CITEREFCrevier1993","#CITEREFRussellNorvig2003","#cite_ref-72","#CITEREFCrevier1993","#cite_ref-73","#CITEREFCrevier1993","#cite_ref-74","#CITEREFRussellNorvig2003","#cite_ref-75","#CITEREFCrevier1993","#CITEREFBuchanan2005","#cite_ref-76","#CITEREFMoravec1976","/wiki/John_McCarthy_(computer_scientist)","/wiki/Stanford_Artificial_Intelligence_Laboratory","/wiki/CNET","#CITEREFSkillings2006","#cite_ref-77","#cite_ref-78","#CITEREFRussellNorvig2003","#CITEREFLighthill1973","#cite_ref-79","#CITEREFMcCorduck2004","#CITEREFCrevier1993","#CITEREFMoravec1988","#CITEREFLenatGuha1989","#CITEREFRussellNorvig2003","#cite_ref-80","#CITEREFMcCorduck2004","#CITEREFMoravec1988","#cite_ref-81","#CITEREFMcCarthyHayes1969","#CITEREFCrevier1993","#cite_ref-82","#CITEREFMcCorduck2004","#CITEREFCrevier1993","#CITEREFRussellNorvig2003","#CITEREFNRC1999","#cite_ref-83","#CITEREFCrevier1993","#CITEREFRussellNorvig2003","#CITEREFHowe1994","#CITEREFLighthill1973","#cite_ref-84","#CITEREFRussellNorvig2003","#CITEREFLighthill1973","/wiki/John_McCarthy_(computer_scientist)","http://www-formal.stanford.edu/jmc/reviews/lighthill/lighthill.html","#cite_ref-85","#CITEREFCrevier1993","#CITEREFMcCorduck2004","#CITEREFNRC1999","#cite_ref-86","#CITEREFCrevier1993","#cite_ref-87","#CITEREFNRC1999","/wiki/Dynamic_Analysis_and_Replanning_Tool","/wiki/Gulf_War","/wiki/DARPA","/wiki/DARPA","#cite_ref-88","#CITEREFCrevier_1993","#CITEREFRussellNorvig2003","#CITEREFHofstadter1980","#CITEREFLucas1961","#cite_ref-89","/wiki/Heidegger","/wiki/Ready-to-hand","/wiki/Present-at-hand","#CITEREFDreyfusDreyfus1986","#cite_ref-90","/wiki/Dreyfus%27_critique_of_artificial_intelligence","#CITEREFMcCorduck2004","#CITEREFCrevier1993","#CITEREFRussellNorvig2003","#CITEREFDreyfus1965","#CITEREFDreyfus1972","#CITEREFDreyfusDreyfus1986","#cite_ref-91","#CITEREFMcCorduck2004","#CITEREFCrevier1993","#CITEREFRussellNorvig2004","#CITEREFSearle1980","#cite_ref-92","#CITEREFCrevier1993","#cite_ref-93","#CITEREFCrevier1993","#cite_ref-94","/wiki/Joseph_Weizenbaum","#CITEREFCrevier1993","#cite_ref-95","#CITEREFMcCorduck2004","#CITEREFCrevier1993","#CITEREFRussellNorvig2003","#CITEREFWeizenbaum1976","#cite_ref-96","#CITEREFMcCorduck2004","#CITEREFRussellNorvig2003","#cite_ref-97","#CITEREFMcCorduck2004","#CITEREFCrevier1993","#cite_ref-98","#CITEREFCrevier1993","#cite_ref-99","#CITEREFCrevier1993","#cite_ref-100","#CITEREFWason1966","/wiki/Social_intelligence","/wiki/Wason_selection_task","#CITEREFTverskySlovicKahnemann1982","/wiki/List_of_cognitive_biases","/wiki/Eleanor_Rosch","#CITEREFLakoff1987","#cite_ref-101","/wiki/John_McCarthy_(computer_scientist)","/wiki/Science_(journal)","#CITEREFKolata1982","/wiki/AI@50","#CITEREFMaker2006","#cite_ref-102","#CITEREFCrevier1993","#cite_ref-103","#CITEREFMcCorduck2004","#CITEREFCrevier1993","#cite_ref-104","#CITEREFMcCorduck2004","#CITEREFCrevier1993","#CITEREFRussellNorvig2003","#CITEREFMinsky1974","#cite_ref-105","#CITEREFMcCorduck2004","/wiki/Dendral","#CITEREFCrevier1993","#CITEREFRussellNorvig2003","#cite_ref-106","#CITEREFCrevier1993","#CITEREFRussellNorvig2003","#cite_ref-107","#CITEREFCrevier1993","#cite_ref-108","#CITEREFMcCorduck2004","#CITEREFCrevier1993","#CITEREFRussellNorvig2003","#cite_ref-109","#CITEREFMcCorduck2004","#cite_ref-110","#CITEREFMcCorduck2004","#cite_ref-111","#CITEREFMcCorduck2004","#CITEREFRussellNorvig","#cite_ref-112","#CITEREFMcCorduck2004","#CITEREFCrevier1993","#CITEREFRussellNorvig2003","#CITEREFLenatGuha1989","#cite_ref-113","#CITEREFMcCorduck2004","#CITEREFCrevier1993","#CITEREFRussellNorvig2003","#CITEREFFeigenbaumMcCorduck1983","#cite_ref-114","#CITEREFCrevier1993","#cite_ref-115","#CITEREFCrevier1993","#cite_ref-Norvig_25_116-0","#cite_ref-Norvig_25_116-1","#cite_ref-Norvig_25_116-2","#CITEREFRussellNorvig2003","#cite_ref-117","#CITEREFMcCorduck2004","#CITEREFNRC1999","#cite_ref-118","#CITEREFCrevier1993","#cite_ref-119","#CITEREFCrevier1993","#cite_ref-120","#CITEREFCrevier1993","/wiki/AI_winter","/wiki/Association_for_the_Advancement_of_Artificial_Intelligence","#cite_ref-121","#CITEREFMcCorduck2004","#CITEREFCrevier1993","#cite_ref-122","#CITEREFMcCorduck2004","#CITEREFCrevier1993","#CITEREFLenatGuha1989","#cite_ref-123","#CITEREFMcCorduck2004","#cite_ref-FifthGenEnd_124-0","#cite_ref-FifthGenEnd_124-1","#CITEREFMcCorduck2004","#CITEREFCrevier1993","#cite_ref-125","#CITEREFMcCorduck2004","#cite_ref-126","#CITEREFMoravec1988","/wiki/Golden_spike","#cite_ref-127","#CITEREFCrevier1993","#cite_ref-128","#CITEREFBrooks_1990","#cite_ref-129","#CITEREFLakoffTurner1999","#cite_ref-130","#CITEREFMcCorduck2004","#cite_ref-131","#CITEREFMcCorduck2004","#cite_ref-132","http://www.darpa.mil/grandchallenge/","#cite_ref-133","http://archive.darpa.mil/grandchallenge/","#cite_ref-134","http://www.nytimes.com/2011/02/17/science/17jeopardy-watson.html","#cite_ref-135","#CITEREFKurzweil2005","#cite_ref-136","/wiki/Ferranti_Mark_1","/wiki/Flops","/wiki/IBM_Deep_Blue","/wiki/Gigaflops","#cite_ref-137","#CITEREFMcCorduck2004","#CITEREFRussellNorvig2003","/wiki/Intelligent_agent","#CITEREFRussellNorvig2003","#CITEREFPooleMackworthGoebel1998","#CITEREFLugerStubblefield2004","#cite_ref-138","/wiki/Carl_Hewitt","/wiki/Actor_model","#CITEREFHewittBishopSteiger1973","#CITEREFDoyle1983","/wiki/Marvin_Minsky","/wiki/The_Society_of_Mind","#CITEREFMinsky1986","/wiki/Rodney_Brooks","/wiki/Subsumption_architecture","/wiki/Object-oriented_programming","#cite_ref-R27_139-0","#cite_ref-R27_139-1","#CITEREFRussellNorvig2003","#cite_ref-140","#CITEREFRussellNorvig2003","#CITEREFPooleMackworthGoebel1998","#cite_ref-141","#CITEREFMcCorduck2004","#cite_ref-142","#CITEREFMcCorduck2004","#CITEREFRussellNorvig2003","#cite_ref-RN25_143-0","#cite_ref-RN25_143-1","#CITEREFRussellNorvig2003","#cite_ref-144","#CITEREFMcCorduck2004","#cite_ref-145","#CITEREFPearl1988","#cite_ref-146","/wiki/Applications_of_artificial_intelligence#Computer_science","/wiki/Applications_of_artificial_intelligence","#cite_ref-147","#CITEREFNRC1999","#CITEREFKurzweil2005","#cite_ref-148","#CITEREFRussellNorvig2003","#cite_ref-149","#CITEREFThe_Economist2007","#cite_ref-CNN7242006_150-0","#cite_ref-CNN7242006_150-1","/wiki/Nick_Bostrom","#CITEREFCNN2006","#cite_ref-151","#CITEREFOlsen2004","#CITEREFOlsen2006","#cite_ref-152","#CITEREFMcCorduck2004","#CITEREFKurzweil2005","#CITEREFHofstadter1979","#cite_ref-153","#CITEREFCNN2006","#cite_ref-154","#CITEREFMarkoff2005","#cite_ref-155","#CITEREFThe_Economist2007","#cite_ref-156","#CITEREFTascarella2006","#cite_ref-157","#CITEREFCrevier1993","#cite_ref-158","#CITEREFMinsky2001","#cite_ref-159","#CITEREFMaker2006","#cite_ref-160","#CITEREFKurzweil2005","#cite_ref-161","#CITEREFHawkinsBlakeslee2004","/w/index.php?title=History_of_artificial_intelligence&action=edit&section=42","/w/index.php?title=History_of_artificial_intelligence&veaction=edit&section=42","/wiki/David_Berlinski","/wiki/International_Standard_Book_Number","/wiki/Special:BookSources/0-15-601391-6","/wiki/OCLC","//www.worldcat.org/oclc/46890682","http://www.aaai.org/AITopics/assets/PDF/AIMag26-04-016.pdf","/wiki/AI_Magazine","/wiki/Rodney_Brooks","http://people.csail.mit.edu/brooks/papers/elephants.pdf","/w/index.php?title=Robotics_and_Autonomous_Systems&action=edit&redlink=1","/wiki/Digital_object_identifier","http://dx.doi.org/10.1016%2FS0921-8890%2805%2980025-9","/wiki/Samuel_Butler_(novelist)","http://www.nzetc.org/tm/scholarly/tei-ButFir-t1-g1-t1-g1-t4-body.html","http://www.cnn.com/2006/TECH/science/07/24/ai.bostrom/","/wiki/Jack_Copeland","http://www.alanturing.net/turing_archive/pages/Reference%20Articles/what_is_AI/What%20is%20AI06.html","/wiki/Daniel_Crevier","/wiki/Special:BookSources/0465029973","/wiki/Life_Magazine","/wiki/AI_Magazine","/wiki/Hubert_Dreyfus","/wiki/RAND_Corporation","/wiki/What_Computers_Can%27t_Do","/wiki/International_Standard_Book_Number","/wiki/Special:BookSources/0-06-090613-8","/wiki/OCLC","//www.worldcat.org/oclc/5056816","http://www.economist.com/science/tq/displaystory.cfm?story_id=9249338","/wiki/The_Economist","/wiki/Edward_Feigenbaum","/wiki/Fifth_generation_computer","/wiki/International_Standard_Book_Number","/wiki/Special:BookSources/0-7181-2401-4","/wiki/Jeff_Hawkins","/wiki/On_Intelligence","/wiki/International_Standard_Book_Number","/wiki/Special:BookSources/0-8050-7853-3","/wiki/OCLC","//www.worldcat.org/oclc/61273290","/wiki/Donald_Olding_Hebb","/wiki/International_Standard_Book_Number","/wiki/Special:BookSources/0-8058-4300-0","/wiki/OCLC","//www.worldcat.org/oclc/48871099","/wiki/Carl_Hewitt","/wiki/Peter_Bishop","/w/index.php?title=Richard_Steiger&action=edit&redlink=1","http://dli.iiit.ac.in/ijcai/IJCAI-73/PDF/027B.pdf","/wiki/Hobbes","/wiki/Leviathan_(book)","/wiki/Douglas_Hofstadter","/wiki/G%C3%B6del,_Escher,_Bach","/wiki/International_Standard_Book_Number","/wiki/Special:BookSources/0-465-02656-7","/wiki/OCLC","//www.worldcat.org/oclc/225590743","http://www.inf.ed.ac.uk/about/AIhistory.html","/wiki/Bibcode","http://adsabs.harvard.edu/abs/1982Sci...217.1237K","/wiki/Digital_object_identifier","http://dx.doi.org/10.1126%2Fscience.217.4566.1237","/wiki/PubMed_Identifier","//www.ncbi.nlm.nih.gov/pubmed/17837639","/wiki/Ray_Kurzweil","/wiki/The_Singularity_is_Near","/wiki/International_Standard_Book_Number","/wiki/Special:BookSources/0-14-303788-9","/wiki/OCLC","//www.worldcat.org/oclc/71826177","/wiki/George_Lakoff","/wiki/International_Standard_Book_Number","/wiki/Special:BookSources/0-226-46804-6","/wiki/Douglas_Lenat","/wiki/International_Standard_Book_Number","/wiki/Special:BookSources/0-201-51752-3","/wiki/OCLC","//www.worldcat.org/oclc/19981533","/wiki/International_Standard_Book_Number","/wiki/Special:BookSources/0-7864-0778-6","/wiki/James_Lighthill","/wiki/Lighthill_report","/wiki/Science_Research_Council","/wiki/John_Lucas_(philosopher)","http://users.ox.ac.uk/~jrlucas/Godel/mmg.html","/wiki/Philosophy_(journal)","/wiki/Digital_object_identifier","http://dx.doi.org/10.1017%2FS0031819100057983","http://www.engagingexperience.com/2006/07/ai50_ai_past_pr.html","/wiki/John_Markoff","http://www.nytimes.com/2005/10/14/technology/14artificial.html?_r=1&ei=5070&en=11ab55edb7cead5e&ex=1185940800&adxnnl=1&adxnnlx=1185805173-o7WsfW7qaP0x5/NUs1cQCQ&oref=slogin","/wiki/The_New_York_Times","/wiki/John_McCarthy_(computer_scientist)","/wiki/Nathaniel_Rochester_(computer_scientist)","/wiki/Claude_Shannon","http://www-formal.stanford.edu/jmc/history/dartmouth/dartmouth.html","/wiki/Patrick_J._Hayes","http://www-formal.stanford.edu/jmc/mcchay69/mcchay69.html","/w/index.php?title=Bernard_Meltzer_(computer_scientist)&action=edit&redlink=1","/wiki/Donald_Mitchie","/wiki/International_Standard_Book_Number","/wiki/Special:BookSources/1-56881-205-1","/wiki/OCLC","//www.worldcat.org/oclc/52197627","/wiki/Warren_McCullough","/wiki/Digital_object_identifier","http://dx.doi.org/10.1007%2FBF02478259","/wiki/Ada_Lovelace","http://www.fourmilab.ch/babbage/sketch.html","/wiki/Scientific_Memoirs","/wiki/Marvin_Minsky","/wiki/Marvin_Minsky","/wiki/Seymour_Papert","/wiki/International_Standard_Book_Number","/wiki/Special:BookSources/0-262-63111-3","/wiki/OCLC","//www.worldcat.org/oclc/16924756","/wiki/Marvin_Minsky","http://web.media.mit.edu/~minsky/papers/Frames/frames.html","/wiki/Marvin_Minsky","/wiki/The_Society_of_Mind","/wiki/International_Standard_Book_Number","/wiki/Special:BookSources/0-671-65713-5","/wiki/OCLC","//www.worldcat.org/oclc/223353010","/wiki/Marvin_Minsky","http://www.ddj.com/hpc-high-performance-computing/197700454?cid=RSSfeed_DDJ_AI","/wiki/Hans_Moravec","http://www.frc.ri.cmu.edu/users/hpm/project.archive/general.articles/1975/Raw.Power.html","/wiki/International_Standard_Book_Number","/wiki/Special:BookSources/0-674-57618-7","/wiki/OCLC","//www.worldcat.org/oclc/245755104","/wiki/United_States_National_Research_Council","/wiki/International_Standard_Book_Number","/wiki/Special:BookSources/0-309-06278-0","/wiki/OCLC","//www.worldcat.org/oclc/246584055","/wiki/Allen_Newell","/wiki/International_Standard_Book_Number","/wiki/Special:BookSources/0-262-56092-5","/wiki/OCLC","//www.worldcat.org/oclc/246968117","http://www.alshindagah.com/marapr2005/jaziri.html","http://repository.upenn.edu/dissertations/AAI9503804","http://news.cnet.com/Googles-man-behind-the-curtain/2008-1024_3-5208228.html","/wiki/CNET","http://news.cnet.com/Spying-an-intelligent-search-engine/2100-1032_3-6107048.html","/wiki/CNET","/wiki/Judea_Pearl","/wiki/International_Standard_Book_Number","/wiki/Special:BookSources/1-55860-479-0","/wiki/OCLC","//www.worldcat.org/oclc/249625842","/wiki/Stuart_J._Russell","/wiki/Peter_Norvig","http://aima.cs.berkeley.edu/","/wiki/International_Standard_Book_Number","/wiki/Special:BookSources/0-13-790395-2","http://www.cs.ubc.ca/~poole/ci.html","/wiki/International_Standard_Book_Number","/wiki/Special:BookSources/0-19-510270-3","/wiki/Arthur_Samuel","http://domino.research.ibm.com/tchjr/journalindex.nsf/600cc5649e2871db852568150060213c/39a870213169f45685256bfa00683d74?OpenDocument","/wiki/Digital_object_identifier","http://dx.doi.org/10.1147%2Frd.33.0210","/wiki/John_Searle","http://web.archive.org/web/20071210043312/http://members.aol.com/NeoNoetics/MindsBrainsPrograms.html","/wiki/Behavioral_and_Brain_Sciences","/wiki/Digital_object_identifier","http://dx.doi.org/10.1017%2FS0140525X00005756","/wiki/Herbert_A._Simon","/wiki/Digital_object_identifier","http://dx.doi.org/10.1287%2Fopre.6.1.1","http://news.cnet.com/Getting-machines-to-think-like-us---page-2/2008-11394_3-6090207-2.html?tag=st.next","/wiki/CNET","http://www.bizjournals.com/pittsburgh/stories/2006/08/14/focus3.html?b=1155528000%5E1329573","/wiki/Pittsburgh_Business_Times","http://www.abelard.org/turpap2/tp2-ie.asp","/wiki/Digital_object_identifier","http://dx.doi.org/10.1112%2Fplms%2Fs2-42.1.230","/wiki/Alan_Turing","http://loebner.net/Prizef/TuringArticle.html","/wiki/Mind_(journal)","/wiki/Digital_object_identifier","http://dx.doi.org/10.1093%2Fmind%2FLIX.236.433","/wiki/International_Standard_Serial_Number","//www.worldcat.org/issn/0026-4423","/wiki/Joseph_Weizenbaum","/wiki/Computer_Power_and_Human_Reason","/wiki/International_Standard_Book_Number","/wiki/Special:BookSources/0-14-022535-8","/wiki/OCLC","//www.worldcat.org/oclc/10952283","/wiki/Wikipedia:Good_articles","//upload.wikimedia.org/wikipedia/en/thumb/9/94/Symbol_support_vote.svg/15px-Symbol_support_vote.svg.png","//en.wikipedia.org/w/index.php?title=Special:CentralAutoLogin/start&type=1x1&from=enwiki","http://en.wikipedia.org/w/index.php?title=History_of_artificial_intelligence&oldid=563474788","/wiki/Help:Category","/wiki/Category:History_of_artificial_intelligence","/wiki/Category:Use_dmy_dates_from_February_2013","/wiki/Category:Good_articles","/w/index.php?title=Special:UserLogin&returnto=History+of+artificial+intelligence&type=signup","/w/index.php?title=Special:UserLogin&returnto=History+of+artificial+intelligence","/wiki/History_of_artificial_intelligence","/wiki/Talk:History_of_artificial_intelligence","#","/wiki/History_of_artificial_intelligence","/w/index.php?title=History_of_artificial_intelligence&action=edit","/w/index.php?title=History_of_artificial_intelligence&veaction=edit","/w/index.php?title=History_of_artificial_intelligence&action=history","#","/w/index.php","//bits.wikimedia.org/static-1.22wmf12/skins/vector/images/search-ltr.png?303-4","/wiki/Main_Page","/wiki/Main_Page","/wiki/Portal:Contents","/wiki/Portal:Featured_content","/wiki/Portal:Current_events","/wiki/Special:Random","https://donate.wikimedia.org/wiki/Special:FundraiserRedirector?utm_source=donate&utm_medium=sidebar&utm_campaign=C13_en.wikipedia.org&uselang=en","/wiki/Help:Contents","/wiki/Wikipedia:About","/wiki/Wikipedia:Community_portal","/wiki/Special:RecentChanges","//en.wikipedia.org/wiki/Wikipedia:Contact_us","/wiki/Special:WhatLinksHere/History_of_artificial_intelligence","/wiki/Special:RecentChangesLinked/History_of_artificial_intelligence","/wiki/Wikipedia:File_Upload_Wizard","/wiki/Special:SpecialPages","/w/index.php?title=History_of_artificial_intelligence&oldid=563474788","/w/index.php?title=History_of_artificial_intelligence&action=info","//www.wikidata.org/wiki/Q2592244","/w/index.php?title=Special:Cite&page=History_of_artificial_intelligence&id=563474788","/w/index.php?title=Special:Book&bookcmd=book_creator&referer=History+of+artificial+intelligence","/w/index.php?title=Special:Book&bookcmd=render_article&arttitle=History+of+artificial+intelligence&oldid=563474788&writer=rl","/w/index.php?title=History_of_artificial_intelligence&printable=yes","//es.wikipedia.org/wiki/Historia_de_la_inteligencia_artificial","//fa.wikipedia.org/wiki/%D8%AA%D8%A7%D8%B1%DB%8C%D8%AE%DA%86%D9%87_%D9%87%D9%88%D8%B4_%D9%85%D8%B5%D9%86%D9%88%D8%B9%DB%8C","//fr.wikipedia.org/wiki/Histoire_de_l%27intelligence_artificielle","//ja.wikipedia.org/wiki/%E4%BA%BA%E5%B7%A5%E7%9F%A5%E8%83%BD%E3%81%AE%E6%AD%B4%E5%8F%B2","//ru.wikipedia.org/wiki/%D0%98%D1%81%D1%82%D0%BE%D1%80%D0%B8%D1%8F_%D0%B8%D1%81%D0%BA%D1%83%D1%81%D1%81%D1%82%D0%B2%D0%B5%D0%BD%D0%BD%D0%BE%D0%B3%D0%BE_%D0%B8%D0%BD%D1%82%D0%B5%D0%BB%D0%BB%D0%B5%D0%BA%D1%82%D0%B0","//vi.wikipedia.org/wiki/L%E1%BB%8Bch_s%E1%BB%AD_ng%C3%A0nh_tr%C3%AD_tu%E1%BB%87_nh%C3%A2n_t%E1%BA%A1o","//zh.wikipedia.org/wiki/%E4%BA%BA%E5%B7%A5%E6%99%BA%E8%83%BD%E5%8F%B2","#","//www.wikidata.org/wiki/Q2592244#sitelinks-wikipedia","//en.wikipedia.org/wiki/Wikipedia:Text_of_Creative_Commons_Attribution-ShareAlike_3.0_Unported_License","//creativecommons.org/licenses/by-sa/3.0/","//wikimediafoundation.org/wiki/Terms_of_Use","//wikimediafoundation.org/wiki/Privacy_policy","//www.wikimediafoundation.org/","//wikimediafoundation.org/wiki/Privacy_policy","/wiki/Wikipedia:About","/wiki/Wikipedia:General_disclaimer","//en.wikipedia.org/wiki/Wikipedia:Contact_us","//en.m.wikipedia.org/wiki/History_of_artificial_intelligence","//wikimediafoundation.org/","//bits.wikimedia.org/images/wikimedia-button.png","//www.mediawiki.org/","//bits.wikimedia.org/static-1.22wmf12/skins/common/images/poweredby_mediawiki_88x31.png","//bits.wikimedia.org/en.wikipedia.org/load.php?debug=false&lang=en&modules=site&only=scripts&skin=vector&*"],"instances":["mathematics","journal","philosopher","artificial_intelligence","computer_science","mythology","software","journal","neuroscientist","computer_program","book","artificial_intelligence","programming","psychologist","computer_scientist","mythology","academic_field","computer_scientist","artificial_intelligence_software","computing","novelist","programmer_subculture","complexity","software","computer","logic","cognitive_architecture","robot"],"pdf":["http://people.csail.mit.edu/brooks/papers/elephants.pdf","http://www.aaai.org/AITopics/assets/PDF/AIMag26-04-016.pdf","http://people.csail.mit.edu/brooks/papers/elephants.pdf","http://dli.iiit.ac.in/ijcai/IJCAI-73/PDF/027B.pdf"],"categories":["History of artificial intelligence|"],"headings":["Precursors","The birth of artificial intelligence 1943–1956","The golden years 1956–1974","The first AI winter 1974–1980","Boom 1980–1987","Bust: the second AI winter 1987–1993","AI 1993–present","See also","Notes","References"],"image":["//upload.wikimedia.org/wikipedia/en/thumb/4/48/Folder_Hexagonal_Icon.svg/16px-Folder_Hexagonal_Icon.svg.png","//upload.wikimedia.org/wikipedia/commons/thumb/2/2f/Al-jazari_robots.jpg/250px-Al-jazari_robots.jpg","//bits.wikimedia.org/static-1.22wmf12/skins/common/images/magnify-clip.png","//upload.wikimedia.org/wikipedia/commons/thumb/6/6a/Gottfried_Wilhelm_von_Leibniz.jpg/150px-Gottfried_Wilhelm_von_Leibniz.jpg","//bits.wikimedia.org/static-1.22wmf12/skins/common/images/magnify-clip.png","//upload.wikimedia.org/wikipedia/commons/thumb/1/16/Classic_shot_of_the_ENIAC.jpg/250px-Classic_shot_of_the_ENIAC.jpg","//bits.wikimedia.org/static-1.22wmf12/skins/common/images/magnify-clip.png","//upload.wikimedia.org/wikipedia/commons/thumb/1/10/BRL61-IBM_702.jpg/420px-BRL61-IBM_702.jpg","//bits.wikimedia.org/static-1.22wmf12/skins/common/images/magnify-clip.png","//upload.wikimedia.org/wikipedia/commons/thumb/6/67/Semantic_Net.svg/250px-Semantic_Net.svg.png","//bits.wikimedia.org/static-1.22wmf12/skins/common/images/magnify-clip.png","//upload.wikimedia.org/wikipedia/commons/thumb/9/95/Hopfield-net.png/220px-Hopfield-net.png","//bits.wikimedia.org/static-1.22wmf12/skins/common/images/magnify-clip.png","//upload.wikimedia.org/wikipedia/commons/thumb/c/c0/Animation2.gif/17px-Animation2.gif","//upload.wikimedia.org/wikipedia/en/thumb/9/94/Symbol_support_vote.svg/15px-Symbol_support_vote.svg.png","//en.wikipedia.org/w/index.php?title=Special:CentralAutoLogin/start&type=1x1&from=enwiki","//bits.wikimedia.org/static-1.22wmf12/skins/vector/images/search-ltr.png?303-4","//bits.wikimedia.org/images/wikimedia-button.png","//bits.wikimedia.org/static-1.22wmf12/skins/common/images/poweredby_mediawiki_88x31.png"],"tags":[["pygmalion","mythology"],["galatea","mythology"],["samuel_butler","novelist"],["leviathan","book"],["z3","computer"],["turtle","robot"],["john_mccarthy","computer_scientist"],["nathaniel_rochester","computer_scientist"],["john_mccarthy","computer_scientist"],["student","computer_program"],["john_mccarthy","computer_scientist"],["john_mccarthy","computer_scientist"],["hacker","programmer_subculture"],["john_mccarthy","computer_scientist"],["john_mccarthy","computer_scientist"],["john_mccarthy","computer_scientist"],["john_lucas","philosopher"],["intractability","complexity"],["john_mccarthy","computer_scientist"],["resolution","logic"],["unification","computing"],["soar","cognitive_architecture"],["john_mccarthy","computer_scientist"],["science","journal"],["john_mccarthy","computer_scientist"],["john_mccarthy","computer_scientist"],["frame","artificial_intelligence"],["scripts","artificial_intelligence"],["inheritance","computer_science"],["intellicorp","software"],["james_mcclelland","psychologist"],["brittle","software"],["david_marr","neuroscientist"],["john_mccarthy","computer_scientist"],["watson","artificial_intelligence_software"],["module","programming"],["soar","cognitive_architecture"],["optimization","mathematics"],["informatics","academic_field"],["john_mccarthy","computer_scientist"],["leviathan","book"],["philosophy","journal"]],"members":["optimization","philosophy","john_lucas","frame","inheritance","galatea","brittle","science","david_marr","student","leviathan","scripts","module","james_mcclelland","john_mccarthy","pygmalion","informatics","nathaniel_rochester","watson","unification","samuel_butler","hacker","intractability","intellicorp","z3","resolution","soar","turtle"],"related":["Ancient_history","Pamela_McCorduck","Computer","Artificial_intelligence","Dartmouth_College","James_Lighthill","DARPA","British_Government","Japanese_Government","AI_winter","Strong_AI","Strong_AI","Alan_Turing","Artificial_intelligence","Automaton","Greek_myth","Hephaestus","Pygmalion_(mythology)","Galatea_(mythology)","Alchemy","Jābir_ibn_Hayyān","Paracelsus","Homunculus","Judah_Loew","Golem","Judah_Loew","Golem","Mary_Shelley","Karel_Čapek","Samuel_Butler_(novelist)","Darwin_among_the_Machines","Automaton","Hero_of_Alexandria","Al-Jazari","Wolfgang_von_Kempelen","Automaton","Cult_image","Ancient_Egypt","Ancient_Greece","Hermes_Trismegistus","Automaton","Haroun_al-Rashid","Jacques_de_Vaucanson","Leonardo_Torres_y_Quevedo","Chinese_Philosophy","Indian_Philosophy","Greek_Philosophy","Aristotle","Syllogism","Euclid","Algebra","Algorithm","Scholasticism","William_of_Ockham","Duns_Scotus","Ramon_Llull","Gottfried_Leibniz","Gottfried_Leibniz","Thomas_Hobbes","René_Descartes","Hobbes","Leviathan_(book)","Gottfried_Leibniz","Physical_symbol_system","Mathematical_logic","George_Boole","Frege","Frege","Bertrand_Russell","Alfred_North_Whitehead","Bertrand_Russell","Hilbert's_program","Kurt_Gödel","Gödel's_incompleteness_theorems","Alan_Turing","Turing_machine","Alonzo_Church","Lambda_calculus","Lambda_calculus","Lisp_programming_language","Church-Turing_thesis","Turing_machine","Turing_machine","Charles_Babbage","Analytical_Engine","Ada_Lovelace","Ada_Byron's_notes_on_the_analytical_engine","Bernoulli_numbers","Second_World_War","Z3_(computer)","ENIAC","Colossus_computer","Alan_Turing","John_Von_Neumann","Artificial_intelligence","Artificial_intelligence","Neurology","Neuron","Norbert_Wiener","Cybernetic","Claude_Shannon","Information_theory","Alan_Turing","Theory_of_computation","Electronic_brain","W._Grey_Walter","Turtle_(robot)","Johns_Hopkins_Beast","Walter_Pitts","Warren_Sturgis_McCulloch","Neurons","Neural_network","Walter_Pitts","Warren_Sturgis_McCulloch","Marvin_Minsky","Stochastic_neural_analog_reinforcement_calculator","Marvin_Minsky","Ferranti_Mark_1","University_of_Manchester","Christopher_Strachey","Arthur_Samuel","Game_AI","Alan_Turing","Computing_machinery_and_intelligence","Turing_Test","Teleprinter","Turing_Test","Philosophy_of_artificial_intelligence","Digital_computer","Allen_Newell","Herbert_A._Simon","Logic_Theorist","Cliff_Shaw","Bertrand_Russell","Alfred_North_Whitehead","Mind/body_problem","John_Searle","Strong_AI_thesis","Dartmouth_Conference","Marvin_Minsky","John_McCarthy_(computer_scientist)","Claude_Shannon","Nathaniel_Rochester_(computer_scientist)","IBM","Daniel_Crevier","Physical_symbol_system","Allen_Newell","Herbert_A._Simon","General_Problem_Solver","Philosophy_of_artificial_intelligence","Ray_Solomonoff","Oliver_Selfridge","Trenchard_More","Arthur_Samuel","Allen_Newell","Herbert_A._Simon","Logic_Theorist","Pamela_McCorduck","John_McCarthy_(computer_scientist)","CNET","DARPA","Algorithm","Backtracking","Reasoning_as_search","Combinatorial_explosion","Heuristics","Allen_Newell","Herbert_A._Simon","General_Problem_Solver","Herbert_Gelernter","Geometry_theorem_prover","Symbolic_automatic_integrator","Marvin_Minsky","James_Slagle","STRIPS","Stanford","Shakey_the_Robot","Natural_language_processing","Daniel_Bobrow","STUDENT_(computer_program)","Semantic_net","Ross_Quillian","Roger_Schank","Conceptual_dependency_theory","Joseph_Weizenbaum","ELIZA","Canned_response","Chatterbot","Marvin_Minsky","Seymour_Papert","MIT","Blocks_world","Machine_vision","Gerald_Sussman","Adolfo_Guzman","David_Waltz","Constraint_propagation","Patrick_Winston","Marvin_Minsky","Seymour_Papert","Terry_Winograd","SHRDLU","H._A._Simon","Allen_Newell","H._A._Simon","Marvin_Minsky","Marvin_Minsky","Life_magazine","MIT","DARPA","Project_MAC","Marvin_Minsky","John_McCarthy_(computer_scientist)","DARPA","DARPA","Allen_Newell","Herbert_A._Simon","Carnegie_Mellon_University","Stanford_Artificial_Intelligence_Laboratory","John_McCarthy_(computer_scientist)","Edinburgh_University","Donald_Michie","Dartmouth_conference","J._C._R._Licklider","DARPA","MIT","Hacker_(programmer_subculture)","Connectionism","Neural_nets","Marvin_Minsky","Perceptrons","Logic_programming","Commonsense_reasoning","Ross_Quillian","Hans_Moravec","Horsepower","Moore's_law","John_McCarthy_(computer_scientist)","Stanford_Artificial_Intelligence_Laboratory","CNET","Cray-1","Richard_Karp","Stephen_Cook","Cook's_theorem","Karp's_21_NP-complete_problems","Exponential_time","Computer_vision","Natural_language","Machine_vision","Robotics","John_McCarthy_(computer_scientist)","Logic","Automated_planning_and_scheduling","Non-monotonic_logic","Modal_logic","British_government","DARPA","United_States_National_Research_Council","ALPAC","United_States_National_Research_Council","Lighthill_report","Combinatorial_explosion","John_McCarthy_(computer_scientist)","DARPA","Speech_recognition","Carnegie_Mellon_University","Hans_Moravec","Mansfield_Amendment","DARPA","DARPA","Dynamic_Analysis_and_Replanning_Tool","Gulf_War","DARPA","DARPA","John_Lucas_(philosopher)","Kurt_Gödel","Gödel's_incompleteness_theorem","Formal_system","Hubert_Dreyfus","Embodied_cognition","Instinct","Ready-to-hand","Heidegger","Ready-to-hand","Present-at-hand","Dreyfus'_critique_of_artificial_intelligence","John_Searle","Chinese_Room","Intentionality","Intractability_(complexity)","Commonsense_reasoning","Ready-to-hand","Intentionality","Marvin_Minsky","MIT","Joseph_Weizenbaum","ELIZA","Hubert_Dreyfus","Joseph_Weizenbaum","Kenneth_Colby","ELIZA","Chatterbot","Joseph_Weizenbaum","Perceptron","Neural_network","Frank_Rosenblatt","Marvin_Minsky","Bronx_High_School_of_Science","Marvin_Minsky","Seymour_Papert","Frank_Rosenblatt","Connectionism","Frank_Rosenblatt","John_McCarthy_(computer_scientist)","Advice_Taker","J._Alan_Robinson","Resolution_(logic)","Unification_(computing)","Robert_Kowalski","University_of_Edinburgh","Alain_Colmerauer","Philippe_Roussel","Prolog","Horn_clause","Production_system","Edward_Feigenbaum","Expert_systems","Allen_Newell","Herbert_A._Simon","Soar_(cognitive_architecture)","Unified_Theory_of_Cognition","Hubert_Dreyfus","Peter_Cathcart_Wason","Eleanor_Rosch","Amos_Tversky","Daniel_Kahneman","Social_intelligence","Wason_selection_task","List_of_cognitive_biases","Eleanor_Rosch","John_McCarthy_(computer_scientist)","Science_(journal)","AI@50","John_McCarthy_(computer_scientist)","MIT","Marvin_Minsky","Seymour_Papert","Roger_Schank","Gerald_Sussman","Roger_Schank","Neats_vs._scruffies","Neats_vs._scruffies","John_McCarthy_(computer_scientist)","Robert_Kowalski","Edward_Feigenbaum","Allen_Newell","Herbert_A._Simon","Marvin_Minsky","Commonsense_knowledge","Frame_(Artificial_intelligence)","Roger_Schank","Scripts_(artificial_intelligence)","Object-oriented_programming","Inheritance_(computer_science)","Expert_system","Knowledge_representation","Fifth_generation_computer","Connectionism","John_Hopfield","David_Rumelhart","Expert_system","Production_system","Edward_Feigenbaum","Dendral","MYCIN","Dendral","Commonsense_knowledge","XCON","Carnegie_Mellon_University","Digital_Equipment_Corporation","Symbolics","Lisp_Machines","IntelliCorp_(Software)","Cleverpath_AION_Business_Rules_Expert","Pamela_McCorduck","Knowledge_based_system","Knowledge_engineering","Cyc","Commonsense_reasoning","Douglas_Lenat","Ministry_of_International_Trade_and_Industry","Fifth_generation_computer","Neats_vs._scruffies","Prolog","Alvey","Microelectronics_and_Computer_Technology_Corporation","DARPA","Strategic_Computing_Initiative","John_Hopfield","Hopfield_net","David_Rumelhart","Backpropagation","Paul_Werbos","Connectionism","David_Rumelhart","James_McClelland_(psychologist)","Optical_character_recognition","Speech_recognition","Economic_bubble","Rodney_Brooks","Hans_Moravec","Robotics","AI_winter","AI_winter","Association_for_the_Advancement_of_Artificial_Intelligence","Apple_Computer","IBM","Lisp_machines","Symbolics","XCON","Brittle_(software)","Qualification_problem","Strategic_Computing_Initiative","DARPA","Fifth_generation_computer","Commonsense_reasoning","Moravec's_paradox","Golden_spike","Cybernetic","Control_theory","David_Marr_(neuroscientist)","MIT","Computer_vision","John_McCarthy_(computer_scientist)","Marvin_Minsky","Rodney_Brooks","Physical_symbol_system","Cognitive_science","Embodied_mind","IBM_Deep_Blue","IBM_Deep_Blue","Garry_Kasparov","DARPA_Grand_Challenge","DARPA_Urban_Challenge","Jeopardy!","Quiz_show","IBM","Question_answering_system","Watson_(artificial_intelligence_software)","Brad_Rutter","Ken_Jennings","IBM_Deep_Blue","Ferranti_Mark_1","Christopher_Strachey","Ferranti_Mark_1","Flops","IBM_Deep_Blue","Gigaflops","Moore's_law","Intelligent_agent","Intelligent_agent","Carl_Hewitt","Actor_model","Marvin_Minsky","Rodney_Brooks","Subsumption_architecture","Object-oriented_programming","Intelligent_agent","Judea_Pearl","Allen_Newell","Decision_theory","Economics","Rational_agent","Computer_science","Object-oriented_programming","Module_(programming)","Intelligent_agent","Intelligent_agent","Firm","Intelligent_agent","Control_theory","Agent_architecture","Allen_Newell","Soar_(cognitive_architecture)","Intelligent_agents","Mathematics","Operations_research","Neats_and_scruffies","Judea_Pearl","Probability","Decision_theory","Bayesian_networks","Hidden_Markov_models","Information_theory","Stochastic_modeling","Optimization_(mathematics)","Computational_intelligence","Neural_networks","Evolutionary_algorithm","Data_mining","Industrial_robots","Speech_recognition","Nick_Bostrom","Google","Nick_Bostrom","Informatics_(academic_field)","Knowledge-based_systems","Cognitive_system","Computational_intelligence","AI_Winter","Arthur_C._Clarke","Stanley_Kubrick","HAL_9000","Marvin_Minsky","Commonsense_reasoning","Neural_nets","Genetic_algorithms","John_McCarthy_(computer_scientist)","Qualification_problem","Ray_Kurzweil","Moore's_Law","Jeff_Hawkins","Cerebral_cortex","History_of_natural_language_processing","Leviathan_(book)","Science_Research_Council","Philosophy_(journal)","The_New_York_Times","Scientific_Memoirs","The_Society_of_Mind","CNET","CNET","CNET","Pittsburgh_Business_Times"]}