{"cursor":"28102","size":15,"audio":[],"currentlang":"en","article":"\n\n\nHubert Dreyfus has been a critic of artificial intelligence research since the\n1960s. In a series of papers and books, including 'Alchemy and AI' Dreyfus,\n'What Computers Can't Do' (Dreyfus; Dreyfus; Dreyfus) and 'Mind over Machine'\nDreyfus, he presented a pessimistic assessment of AI's progress and a critique\nof the philosophical foundations of the field. Dreyfus' objections are discussed\nin most introductions to the philosophy of artificial intelligence, including ,\nthe standard AI textbook, and in , a survey of contemporary philosophy. Note\nalso that Dreyfus was one of the only non-computer scientists asked for a\ncomment in IEEE's survey of AI's greatest controversies. \n\nDreyfus argued that human intelligence and expertise depend primarily on\nunconscious instincts rather than conscious symbolic manipulation, and that\nthese unconscious skills could never be captured in formal rules. His critique\nwas based on the insights of modern continental philosophers such as Merleau-\nPonty and Heidegger, and was directed at the first wave of AI research which\nused high level formal symbols to represent reality and tried to reduce\nintelligence to symbol manipulation.\n\nWhen Dreyfus' ideas were first introduced in the mid-1960s, they were met with\nridicule and outright hostility. By the 1980s, however, many of his perspectives\nwere rediscovered by researchers working in robotics and the new field of\nconnectionismâapproaches now called \"sub-symbolic\" because they eschew early AI\nresearch's emphasis on high level symbols. Historian and AI researcher Daniel\nCrevier writes: \"time has proven the accuracy and perceptiveness of some of\nDreyfus's comments.\" Dreyfus said in 2007 \"I figure I won and it's overâthey've\ngiven up.\" Quoted in \n","linknr":438,"url":"Hubert_Dreyfus's_views_on_artificial_intelligence","recorded":1376410629,"links":["/w/index.php?title=Hubert_Dreyfus%27s_views_on_artificial_intelligence&action=edit","/w/index.php?title=Hubert_Dreyfus%27s_views_on_artificial_intelligence&action=edit","//bits.wikimedia.org/favicon/wikipedia.ico","/w/opensearch_desc.php","//en.wikipedia.org/w/api.php?action=rsd","//creativecommons.org/licenses/by-sa/3.0/","/w/index.php?title=Special:RecentChanges&feed=atom","http://en.wikipedia.org/wiki/Hubert_Dreyfus's_views_on_artificial_intelligence","//bits.wikimedia.org/en.wikipedia.org/load.php?debug=false&lang=en&modules=ext.gadget.DRN-wizard%2CReferenceTooltips%2Ccharinsert%2Cteahouse%7Cext.rtlcite%2Cwikihiero%7Cext.uls.nojs%7Cmediawiki.legacy.commonPrint%2Cshared%7Cmw.PopUpMediaTransform%7Cskins.vector&only=styles&skin=vector&*","//bits.wikimedia.org/en.wikipedia.org/load.php?debug=false&lang=en&modules=ext.visualEditor.viewPageTarget.noscript&only=styles&skin=vector&*","//bits.wikimedia.org/en.wikipedia.org/load.php?debug=false&lang=en&modules=site&only=styles&skin=vector&*","//bits.wikimedia.org/en.wikipedia.org/load.php?debug=false&lang=en&modules=startup&only=scripts&skin=vector&*","//bits.wikimedia.org/geoiplookup","//meta.wikimedia.org","#mw-navigation","#p-search","/wiki/File:CoverOfWhatComputersCantDo.jpg","//upload.wikimedia.org/wikipedia/en/thumb/6/6c/CoverOfWhatComputersCantDo.jpg/220px-CoverOfWhatComputersCantDo.jpg","/wiki/File:CoverOfWhatComputersCantDo.jpg","//bits.wikimedia.org/static-1.22wmf11/skins/common/images/magnify-clip.png","/wiki/Philosophy_of_artificial_intelligence","/wiki/Hubert_Dreyfus","/wiki/Artificial_intelligence","#CITEREFDreyfus1965","#CITEREFDreyfus1972","#CITEREFDreyfus1979","#CITEREFDreyfus1992","#CITEREFDreyfusDreyfus1986","/wiki/Philosophy_of_artificial_intelligence","#CITEREFRussellNorvig2003","#CITEREFFearn2007","#cite_note-1","/wiki/Physical_symbol_system","/wiki/Continental_philosophy","/wiki/Merleau-Ponty","/wiki/Heidegger","/wiki/Physical_symbol_system","#cite_note-FOOTNOTEMcCorduck2004211.E2.80.93243-2","#cite_note-FOOTNOTECrevier1993120.E2.80.93132-3","/wiki/Robotics","/wiki/Connectionism","/wiki/Artificial_intelligence#Sub-symbolic","/wiki/Daniel_Crevier","#cite_note-FOOTNOTECrevier1993125-4","#cite_note-5","#Dreyfus.27_critique","#The_grandiose_promises_of_artificial_intelligence","#Dreyfus.27_four_assumptions_of_artificial_intelligence_research","#The_primacy_of_intuition","#History","#Alchemy_and_AI","#Reaction","#Vindicated","#Ignored","#See_also","#Notes","#References","/w/index.php?title=Hubert_Dreyfus%27s_views_on_artificial_intelligence&action=edit&section=1","/w/index.php?title=Hubert_Dreyfus%27s_views_on_artificial_intelligence&veaction=edit&section=1","/w/index.php?title=Hubert_Dreyfus%27s_views_on_artificial_intelligence&action=edit&section=2","/w/index.php?title=Hubert_Dreyfus%27s_views_on_artificial_intelligence&veaction=edit&section=2","#CITEREFDreyfus1965","#CITEREFDreyfus1972","/wiki/Hubert_Dreyfus","/wiki/History_of_artificial_intelligence","/wiki/Herbert_A._Simon","/wiki/General_Problem_Solver","#CITEREFNewellSimon1963","#cite_note-FOOTNOTENewellSimon1963-6","#cite_note-FOOTNOTEMcCorduck2004212-7","/wiki/Physical_symbol_systems_hypothesis","/wiki/Computationalism","/wiki/Jerry_Fodor","/wiki/Hillary_Putnam","#cite_note-FOOTNOTEHorst2005-8","/wiki/20th_century_philosophy","#cite_note-FOOTNOTEMcCorduck2004212-7","/w/index.php?title=Hubert_Dreyfus%27s_views_on_artificial_intelligence&action=edit&section=3","/w/index.php?title=Hubert_Dreyfus%27s_views_on_artificial_intelligence&veaction=edit&section=3","#cite_note-FOOTNOTEMcCorduck2004211-9","#cite_note-FOOTNOTEDreyfus1979157-10","/wiki/Neurology","/wiki/Neuron","/wiki/Walter_Pitts","/wiki/Warren_Sturgis_McCulloch","/wiki/Boolean_logic","#cite_note-11","/wiki/Physical_symbol_system","/wiki/Neurology","#cite_note-FOOTNOTEDreyfus1992158.E2.80.9362-12","#cite_note-FOOTNOTECrevier1993126-13","/wiki/Commonsense_knowledge","/wiki/Epistemology","/wiki/Knowledge","/wiki/John_McCarthy_(computer_scientist)","/wiki/Hubert_Dreyfus","/wiki/Ontology","/wiki/Hubert_Dreyfus","/w/index.php?title=Hubert_Dreyfus%27s_views_on_artificial_intelligence&action=edit&section=4","/w/index.php?title=Hubert_Dreyfus%27s_views_on_artificial_intelligence&veaction=edit&section=4","#CITEREFDreyfusDreyfus1986","/wiki/Expert_systems","/wiki/Artificial_intelligence#Cognitive_simulation","/wiki/Allen_Newell","/wiki/Herbert_A._Simon","/wiki/Heidegger","/wiki/Present-at-hand","/wiki/Ready-to-hand","#cite_note-14","/wiki/Allen_Newell","/wiki/Herbert_A._Simon","/wiki/Heidegger","/wiki/Dasein","/wiki/William_James","/wiki/Hubert_Dreyfus","#cite_note-FOOTNOTEDreyfus1992119-15","/w/index.php?title=Hubert_Dreyfus%27s_views_on_artificial_intelligence&action=edit&section=5","/w/index.php?title=Hubert_Dreyfus%27s_views_on_artificial_intelligence&veaction=edit&section=5","/wiki/MIT","/wiki/Herbert_A._Simon","#cite_note-FOOTNOTEMcCorduck2004225-16","/w/index.php?title=Hubert_Dreyfus%27s_views_on_artificial_intelligence&action=edit&section=6","/w/index.php?title=Hubert_Dreyfus%27s_views_on_artificial_intelligence&veaction=edit&section=6","/wiki/Stuart_Dreyfus","/w/index.php?title=Paul_Armer&action=edit&redlink=1","/wiki/RAND_Corporation","#cite_note-17","#cite_note-FOOTNOTEMcCorduck2004225-227-18","/wiki/Alchemy","#cite_note-FOOTNOTEMcCorduck2004238-19","#cite_note-FOOTNOTEMcCorduck2004230-20","/w/index.php?title=Hubert_Dreyfus%27s_views_on_artificial_intelligence&action=edit&section=7","/w/index.php?title=Hubert_Dreyfus%27s_views_on_artificial_intelligence&veaction=edit&section=7","#cite_note-FOOTNOTEMcCorduck2004227.E2.80.93228-21","/wiki/Seymour_Papert","#cite_note-FOOTNOTEMcCorduck2004228-22","/wiki/Herbert_A._Simon","#cite_note-23","/wiki/Massachusetts_Institute_of_Technology","#cite_note-24","/wiki/Joseph_Weizenbaum","/wiki/ELIZA","/wiki/Hubert_Dreyfus","#cite_note-25","/wiki/The_New_Yorker","#cite_note-FOOTNOTEMcCorduck2004230-20","/wiki/Seymour_Papert","/wiki/Richard_Greenblatt","/wiki/Mac_Hack","#cite_note-FOOTNOTEMcCorduck2004230-232-26","/wiki/Association_for_Computing_Machinery","#cite_note-27","#cite_note-28","/wiki/Herbert_A._Simon","#cite_note-FOOTNOTEMcCorduck2004233-29","/w/index.php?title=Hubert_Dreyfus%27s_views_on_artificial_intelligence&action=edit&section=8","/w/index.php?title=Hubert_Dreyfus%27s_views_on_artificial_intelligence&veaction=edit&section=8","/wiki/Strong_AI","/wiki/HAL_9000","/wiki/Marvin_Minsky","#cite_note-FOOTNOTEFearn200740-30","/wiki/Ray_Kurzweil","#cite_note-FOOTNOTECrevier1993126-13","/wiki/Ray_Kurzweil","#cite_note-FOOTNOTEKurzweil2005-31","/wiki/Jeff_Hawkins","#cite_note-FOOTNOTEHawkinsBlakeslee2005-32","#cite_note-FOOTNOTEKurzweil2005-31","/wiki/Alan_Turing","#cite_note-33","/wiki/GOFAI","/wiki/Daniel_Crevier","#cite_note-FOOTNOTECrevier1993126-13","/wiki/Sub-symbolic","/wiki/Computational_intelligence","/wiki/Neural_net","/wiki/Evolutionary_algorithm","#cite_note-FOOTNOTEDreyfus1992xiv-xvi-34","/wiki/Commonsense_knowledge","/wiki/Robotics","/wiki/Hans_Moravec","/wiki/Rodney_Brooks","/wiki/Moravec%27s_paradox","/wiki/Nouvelle_AI","/wiki/Situated","/wiki/Robotics","#cite_note-35","/wiki/Artificial_intelligence#Statistical_AI","/w/index.php?title=Hubert_Dreyfus%27s_views_on_artificial_intelligence&action=edit&section=9","/w/index.php?title=Hubert_Dreyfus%27s_views_on_artificial_intelligence&veaction=edit&section=9","#cite_note-FOOTNOTEMcCorduck2004236-36","#cite_note-FOOTNOTEMcCorduck2004233-29","/wiki/Marvin_Minsky","/wiki/Philosophy","#cite_note-FOOTNOTECrevier1993143-37","#cite_note-FOOTNOTEMcCorduck2004233-29","/wiki/Continental_philosophy","/wiki/Heidegger","/wiki/Merleau-Ponty","#cite_note-FOOTNOTEMcCorduck2004213-38","/wiki/Management_science","/wiki/Edward_Feigenbaum","/wiki/Phenomenology_(philosophy)","#cite_note-39","/wiki/Artificial_intelligence","/wiki/Cognitive_science","/wiki/Connectionism","/wiki/Robotics","/wiki/Situated","/wiki/Embodied_cognition","/wiki/Perception","/wiki/Gestaltism","/wiki/Peter_Norvig","/wiki/Stuart_Russell","/wiki/Alan_Turing","#cite_note-40","#cite_note-FOOTNOTERussellNorvig2003950-51-41","#cite_note-FOOTNOTEMcCorduck2004236-36","#cite_note-FOOTNOTECrevier1993125-4","/w/index.php?title=Hubert_Dreyfus%27s_views_on_artificial_intelligence&action=edit&section=10","/w/index.php?title=Hubert_Dreyfus%27s_views_on_artificial_intelligence&veaction=edit&section=10","/wiki/Adaptive_unconscious","/wiki/Church_Turing_Thesis","/wiki/Computer_Chess","/wiki/Hubert_Dreyfus","/wiki/Philosophy_of_artificial_intelligence","/w/index.php?title=Hubert_Dreyfus%27s_views_on_artificial_intelligence&action=edit&section=11","/w/index.php?title=Hubert_Dreyfus%27s_views_on_artificial_intelligence&veaction=edit&section=11","#cite_ref-1","#CITEREFHearst_et_al.2000","#cite_ref-FOOTNOTEMcCorduck2004211.E2.80.93243_2-0","#CITEREFMcCorduck2004","#cite_ref-FOOTNOTECrevier1993120.E2.80.93132_3-0","#CITEREFCrevier1993","#cite_ref-FOOTNOTECrevier1993125_4-0","#cite_ref-FOOTNOTECrevier1993125_4-1","#CITEREFCrevier1993","#cite_ref-5","#CITEREFFearn2007","#cite_ref-FOOTNOTENewellSimon1963_6-0","#CITEREFNewellSimon1963","#cite_ref-FOOTNOTEMcCorduck2004212_7-0","#cite_ref-FOOTNOTEMcCorduck2004212_7-1","#CITEREFMcCorduck2004","#cite_ref-FOOTNOTEHorst2005_8-0","#CITEREFHorst2005","#cite_ref-FOOTNOTEMcCorduck2004211_9-0","#CITEREFMcCorduck2004","#cite_ref-FOOTNOTEDreyfus1979157_10-0","#CITEREFDreyfus1979","#cite_ref-11","#CITEREFMcCorduck2004","#CITEREFCrevier1993","#CITEREFRussellNorvig2003","#cite_ref-FOOTNOTEDreyfus1992158.E2.80.9362_12-0","#CITEREFDreyfus1992","#cite_ref-FOOTNOTECrevier1993126_13-0","#cite_ref-FOOTNOTECrevier1993126_13-1","#cite_ref-FOOTNOTECrevier1993126_13-2","#CITEREFCrevier1993","#cite_ref-14","#CITEREFDreyfusDreyfus1986","http://socrates.berkeley.edu/~hdreyfus/html/paper_socrates.html","/wiki/Gilbert_Ryle","#cite_ref-FOOTNOTEDreyfus1992119_15-0","#CITEREFDreyfus1992","#cite_ref-FOOTNOTEMcCorduck2004225_16-0","#CITEREFMcCorduck2004","#cite_ref-17","#CITEREFMcCorduck2004","#cite_ref-FOOTNOTEMcCorduck2004225-227_18-0","#CITEREFMcCorduck2004","#cite_ref-FOOTNOTEMcCorduck2004238_19-0","#CITEREFMcCorduck2004","#cite_ref-FOOTNOTEMcCorduck2004230_20-0","#cite_ref-FOOTNOTEMcCorduck2004230_20-1","#CITEREFMcCorduck2004","#cite_ref-FOOTNOTEMcCorduck2004227.E2.80.93228_21-0","#CITEREFMcCorduck2004","#cite_ref-FOOTNOTEMcCorduck2004228_22-0","#CITEREFMcCorduck2004","#cite_ref-23","#CITEREFMcCorduck2004","#cite_ref-24","#CITEREFCrevier1993","#cite_ref-25","/wiki/Joseph_Weizenbaum","#CITEREFCrevier1993","#cite_ref-FOOTNOTEMcCorduck2004230-232_26-0","#CITEREFMcCorduck2004","#cite_ref-27","#cite_ref-28","#CITEREFMcCorduck2004","#cite_ref-FOOTNOTEMcCorduck2004233_29-0","#cite_ref-FOOTNOTEMcCorduck2004233_29-1","#cite_ref-FOOTNOTEMcCorduck2004233_29-2","#CITEREFMcCorduck2004","#cite_ref-FOOTNOTEFearn200740_30-0","#CITEREFFearn2007","#cite_ref-FOOTNOTEKurzweil2005_31-0","#cite_ref-FOOTNOTEKurzweil2005_31-1","#CITEREFKurzweil2005","#cite_ref-FOOTNOTEHawkinsBlakeslee2005_32-0","#CITEREFHawkinsBlakeslee2005","#cite_ref-33","#CITEREFTuring1950","#cite_ref-FOOTNOTEDreyfus1992xiv-xvi_34-0","#CITEREFDreyfus1992","#cite_ref-35","#CITEREFBrooks1990","#CITEREFMoravec1988","#cite_ref-FOOTNOTEMcCorduck2004236_36-0","#cite_ref-FOOTNOTEMcCorduck2004236_36-1","#CITEREFMcCorduck2004","#cite_ref-FOOTNOTECrevier1993143_37-0","#CITEREFCrevier1993","#cite_ref-FOOTNOTEMcCorduck2004213_38-0","#CITEREFMcCorduck2004","#cite_ref-39","#CITEREFMcCorduck2004","#cite_ref-40","#CITEREFTuring1950","#cite_ref-FOOTNOTERussellNorvig2003950-51_41-0","#CITEREFRussellNorvig2003","/w/index.php?title=Hubert_Dreyfus%27s_views_on_artificial_intelligence&action=edit&section=12","/w/index.php?title=Hubert_Dreyfus%27s_views_on_artificial_intelligence&veaction=edit&section=12","/wiki/Rodney_Brooks","http://people.csail.mit.edu/brooks/papers/elephants.pdf","/wiki/Digital_object_identifier","http://dx.doi.org/10.1016%2FS0921-8890%2805%2980025-9","/wiki/Daniel_Crevier","/wiki/Special:BookSources/0465029973","/wiki/Hubert_Dreyfus","/wiki/RAND_Corporation","/wiki/Hubert_Dreyfus","/wiki/International_Standard_Book_Number","/wiki/Special:BookSources/0-06-090613-8","/wiki/Hubert_Dreyfus","/wiki/International_Standard_Book_Number","/wiki/Special:BookSources/0-06-090624-3","/wiki/Hubert_Dreyfus","/wiki/Stuart_Dreyfus","/wiki/Hubert_Dreyfus","/wiki/International_Standard_Book_Number","/wiki/Special:BookSources/0-262-54067-3","/wiki/Malcolm_Gladwell","/wiki/Blink_(book)","/wiki/International_Standard_Book_Number","/wiki/Special:BookSources/0-316-17232-4","/wiki/Jeff_Hawkins","/wiki/On_Intelligence","/wiki/International_Standard_Book_Number","/wiki/Special:BookSources/0-8050-7853-3","/wiki/Digital_object_identifier","http://dx.doi.org/10.1109%2F5254.820322","/wiki/Help:CS1_errors#displayauthors","http://plato.stanford.edu/archives/fall2005/entries/computational-mind/","/wiki/Ray_Kurzweil","/wiki/The_Singularity_is_Near","/wiki/International_Standard_Book_Number","/wiki/Special:BookSources/0-670-03384-7","/wiki/Pamela_McCorduck","http://www.pamelamc.com/html/machines_who_think.html","/wiki/International_Standard_Book_Number","/wiki/Special:BookSources/1-56881-205-1","/wiki/Hans_Moravec","/wiki/International_Standard_Book_Number","/wiki/Special:BookSources/0-674-57616-0","/wiki/Allen_Newell","/wiki/Herbert_A._Simon","/wiki/Stuart_J._Russell","/wiki/Peter_Norvig","http://aima.cs.berkeley.edu/","/wiki/International_Standard_Book_Number","/wiki/Special:BookSources/0-13-790395-2","/wiki/Alan_Turing","http://loebner.net/Prizef/TuringArticle.html","/wiki/Mind_(journal)","/wiki/Digital_object_identifier","http://dx.doi.org/10.1093%2Fmind%2FLIX.236.433","/wiki/International_Standard_Serial_Number","//www.worldcat.org/issn/0026-4423","//en.wikipedia.org/w/index.php?title=Special:CentralAutoLogin/start&type=1x1&from=enwiki","http://en.wikipedia.org/w/index.php?title=Hubert_Dreyfus%27s_views_on_artificial_intelligence&oldid=548783832","/wiki/Help:Category","/wiki/Category:Philosophy_of_artificial_intelligence","/wiki/Category:Pages_using_citations_with_old-style_implicit_et_al.","/w/index.php?title=Special:UserLogin&returnto=Hubert+Dreyfus%27s+views+on+artificial+intelligence&type=signup","/w/index.php?title=Special:UserLogin&returnto=Hubert+Dreyfus%27s+views+on+artificial+intelligence","/wiki/Hubert_Dreyfus%27s_views_on_artificial_intelligence","/wiki/Talk:Hubert_Dreyfus%27s_views_on_artificial_intelligence","#","/wiki/Hubert_Dreyfus%27s_views_on_artificial_intelligence","/w/index.php?title=Hubert_Dreyfus%27s_views_on_artificial_intelligence&action=edit","/w/index.php?title=Hubert_Dreyfus%27s_views_on_artificial_intelligence&veaction=edit","/w/index.php?title=Hubert_Dreyfus%27s_views_on_artificial_intelligence&action=history","#","/w/index.php","//bits.wikimedia.org/static-1.22wmf12/skins/vector/images/search-ltr.png?303-4","/wiki/Main_Page","/wiki/Main_Page","/wiki/Portal:Contents","/wiki/Portal:Featured_content","/wiki/Portal:Current_events","/wiki/Special:Random","https://donate.wikimedia.org/wiki/Special:FundraiserRedirector?utm_source=donate&utm_medium=sidebar&utm_campaign=C13_en.wikipedia.org&uselang=en","/wiki/Help:Contents","/wiki/Wikipedia:About","/wiki/Wikipedia:Community_portal","/wiki/Special:RecentChanges","//en.wikipedia.org/wiki/Wikipedia:Contact_us","/wiki/Special:WhatLinksHere/Hubert_Dreyfus%27s_views_on_artificial_intelligence","/wiki/Special:RecentChangesLinked/Hubert_Dreyfus%27s_views_on_artificial_intelligence","/wiki/Wikipedia:File_Upload_Wizard","/wiki/Special:SpecialPages","/w/index.php?title=Hubert_Dreyfus%27s_views_on_artificial_intelligence&oldid=548783832","/w/index.php?title=Hubert_Dreyfus%27s_views_on_artificial_intelligence&action=info","//www.wikidata.org/wiki/Q5927261","/w/index.php?title=Special:Cite&page=Hubert_Dreyfus%27s_views_on_artificial_intelligence&id=548783832","/w/index.php?title=Special:Book&bookcmd=book_creator&referer=Hubert+Dreyfus%27s+views+on+artificial+intelligence","/w/index.php?title=Special:Book&bookcmd=render_article&arttitle=Hubert+Dreyfus%27s+views+on+artificial+intelligence&oldid=548783832&writer=rl","/w/index.php?title=Hubert_Dreyfus%27s_views_on_artificial_intelligence&printable=yes","#","//www.wikidata.org/wiki/Q5927261#sitelinks-wikipedia","//en.wikipedia.org/wiki/Wikipedia:Text_of_Creative_Commons_Attribution-ShareAlike_3.0_Unported_License","//creativecommons.org/licenses/by-sa/3.0/","//wikimediafoundation.org/wiki/Terms_of_Use","//wikimediafoundation.org/wiki/Privacy_policy","//www.wikimediafoundation.org/","//wikimediafoundation.org/wiki/Privacy_policy","/wiki/Wikipedia:About","/wiki/Wikipedia:General_disclaimer","//en.wikipedia.org/wiki/Wikipedia:Contact_us","//en.m.wikipedia.org/wiki/Hubert_Dreyfus%27s_views_on_artificial_intelligence","//wikimediafoundation.org/","//bits.wikimedia.org/images/wikimedia-button.png","//www.mediawiki.org/","//bits.wikimedia.org/static-1.22wmf12/skins/common/images/poweredby_mediawiki_88x31.png","//bits.wikimedia.org/en.wikipedia.org/load.php?debug=false&lang=en&modules=site&only=scripts&skin=vector&*"],"instances":["philosophy","computer_scientist"],"pdf":["http://people.csail.mit.edu/brooks/papers/elephants.pdf"],"categories":["Philosophy of artificial intelligence"],"headings":["Dreyfus' critique","History","See also","Notes","References"],"image":["//upload.wikimedia.org/wikipedia/en/thumb/6/6c/CoverOfWhatComputersCantDo.jpg/220px-CoverOfWhatComputersCantDo.jpg","//bits.wikimedia.org/static-1.22wmf11/skins/common/images/magnify-clip.png","//en.wikipedia.org/w/index.php?title=Special:CentralAutoLogin/start&type=1x1&from=enwiki","//bits.wikimedia.org/static-1.22wmf12/skins/vector/images/search-ltr.png?303-4","//bits.wikimedia.org/images/wikimedia-button.png","//bits.wikimedia.org/static-1.22wmf12/skins/common/images/poweredby_mediawiki_88x31.png"],"tags":[["john_mccarthy","computer_scientist"],["phenomenology","philosophy"]],"members":["phenomenology","john_mccarthy"],"related":["Hubert_Dreyfus","Artificial_intelligence","Philosophy_of_artificial_intelligence","Physical_symbol_system","Continental_philosophy","Merleau-Ponty","Heidegger","Physical_symbol_system","Robotics","Connectionism","Daniel_Crevier","Hubert_Dreyfus","History_of_artificial_intelligence","Herbert_A._Simon","General_Problem_Solver","Physical_symbol_systems_hypothesis","Computationalism","Jerry_Fodor","Hillary_Putnam","20th_century_philosophy","Neurology","Neuron","Walter_Pitts","Warren_Sturgis_McCulloch","Boolean_logic","Physical_symbol_system","Neurology","Commonsense_knowledge","Epistemology","Knowledge","John_McCarthy_(computer_scientist)","Hubert_Dreyfus","Ontology","Hubert_Dreyfus","Expert_systems","Allen_Newell","Herbert_A._Simon","Heidegger","Present-at-hand","Ready-to-hand","Gilbert_Ryle","Allen_Newell","Herbert_A._Simon","Heidegger","Dasein","William_James","Hubert_Dreyfus","MIT","Herbert_A._Simon","Stuart_Dreyfus","Paul_Armer","RAND_Corporation","Alchemy","Seymour_Papert","Herbert_A._Simon","Massachusetts_Institute_of_Technology","Joseph_Weizenbaum","ELIZA","Hubert_Dreyfus","Joseph_Weizenbaum","Seymour_Papert","Richard_Greenblatt","Mac_Hack","Association_for_Computing_Machinery","Herbert_A._Simon","Strong_AI","HAL_9000","Marvin_Minsky","Ray_Kurzweil","Ray_Kurzweil","Jeff_Hawkins","Alan_Turing","GOFAI","Daniel_Crevier","Sub-symbolic","Computational_intelligence","Neural_net","Evolutionary_algorithm","Commonsense_knowledge","Robotics","Hans_Moravec","Rodney_Brooks","Moravec's_paradox","Nouvelle_AI","Situated","Robotics","Marvin_Minsky","Philosophy","Continental_philosophy","Heidegger","Merleau-Ponty","Management_science","Edward_Feigenbaum","Phenomenology_(philosophy)","Artificial_intelligence","Cognitive_science","Connectionism","Robotics","Situated","Embodied_cognition","Perception","Gestaltism","Peter_Norvig","Stuart_Russell","Alan_Turing","Adaptive_unconscious","Church_Turing_Thesis","Computer_Chess","Hubert_Dreyfus","Philosophy_of_artificial_intelligence","RAND_Corporation","On_Intelligence","The_Singularity_is_Near"]}