{"cursor":"1458","size":15,"audio":[],"currentlang":"en","article":"A 'human artificial chromosome' ('HAC') is a microchromosome that can act as a\nnew chromosome in a population of human cells. That is, instead of 46\nchromosomes, the cell could have 47 with the 47th being very small, roughly 6-10\nmegabases in size, and able to carry new genes introduced by human researchers.\nYeast artificial chromosomes and bacterial artificial chromosomes were created\nbefore human artificial chromosomes, which first appeared in 1997. They are\nuseful in expression studies as gene transfer vectors and are a tool for\nelucidating human chromosome function. Grown in HT1080 cells, they are\nmitotically and cytogenetically stable for up to six months {{fix\n|link=Wikipedia:Citation needed |text=citation needed |class=noprint Template-\nFact |title=This claim needs references to reliable sources }} .\n","linknr":197,"url":"Human_artificial_chromosome","recorded":1374762245,"links":["/w/index.php?title=Human_artificial_chromosome&action=edit","/w/index.php?title=Human_artificial_chromosome&action=edit","//bits.wikimedia.org/favicon/wikipedia.ico","/w/opensearch_desc.php","//en.wikipedia.org/w/api.php?action=rsd","//creativecommons.org/licenses/by-sa/3.0/","/w/index.php?title=Special:RecentChanges&feed=atom","//bits.wikimedia.org/en.wikipedia.org/load.php?debug=false&lang=en&modules=ext.gadget.DRN-wizard%2CReferenceTooltips%2Ccharinsert%2Cteahouse%7Cext.rtlcite%2Cwikihiero%7Cext.uls.nojs%7Cmediawiki.legacy.commonPrint%2Cshared%7Cmw.PopUpMediaTransform%7Cskins.vector&only=styles&skin=vector&*","//bits.wikimedia.org/en.wikipedia.org/load.php?debug=false&lang=en&modules=site&only=styles&skin=vector&*","//bits.wikimedia.org/en.wikipedia.org/load.php?debug=false&lang=en&modules=startup&only=scripts&skin=vector&*","//bits.wikimedia.org/geoiplookup","//meta.wikimedia.org","#mw-navigation","#p-search","/wiki/Microchromosome","/wiki/Chromosome","/wiki/Human","/wiki/Base_pair","/wiki/Yeast_artificial_chromosome","/wiki/Bacterial_artificial_chromosome","/wiki/1997_in_science","/wiki/Vector_(molecular_biology)","/wiki/HT1080","/wiki/Mitosis","/wiki/Cytogenetics","/wiki/Wikipedia:Citation_needed","/w/index.php?title=Human_artificial_chromosome&action=edit&section=1","#cite_note-1","/w/index.php?title=Human_artificial_chromosome&action=edit&section=2","/wiki/Bacterial_artificial_chromosome","/wiki/Yeast_artificial_chromosome","/wiki/Plasmid","/wiki/Cosmid","/wiki/Fosmid","/w/index.php?title=Human_artificial_chromosome&action=edit&section=3","#cite_ref-1","http://www.ncbi.nlm.nih.gov/pmc/articles/PMC3125098","/wiki/Digital_object_identifier","http://dx.doi.org/10.1038%2Fgt.2010.147","/wiki/PubMed_Central","//www.ncbi.nlm.nih.gov/pmc/articles/PMC3125098","/wiki/PubMed_Identifier","//www.ncbi.nlm.nih.gov/pubmed/21085194","/wiki/Help:CS1_errors#displayauthors","//en.wikipedia.org/w/index.php?title=Template:Cite_pmid/21085194&action=edit&editintro=Template:Cite_pmid/editintro2","/wiki/Template:Nucleic_acids","/wiki/Template_talk:Nucleic_acids","//en.wikipedia.org/w/index.php?title=Template:Nucleic_acids&action=edit","/wiki/Nucleic_acid","/wiki/Nucleobases","/wiki/Nucleosides","/wiki/Nucleotides","/wiki/Deoxynucleotides","/wiki/RNA","/wiki/Non-coding_RNA","/wiki/RNA#In_translation","/wiki/Messenger_RNA","/wiki/Precursor_mRNA","/wiki/Transfer_RNA","/wiki/Ribosomal_RNA","/wiki/Transfer-messenger_RNA","/wiki/RNA#Regulatory_RNAs","/wiki/MicroRNA","/wiki/Small_interfering_RNA","/wiki/Piwi-interacting_RNA","/wiki/Antisense_RNA","/wiki/RNA_interference","/wiki/RNA#In_RNA_processing","/wiki/Small_nuclear_RNA","/wiki/Small_nucleolar_RNA","/wiki/Guide_RNA","/wiki/Small_hairpin_RNA","/wiki/Small_temporal_RNA","/wiki/Trans-acting_siRNA","/wiki/Subgenomic_RNA","/w/index.php?title=Sutherland_RNA&action=edit&redlink=1","/wiki/DNA","/wiki/Complementary_DNA","/wiki/Chloroplast_DNA","/wiki/GDNA","/wiki/Multicopy_single-stranded_DNA","/wiki/Mitochondrial_DNA","/wiki/Nucleic_acid_analogues","/wiki/Glycol_nucleic_acid","/wiki/Locked_nucleic_acid","/wiki/Peptide_nucleic_acid","/wiki/Threose_nucleic_acid","/wiki/Morpholino","/wiki/Cloning_vector","/wiki/Phagemid","/wiki/Plasmid","/wiki/Lambda_phage","/wiki/Cosmid","/wiki/Fosmid","/wiki/P1-derived_artificial_chromosome","/wiki/Bacterial_artificial_chromosome","/wiki/Yeast_artificial_chromosome","/wiki/Biochemistry","/wiki/Template:Metabolism","/wiki/Template:Carbohydrates","/wiki/Template:Alcohols","/wiki/Template:Glycoproteins","/wiki/Template:Glycosides","/wiki/Template:Lipids","/wiki/Template:Eicosanoids","/wiki/Template:Fatty_acids","/wiki/Template:Fatty-acid_metabolism_intermediates","/wiki/Template:Phospholipids","/wiki/Template:Sphingolipids","/wiki/Template:Cholesterol_and_steroid_intermediates","/wiki/Template:Nucleic_acids","/wiki/Template:Nucleobases,_nucleosides,_and_nucleotides","/wiki/Template:Nucleotide_metabolism_intermediates","/wiki/Template:Protein_topics","/wiki/Template:AminoAcids","/wiki/Template:Amino_acid_metabolism_intermediates","/wiki/Template:Tetrapyrroles","/wiki/Template:Heme_metabolism_intermediates","/wiki/File:DNA_stub.png","//upload.wikimedia.org/wikipedia/commons/thumb/6/61/DNA_stub.png/40px-DNA_stub.png","/wiki/Genetics","/wiki/Wikipedia:Stub","//en.wikipedia.org/w/index.php?title=Human_artificial_chromosome&action=edit","/wiki/Template:Genetics-stub","/wiki/Template_talk:Genetics-stub","//en.wikipedia.org/w/index.php?title=Template:Genetics-stub&action=edit","/wiki/File:Lq-dna.png","//upload.wikimedia.org/wikipedia/commons/thumb/3/39/Lq-dna.png/30px-Lq-dna.png","/wiki/Biotechnology","/wiki/Wikipedia:Stub","//en.wikipedia.org/w/index.php?title=Human_artificial_chromosome&action=edit","/wiki/Template:Biotech-stub","/w/index.php?title=Template_talk:Biotech-stub&action=edit&redlink=1","//en.wikipedia.org/w/index.php?title=Template:Biotech-stub&action=edit","//en.wikipedia.org/w/index.php?title=Special:CentralAutoLogin/start&type=1x1&from=enwiki","http://en.wikipedia.org/w/index.php?title=Human_artificial_chromosome&oldid=540875309","/wiki/Help:Categories","/wiki/Category:Molecular_biology","/wiki/Category:Genetics_stubs","/wiki/Category:Biotechnology_stubs","/wiki/Category:Pages_using_citations_with_old-style_implicit_et_al.","/w/index.php?title=Special:UserLogin&returnto=Human+artificial+chromosome&type=signup","/w/index.php?title=Special:UserLogin&returnto=Human+artificial+chromosome","/wiki/Human_artificial_chromosome","/wiki/Talk:Human_artificial_chromosome","#","/wiki/Human_artificial_chromosome","/w/index.php?title=Human_artificial_chromosome&action=edit","/w/index.php?title=Human_artificial_chromosome&action=history","#","/w/index.php","//bits.wikimedia.org/static-1.22wmf10/skins/vector/images/search-ltr.png?303-4","/wiki/Main_Page","/wiki/Main_Page","/wiki/Portal:Contents","/wiki/Portal:Featured_content","/wiki/Portal:Current_events","/wiki/Special:Random","//donate.wikimedia.org/wiki/Special:FundraiserRedirector?utm_source=donate&utm_medium=sidebar&utm_campaign=C13_en.wikipedia.org&uselang=en","/wiki/Help:Contents","/wiki/Wikipedia:About","/wiki/Wikipedia:Community_portal","/wiki/Special:RecentChanges","//en.wikipedia.org/wiki/Wikipedia:Contact_us","/wiki/Special:WhatLinksHere/Human_artificial_chromosome","/wiki/Special:RecentChangesLinked/Human_artificial_chromosome","/wiki/Wikipedia:File_Upload_Wizard","/wiki/Special:SpecialPages","/w/index.php?title=Human_artificial_chromosome&oldid=540875309","/w/index.php?title=Human_artificial_chromosome&action=info","//www.wikidata.org/wiki/Q2966744","/w/index.php?title=Special:Cite&page=Human_artificial_chromosome&id=540875309","/w/index.php?title=Special:Book&bookcmd=book_creator&referer=Human+artificial+chromosome","/w/index.php?title=Special:Book&bookcmd=render_article&arttitle=Human+artificial+chromosome&oldid=540875309&writer=rl","/w/index.php?title=Human_artificial_chromosome&printable=yes","//ca.wikipedia.org/wiki/Cromosoma_artificial_hum%C3%A0","//es.wikipedia.org/wiki/Cromosoma_artificial_humano","//fr.wikipedia.org/wiki/Chromosome_artificiel_humain","//gl.wikipedia.org/wiki/Cromosoma_artificial_humano","//pl.wikipedia.org/wiki/Ludzki_sztuczny_chromosom","//zh.wikipedia.org/wiki/%E4%BA%BA%E9%A1%9E%E4%BA%BA%E5%B7%A5%E6%9F%93%E8%89%B2%E9%AB%94","#","//www.wikidata.org/wiki/Q2966744#sitelinks-wikipedia","//en.wikipedia.org/wiki/Wikipedia:Text_of_Creative_Commons_Attribution-ShareAlike_3.0_Unported_License","//creativecommons.org/licenses/by-sa/3.0/","//wikimediafoundation.org/wiki/Terms_of_Use","//wikimediafoundation.org/wiki/Privacy_policy","//www.wikimediafoundation.org/","//wikimediafoundation.org/wiki/Privacy_policy","/wiki/Wikipedia:About","/wiki/Wikipedia:General_disclaimer","//en.wikipedia.org/wiki/Wikipedia:Contact_us","//en.m.wikipedia.org/wiki/Human_artificial_chromosome","//wikimediafoundation.org/","//bits.wikimedia.org/images/wikimedia-button.png","//www.mediawiki.org/","//bits.wikimedia.org/static-1.22wmf10/skins/common/images/poweredby_mediawiki_88x31.png","//bits.wikimedia.org/en.wikipedia.org/load.php?debug=false&lang=en&modules=site&only=scripts&skin=vector&*"],"instances":["molecular_biology"],"pdf":[],"categories":["Molecular biology"],"headings":["Applications","See also","References"],"image":["//upload.wikimedia.org/wikipedia/commons/thumb/6/61/DNA_stub.png/40px-DNA_stub.png","//upload.wikimedia.org/wikipedia/commons/thumb/3/39/Lq-dna.png/30px-Lq-dna.png","//en.wikipedia.org/w/index.php?title=Special:CentralAutoLogin/start&type=1x1&from=enwiki","//bits.wikimedia.org/static-1.22wmf10/skins/vector/images/search-ltr.png?303-4","//bits.wikimedia.org/images/wikimedia-button.png","//bits.wikimedia.org/static-1.22wmf10/skins/common/images/poweredby_mediawiki_88x31.png"],"tags":[["vector","molecular_biology"]],"members":["vector"],"related":["Microchromosome","Chromosome","Human","Base_pair","Yeast_artificial_chromosome","Bacterial_artificial_chromosome","1997_in_science","Vector_(molecular_biology)","HT1080","Mitosis","Cytogenetics","Bacterial_artificial_chromosome","Yeast_artificial_chromosome","Plasmid","Cosmid","Fosmid"]}