{"cursor":"2064","size":15,"audio":[],"currentlang":"en","article":"The 'International Joint Conference on Artificial Intelligence' (or 'IJCAI') is\na meeting of researchers from the different areas of artificial intelligence\n(AI). It is organized by the IJCAI, Inc., and has been held every other year\nsince 1969. Originally, the other years saw the meetings of the ECAI, AAAI, and\na Pacific conference, but currently the AAAI conference runs every year. When it\nis held in North America it is hosted by the Association for the Advancement of\nArtificial Intelligence and traditionally replaces the AAAI conference. IJCAI is\na highly selective conference. For instance, only 20% of the papers submitted to\nthe conference were accepted in 2005. This makes it a more selective publication\nthan many AI journals.\n\nThree research awards are given at each IJCAI conference. The Computers &\nThought Award is given to a relatively young (less than 35 years) researcher\nhaving already made a significant contribution to the field. The Donald E.\nWalker Distinguished Service Award is given to someone who has been doing a lot\nof the grunt work the last years. The IJCAI Award for Research Excellence is\ngiven to someone relatively old who had made a significant impact on the field.\nPrevious recipients of the latter award include Alan Bundy, John McCarthy,\nMarvin Minsky, Allen Newell, Ray Reiter, and Judea Pearl. Additionally, IJCAI\npresents one or more Best Paper Awards  at the conference to\nrecognize the highest quality papers.\n","linknr":98,"url":"International_Joint_Conference_on_Artificial_Intelligence","recorded":1376544091,"links":["/w/index.php?title=International_Joint_Conference_on_Artificial_Intelligence&action=edit","/w/index.php?title=International_Joint_Conference_on_Artificial_Intelligence&action=edit","//bits.wikimedia.org/favicon/wikipedia.ico","/w/opensearch_desc.php","//en.wikipedia.org/w/api.php?action=rsd","//creativecommons.org/licenses/by-sa/3.0/","/w/index.php?title=Special:RecentChanges&feed=atom","http://en.wikipedia.org/wiki/International_Joint_Conference_on_Artificial_Intelligence","//bits.wikimedia.org/en.wikipedia.org/load.php?debug=false&lang=en&modules=ext.gadget.DRN-wizard%2CReferenceTooltips%2Ccharinsert%2Cteahouse%7Cext.rtlcite%2Cwikihiero%7Cext.uls.nojs%7Cmediawiki.legacy.commonPrint%2Cshared%7Cmw.PopUpMediaTransform%7Cskins.vector&only=styles&skin=vector&*","//bits.wikimedia.org/en.wikipedia.org/load.php?debug=false&lang=en&modules=ext.visualEditor.viewPageTarget.noscript&only=styles&skin=vector&*","//bits.wikimedia.org/en.wikipedia.org/load.php?debug=false&lang=en&modules=site&only=styles&skin=vector&*","//bits.wikimedia.org/en.wikipedia.org/load.php?debug=false&lang=en&modules=startup&only=scripts&skin=vector&*","//bits.wikimedia.org/geoiplookup","//meta.wikimedia.org","#mw-navigation","#p-search","/wiki/Artificial_intelligence","/wiki/International_Joint_Conferences_on_Artificial_Intelligence","/wiki/European_Conference_on_Artificial_Intelligence","/wiki/AAAI","/wiki/Association_for_the_Advancement_of_Artificial_Intelligence","/w/index.php?title=Computers_%26_Thought_Award&action=edit&redlink=1","/wiki/IJCAI_Award_for_Research_Excellence","/wiki/Alan_Bundy","/wiki/John_McCarthy_(computer_scientist)","/wiki/Marvin_Minsky","/wiki/Allen_Newell","/wiki/Ray_Reiter","/wiki/Judea_Pearl","#cite_note-1","/w/index.php?title=International_Joint_Conference_on_Artificial_Intelligence&action=edit&section=1","/w/index.php?title=International_Joint_Conference_on_Artificial_Intelligence&veaction=edit&section=1","/wiki/List_of_computer_science_conferences","/w/index.php?title=International_Joint_Conference_on_Artificial_Intelligence&action=edit&section=2","/w/index.php?title=International_Joint_Conference_on_Artificial_Intelligence&veaction=edit&section=2","http://www.ijcai.org/","/w/index.php?title=International_Joint_Conference_on_Artificial_Intelligence&action=edit&section=3","/w/index.php?title=International_Joint_Conference_on_Artificial_Intelligence&veaction=edit&section=3","#cite_ref-1","http://jeffhuang.com/best_paper_awards.html#ijcai","//en.wikipedia.org/w/index.php?title=Special:CentralAutoLogin/start&type=1x1&from=enwiki","http://en.wikipedia.org/w/index.php?title=International_Joint_Conference_on_Artificial_Intelligence&oldid=541702661","/wiki/Help:Category","/wiki/Category:Artificial_intelligence_conferences","/w/index.php?title=Special:UserLogin&returnto=International+Joint+Conference+on+Artificial+Intelligence&type=signup","/w/index.php?title=Special:UserLogin&returnto=International+Joint+Conference+on+Artificial+Intelligence","/wiki/International_Joint_Conference_on_Artificial_Intelligence","/wiki/Talk:International_Joint_Conference_on_Artificial_Intelligence","#","/wiki/International_Joint_Conference_on_Artificial_Intelligence","/w/index.php?title=International_Joint_Conference_on_Artificial_Intelligence&action=edit","/w/index.php?title=International_Joint_Conference_on_Artificial_Intelligence&veaction=edit","/w/index.php?title=International_Joint_Conference_on_Artificial_Intelligence&action=history","#","/w/index.php","//bits.wikimedia.org/static-1.22wmf12/skins/vector/images/search-ltr.png?303-4","/wiki/Main_Page","/wiki/Main_Page","/wiki/Portal:Contents","/wiki/Portal:Featured_content","/wiki/Portal:Current_events","/wiki/Special:Random","https://donate.wikimedia.org/wiki/Special:FundraiserRedirector?utm_source=donate&utm_medium=sidebar&utm_campaign=C13_en.wikipedia.org&uselang=en","/wiki/Help:Contents","/wiki/Wikipedia:About","/wiki/Wikipedia:Community_portal","/wiki/Special:RecentChanges","//en.wikipedia.org/wiki/Wikipedia:Contact_us","/wiki/Special:WhatLinksHere/International_Joint_Conference_on_Artificial_Intelligence","/wiki/Special:RecentChangesLinked/International_Joint_Conference_on_Artificial_Intelligence","/wiki/Wikipedia:File_Upload_Wizard","/wiki/Special:SpecialPages","/w/index.php?title=International_Joint_Conference_on_Artificial_Intelligence&oldid=541702661","/w/index.php?title=International_Joint_Conference_on_Artificial_Intelligence&action=info","//www.wikidata.org/wiki/Q863401","/w/index.php?title=Special:Cite&page=International_Joint_Conference_on_Artificial_Intelligence&id=541702661","/w/index.php?title=Special:Book&bookcmd=book_creator&referer=International+Joint+Conference+on+Artificial+Intelligence","/w/index.php?title=Special:Book&bookcmd=render_article&arttitle=International+Joint+Conference+on+Artificial+Intelligence&oldid=541702661&writer=rl","/w/index.php?title=International_Joint_Conference_on_Artificial_Intelligence&printable=yes","//ja.wikipedia.org/wiki/%E5%9B%BD%E9%9A%9B%E4%BA%BA%E5%B7%A5%E7%9F%A5%E8%83%BD%E4%BC%9A%E8%AD%B0","//uk.wikipedia.org/wiki/%D0%9C%D1%96%D0%B6%D0%BD%D0%B0%D1%80%D0%BE%D0%B4%D0%BD%D0%B0_%D0%BE%D0%B1%27%D1%94%D0%B4%D0%BD%D0%B0%D0%BD%D0%B0_%D0%BA%D0%BE%D0%BD%D1%84%D0%B5%D1%80%D0%B5%D0%BD%D1%86%D1%96%D1%8F_%D0%B7%D1%96_%D1%88%D1%82%D1%83%D1%87%D0%BD%D0%BE%D0%B3%D0%BE_%D1%96%D0%BD%D1%82%D0%B5%D0%BB%D0%B5%D0%BA%D1%82%D1%83","//zh.wikipedia.org/wiki/%E5%9B%BD%E9%99%85%E4%BA%BA%E5%B7%A5%E6%99%BA%E8%83%BD%E8%81%94%E5%90%88%E4%BC%9A%E8%AE%AE","#","//www.wikidata.org/wiki/Q863401#sitelinks-wikipedia","//en.wikipedia.org/wiki/Wikipedia:Text_of_Creative_Commons_Attribution-ShareAlike_3.0_Unported_License","//creativecommons.org/licenses/by-sa/3.0/","//wikimediafoundation.org/wiki/Terms_of_Use","//wikimediafoundation.org/wiki/Privacy_policy","//www.wikimediafoundation.org/","//wikimediafoundation.org/wiki/Privacy_policy","/wiki/Wikipedia:About","/wiki/Wikipedia:General_disclaimer","//en.wikipedia.org/wiki/Wikipedia:Contact_us","//en.m.wikipedia.org/wiki/International_Joint_Conference_on_Artificial_Intelligence","//wikimediafoundation.org/","//bits.wikimedia.org/images/wikimedia-button.png","//www.mediawiki.org/","//bits.wikimedia.org/static-1.22wmf12/skins/common/images/poweredby_mediawiki_88x31.png","//bits.wikimedia.org/en.wikipedia.org/load.php?debug=false&lang=en&modules=site&only=scripts&skin=vector&*"],"instances":["computer_scientist"],"pdf":[],"categories":["Artificial intelligence conferences"],"headings":["See also","External links","References"],"image":["//en.wikipedia.org/w/index.php?title=Special:CentralAutoLogin/start&type=1x1&from=enwiki","//bits.wikimedia.org/static-1.22wmf12/skins/vector/images/search-ltr.png?303-4","//bits.wikimedia.org/images/wikimedia-button.png","//bits.wikimedia.org/static-1.22wmf12/skins/common/images/poweredby_mediawiki_88x31.png"],"tags":[["john_mccarthy","computer_scientist"]],"members":["john_mccarthy"],"related":["Artificial_intelligence","International_Joint_Conferences_on_Artificial_Intelligence","European_Conference_on_Artificial_Intelligence","AAAI","Association_for_the_Advancement_of_Artificial_Intelligence","Computers_&_Thought_Award","IJCAI_Award_for_Research_Excellence","Alan_Bundy","John_McCarthy_(computer_scientist)","Marvin_Minsky","Allen_Newell","Ray_Reiter","Judea_Pearl","List_of_computer_science_conferences"]}