{"cursor":"39420","size":15,"audio":[],"currentlang":"en","article":"'List of man-made objects on the Moon' is a partial listing of artificial\nmaterials on the Lunar surface. The table below does not separately list small\nitems such as retroreflectors, Apollo Lunar Surface Experiment Packages, or the\ncommemorative and personal objects left there by Apollo astronauts, such as the\ngolf balls from Alan Shepard's lunar driving practice during Apollo 14, flags,\nAlan Bean's silver astronaut pin, or the Fallen Astronaut statuette left by the\ncrew of Apollo 15.\n\nIn 1969, Buzz Aldrin administered the Eucharist on the Moon, later telling\n[[Guideposts]]that \"It was interesting for me to think: the very first liquid\never poured on the moon, and the very first food eaten there, were the communion\nelements.\"\n\n\n__TOC__ The remains of five S-IVB third stages of Saturn V rockets from the\nApollo program are the heaviest single pieces sent to the Lunar surface. Mankind\nhas left over 170,000 kg of material on the Moon, and 382 kg of the Moon\nwas taken back to Earth by Apollo and Luna missions. The only artificial objects\non the Moon that are still in use are the retroreflectors for the lunar laser\nranging experiments left there by the Apollo 11, 14, and 15 astronauts and by\nthe Lunokhod 1 and Lunokhod 2 missions. [http://books.google.com/booksid=aq-\n_uDo2shjAC&pg=PA300&dq=retroreflectors+on+the+Moon&hl=en&sa=X&ei=TcuqT8vDLoXBtg-\nfe9dmkAg&ved=0CD8Q6AEwAA#v=onepage&q=retroreflectors%20on%20the%20Moon&f=false\nSlava G. Turyshev - From Quantum to Cosmos: Fundamental Physics Research in\nSpace (2009) - Page 300]\n\nObjects at greater than 90 degrees east or west are on the far side of the Moon,\nincluding Ranger 4, Lunar Orbiter 1, Lunar Orbiter 2, and Lunar Orbiter 3.\n\n{| class=\"wikitable sortable\"\n|-\n! align=left | Artificial object align=left | Image align=center | Nationality\n! align=center | Year align=center | Mass (kg) align=right | Status align=right\n! | Location align=right | Picture from orbit\n|- Luna 2\n|\n| USSR align=right | 1959 align=right | 390.2 align=right | Intent. crashed\n| align=right | \n|\n|- Ranger 4\n|\n| United States align=right | 1962 align=right | 331 align=right |\n| Intent. crashed align=right | \n|\n|- Ranger 6\n|\n| United States align=right | 1964 align=right | 381 align=right |\n| Intent. crashed align=right | \n|\n|- Ranger 7\n|\n| United States align=right | 1964 align=right | 365.7 align=right |\n| Intent. crashed align=right | \n|\n|- Luna 5\n|\n| USSR align=right | 1965 align=right | 1474 align=right | Crashed align=right |\n| \n|\n|- Luna 7\n|\n| USSR align=right | 1965 align=right | 1504 align=right | Crashed align=right |\n| \n|\n|- Luna 8\n|\n| USSR align=right | 1965 align=right | 1550 align=right | Crashed align=right |\n| \n|\n|- Ranger 8\n|\n| United States align=right | 1965 align=right | 367 align=right |\n| Intent. crashed align=right | \n|\n|- Ranger 9\n|\n| United States align=right | 1965 align=right | 367 align=right |\n| Intent. crashed align=right | \n|\n|- Luna 9\n|\n| USSR align=right | 1966 align=right | 1580 align=right | Landed align=right |\n| \n|\n|- Luna 10\n|\n| USSR align=right | 1966 align=right | 1600 align=right | Crashed (post-\n| mission) align=right | ? Spacecraft was in lunar orbit but\n| is assumed to have decayed from orbit and crashed into the moon, location\n| unknown.\n|\n|- Luna 11\n|\n| USSR align=right | 1966 align=right | 1640 align=right | Crashed align=right |\n| ? \n|\n|- Luna 12\n|\n| USSR align=right | 1966 align=right | 1670 align=right | Crashed align=right |\n| ? \n|\n|- Luna 13\n|\n| USSR align=right | 1966 align=right | 1700 align=right | Landed align=right |\n| \n|\n|- Surveyor 1\n|\n| United States align=right | 1966 align=right | 270 align=right | Landed\n| align=right |  align=right | [http://lroc.sese.asu.edu/news/index.php?/archives/117-Surveyor-1-Americas-\n| first-soft-lunar-landing.html LROC page] - Lunar Orbiter 1\n|\n| United States align=right | 1966 align=right | 386 align=right | Crashed (post-\n| mission) align=right | \n|\n|- Surveyor 2\n|\n| United States align=right | 1966 align=right | 292 align=right | Crashed\n| align=right | \n|\n|- Lunar Orbiter 2\n|\n| United States align=right | 1966 align=right | 385 align=right | Crashed (post-\n| mission) align=right | \n|\n|- Lunar Orbiter 3\n|\n| United States align=right | 1966 align=right | 386 align=right | Crashed (post-\n| mission) align=right | \n|\n|- Surveyor 3\n|\n| United States align=right | 1967 align=right | 281 Apollo 12 returned\n| about 10 kg of the Surveyor 3's original landing mass of 302 kg to Earth to\n| study the effects of long term exposure. align=right | Landed\n| align=right |  align=right | [http://lroc.sese.asu.edu/news/index.php?/archives/98-First-Look-Apollo-12-\n| and-Surveyor-3.html LROC page] - Lunar Orbiter 4\n|\n| United States align=right | 1967 align=right | 386 align=right | Crashed (post-\n| mission) align=right | ? \n|\n|- Surveyor 4\n|\n| United States align=right | 1967 align=right | 283 align=right | Crashed\n| align=right | \n|\n|- Explorer 35 (IMP-E)\n|\n| United States align=right | 1967 align=right | 104.3 align=right | Crashed\n| align=right | ? \n|\n|- Lunar Orbiter 5\n|\n| United States align=right | 1967 align=right | 386 align=right | Crashed (post-\n| mission) align=right | \n|\n|- Surveyor 5\n|\n| United States align=right | 1967 align=right | 281 align=right | Landed\n| align=right |  align=right | [http://lroc.sese.asu.edu/news/index.php?/archives/204-Surveyor-5-A-hole-in-\n| one.html LROC page] - Surveyor 6\n|\n| United States align=right | 1967 align=right | 282 align=right | Landed\n| align=right |  align=right | [http://lroc.sese.asu.edu/news/index.php?/archives/199-Surveyor-6-on-the-\n| plains-of-Sinus-Medii.html#extended LROC page] - Surveyor 7\n|\n| United States align=right | 1967 align=right | 290 align=right | Landed\n| align=right | \n|\n|- Luna 14\n|\n| USSR align=right | 1968 align=right | 1670 align=right | Crashed align=right |\n| ? \n|\n|- Apollo 10 LM (Snoopy) descent stage\n|\n| United States align=right | 1969 align=right | 2211 align=right | Crashed\n| align=right | ? (post-mission) \n|\n|- Luna 15\n|\n| USSR align=right | 1969 align=right | 2718 align=right | Crashed align=right |\n| ? \n|\n|- Apollo 11 LM-5 (Eagle) descent stage\n|\n| United States align=right | 1969 align=right | 2034 align=right | Landed\n| align=right |  align=right | [http://lroc.sese.asu.edu/news/index.php?/archives/142-Apollo-11-Landing-\n| Site.html LROC page]\n[http://lroc.sese.asu.edu/news/uploads/lm_westcrater.png Image]\n|- Apollo 11 LM ascent stage The ascent stage of Apollo 10 was\n|commanded to fire its engine, left lunar orbit and entered solar orbit. The\n|ascent stage of Apollo 11 was left in orbit and thereafter its orbit decayed\n|and it crashed onto the moon at an unknown location. The Apollo 16 ascent stage\n|failed to crash onto moon when commanded and it decayed from orbit at a later\n|date and also crashed at an unknown location. The ascent stages of the\n|remaining successful missions (Apollo 12, 14, 15, and 17) were each\n|deliberately crashed onto the moon. Apollo 13's complete Apollo Lunar Module\n|re-entered Earth's atmosphere after having served as a lifeboat during the\n|aborted mission.\n|\n| United States align=right | 1969 align=right | 2184 align=right | Crashed (post-\n| mission) align=right | ? \n|\n|- Apollo 12 LM-6 (Intrepid) descent stage\n|\n| United States align=right | 1969 align=right | 2211 align=right | Landed\n| align=right |  align=right | [http://lroc.sese.asu.edu/news/index.php?/archives/136-Apollo-12-Second-Look-\n| Midday-on-the-Ocean-of-Storms.html LROC page]\n[http://lroc.sese.asu.edu/news/uploads/M109386083R_thumb_anno2.serendipityThumb-\n.png Image]\n|- Apollo 12 LM ascent stage\n|\n| United States align=right | 1969 align=right | 2164 align=right | Crashed (post-\n| mission) align=right | \n|\n|- Luna 16 descent stage Luna program sample return mission;\n|mass listed is for both ascent and descent stages, though only the descent\n|stage was left on the moon.\n|\n| USSR align=right | 1970 align=right | \n|\n|- Luna 17 & Lunokhod 1 \n|\n| USSR align=right | 1970 align=right | 5600 align=right | Landed align=right |\n| \n|\n|- Apollo 13 S-IVB (S-IVB-508) Astronautix.com,\n|[http://www.astronautix.com/flights/apollo13.htm Apollo 13]: The S-IVB/IU\n|impacted the lunar surface at 8:10 p.m. EST on April 14 at a speed of 259\n|meters per second (incorrect, should probably be 2590 meters/sec), [â¦] 137.1\n|kilometers from the Apollo 12 seismometer.\n|\n| United States align=right | 1970 align=right | 13454 align=right |\n| Intent. crashed align=right | \n|\n|- Luna 18\n|\n| USSR align=right | 1971 align=right | 5600 align=right | Crashed align=right |\n| \n|\n|- Luna 19\n|\n| USSR align=right | 1971 align=right | 5600 align=right | Crashed align=right |\n| ? \n|\n|- Apollo 14 S-IVB (S-IVB-509)\n|\n| United States align=right | 1971 align=right | 14016 align=right |\n| Intent. crashed align=right |  align=right | [http://lroc.sese.asu.edu/news/?archives/124-Apollo-14-SIVB-Impact-\n| Crater.html LROC page]\n[http://lroc.sese.asu.edu/news/uploads/ap14sivb_thumb.png Full image]\n|- Apollo 14 LM-8 (Antares) descent stage\n|\n| United States align=right | 1971 align=right | 2144 align=right | Landed\n| align=right | \n|\n|- Apollo 14 LM-8 ascent stage\n|\n| United States align=right | 1971 align=right | 2132 align=right | Crashed (post-\n| mission) align=right | \n|\n|- Apollo 15 S-IVB (S-IVB-510)\n|\n| United States align=right | 1971 align=right | 14036 align=right |\n| Intent. crashed align=right |  - Apollo 15 LM-10 (Falcon)\n| descent stage\n|\n| United States align=right | 1971 align=right | 2809 align=right | Landed\n| align=right |  align=right | [http://lroc.sese.asu.edu/news/index.php?/archives/527-Follow-the-\n| Tracks.html LROC page]\n[http://lroc.sese.asu.edu/news/uploads/M175252641LR_ap15.png Image]\n|- Apollo 15 Lunar Rover\n|\n| United States align=right | 1971 align=right | 462 align=right | Landed\n| align=right | - Apollo 15 LM-10 ascent (Falcon) stage\n|\n| United States align=right | 1971 align=right | 2132 align=right | Crashed (post-\n| mission) align=right | \n|\n|- Apollo 15 subsatellite\n|\n| United States align=right | 1971 align=right | 36 align=right | Crashed (post-\n| mission) align=right | ?\n|\n|- Luna 20 descent stage\n|\n| USSR align=right | 1972 align=right |  align=right | [http://lroc.sese.asu.edu/news/index.php?/archives/194-Soviet-Union-Lunar-\n| Sample-Return-Missions.html LROC page]\n[http://researchmatters.asu.edu/sites/default/files/images/sovietmoon2.-\nJPG Image]\n|- Apollo 16 S-IVB (S-IVB-511)\n|\n| United States align=right | 1972 align=right | 14002 align=right |\n| Intent. crashed align=right | \n|\n|- Apollo 16 LM-11 (Orion) descent stage\n|\n| United States align=right | 1972 align=right | 2765 align=right | Landed\n| align=right |  align=right | [http://lroc.sese.asu.edu/news/index.php?/archives/559-Orion,-Up-\n| Close.html LROC page]\n[http://lroc.sese.asu.edu/news/uploads/M175179080LRb_thumb.png Image]\n|- Apollo 16 Lunar Rover\n|\n| United States align=right | 1972 align=right | 462 align=right | Landed\n| align=right |\n|\n|- Apollo 16 LM-11 (Orion) ascent stage\n|\n| United States align=right | 1972 align=right | 2138 align=right | Crashed (post-\n| mission) align=right | ?\n|\n|- Apollo 16 subsatellite\n|\n| United States align=right | 1972 align=right | 36 align=right | Crashed (post-\n| mission) align=right | ?\n|\n|- Apollo 17 S-IVB (S-IVB-512)\n|\n| United States align=right | 1972 align=right | 13960 align=right |\n| Intent. crashed align=right | \n|\n|- Apollo 17 LM-12 (Challenger) descent stage\n|\n| United States align=right | 1972 align=right | 2798 align=right | Landed\n| align=right |  align=right | [http://lroc.sese.asu.edu/news/index.php?/archives/137-Exploring-the-Apollo-\n| 17-Site.html LROC page]\n[http://lroc.sese.asu.edu/news/uploads/challenger_4x.png Image]\n|- Apollo 17 Lunar Rover\n|\n| United States align=right | 1972 align=right | 462 align=right | Landed\n| align=right |\n|\n|- Apollo 17 LM-12 (Challenger) ascent stage\n|\n| United States align=right | 1972 align=right | 2150 align=right | Crashed (post-\n| mission) align=right | \n|\n|- Luna 21 & Lunokhod 2 Lander and rover weighed 1814 kg; the\n|rest assumed to have decayed in orbit and impacted the moon.\n|\n| USSR align=right | 1973 align=right | 4850 align=right | Landed align=right |\n| \n|\n|- Explorer 49 (RAE-B)\n|\n| United States align=right | 1973 align=right | 328 align=right | Crashed\n| align=right | ?\n|\n|- Luna 22\n|\n| USSR align=right | 1974 align=right | 4000 align=right | Crashed align=right |\n| ?\n|\n|- Luna 23\n|\n| USSR align=right | 1974 align=right | 5600 align=right | Landed align=right |\n| ~12.75ÂºN, ~62.2ÂºE align=right | [http://lroc.sese.asu.edu/news/index.php?/archives/539-Mare-Crisium-Failure-\n| then-Success.html LROC page]\n[http://lroc.sese.asu.edu/news/uploads/luna23_figure.png Image]\n|- Luna 24 descent stage\n|\n| USSR align=right | 1976 align=right |  align=right | [http://lroc.sese.asu.edu/news/index.php?/archives/539-Mare-Crisium-Failure-\n| then-Success.html LROC page]\n[http://lroc.sese.asu.edu/news/uploads/LROCiotw/luna24_rev_fig.png Image]\n|- Hagoromo / Hiten Was injected into lunar orbit in 1990,\n|assumed to have decayed from orbit.\n|\n| Japan align=right | 1990 align=right | 12 align=right | Crashed (orbit /\n| crash not confirmed) align=right | ?\n|\n|- Hiten\n|\n| Japan align=right | 1993 align=right | 143 align=right | Intent. crashed\n| align=right | \n|\n|- Lunar Prospector\n|\n| United States align=right | 1998 align=right | 126 align=right |\n| Intent. crashed align=right | \n|\n|- SMART-1\n|\n| 18 ESA nations align=right | 2006 align=right | 307 align=right |\n| Intent. crashed align=right | \n|\n|- Moon Impact Probe (MIP) / Chandrayaan-1  India\n|align=right | 2008 align=right | 35 align=right | Intent. crashed\n|align=right | MIP was crash-landed on the Shackleton\n|crater\n|\n|- SELENE Rstar (Okina)\n|\n| Japan align=right | 2009 align=right | 53 align=right | Crashed align=right |\n| \n|\n|- Chang'e 1\n|\n| China align=right | 2009 align=right | 2000 / cf. 2.3t\n| with fuel () align=right | Intent. crashed align=right |\n| \n|\n|- Chandrayaan-1\n|\n| India align=right | 2009 align=right | 1,380 align=right | Crashed during\n| mission align=right | ?\n|\n|- SELENE (Kaguya) main orbiter\n|\n| Japan align=right | 2009 align=right | 1984\n| align=right | Intent. crashed align=right |\n| \n|\n|- LCROSS Shepherding Spacecraft\n|\n| United States align=right | 2009 align=right | 700 align=right |\n| Intent. crashed align=right | , -3.80909 km elevation (Cabeus\n| crater) \n|\n|- LCROSS Centaur\n|\n| United States align=right | 2009 align=right | 2270 align=right |\n| Intent. crashed align=right | , -3.82693 km elevation (Cabeus\n| crater) \n|\n|- GRAIL\n|\n| United States align=right | 2012 align=right | 132.6 align=right | Crashed (post-\n| mission) align=right | \n|\n|- colspan=4 align=center | 'Total estimated dry mass (kg)' align=right |\n|178,796 colspan=3 | }\n\n","linknr":915,"url":"List_of_artificial_objects_on_the_Moon","recorded":1375089251,"links":["/w/index.php?title=List_of_man-made_objects_on_the_Moon&action=edit","/w/index.php?title=List_of_man-made_objects_on_the_Moon&action=edit","//bits.wikimedia.org/favicon/wikipedia.ico","/w/opensearch_desc.php","//en.wikipedia.org/w/api.php?action=rsd","//creativecommons.org/licenses/by-sa/3.0/","/w/index.php?title=Special:RecentChanges&feed=atom","/wiki/List_of_man-made_objects_on_the_Moon","//bits.wikimedia.org/en.wikipedia.org/load.php?debug=false&lang=en&modules=ext.gadget.DRN-wizard%2CReferenceTooltips%2Ccharinsert%2Cteahouse%7Cext.rtlcite%2Cwikihiero%7Cext.uls.nojs%7Cmediawiki.legacy.commonPrint%2Cshared%7Cmw.PopUpMediaTransform%7Cskins.vector&only=styles&skin=vector&*","//bits.wikimedia.org/en.wikipedia.org/load.php?debug=false&lang=en&modules=site&only=styles&skin=vector&*","//bits.wikimedia.org/en.wikipedia.org/load.php?debug=false&lang=en&modules=startup&only=scripts&skin=vector&*","//bits.wikimedia.org/geoiplookup","//meta.wikimedia.org","/w/index.php?title=List_of_artificial_objects_on_the_Moon&redirect=no","#mw-navigation","#p-search","/wiki/Retroreflector","/wiki/Apollo_Lunar_Surface_Experiment_Package","/wiki/Project_Apollo","/wiki/Astronauts","/wiki/Golf_ball","/wiki/Alan_Shepard","/wiki/Apollo_14","/wiki/Lunar_Flag_Assembly","/wiki/Alan_Bean","/wiki/Astronaut_pin","/wiki/Fallen_Astronaut","/wiki/Apollo_15","/wiki/Buzz_Aldrin","/wiki/Eucharist","/wiki/Guideposts","#cite_note-Hallowell-1","#cite_note-2","#Gallery","#See_also","#Notes","#External_links","/wiki/S-IVB","/wiki/Saturn_V","/wiki/Moon_rock","/wiki/Luna_program","/wiki/Lunar_laser_ranging_experiment","/wiki/Apollo_11","/wiki/Lunokhod_1","/wiki/Lunokhod_2","#cite_note-3","/wiki/Far_side_(Moon)","/wiki/Ranger_4","/wiki/Lunar_Orbiter_1","/wiki/Lunar_Orbiter_2","/wiki/Lunar_Orbiter_3","/wiki/Kilogram","/wiki/Luna_2","/wiki/File:Luna_2_Soviet_moon_probe.jpg","//upload.wikimedia.org/wikipedia/commons/thumb/2/20/Luna_2_Soviet_moon_probe.jpg/80px-Luna_2_Soviet_moon_probe.jpg","/wiki/Soviet_Union","//tools.wmflabs.org/geohack/geohack.php?pagename=List_of_man-made_objects_on_the_Moon&params=29.1_N_0_W_globe:Moon","#cite_note-4","/wiki/Ranger_4","/wiki/File:1964_71394L.jpg","//upload.wikimedia.org/wikipedia/commons/thumb/0/0c/1964_71394L.jpg/80px-1964_71394L.jpg","/wiki/United_States","//tools.wmflabs.org/geohack/geohack.php?pagename=List_of_man-made_objects_on_the_Moon&params=15.5_S_130.7_W_globe:Moon","#cite_note-5","/wiki/Ranger_6","/wiki/File:GPN-2000-001979.jpg","//upload.wikimedia.org/wikipedia/commons/thumb/6/60/GPN-2000-001979.jpg/80px-GPN-2000-001979.jpg","//tools.wmflabs.org/geohack/geohack.php?pagename=List_of_man-made_objects_on_the_Moon&params=9.358_N_21.480_E_globe:Moon","#cite_note-6","/wiki/Ranger_7","/wiki/File:GPN-2000-001979.jpg","//upload.wikimedia.org/wikipedia/commons/thumb/6/60/GPN-2000-001979.jpg/80px-GPN-2000-001979.jpg","//tools.wmflabs.org/geohack/geohack.php?pagename=List_of_man-made_objects_on_the_Moon&params=10.63_S_20.60_W_globe:Moon","#cite_note-7","/wiki/Luna_5","//tools.wmflabs.org/geohack/geohack.php?pagename=List_of_man-made_objects_on_the_Moon&params=8_N_23_W_globe:Moon","#cite_note-8","/wiki/Luna_7","//tools.wmflabs.org/geohack/geohack.php?pagename=List_of_man-made_objects_on_the_Moon&params=9.8_N_47.8_W_globe:Moon","#cite_note-9","/wiki/Luna_8","//tools.wmflabs.org/geohack/geohack.php?pagename=List_of_man-made_objects_on_the_Moon&params=9.1_N_63.3_W_globe:Moon","#cite_note-10","/wiki/Ranger_8","/wiki/File:GPN-2000-001979.jpg","//upload.wikimedia.org/wikipedia/commons/thumb/6/60/GPN-2000-001979.jpg/80px-GPN-2000-001979.jpg","//tools.wmflabs.org/geohack/geohack.php?pagename=List_of_man-made_objects_on_the_Moon&params=2.638_N_24.787_E_globe:Moon","#cite_note-11","/wiki/Ranger_9","/wiki/File:GPN-2000-001979.jpg","//upload.wikimedia.org/wikipedia/commons/thumb/6/60/GPN-2000-001979.jpg/80px-GPN-2000-001979.jpg","//tools.wmflabs.org/geohack/geohack.php?pagename=List_of_man-made_objects_on_the_Moon&params=12.828_S_2.387_W_globe:Moon","#cite_note-12","/wiki/Luna_9","/wiki/File:Luna-9_spacecraft.jpg","//upload.wikimedia.org/wikipedia/commons/thumb/2/24/Luna-9_spacecraft.jpg/80px-Luna-9_spacecraft.jpg","//tools.wmflabs.org/geohack/geohack.php?pagename=List_of_man-made_objects_on_the_Moon&params=7.08_N_64.37_W_globe:Moon","#cite_note-13","/wiki/Luna_10","/wiki/File:Luna_orbiter_bus.jpg","//upload.wikimedia.org/wikipedia/commons/thumb/e/ed/Luna_orbiter_bus.jpg/80px-Luna_orbiter_bus.jpg","#cite_note-note1-14","#cite_note-15","/wiki/Luna_11","/wiki/File:Luna-11_12.jpg","//upload.wikimedia.org/wikipedia/commons/thumb/b/bb/Luna-11_12.jpg/80px-Luna-11_12.jpg","#cite_note-note1-14","#cite_note-16","/wiki/Luna_12","/wiki/File:Luna-11_12.jpg","//upload.wikimedia.org/wikipedia/commons/thumb/b/bb/Luna-11_12.jpg/80px-Luna-11_12.jpg","#cite_note-note1-14","#cite_note-17","/wiki/Luna_13","//tools.wmflabs.org/geohack/geohack.php?pagename=List_of_man-made_objects_on_the_Moon&params=18.87_N_62.05_W_globe:Moon","#cite_note-18","/wiki/Surveyor_1","/wiki/File:Surveyor_NASA_lunar_lander.jpg","//upload.wikimedia.org/wikipedia/commons/thumb/2/2a/Surveyor_NASA_lunar_lander.jpg/80px-Surveyor_NASA_lunar_lander.jpg","//tools.wmflabs.org/geohack/geohack.php?pagename=List_of_man-made_objects_on_the_Moon&params=2.474_S_43.339_W_globe:Moon","#cite_note-19","http://lroc.sese.asu.edu/news/index.php?/archives/117-Surveyor-1-Americas-first-soft-lunar-landing.html","/wiki/Lunar_Orbiter","/wiki/File:Lunar_orbiter_1_(large).jpg","//upload.wikimedia.org/wikipedia/commons/thumb/b/bb/Lunar_orbiter_1_%28large%29.jpg/80px-Lunar_orbiter_1_%28large%29.jpg","//tools.wmflabs.org/geohack/geohack.php?pagename=List_of_man-made_objects_on_the_Moon&params=6.70_N_162_E_globe:Moon","#cite_note-20","/wiki/Surveyor_2","/wiki/File:Surveyor_NASA_lunar_lander.jpg","//upload.wikimedia.org/wikipedia/commons/thumb/2/2a/Surveyor_NASA_lunar_lander.jpg/80px-Surveyor_NASA_lunar_lander.jpg","//tools.wmflabs.org/geohack/geohack.php?pagename=List_of_man-made_objects_on_the_Moon&params=5.5_S_12_W_globe:Moon","#cite_note-21","/wiki/Lunar_Orbiter_2","/wiki/File:Lunar_orbiter_1_(large).jpg","//upload.wikimedia.org/wikipedia/commons/thumb/b/bb/Lunar_orbiter_1_%28large%29.jpg/80px-Lunar_orbiter_1_%28large%29.jpg","//tools.wmflabs.org/geohack/geohack.php?pagename=List_of_man-made_objects_on_the_Moon&params=3.0_N_119_E_globe:Moon","#cite_note-22","/wiki/Lunar_Orbiter_3","/wiki/File:Lunar_orbiter_1_(large).jpg","//upload.wikimedia.org/wikipedia/commons/thumb/b/bb/Lunar_orbiter_1_%28large%29.jpg/80px-Lunar_orbiter_1_%28large%29.jpg","//tools.wmflabs.org/geohack/geohack.php?pagename=List_of_man-made_objects_on_the_Moon&params=14.3_N_97.7_W_globe:Moon","#cite_note-23","/wiki/Surveyor_3","/wiki/File:Surveyor_3_on_the_Moon.jpg","//upload.wikimedia.org/wikipedia/commons/thumb/8/89/Surveyor_3_on_the_Moon.jpg/80px-Surveyor_3_on_the_Moon.jpg","#cite_note-24","//tools.wmflabs.org/geohack/geohack.php?pagename=List_of_man-made_objects_on_the_Moon&params=3.015_S_23.418_W_globe:Moon","#cite_note-25","http://lroc.sese.asu.edu/news/index.php?/archives/98-First-Look-Apollo-12-and-Surveyor-3.html","/wiki/Lunar_Orbiter_4","/wiki/File:Lunar_orbiter_1_(large).jpg","//upload.wikimedia.org/wikipedia/commons/thumb/b/bb/Lunar_orbiter_1_%28large%29.jpg/80px-Lunar_orbiter_1_%28large%29.jpg","#cite_note-note1-14","#cite_note-26","/wiki/Surveyor_4","/wiki/File:Surveyor_NASA_lunar_lander.jpg","//upload.wikimedia.org/wikipedia/commons/thumb/2/2a/Surveyor_NASA_lunar_lander.jpg/80px-Surveyor_NASA_lunar_lander.jpg","//tools.wmflabs.org/geohack/geohack.php?pagename=List_of_man-made_objects_on_the_Moon&params=0.4_N_1.33_W_globe:Moon","#cite_note-27","/wiki/Explorer_35","/wiki/File:IMP-E.jpg","//upload.wikimedia.org/wikipedia/commons/thumb/4/49/IMP-E.jpg/80px-IMP-E.jpg","#cite_note-note1-14","#cite_note-28","/wiki/Lunar_Orbiter_5","/wiki/File:Lunar_orbiter_1_(large).jpg","//upload.wikimedia.org/wikipedia/commons/thumb/b/bb/Lunar_orbiter_1_%28large%29.jpg/80px-Lunar_orbiter_1_%28large%29.jpg","//tools.wmflabs.org/geohack/geohack.php?pagename=List_of_man-made_objects_on_the_Moon&params=3_S_83_W_globe:Moon","#cite_note-29","/wiki/Surveyor_5","/wiki/File:Surveyor_NASA_lunar_lander.jpg","//upload.wikimedia.org/wikipedia/commons/thumb/2/2a/Surveyor_NASA_lunar_lander.jpg/80px-Surveyor_NASA_lunar_lander.jpg","//tools.wmflabs.org/geohack/geohack.php?pagename=List_of_man-made_objects_on_the_Moon&params=1.461_N_23.195_E_globe:Moon","#cite_note-30","http://lroc.sese.asu.edu/news/index.php?/archives/204-Surveyor-5-A-hole-in-one.html","/wiki/Surveyor_6","/wiki/File:Surveyor_NASA_lunar_lander.jpg","//upload.wikimedia.org/wikipedia/commons/thumb/2/2a/Surveyor_NASA_lunar_lander.jpg/80px-Surveyor_NASA_lunar_lander.jpg","//tools.wmflabs.org/geohack/geohack.php?pagename=List_of_man-made_objects_on_the_Moon&params=0.49_N_1.40_W_globe:Moon","#cite_note-31","http://lroc.sese.asu.edu/news/index.php?/archives/199-Surveyor-6-on-the-plains-of-Sinus-Medii.html#extended","/wiki/Surveyor_7","/wiki/File:Surveyor_NASA_lunar_lander.jpg","//upload.wikimedia.org/wikipedia/commons/thumb/2/2a/Surveyor_NASA_lunar_lander.jpg/80px-Surveyor_NASA_lunar_lander.jpg","//tools.wmflabs.org/geohack/geohack.php?pagename=List_of_man-made_objects_on_the_Moon&params=40.86_S_11.47_W_globe:Moon","#cite_note-32","/wiki/Luna_14","/wiki/File:Luna-11_12.jpg","//upload.wikimedia.org/wikipedia/commons/thumb/b/bb/Luna-11_12.jpg/80px-Luna-11_12.jpg","#cite_note-note1-14","#cite_note-33","/wiki/Apollo_10","/wiki/Apollo_Lunar_Module","/wiki/File:LEM-linedrawing.png","//upload.wikimedia.org/wikipedia/commons/thumb/e/e0/LEM-linedrawing.png/80px-LEM-linedrawing.png","#cite_note-note1-14","#cite_note-34","/wiki/Luna_15","/wiki/File:Luna-16.jpg","//upload.wikimedia.org/wikipedia/commons/thumb/7/7b/Luna-16.jpg/80px-Luna-16.jpg","#cite_note-35","/wiki/Apollo_11","/wiki/File:5927_NASA.jpg","//upload.wikimedia.org/wikipedia/commons/thumb/8/8b/5927_NASA.jpg/80px-5927_NASA.jpg","//tools.wmflabs.org/geohack/geohack.php?pagename=List_of_man-made_objects_on_the_Moon&params=0.6741_N_23.4730_E_globe:Moon","#cite_note-36","http://lroc.sese.asu.edu/news/index.php?/archives/142-Apollo-11-Landing-Site.html","http://lroc.sese.asu.edu/news/uploads/lm_westcrater.png","#cite_note-note2-37","/wiki/File:Apollo_17_LM_Ascent_Stage.jpg","//upload.wikimedia.org/wikipedia/commons/thumb/c/c2/Apollo_17_LM_Ascent_Stage.jpg/80px-Apollo_17_LM_Ascent_Stage.jpg","#cite_note-38","/wiki/Apollo_12","/wiki/File:Bean_Descends_Intrepid_-_GPN-2000-001317.jpg","//upload.wikimedia.org/wikipedia/commons/thumb/7/78/Bean_Descends_Intrepid_-_GPN-2000-001317.jpg/80px-Bean_Descends_Intrepid_-_GPN-2000-001317.jpg","//tools.wmflabs.org/geohack/geohack.php?pagename=List_of_man-made_objects_on_the_Moon&params=3.0124_S_23.4216_W_globe:Moon","#cite_note-39","http://lroc.sese.asu.edu/news/index.php?/archives/136-Apollo-12-Second-Look-Midday-on-the-Ocean-of-Storms.html","http://lroc.sese.asu.edu/news/uploads/M109386083R_thumb_anno2.serendipityThumb.png","#cite_note-note2-37","/wiki/File:Apollo_17_LM_Ascent_Stage.jpg","//upload.wikimedia.org/wikipedia/commons/thumb/c/c2/Apollo_17_LM_Ascent_Stage.jpg/80px-Apollo_17_LM_Ascent_Stage.jpg","//tools.wmflabs.org/geohack/geohack.php?pagename=List_of_man-made_objects_on_the_Moon&params=3.94_S_21.20_W_globe:Moon","#cite_note-40","/wiki/Luna_16","#cite_note-note3-41","/wiki/File:Luna-16.jpg","//upload.wikimedia.org/wikipedia/commons/thumb/7/7b/Luna-16.jpg/80px-Luna-16.jpg","//tools.wmflabs.org/geohack/geohack.php?pagename=List_of_man-made_objects_on_the_Moon&params=0.68_S_56.3_E_globe:Moon","#cite_note-42","/wiki/Luna_17","/wiki/Lunokhod_1","/wiki/File:Lunokhod_1.jpg","//upload.wikimedia.org/wikipedia/commons/thumb/2/2b/Lunokhod_1.jpg/80px-Lunokhod_1.jpg","//tools.wmflabs.org/geohack/geohack.php?pagename=List_of_man-made_objects_on_the_Moon&params=38.28_N_35.0_W_globe:Moon","#cite_note-43","/wiki/Apollo_13","/wiki/S-IVB","#cite_note-44","/wiki/File:Saturn_IB_Second_Stage_with_open_LM_adapter.jpg","//upload.wikimedia.org/wikipedia/commons/thumb/7/7c/Saturn_IB_Second_Stage_with_open_LM_adapter.jpg/80px-Saturn_IB_Second_Stage_with_open_LM_adapter.jpg","//tools.wmflabs.org/geohack/geohack.php?pagename=List_of_man-made_objects_on_the_Moon&params=2.75_S_27.86_W_globe:Moon","#cite_note-45","/wiki/Luna_18","/wiki/File:Luna-16.jpg","//upload.wikimedia.org/wikipedia/commons/thumb/7/7b/Luna-16.jpg/80px-Luna-16.jpg","//tools.wmflabs.org/geohack/geohack.php?pagename=List_of_man-made_objects_on_the_Moon&params=3.57_N_56.5_E_globe:Moon","#cite_note-46","/wiki/Luna_19","/wiki/File:Luna-22.jpg","//upload.wikimedia.org/wikipedia/commons/thumb/e/ea/Luna-22.jpg/80px-Luna-22.jpg","#cite_note-note1-14","#cite_note-47","/wiki/Apollo_14","/wiki/File:Saturn_IB_Second_Stage_with_open_LM_adapter.jpg","//upload.wikimedia.org/wikipedia/commons/thumb/7/7c/Saturn_IB_Second_Stage_with_open_LM_adapter.jpg/80px-Saturn_IB_Second_Stage_with_open_LM_adapter.jpg","//tools.wmflabs.org/geohack/geohack.php?pagename=List_of_man-made_objects_on_the_Moon&params=8.09_S_26.02_W_globe:Moon","#cite_note-48","http://lroc.sese.asu.edu/news/?archives/124-Apollo-14-SIVB-Impact-Crater.html","http://lroc.sese.asu.edu/news/uploads/ap14sivb_thumb.png","/wiki/Apollo_14","/wiki/File:LRO_Apollo14_landing_site_369228main_ap14labeled_540.jpg","//upload.wikimedia.org/wikipedia/commons/thumb/4/40/LRO_Apollo14_landing_site_369228main_ap14labeled_540.jpg/80px-LRO_Apollo14_landing_site_369228main_ap14labeled_540.jpg","//tools.wmflabs.org/geohack/geohack.php?pagename=List_of_man-made_objects_on_the_Moon&params=3.6453_S_17.4714_W_globe:Moon","#cite_note-49","/wiki/Apollo_14","#cite_note-note2-37","/wiki/File:Apollo_17_LM_Ascent_Stage.jpg","//upload.wikimedia.org/wikipedia/commons/thumb/c/c2/Apollo_17_LM_Ascent_Stage.jpg/80px-Apollo_17_LM_Ascent_Stage.jpg","//tools.wmflabs.org/geohack/geohack.php?pagename=List_of_man-made_objects_on_the_Moon&params=3.42_S_19.67_W_globe:Moon","#cite_note-50","/wiki/Apollo_15","/wiki/File:Saturn_IB_Second_Stage_with_open_LM_adapter.jpg","//upload.wikimedia.org/wikipedia/commons/thumb/7/7c/Saturn_IB_Second_Stage_with_open_LM_adapter.jpg/80px-Saturn_IB_Second_Stage_with_open_LM_adapter.jpg","//tools.wmflabs.org/geohack/geohack.php?pagename=List_of_man-made_objects_on_the_Moon&params=1.51_S_11.81_W_globe:Moon","#cite_note-51","/wiki/Apollo_15","/wiki/File:Apollo16LM.jpg","//upload.wikimedia.org/wikipedia/commons/thumb/2/2a/Apollo16LM.jpg/80px-Apollo16LM.jpg","//tools.wmflabs.org/geohack/geohack.php?pagename=List_of_man-made_objects_on_the_Moon&params=26.1322_N_3.6339_E_globe:Moon","#cite_note-52","http://lroc.sese.asu.edu/news/index.php?/archives/527-Follow-the-Tracks.html","http://lroc.sese.asu.edu/news/uploads/M175252641LR_ap15.png","/wiki/Apollo_15","/wiki/Lunar_rover_(Apollo)","/wiki/File:Apollo15LunarRover.jpg","//upload.wikimedia.org/wikipedia/commons/thumb/e/ed/Apollo15LunarRover.jpg/80px-Apollo15LunarRover.jpg","//tools.wmflabs.org/geohack/geohack.php?pagename=List_of_man-made_objects_on_the_Moon&params=26.08_N_3.66_E_globe:Moon","/wiki/Apollo_15","#cite_note-note2-37","/wiki/File:Apollo_17_LM_Ascent_Stage.jpg","//upload.wikimedia.org/wikipedia/commons/thumb/c/c2/Apollo_17_LM_Ascent_Stage.jpg/80px-Apollo_17_LM_Ascent_Stage.jpg","//tools.wmflabs.org/geohack/geohack.php?pagename=List_of_man-made_objects_on_the_Moon&params=26.36_N_0.25_E_globe:Moon","#cite_note-53","/wiki/File:Apollo_15_Subsatellite.jpg","//upload.wikimedia.org/wikipedia/commons/thumb/f/fb/Apollo_15_Subsatellite.jpg/80px-Apollo_15_Subsatellite.jpg","#cite_note-note1-14","#cite_note-54","/wiki/Luna_20","#cite_note-note3-41","/wiki/File:Luna-16.jpg","//upload.wikimedia.org/wikipedia/commons/thumb/7/7b/Luna-16.jpg/80px-Luna-16.jpg","//tools.wmflabs.org/geohack/geohack.php?pagename=List_of_man-made_objects_on_the_Moon&params=3.57_N_56.5_E_globe:Moon","#cite_note-55","http://lroc.sese.asu.edu/news/index.php?/archives/194-Soviet-Union-Lunar-Sample-Return-Missions.html","http://researchmatters.asu.edu/sites/default/files/images/sovietmoon2.JPG","/wiki/Apollo_16","/wiki/File:Saturn_IB_Second_Stage_with_open_LM_adapter.jpg","//upload.wikimedia.org/wikipedia/commons/thumb/7/7c/Saturn_IB_Second_Stage_with_open_LM_adapter.jpg/80px-Saturn_IB_Second_Stage_with_open_LM_adapter.jpg","//tools.wmflabs.org/geohack/geohack.php?pagename=List_of_man-made_objects_on_the_Moon&params=1.3_N_23.8_W_globe:Moon","#cite_note-56","/wiki/Apollo_16","/wiki/File:Apollo16LM.jpg","//upload.wikimedia.org/wikipedia/commons/thumb/2/2a/Apollo16LM.jpg/80px-Apollo16LM.jpg","//tools.wmflabs.org/geohack/geohack.php?pagename=List_of_man-made_objects_on_the_Moon&params=8.9730_S_15.5002_E_globe:Moon","#cite_note-57","http://lroc.sese.asu.edu/news/index.php?/archives/559-Orion,-Up-Close.html","http://lroc.sese.asu.edu/news/uploads/M175179080LRb_thumb.png","/wiki/Apollo_16","/wiki/Lunar_rover_(Apollo)","/wiki/File:Apollo15LunarRover.jpg","//upload.wikimedia.org/wikipedia/commons/thumb/e/ed/Apollo15LunarRover.jpg/80px-Apollo15LunarRover.jpg","//tools.wmflabs.org/geohack/geohack.php?pagename=List_of_man-made_objects_on_the_Moon&params=8.97_S_15.51_E_globe:Moon","/wiki/Apollo_16","#cite_note-note2-37","/wiki/File:Apollo_17_LM_Ascent_Stage.jpg","//upload.wikimedia.org/wikipedia/commons/thumb/c/c2/Apollo_17_LM_Ascent_Stage.jpg/80px-Apollo_17_LM_Ascent_Stage.jpg","#cite_note-58","/wiki/File:Apollo_15_Subsatellite.jpg","//upload.wikimedia.org/wikipedia/commons/thumb/f/fb/Apollo_15_Subsatellite.jpg/80px-Apollo_15_Subsatellite.jpg","#cite_note-note1-14","#cite_note-59","/wiki/Apollo_17","/wiki/File:Saturn_IB_Second_Stage_with_open_LM_adapter.jpg","//upload.wikimedia.org/wikipedia/commons/thumb/7/7c/Saturn_IB_Second_Stage_with_open_LM_adapter.jpg/80px-Saturn_IB_Second_Stage_with_open_LM_adapter.jpg","//tools.wmflabs.org/geohack/geohack.php?pagename=List_of_man-made_objects_on_the_Moon&params=4.21_S_12.31_W_globe:Moon","#cite_note-60","/wiki/Apollo_17","/wiki/File:Apollo16LM.jpg","//upload.wikimedia.org/wikipedia/commons/thumb/2/2a/Apollo16LM.jpg/80px-Apollo16LM.jpg","//tools.wmflabs.org/geohack/geohack.php?pagename=List_of_man-made_objects_on_the_Moon&params=20.1908_N_30.7717_E_globe:Moon","#cite_note-61","http://lroc.sese.asu.edu/news/index.php?/archives/137-Exploring-the-Apollo-17-Site.html","http://lroc.sese.asu.edu/news/uploads/challenger_4x.png","/wiki/Lunar_rover_(Apollo)","/wiki/File:Apollo15LunarRover.jpg","//upload.wikimedia.org/wikipedia/commons/thumb/e/ed/Apollo15LunarRover.jpg/80px-Apollo15LunarRover.jpg","//tools.wmflabs.org/geohack/geohack.php?pagename=List_of_man-made_objects_on_the_Moon&params=20.17_N_30.77_E_globe:Moon","/wiki/Apollo_17","#cite_note-note2-37","/wiki/File:Apollo_17_LM_Ascent_Stage.jpg","//upload.wikimedia.org/wikipedia/commons/thumb/c/c2/Apollo_17_LM_Ascent_Stage.jpg/80px-Apollo_17_LM_Ascent_Stage.jpg","//tools.wmflabs.org/geohack/geohack.php?pagename=List_of_man-made_objects_on_the_Moon&params=19.96_N_30.50_E_globe:Moon","#cite_note-62","/wiki/Luna_21","/wiki/Lunokhod_2","#cite_note-note4-63","/wiki/File:Lunokhod2.jpg","//upload.wikimedia.org/wikipedia/commons/thumb/b/bb/Lunokhod2.jpg/80px-Lunokhod2.jpg","//tools.wmflabs.org/geohack/geohack.php?pagename=List_of_man-made_objects_on_the_Moon&params=25.85_N_30.45_E_globe:Moon","#cite_note-64","/wiki/Explorer_49","/wiki/RAE-B","/wiki/File:RAE_B.jpg","//upload.wikimedia.org/wikipedia/commons/thumb/a/a6/RAE_B.jpg/80px-RAE_B.jpg","#cite_note-note1-14","#cite_note-65","/wiki/Luna_22","/wiki/File:Luna-22.jpg","//upload.wikimedia.org/wikipedia/commons/thumb/e/ea/Luna-22.jpg/80px-Luna-22.jpg","#cite_note-note1-14","#cite_note-66","/wiki/Luna_23","#cite_note-67","http://lroc.sese.asu.edu/news/index.php?/archives/539-Mare-Crisium-Failure-then-Success.html","http://lroc.sese.asu.edu/news/uploads/luna23_figure.png","/wiki/Luna_24","#cite_note-note3-41","//tools.wmflabs.org/geohack/geohack.php?pagename=List_of_man-made_objects_on_the_Moon&params=12.75_N_62.2_E_globe:Moon","#cite_note-68","http://lroc.sese.asu.edu/news/index.php?/archives/539-Mare-Crisium-Failure-then-Success.html","http://lroc.sese.asu.edu/news/uploads/LROCiotw/luna24_rev_fig.png","/wiki/Hiten","#cite_note-note5-69","/wiki/File:Hiten.gif","//upload.wikimedia.org/wikipedia/commons/thumb/f/f3/Hiten.gif/80px-Hiten.gif","/wiki/Japan","#cite_note-70","/wiki/Hiten","/wiki/File:Hiten.gif","//upload.wikimedia.org/wikipedia/commons/thumb/f/f3/Hiten.gif/80px-Hiten.gif","/wiki/Japan","//tools.wmflabs.org/geohack/geohack.php?pagename=List_of_man-made_objects_on_the_Moon&params=34.3_S_55.6_E_globe:Moon","#cite_note-71","/wiki/Lunar_Prospector","/wiki/File:Lunar_Prospector_orbiter.jpg","//upload.wikimedia.org/wikipedia/commons/thumb/4/4c/Lunar_Prospector_orbiter.jpg/80px-Lunar_Prospector_orbiter.jpg","//tools.wmflabs.org/geohack/geohack.php?pagename=List_of_man-made_objects_on_the_Moon&params=87.7_S_42.35_E_globe:Moon","#cite_note-72","#cite_note-73","/wiki/SMART-1","/wiki/File:SMART-1_Impact_flash.jpg","//upload.wikimedia.org/wikipedia/commons/thumb/6/68/SMART-1_Impact_flash.jpg/80px-SMART-1_Impact_flash.jpg","/wiki/European_Space_Agency","//tools.wmflabs.org/geohack/geohack.php?pagename=List_of_man-made_objects_on_the_Moon&params=34.24_S_46.2_W_globe:Moon","#cite_note-74","/wiki/Moon_Impact_Probe","/wiki/Chandrayaan-1","/wiki/File:Chandrayaan-1.jpg","//upload.wikimedia.org/wikipedia/commons/thumb/0/08/Chandrayaan-1.jpg/80px-Chandrayaan-1.jpg","/wiki/India","//tools.wmflabs.org/geohack/geohack.php?pagename=List_of_man-made_objects_on_the_Moon&params=89_S_30_W_globe:Moon","#cite_note-75","#cite_note-76","#cite_note-77","/wiki/SELENE#Okina_.28small_relay_satellite.29","/wiki/Japan","//tools.wmflabs.org/geohack/geohack.php?pagename=List_of_man-made_objects_on_the_Moon&params=28.213_N_159.033_W_globe:Moon","#cite_note-78","#cite_note-79","#cite_note-80","/wiki/Chang%27e_1","/wiki/File:Chang_e_1.jpg","//upload.wikimedia.org/wikipedia/commons/thumb/a/ad/Chang_e_1.jpg/80px-Chang_e_1.jpg","/wiki/People%27s_Republic_of_China","#cite_note-pptdrymass-81","//tools.wmflabs.org/geohack/geohack.php?pagename=List_of_man-made_objects_on_the_Moon&params=1.50_S_52.36_E_globe:Moon","#cite_note-82","#cite_note-83","/wiki/Chandrayaan-1","/wiki/File:Chandrayaan-1.jpg","//upload.wikimedia.org/wikipedia/commons/thumb/0/08/Chandrayaan-1.jpg/80px-Chandrayaan-1.jpg","/wiki/India","#cite_note-84","/wiki/SELENE","/wiki/File:Kaguya_mark.jpg","//upload.wikimedia.org/wikipedia/en/thumb/c/c3/Kaguya_mark.jpg/80px-Kaguya_mark.jpg","/wiki/Japan","#cite_note-pptdrymass-81","//tools.wmflabs.org/geohack/geohack.php?pagename=List_of_man-made_objects_on_the_Moon&params=65.5_S_80.5_E_globe:Moon","#cite_note-85","#cite_note-86","#cite_note-87","/wiki/Lcross","/wiki/File:LCROSS_Centaur.jpg","//upload.wikimedia.org/wikipedia/commons/thumb/f/fc/LCROSS_Centaur.jpg/80px-LCROSS_Centaur.jpg","/wiki/United_States","//tools.wmflabs.org/geohack/geohack.php?pagename=List_of_man-made_objects_on_the_Moon&params=84.729_S_49.36_W_globe:Moon","#cite_note-88","#cite_note-89","/wiki/Centaur_(rocket_stage)","/wiki/File:LCROSS_Centaur_1.jpg","//upload.wikimedia.org/wikipedia/commons/thumb/6/6e/LCROSS_Centaur_1.jpg/80px-LCROSS_Centaur_1.jpg","/wiki/United_States","//tools.wmflabs.org/geohack/geohack.php?pagename=List_of_man-made_objects_on_the_Moon&params=84.675_S_48.725_W_globe:Moon","#cite_note-90","#cite_note-91","/wiki/Gravity_Recovery_and_Interior_Laboratory","/wiki/File:GRAIL.jpg","//upload.wikimedia.org/wikipedia/commons/thumb/c/cd/GRAIL.jpg/80px-GRAIL.jpg","/wiki/United_States","//tools.wmflabs.org/geohack/geohack.php?pagename=List_of_man-made_objects_on_the_Moon&params=75.62_N_26.63_W_globe:Moon","#cite_note-92","/w/index.php?title=List_of_man-made_objects_on_the_Moon&action=edit&section=1","/wiki/File:Moon_landing_map.jpg","//upload.wikimedia.org/wikipedia/commons/thumb/3/33/Moon_landing_map.jpg/220px-Moon_landing_map.jpg","/wiki/File:Moon_landing_map.jpg","//bits.wikimedia.org/static-1.22wmf10/skins/common/images/magnify-clip.png","/wiki/File:Lunokhod_1.jpg","//upload.wikimedia.org/wikipedia/commons/thumb/2/2b/Lunokhod_1.jpg/220px-Lunokhod_1.jpg","/wiki/File:Lunokhod_1.jpg","//bits.wikimedia.org/static-1.22wmf10/skins/common/images/magnify-clip.png","/wiki/Lunokhod_1","/wiki/File:Surveyor_3_on_the_Moon.jpg","//upload.wikimedia.org/wikipedia/commons/thumb/8/89/Surveyor_3_on_the_Moon.jpg/220px-Surveyor_3_on_the_Moon.jpg","/wiki/File:Surveyor_3_on_the_Moon.jpg","//bits.wikimedia.org/static-1.22wmf10/skins/common/images/magnify-clip.png","/wiki/Surveyor_3","/wiki/Alan_Bean","/wiki/File:Moon_map_grid_showing_artificial_objects_on_moon.PNG","//upload.wikimedia.org/wikipedia/commons/thumb/9/9d/Moon_map_grid_showing_artificial_objects_on_moon.PNG/220px-Moon_map_grid_showing_artificial_objects_on_moon.PNG","/wiki/File:Moon_map_grid_showing_artificial_objects_on_moon.PNG","//bits.wikimedia.org/static-1.22wmf10/skins/common/images/magnify-clip.png","/wiki/Clementine_(spacecraft)","/wiki/Equirectangular_projection","/wiki/File:Lunar_retroreflector_locations.jpg","//upload.wikimedia.org/wikipedia/commons/thumb/a/a8/Lunar_retroreflector_locations.jpg/220px-Lunar_retroreflector_locations.jpg","/wiki/File:Lunar_retroreflector_locations.jpg","//bits.wikimedia.org/static-1.22wmf10/skins/common/images/magnify-clip.png","/wiki/File:Apollo_11_Lunar_Laser_Ranging_Experiment.jpg","//upload.wikimedia.org/wikipedia/commons/thumb/0/08/Apollo_11_Lunar_Laser_Ranging_Experiment.jpg/220px-Apollo_11_Lunar_Laser_Ranging_Experiment.jpg","/wiki/File:Apollo_11_Lunar_Laser_Ranging_Experiment.jpg","//bits.wikimedia.org/static-1.22wmf10/skins/common/images/magnify-clip.png","/w/index.php?title=List_of_man-made_objects_on_the_Moon&action=edit&section=2","/wiki/Apollo_Lunar_Surface_Experiments_Package","/wiki/List_of_artificial_objects_on_extra-terrestrial_surfaces","/wiki/Timeline_of_planetary_exploration","/w/index.php?title=List_of_man-made_objects_on_the_Moon&action=edit&section=3","#cite_ref-Hallowell_1-0","http://www.theblaze.com/stories/2013/07/22/the-interesting-thing-buzz-aldrin-did-on-the-moon-and-how-an-atheist-might-be-behind-you-not-seeing-it/","#cite_ref-2","http://christian-daily-news.com/buzz-aldrins-communion-on-the-surface-of-the-moon/?doing_wp_cron=1369417027.4176449775695800781250","#cite_ref-3","http://books.google.com/booksid=aq_uDo2shjAC&pg=PA300&dq=retroreflectors+on+the+Moon&hl=en&sa=X&ei=TcuqT8vDLoXBtgfe9dmkAg&ved=0CD8Q6AEwAA#v=onepage&q=retroreflectors%20on%20the%20Moon&f=false","#cite_ref-4","http://nssdc.gsfc.nasa.gov/nmc/spacecraftDisplay.do?id=1959-014A","#cite_ref-5","http://nssdc.gsfc.nasa.gov/nmc/masterCatalog.do?sc=1962-012A","#cite_ref-6","http://nssdc.gsfc.nasa.gov/nmc/spacecraftDisplay.do?id=1964-007A","#cite_ref-7","http://nssdc.gsfc.nasa.gov/nmc/spacecraftDisplay.do?id=1964-041A","#cite_ref-8","http://nssdc.gsfc.nasa.gov/nmc/spacecraftDisplay.do?id=1965-036A","#cite_ref-9","http://nssdc.gsfc.nasa.gov/nmc/spacecraftDisplay.do?id=1965-077A","#cite_ref-10","http://nssdc.gsfc.nasa.gov/nmc/spacecraftDisplay.do?id=1965-099A","#cite_ref-11","http://nssdc.gsfc.nasa.gov/nmc/spacecraftDisplay.do?id=1965-010A","#cite_ref-12","http://nssdc.gsfc.nasa.gov/nmc/spacecraftDisplay.do?id=1965-023A","#cite_ref-13","http://nssdc.gsfc.nasa.gov/nmc/spacecraftDisplay.do?id=1966-006A","#cite_ref-note1_14-0","#cite_ref-note1_14-1","#cite_ref-note1_14-2","#cite_ref-note1_14-3","#cite_ref-note1_14-4","#cite_ref-note1_14-5","#cite_ref-note1_14-6","#cite_ref-note1_14-7","#cite_ref-note1_14-8","#cite_ref-note1_14-9","#cite_ref-note1_14-10","#cite_ref-note1_14-11","#cite_ref-15","http://nssdc.gsfc.nasa.gov/nmc/spacecraftDisplay.do?id=1966-027A","#cite_ref-16","http://nssdc.gsfc.nasa.gov/nmc/spacecraftDisplay.do?id=1966-078A","#cite_ref-17","http://nssdc.gsfc.nasa.gov/nmc/spacecraftDisplay.do?id=1966-094A","#cite_ref-18","http://nssdc.gsfc.nasa.gov/nmc/spacecraftOrbit.do?id=1966-116A","#cite_ref-19","http://nssdc.gsfc.nasa.gov/nmc/spacecraftDisplay.do?id=1966-045A","#cite_ref-20","http://nssdc.gsfc.nasa.gov/nmc/spacecraftDisplay.do?id=1966-073A","#cite_ref-21","http://nssdc.gsfc.nasa.gov/nmc/spacecraftDisplay.do?id=1966-084A","#cite_ref-22","http://nssdc.gsfc.nasa.gov/nmc/spacecraftDisplay.do?id=1966-100A","#cite_ref-23","http://nssdc.gsfc.nasa.gov/nmc/spacecraftDisplay.do?id=1967-008A","#cite_ref-24","#cite_ref-25","http://nssdc.gsfc.nasa.gov/nmc/spacecraftDisplay.do?id=1967-035A","#cite_ref-26","http://nssdc.gsfc.nasa.gov/nmc/spacecraftDisplay.do?id=1967-041A","#cite_ref-27","http://nssdc.gsfc.nasa.gov/nmc/spacecraftDisplay.do?id=1967-068A","#cite_ref-28","http://nssdc.gsfc.nasa.gov/nmc/spacecraftDisplay.do?id=1967-070A","#cite_ref-29","http://nssdc.gsfc.nasa.gov/nmc/spacecraftDisplay.do?id=1967-075A","#cite_ref-30","http://nssdc.gsfc.nasa.gov/nmc/spacecraftDisplay.do?id=1967-084A","#cite_ref-31","http://nssdc.gsfc.nasa.gov/nmc/spacecraftDisplay.do?id=1967-112A","#cite_ref-32","http://nssdc.gsfc.nasa.gov/nmc/spacecraftDisplay.do?id=1968-001A","#cite_ref-33","http://nssdc.gsfc.nasa.gov/nmc/spacecraftDisplay.do?id=1968-027A","#cite_ref-34","http://nssdc.gsfc.nasa.gov/nmc/spacecraftDisplay.do?id=1969-043A","#cite_ref-35","http://nssdc.gsfc.nasa.gov/nmc/spacecraftDisplay.do?id=1969-058A","#cite_ref-36","http://nssdc.gsfc.nasa.gov/nmc/spacecraftDisplay.do?id=1969-059C","#cite_ref-note2_37-0","#cite_ref-note2_37-1","#cite_ref-note2_37-2","#cite_ref-note2_37-3","#cite_ref-note2_37-4","#cite_ref-note2_37-5","/wiki/Apollo_10","/wiki/Apollo_11","/wiki/Apollo_16","/wiki/Apollo_12","/wiki/Apollo_14","/wiki/Apollo_15","/wiki/Apollo_17","/wiki/Apollo_13","/wiki/Apollo_Lunar_Module","#cite_ref-38","http://nssdc.gsfc.nasa.gov/nmc/spacecraftDisplay.do?id=1969-059C","#cite_ref-39","http://nssdc.gsfc.nasa.gov/nmc/spacecraftDisplay.do?id=1969-099C","#cite_ref-40","http://nssdc.gsfc.nasa.gov/nmc/spacecraftDisplay.do?id=1969-099C","#cite_ref-note3_41-0","#cite_ref-note3_41-1","#cite_ref-note3_41-2","/wiki/Luna_program","#cite_ref-42","http://nssdc.gsfc.nasa.gov/nmc/spacecraftOrbit.do?id=1970-072A","#cite_ref-43","http://nssdc.gsfc.nasa.gov/nmc/spacecraftOrbit.do?id=1970-095A","#cite_ref-44","http://www.astronautix.com/flights/apollo13.htm","#cite_ref-45","http://nssdc.gsfc.nasa.gov/nmc/spacecraftDisplay.do?id=1970-029B","#cite_ref-46","http://nssdc.gsfc.nasa.gov/nmc/spacecraftDisplay.do?id=1971-073A","#cite_ref-47","http://nssdc.gsfc.nasa.gov/nmc/spacecraftDisplay.do?id=1971-082A","#cite_ref-48","http://nssdc.gsfc.nasa.gov/nmc/spacecraftDisplay.do?id=1971-008B","#cite_ref-49","http://nssdc.gsfc.nasa.gov/nmc/spacecraftDisplay.do?id=1971-008C","#cite_ref-50","http://nssdc.gsfc.nasa.gov/nmc/spacecraftDisplay.do?id=1971-008C","#cite_ref-51","http://nssdc.gsfc.nasa.gov/nmc/spacecraftDisplay.do?id=1971-063B","#cite_ref-52","http://nssdc.gsfc.nasa.gov/nmc/spacecraftDisplay.do?id=1971-063C","#cite_ref-53","http://nssdc.gsfc.nasa.gov/nmc/spacecraftDisplay.do?id=1971-063C","#cite_ref-54","http://nssdc.gsfc.nasa.gov/nmc/spacecraftDisplay.do?id=1971-063D","#cite_ref-55","http://nssdc.gsfc.nasa.gov/nmc/spacecraftOrbit.do?id=1972-007A","#cite_ref-56","http://nssdc.gsfc.nasa.gov/nmc/spacecraftDisplay.do?id=1972-031B","#cite_ref-57","http://nssdc.gsfc.nasa.gov/nmc/spacecraftDisplay.do?id=1972-031C","#cite_ref-58","http://nssdc.gsfc.nasa.gov/nmc/spacecraftDisplay.do?id=1972-031C","#cite_ref-59","http://nssdc.gsfc.nasa.gov/nmc/spacecraftDisplay.do?id=1972-031D","#cite_ref-60","http://nssdc.gsfc.nasa.gov/nmc/spacecraftDisplay.do?id=1972-096B","#cite_ref-61","http://nssdc.gsfc.nasa.gov/nmc/spacecraftDisplay.do?id=1972-096C","#cite_ref-62","http://nssdc.gsfc.nasa.gov/nmc/spacecraftDisplay.do?id=1972-096C","#cite_ref-note4_63-0","#cite_ref-64","http://nssdc.gsfc.nasa.gov/nmc/spacecraftDisplay.do?id=1973-001A","#cite_ref-65","http://nssdc.gsfc.nasa.gov/nmc/spacecraftDisplay.do?id=1973-039A","#cite_ref-66","http://nssdc.gsfc.nasa.gov/nmc/spacecraftDisplay.do?id=1974-037A","#cite_ref-67","http://nssdc.gsfc.nasa.gov/nmc/spacecraftDisplay.do?id=1974-084A","#cite_ref-68","http://nssdc.gsfc.nasa.gov/nmc/spacecraftDisplay.do?id=1976-081A","#cite_ref-note5_69-0","#cite_ref-70","http://nssdc.gsfc.nasa.gov/nmc/spacecraftDisplay.do?id=1990-007B","#cite_ref-71","http://nssdc.gsfc.nasa.gov/nmc/spacecraftDisplay.do?id=1990-007A","#cite_ref-72","http://nssdc.gsfc.nasa.gov/nmc/spacecraftDisplay.do?id=1998-001A","#cite_ref-73","http://research.ae.utexas.edu/cfpl/lunar/pressrelease/discussion.html","#cite_ref-74","http://nssdc.gsfc.nasa.gov/nmc/spacecraftDisplay.do?id=2003-043C","#cite_ref-75","#cite_ref-76","http://nssdc.gsfc.nasa.gov/nmc/spacecraftDisplay.do?id=2008-052A","#cite_ref-77","http://www.flonnet.com/fl2720/stories/20101008272009000.htm","#cite_ref-78","http://www.jaxa.jp/press/2009/02/20090218_sac_kaguya.pdf","#cite_ref-79","http://nssdc.gsfc.nasa.gov/nmc/spacecraftDisplay.do?id=2007-039A","#cite_ref-80","http://www.jaxa.jp/press/2009/02/20090218_sac_kaguya.pdf","#cite_ref-pptdrymass_81-0","#cite_ref-pptdrymass_81-1","http://ssedso.gsfc.nasa.gov/initiatives/lunar/LESWG/pubs_presentations/4thGM/bk_International_missions_lakew.ppt","http://claudelafleur.qc.ca/Spacecrafts-2007.html#Change-1","#cite_ref-82","http://nssdc.gsfc.nasa.gov/nmc/spacecraftDisplay.do?id=2007-051A","#cite_ref-83","http://english.peopledaily.com.cn/90001/90781/90876/6603492.html","#cite_ref-84","http://nssdc.gsfc.nasa.gov/nmc/spacecraftDisplay.do?id=2008-052A","#cite_ref-85","http://www.jaxa.jp/topics/2009/06_e.html","#cite_ref-86","http://nssdc.gsfc.nasa.gov/nmc/spacecraftDisplay.do?id=2007-039A","#cite_ref-87","http://www.jaxa.jp/projects/sat/selene/index_e.html","#cite_ref-88","http://spacefellowship.com/2009/10/08/guide-to-seeing-the-lcross-lunar-impact/","#cite_ref-89","http://nssdc.gsfc.nasa.gov/nmc/spacecraftDisplay.do?id=2007-051A","#cite_ref-90","http://spacefellowship.com/2009/10/08/guide-to-seeing-the-lcross-lunar-impact/","#cite_ref-91","http://nssdc.gsfc.nasa.gov/nmc/spacecraftDisplay.do?id=2007-051A","#cite_ref-92","http://www.jpl.nasa.gov/news/news.php?release=2012-396&cid=release_2012-396","/w/index.php?title=List_of_man-made_objects_on_the_Moon&action=edit&section=4","http://spacegrant.nmsu.edu/lunarlegacies/artifactlist.html","/wiki/Template:Planetary_exploration","/wiki/Template_talk:Planetary_exploration","//en.wikipedia.org/w/index.php?title=Template:Planetary_exploration&action=edit","/wiki/Space_exploration","/wiki/Solar_System","/wiki/Exploration_of_the_Moon","/wiki/Exploration_of_Mercury","/wiki/Observations_and_explorations_of_Venus","/wiki/Exploration_of_Mars","/wiki/Exploration_of_Jupiter","/wiki/Exploration_of_Saturn","/wiki/Exploration_of_Uranus","/wiki/Exploration_of_Neptune","/wiki/Pluto#Exploration","/wiki/List_of_artificial_objects_on_extra-terrestrial_surfaces","/wiki/List_of_artificial_objects_on_Venus","/wiki/List_of_artificial_objects_on_Mars","/wiki/List_of_artificial_objects_in_heliocentric_orbit","/wiki/List_of_artificial_objects_escaping_from_the_Solar_System","/wiki/List_of_landings_on_extraterrestrial_bodies","/wiki/List_of_Solar_System_probes","/wiki/List_of_objects_at_Lagrangian_points","/wiki/Timeline_of_Solar_System_exploration","/wiki/Template:Spaceflight_lists_and_timelines","/wiki/Template_talk:Spaceflight_lists_and_timelines","//en.wikipedia.org/w/index.php?title=Template:Spaceflight_lists_and_timelines&action=edit","/wiki/Spaceflight","/wiki/Timeline_of_spaceflight","/wiki/List_of_spaceflight_records","/wiki/Timeline_of_rocket_and_missile_technology","/wiki/Timeline_of_space_exploration","/wiki/List_of_space_exploration_milestones,_1957%E2%80%931969","/wiki/Timeline_of_the_Space_Race","/wiki/Human_spaceflight","/wiki/List_of_manned_spacecraft","/wiki/List_of_human_spaceflights#Timeline","/wiki/List_of_human_spaceflights","/wiki/List_of_human_spaceflights,_1961%E2%80%931970","/wiki/List_of_human_spaceflights,_1971%E2%80%931980","/wiki/List_of_human_spaceflights,_1981%E2%80%931990","/wiki/List_of_human_spaceflights,_1991%E2%80%932000","/wiki/List_of_human_spaceflights,_2001%E2%80%932010","/wiki/List_of_human_spaceflights,_2011%E2%80%932020","/wiki/List_of_human_spaceflight_programs","/wiki/List_of_Soviet_manned_space_missions","/wiki/List_of_Russian_manned_space_missions","/wiki/Project_Mercury","/wiki/Project_Gemini","/wiki/List_of_Apollo_missions","/wiki/Shenzhou_program","/wiki/Salyut_programme","/wiki/List_of_Salyut_expeditions","/wiki/List_of_human_spaceflights_to_Salyut_space_stations","/wiki/List_of_unmanned_spaceflights_to_Salyut_space_stations","/wiki/List_of_Salyut_spacewalks","/wiki/List_of_Salyut_visitors","/wiki/Mir","/wiki/List_of_Mir_Expeditions","/wiki/List_of_human_spaceflights_to_Mir","/wiki/List_of_unmanned_spaceflights_to_Mir","/wiki/List_of_Mir_spacewalks","/wiki/List_of_Mir_visitors","/wiki/International_Space_Station","/wiki/List_of_International_Space_Station_expeditions","/wiki/List_of_spaceflights_to_the_International_Space_Station","/wiki/List_of_human_spaceflights_to_the_International_Space_Station","/wiki/List_of_unmanned_spaceflights_to_the_International_Space_Station","/wiki/List_of_International_Space_Station_spacewalks","/wiki/List_of_International_Space_Station_visitors","/wiki/Space_Shuttle","/wiki/List_of_Space_Shuttle_crews","/wiki/List_of_space_shuttle_missions","/wiki/Timeline_of_Space_Shuttle_missions","/wiki/List_of_space_shuttle_rollbacks","/wiki/Astronaut","/wiki/List_of_astronauts_by_name","/wiki/List_of_astronauts_by_year_of_selection","/wiki/List_of_Apollo_astronauts","/wiki/List_of_cosmonauts","/wiki/List_of_married_couples_among_space_travelers","/wiki/List_of_space_travelers_by_name","/wiki/List_of_space_travelers_by_nationality","/wiki/Timeline_of_space_travel_by_nationality","/wiki/Extra-vehicular_activity","/wiki/List_of_spacewalks_and_moonwalks_1965%E2%80%931999","/wiki/List_of_spacewalks_since_2000","/wiki/List_of_cumulative_spacewalk_records","/wiki/List_of_spacewalkers","/wiki/Solar_System","/wiki/Timeline_of_Solar_System_exploration","/wiki/List_of_interplanetary_voyages","/wiki/Landings_on_other_planets","/wiki/List_of_artificial_objects_on_extra-terrestrial_surfaces","/wiki/List_of_objects_at_Lagrangian_points","/wiki/List_of_Solar_System_probes","/wiki/List_of_active_Solar_System_probes","/wiki/List_of_artificial_objects_escaping_from_the_Solar_System","/wiki/List_of_lunar_probes","/wiki/Timeline_of_artificial_satellites_and_space_probes","/wiki/Geocentric_orbit","/wiki/Satellite","/wiki/List_of_climate_research_satellites","/wiki/List_of_communications_satellite_firsts","/wiki/List_of_CubeSats","/wiki/List_of_Earth_observation_satellites","/wiki/Timeline_of_Earth_science_satellites","/wiki/List_of_satellites_in_geosynchronous_orbit","/wiki/List_of_GOES_satellites","/wiki/List_of_Kosmos_satellites","/wiki/List_of_satellites_which_have_provided_data_on_Earth%27s_magnetosphere","/wiki/List_of_NRO_Launches","/wiki/List_of_TDRS_satellites","/wiki/List_of_USA_satellites","/wiki/List_of_orbital_launch_systems","/wiki/Comparison_of_orbital_launch_systems","/wiki/List_of_sounding_rockets","/wiki/List_of_unmanned_spacecraft_by_program","/wiki/List_of_manned_spacecraft","/wiki/List_of_upper_stages","/wiki/List_of_Ariane_launches","/wiki/List_of_Atlas_launches","/wiki/List_of_Black_Brant_launches","/wiki/List_of_Long_March_launches","/wiki/List_of_Proton_launches","/wiki/List_of_R-7_launches","/wiki/List_of_Thor_and_Delta_launches","/wiki/List_of_Titan_launches","/wiki/List_of_V-2_test_launches","/wiki/List_of_communication_satellite_companies","/wiki/List_of_the_largest_fixed_satellite_operators","/wiki/List_of_private_spaceflight_companies","/wiki/List_of_rocket_launch_sites","/wiki/List_of_space_agencies","/wiki/List_of_spacecraft_manufacturers","/wiki/List_of_spaceports","/wiki/List_of_Constellation_missions","/wiki/Timeline_of_first_orbital_launches_by_country","/wiki/List_of_NASA_missions","/wiki/List_of_current_and_future_lunar_missions","//en.wikipedia.org/w/index.php?title=Special:CentralAutoLogin/start&type=1x1&from=enwiki","http://en.wikipedia.org/w/index.php?title=List_of_man-made_objects_on_the_Moon&oldid=565375211","/wiki/Help:Categories","/wiki/Category:Missions_to_the_Moon","/wiki/Category:Space_lists","/wiki/Category:Lists_of_coordinates","/w/index.php?title=Special:UserLogin&returnto=List+of+man-made+objects+on+the+Moon&type=signup","/w/index.php?title=Special:UserLogin&returnto=List+of+man-made+objects+on+the+Moon","/wiki/List_of_man-made_objects_on_the_Moon","/wiki/Talk:List_of_man-made_objects_on_the_Moon","#","/wiki/List_of_man-made_objects_on_the_Moon","/w/index.php?title=List_of_man-made_objects_on_the_Moon&action=edit","/w/index.php?title=List_of_man-made_objects_on_the_Moon&action=history","#","/w/index.php","//bits.wikimedia.org/static-1.22wmf11/skins/vector/images/search-ltr.png?303-4","/wiki/Main_Page","/wiki/Main_Page","/wiki/Portal:Contents","/wiki/Portal:Featured_content","/wiki/Portal:Current_events","/wiki/Special:Random","//donate.wikimedia.org/wiki/Special:FundraiserRedirector?utm_source=donate&utm_medium=sidebar&utm_campaign=C13_en.wikipedia.org&uselang=en","/wiki/Help:Contents","/wiki/Wikipedia:About","/wiki/Wikipedia:Community_portal","/wiki/Special:RecentChanges","//en.wikipedia.org/wiki/Wikipedia:Contact_us","/wiki/Special:WhatLinksHere/List_of_man-made_objects_on_the_Moon","/wiki/Special:RecentChangesLinked/List_of_man-made_objects_on_the_Moon","/wiki/Wikipedia:File_Upload_Wizard","/wiki/Special:SpecialPages","/w/index.php?title=List_of_man-made_objects_on_the_Moon&oldid=565375211","/w/index.php?title=List_of_man-made_objects_on_the_Moon&action=info","//www.wikidata.org/wiki/Q743127","/w/index.php?title=Special:Cite&page=List_of_man-made_objects_on_the_Moon&id=565375211","/w/index.php?title=Special:Book&bookcmd=book_creator&referer=List+of+man-made+objects+on+the+Moon","/w/index.php?title=Special:Book&bookcmd=render_article&arttitle=List+of+man-made+objects+on+the+Moon&oldid=565375211&writer=rl","/w/index.php?title=List_of_man-made_objects_on_the_Moon&printable=yes","//bg.wikipedia.org/wiki/%D0%A1%D0%BF%D0%B8%D1%81%D1%8A%D0%BA_%D0%BD%D0%B0_%D0%B8%D0%B7%D0%BA%D1%83%D1%81%D1%82%D0%B2%D0%B5%D0%BD%D0%B8_%D0%BE%D0%B1%D0%B5%D0%BA%D1%82%D0%B8_%D0%BD%D0%B0_%D0%9B%D1%83%D0%BD%D0%B0%D1%82%D0%B0","//de.wikipedia.org/wiki/Liste_der_k%C3%BCnstlichen_Objekte_auf_dem_Mond","//es.wikipedia.org/wiki/Anexo:Objetos_artificiales_en_la_Luna","//fr.wikipedia.org/wiki/Liste_des_objets_artificiels_sur_la_Lune","//it.wikipedia.org/wiki/Lista_degli_oggetti_artificiali_sulla_Luna","//lb.wikipedia.org/wiki/L%C3%ABscht_vun_de_k%C3%ABnschtlechen_Objeten_um_%C3%84erdmound","//my.wikipedia.org/wiki/%E1%80%9C%E1%80%95%E1%80%B1%E1%80%AB%E1%80%BA%E1%80%9B%E1%80%BE%E1%80%AD%E1%80%9C%E1%80%B0%E1%80%9C%E1%80%AF%E1%80%95%E1%80%BA%E1%80%A1%E1%80%9B%E1%80%AC%E1%80%9D%E1%80%90%E1%80%B9%E1%80%91%E1%80%AF%E1%80%99%E1%80%BB%E1%80%AC%E1%80%B8","//ja.wikipedia.org/wiki/%E6%9C%88%E3%81%AB%E3%81%82%E3%82%8B%E4%BA%BA%E5%B7%A5%E7%89%A9%E3%81%AE%E4%B8%80%E8%A6%A7","//pl.wikipedia.org/wiki/Lista_sztucznych_obiekt%C3%B3w_na_Ksi%C4%99%C5%BCycu","//pt.wikipedia.org/wiki/Anexo:Lista_de_objetos_artificiais_na_Lua","//ru.wikipedia.org/wiki/%D0%A1%D0%BF%D0%B8%D1%81%D0%BE%D0%BA_%D0%B8%D1%81%D0%BA%D1%83%D1%81%D1%81%D1%82%D0%B2%D0%B5%D0%BD%D0%BD%D1%8B%D1%85_%D0%BE%D0%B1%D1%8A%D0%B5%D0%BA%D1%82%D0%BE%D0%B2_%D0%BD%D0%B0_%D0%9B%D1%83%D0%BD%D0%B5","//uk.wikipedia.org/wiki/%D0%A1%D0%BF%D0%B8%D1%81%D0%BE%D0%BA_%D1%88%D1%82%D1%83%D1%87%D0%BD%D0%B8%D1%85_%D0%BE%D0%B1%27%D1%94%D0%BA%D1%82%D1%96%D0%B2_%D0%BD%D0%B0_%D0%9C%D1%96%D1%81%D1%8F%D1%86%D1%96","//zh.wikipedia.org/wiki/%E6%9C%88%E7%90%83%E4%BA%BA%E9%80%A0%E7%89%A9%E4%BD%93%E5%88%97%E8%A1%A8","#","//www.wikidata.org/wiki/Q743127#sitelinks-wikipedia","//en.wikipedia.org/wiki/Wikipedia:Text_of_Creative_Commons_Attribution-ShareAlike_3.0_Unported_License","//creativecommons.org/licenses/by-sa/3.0/","//wikimediafoundation.org/wiki/Terms_of_Use","//wikimediafoundation.org/wiki/Privacy_policy","//www.wikimediafoundation.org/","//wikimediafoundation.org/wiki/Privacy_policy","/wiki/Wikipedia:About","/wiki/Wikipedia:General_disclaimer","//en.wikipedia.org/wiki/Wikipedia:Contact_us","//en.m.wikipedia.org/wiki/List_of_man-made_objects_on_the_Moon","//wikimediafoundation.org/","//bits.wikimedia.org/images/wikimedia-button.png","//www.mediawiki.org/","//bits.wikimedia.org/static-1.22wmf11/skins/common/images/poweredby_mediawiki_88x31.png","//bits.wikimedia.org/en.wikipedia.org/load.php?debug=false&lang=en&modules=site&only=scripts&skin=vector&*"],"instances":["apollo","moon","rocket_stage","small_relay_satellite"],"pdf":["http://www.jaxa.jp/press/2009/02/20090218_sac_kaguya.pdf","http://www.jaxa.jp/press/2009/02/20090218_sac_kaguya.pdf"],"categories":["Missions to the Moon|","Space lists|Man-made Objects On The Moon","Lists of coordinates|Man-made Objects On The Moon"],"headings":["Gallery","See also","Notes","External links"],"image":["//upload.wikimedia.org/wikipedia/commons/thumb/2/20/Luna_2_Soviet_moon_probe.jpg/80px-Luna_2_Soviet_moon_probe.jpg","//upload.wikimedia.org/wikipedia/commons/thumb/0/0c/1964_71394L.jpg/80px-1964_71394L.jpg","//upload.wikimedia.org/wikipedia/commons/thumb/6/60/GPN-2000-001979.jpg/80px-GPN-2000-001979.jpg","//upload.wikimedia.org/wikipedia/commons/thumb/6/60/GPN-2000-001979.jpg/80px-GPN-2000-001979.jpg","//upload.wikimedia.org/wikipedia/commons/thumb/6/60/GPN-2000-001979.jpg/80px-GPN-2000-001979.jpg","//upload.wikimedia.org/wikipedia/commons/thumb/6/60/GPN-2000-001979.jpg/80px-GPN-2000-001979.jpg","//upload.wikimedia.org/wikipedia/commons/thumb/2/24/Luna-9_spacecraft.jpg/80px-Luna-9_spacecraft.jpg","//upload.wikimedia.org/wikipedia/commons/thumb/e/ed/Luna_orbiter_bus.jpg/80px-Luna_orbiter_bus.jpg","//upload.wikimedia.org/wikipedia/commons/thumb/b/bb/Luna-11_12.jpg/80px-Luna-11_12.jpg","//upload.wikimedia.org/wikipedia/commons/thumb/b/bb/Luna-11_12.jpg/80px-Luna-11_12.jpg","//upload.wikimedia.org/wikipedia/commons/thumb/2/2a/Surveyor_NASA_lunar_lander.jpg/80px-Surveyor_NASA_lunar_lander.jpg","//upload.wikimedia.org/wikipedia/commons/thumb/b/bb/Lunar_orbiter_1_%28large%29.jpg/80px-Lunar_orbiter_1_%28large%29.jpg","//upload.wikimedia.org/wikipedia/commons/thumb/2/2a/Surveyor_NASA_lunar_lander.jpg/80px-Surveyor_NASA_lunar_lander.jpg","//upload.wikimedia.org/wikipedia/commons/thumb/b/bb/Lunar_orbiter_1_%28large%29.jpg/80px-Lunar_orbiter_1_%28large%29.jpg","//upload.wikimedia.org/wikipedia/commons/thumb/b/bb/Lunar_orbiter_1_%28large%29.jpg/80px-Lunar_orbiter_1_%28large%29.jpg","//upload.wikimedia.org/wikipedia/commons/thumb/8/89/Surveyor_3_on_the_Moon.jpg/80px-Surveyor_3_on_the_Moon.jpg","//upload.wikimedia.org/wikipedia/commons/thumb/b/bb/Lunar_orbiter_1_%28large%29.jpg/80px-Lunar_orbiter_1_%28large%29.jpg","//upload.wikimedia.org/wikipedia/commons/thumb/2/2a/Surveyor_NASA_lunar_lander.jpg/80px-Surveyor_NASA_lunar_lander.jpg","//upload.wikimedia.org/wikipedia/commons/thumb/4/49/IMP-E.jpg/80px-IMP-E.jpg","//upload.wikimedia.org/wikipedia/commons/thumb/b/bb/Lunar_orbiter_1_%28large%29.jpg/80px-Lunar_orbiter_1_%28large%29.jpg","//upload.wikimedia.org/wikipedia/commons/thumb/2/2a/Surveyor_NASA_lunar_lander.jpg/80px-Surveyor_NASA_lunar_lander.jpg","//upload.wikimedia.org/wikipedia/commons/thumb/2/2a/Surveyor_NASA_lunar_lander.jpg/80px-Surveyor_NASA_lunar_lander.jpg","//upload.wikimedia.org/wikipedia/commons/thumb/2/2a/Surveyor_NASA_lunar_lander.jpg/80px-Surveyor_NASA_lunar_lander.jpg","//upload.wikimedia.org/wikipedia/commons/thumb/b/bb/Luna-11_12.jpg/80px-Luna-11_12.jpg","//upload.wikimedia.org/wikipedia/commons/thumb/e/e0/LEM-linedrawing.png/80px-LEM-linedrawing.png","//upload.wikimedia.org/wikipedia/commons/thumb/7/7b/Luna-16.jpg/80px-Luna-16.jpg","//upload.wikimedia.org/wikipedia/commons/thumb/8/8b/5927_NASA.jpg/80px-5927_NASA.jpg","//upload.wikimedia.org/wikipedia/commons/thumb/c/c2/Apollo_17_LM_Ascent_Stage.jpg/80px-Apollo_17_LM_Ascent_Stage.jpg","//upload.wikimedia.org/wikipedia/commons/thumb/7/78/Bean_Descends_Intrepid_-_GPN-2000-001317.jpg/80px-Bean_Descends_Intrepid_-_GPN-2000-001317.jpg","//upload.wikimedia.org/wikipedia/commons/thumb/c/c2/Apollo_17_LM_Ascent_Stage.jpg/80px-Apollo_17_LM_Ascent_Stage.jpg","//upload.wikimedia.org/wikipedia/commons/thumb/7/7b/Luna-16.jpg/80px-Luna-16.jpg","//upload.wikimedia.org/wikipedia/commons/thumb/2/2b/Lunokhod_1.jpg/80px-Lunokhod_1.jpg","//upload.wikimedia.org/wikipedia/commons/thumb/7/7c/Saturn_IB_Second_Stage_with_open_LM_adapter.jpg/80px-Saturn_IB_Second_Stage_with_open_LM_adapter.jpg","//upload.wikimedia.org/wikipedia/commons/thumb/7/7b/Luna-16.jpg/80px-Luna-16.jpg","//upload.wikimedia.org/wikipedia/commons/thumb/e/ea/Luna-22.jpg/80px-Luna-22.jpg","//upload.wikimedia.org/wikipedia/commons/thumb/7/7c/Saturn_IB_Second_Stage_with_open_LM_adapter.jpg/80px-Saturn_IB_Second_Stage_with_open_LM_adapter.jpg","//upload.wikimedia.org/wikipedia/commons/thumb/4/40/LRO_Apollo14_landing_site_369228main_ap14labeled_540.jpg/80px-LRO_Apollo14_landing_site_369228main_ap14labeled_540.jpg","//upload.wikimedia.org/wikipedia/commons/thumb/c/c2/Apollo_17_LM_Ascent_Stage.jpg/80px-Apollo_17_LM_Ascent_Stage.jpg","//upload.wikimedia.org/wikipedia/commons/thumb/7/7c/Saturn_IB_Second_Stage_with_open_LM_adapter.jpg/80px-Saturn_IB_Second_Stage_with_open_LM_adapter.jpg","//upload.wikimedia.org/wikipedia/commons/thumb/2/2a/Apollo16LM.jpg/80px-Apollo16LM.jpg","//upload.wikimedia.org/wikipedia/commons/thumb/e/ed/Apollo15LunarRover.jpg/80px-Apollo15LunarRover.jpg","//upload.wikimedia.org/wikipedia/commons/thumb/c/c2/Apollo_17_LM_Ascent_Stage.jpg/80px-Apollo_17_LM_Ascent_Stage.jpg","//upload.wikimedia.org/wikipedia/commons/thumb/f/fb/Apollo_15_Subsatellite.jpg/80px-Apollo_15_Subsatellite.jpg","//upload.wikimedia.org/wikipedia/commons/thumb/7/7b/Luna-16.jpg/80px-Luna-16.jpg","//upload.wikimedia.org/wikipedia/commons/thumb/7/7c/Saturn_IB_Second_Stage_with_open_LM_adapter.jpg/80px-Saturn_IB_Second_Stage_with_open_LM_adapter.jpg","//upload.wikimedia.org/wikipedia/commons/thumb/2/2a/Apollo16LM.jpg/80px-Apollo16LM.jpg","//upload.wikimedia.org/wikipedia/commons/thumb/e/ed/Apollo15LunarRover.jpg/80px-Apollo15LunarRover.jpg","//upload.wikimedia.org/wikipedia/commons/thumb/c/c2/Apollo_17_LM_Ascent_Stage.jpg/80px-Apollo_17_LM_Ascent_Stage.jpg","//upload.wikimedia.org/wikipedia/commons/thumb/f/fb/Apollo_15_Subsatellite.jpg/80px-Apollo_15_Subsatellite.jpg","//upload.wikimedia.org/wikipedia/commons/thumb/7/7c/Saturn_IB_Second_Stage_with_open_LM_adapter.jpg/80px-Saturn_IB_Second_Stage_with_open_LM_adapter.jpg","//upload.wikimedia.org/wikipedia/commons/thumb/2/2a/Apollo16LM.jpg/80px-Apollo16LM.jpg","//upload.wikimedia.org/wikipedia/commons/thumb/e/ed/Apollo15LunarRover.jpg/80px-Apollo15LunarRover.jpg","//upload.wikimedia.org/wikipedia/commons/thumb/c/c2/Apollo_17_LM_Ascent_Stage.jpg/80px-Apollo_17_LM_Ascent_Stage.jpg","//upload.wikimedia.org/wikipedia/commons/thumb/b/bb/Lunokhod2.jpg/80px-Lunokhod2.jpg","//upload.wikimedia.org/wikipedia/commons/thumb/a/a6/RAE_B.jpg/80px-RAE_B.jpg","//upload.wikimedia.org/wikipedia/commons/thumb/e/ea/Luna-22.jpg/80px-Luna-22.jpg","//upload.wikimedia.org/wikipedia/commons/thumb/f/f3/Hiten.gif/80px-Hiten.gif","//upload.wikimedia.org/wikipedia/commons/thumb/f/f3/Hiten.gif/80px-Hiten.gif","//upload.wikimedia.org/wikipedia/commons/thumb/4/4c/Lunar_Prospector_orbiter.jpg/80px-Lunar_Prospector_orbiter.jpg","//upload.wikimedia.org/wikipedia/commons/thumb/6/68/SMART-1_Impact_flash.jpg/80px-SMART-1_Impact_flash.jpg","//upload.wikimedia.org/wikipedia/commons/thumb/0/08/Chandrayaan-1.jpg/80px-Chandrayaan-1.jpg","//upload.wikimedia.org/wikipedia/commons/thumb/a/ad/Chang_e_1.jpg/80px-Chang_e_1.jpg","//upload.wikimedia.org/wikipedia/commons/thumb/0/08/Chandrayaan-1.jpg/80px-Chandrayaan-1.jpg","//upload.wikimedia.org/wikipedia/en/thumb/c/c3/Kaguya_mark.jpg/80px-Kaguya_mark.jpg","//upload.wikimedia.org/wikipedia/commons/thumb/f/fc/LCROSS_Centaur.jpg/80px-LCROSS_Centaur.jpg","//upload.wikimedia.org/wikipedia/commons/thumb/6/6e/LCROSS_Centaur_1.jpg/80px-LCROSS_Centaur_1.jpg","//upload.wikimedia.org/wikipedia/commons/thumb/c/cd/GRAIL.jpg/80px-GRAIL.jpg","//upload.wikimedia.org/wikipedia/commons/thumb/3/33/Moon_landing_map.jpg/220px-Moon_landing_map.jpg","//bits.wikimedia.org/static-1.22wmf10/skins/common/images/magnify-clip.png","//upload.wikimedia.org/wikipedia/commons/thumb/2/2b/Lunokhod_1.jpg/220px-Lunokhod_1.jpg","//bits.wikimedia.org/static-1.22wmf10/skins/common/images/magnify-clip.png","//upload.wikimedia.org/wikipedia/commons/thumb/8/89/Surveyor_3_on_the_Moon.jpg/220px-Surveyor_3_on_the_Moon.jpg","//bits.wikimedia.org/static-1.22wmf10/skins/common/images/magnify-clip.png","//upload.wikimedia.org/wikipedia/commons/thumb/9/9d/Moon_map_grid_showing_artificial_objects_on_moon.PNG/220px-Moon_map_grid_showing_artificial_objects_on_moon.PNG","//bits.wikimedia.org/static-1.22wmf10/skins/common/images/magnify-clip.png","//upload.wikimedia.org/wikipedia/commons/thumb/a/a8/Lunar_retroreflector_locations.jpg/220px-Lunar_retroreflector_locations.jpg","//bits.wikimedia.org/static-1.22wmf10/skins/common/images/magnify-clip.png","//upload.wikimedia.org/wikipedia/commons/thumb/0/08/Apollo_11_Lunar_Laser_Ranging_Experiment.jpg/220px-Apollo_11_Lunar_Laser_Ranging_Experiment.jpg","//bits.wikimedia.org/static-1.22wmf10/skins/common/images/magnify-clip.png","//en.wikipedia.org/w/index.php?title=Special:CentralAutoLogin/start&type=1x1&from=enwiki","//bits.wikimedia.org/static-1.22wmf11/skins/vector/images/search-ltr.png?303-4","//bits.wikimedia.org/images/wikimedia-button.png","//bits.wikimedia.org/static-1.22wmf11/skins/common/images/poweredby_mediawiki_88x31.png"],"tags":[["far_side","moon"],["lunar_rover","apollo"],["lunar_rover","apollo"],["lunar_rover","apollo"],["selene#okina","small_relay_satellite"],["centaur","rocket_stage"]],"members":["lunar_rover","far_side","centaur"],"related":["Retroreflector","Apollo_Lunar_Surface_Experiment_Package","Project_Apollo","Astronauts","Golf_ball","Alan_Shepard","Apollo_14","Lunar_Flag_Assembly","Alan_Bean","Astronaut_pin","Fallen_Astronaut","Apollo_15","Buzz_Aldrin","Eucharist","S-IVB","Saturn_V","Moon_rock","Luna_program","Lunar_laser_ranging_experiment","Apollo_11","Lunokhod_1","Lunokhod_2","Far_side_(Moon)","Ranger_4","Lunar_Orbiter_1","Lunar_Orbiter_2","Lunar_Orbiter_3","Kilogram","Luna_2","Soviet_Union","Ranger_4","United_States","Ranger_6","Ranger_7","Luna_5","Luna_7","Luna_8","Ranger_8","Ranger_9","Luna_9","Luna_10","Luna_11","Luna_12","Luna_13","Surveyor_1","Lunar_Orbiter","Surveyor_2","Lunar_Orbiter_2","Lunar_Orbiter_3","Surveyor_3","Lunar_Orbiter_4","Surveyor_4","Explorer_35","Lunar_Orbiter_5","Surveyor_5","Surveyor_6","Surveyor_7","Luna_14","Apollo_10","Apollo_Lunar_Module","Luna_15","Apollo_11","Apollo_10","Apollo_11","Apollo_16","Apollo_12","Apollo_14","Apollo_15","Apollo_17","Apollo_13","Apollo_Lunar_Module","Apollo_12","Luna_16","Luna_program","Luna_17","Lunokhod_1","Apollo_13","S-IVB","Luna_18","Luna_19","Apollo_14","Apollo_14","Apollo_14","Apollo_15","Apollo_15","Apollo_15","Lunar_rover_(Apollo)","Apollo_15","Luna_20","Apollo_16","Apollo_16","Apollo_16","Lunar_rover_(Apollo)","Apollo_16","Apollo_17","Apollo_17","Lunar_rover_(Apollo)","Apollo_17","Luna_21","Lunokhod_2","Explorer_49","RAE-B","Luna_22","Luna_23","Luna_24","Hiten","Japan","Hiten","Japan","Lunar_Prospector","SMART-1","European_Space_Agency","Moon_Impact_Probe","Chandrayaan-1","India","Japan","Chang'e_1","People's_Republic_of_China","Chandrayaan-1","India","SELENE","Japan","Lcross","United_States","Centaur_(rocket_stage)","United_States","Gravity_Recovery_and_Interior_Laboratory","United_States","Alan_Bean","Equirectangular_projection","Apollo_Lunar_Surface_Experiments_Package","List_of_artificial_objects_on_extra-terrestrial_surfaces","Timeline_of_planetary_exploration"]}