{"cursor":"46908","size":15,"audio":[],"currentlang":"en","article":"\n  \n","linknr":1009,"url":"List_of_important_publications_in_computer_science#Artificial_intelligence","recorded":1376410720,"links":["/w/index.php?title=List_of_important_publications_in_computer_science&action=edit","/w/index.php?title=List_of_important_publications_in_computer_science&action=edit","//bits.wikimedia.org/favicon/wikipedia.ico","/w/opensearch_desc.php","//en.wikipedia.org/w/api.php?action=rsd","//creativecommons.org/licenses/by-sa/3.0/","/w/index.php?title=Special:RecentChanges&feed=atom","http://en.wikipedia.org/wiki/List_of_important_publications_in_computer_science","//bits.wikimedia.org/en.wikipedia.org/load.php?debug=false&lang=en&modules=ext.gadget.DRN-wizard%2CReferenceTooltips%2Ccharinsert%2Cteahouse%7Cext.rtlcite%2Cwikihiero%7Cext.uls.nojs%7Cmediawiki.legacy.commonPrint%2Cshared%7Cmw.PopUpMediaTransform%7Cskins.vector&only=styles&skin=vector&*","//bits.wikimedia.org/en.wikipedia.org/load.php?debug=false&lang=en&modules=ext.visualEditor.viewPageTarget.noscript&only=styles&skin=vector&*","//bits.wikimedia.org/en.wikipedia.org/load.php?debug=false&lang=en&modules=site&only=styles&skin=vector&*","//bits.wikimedia.org/en.wikipedia.org/load.php?debug=false&lang=en&modules=startup&only=scripts&skin=vector&*","//bits.wikimedia.org/geoiplookup","//meta.wikimedia.org","#mw-navigation","#p-search","//upload.wikimedia.org/wikipedia/en/thumb/f/f2/Edit-clear.svg/40px-Edit-clear.svg.png","/wiki/Wikipedia:Citing_sources","/wiki/Wikipedia:Footnotes","/wiki/Wikipedia:External_links","/wiki/Computer_science","/wiki/Computer_science","#Artificial_intelligence","#Computing_Machinery_and_Intelligence","#A_Proposal_for_the_Dartmouth_Summer_Research_Project_on_Artificial_Intelligence","#Fuzzy_sets","#Probabilistic_Reasoning_in_Intelligent_Systems:_Networks_of_Plausible_Inference","#Artificial_Intelligence:_A_Modern_Approach","#Machine_learning","#An_Inductive_Inference_Machine","#Language_identification_in_the_limit","#On_the_uniform_convergence_of_relative_frequencies_of_events_to_their_probabilities","#A_theory_of_the_learnable","#Learning_representations_by_back-propagating_errors","#Induction_of_Decision_Trees","#Learning_Quickly_When_Irrelevant_Attributes_Abound:_A_New_Linear-threshold_Algorithm","#Learning_to_predict_by_the_method_of_Temporal_difference","#Learnability_and_the_Vapnik.E2.80.93Chervonenkis_dimension","#Cryptographic_limitations_on_learning_boolean_formulae_and_finite_automata","#The_strength_of_weak_learnability","#Learning_in_the_presence_of_malicious_errors","#A_training_algorithm_for_optimum_margin_classifiers","#Knowledge-based_analysis_of_microarray_gene_expression_data_by_using_support_vector_machines","#Collaborative_networks","#Compilers","#On_the_translation_of_languages_from_left_to_right.5B1.5D","#Semantics_of_Context-Free_Languages.","#A_program_data_flow_analysis_procedure","#A_Unified_Approach_to_Global_Program_Optimization","#YACC:_Yet_another_compiler-compiler","#gprof:_A_Call_Graph_Execution_Profiler","#Compilers:_Principles.2C_Techniques_and_Tools","#Computer_architecture","#Colossus_computer","#First_Draft_of_a_Report_on_the_EDVAC.5B2.5D","#Architecture_of_the_IBM_System.2F360","#The_case_for_the_reduced_instruction_set_computer","#Comments_on_.22the_Case_for_the_Reduced_Instruction_Set_Computer.22","#The_CRAY-1_Computer_System","#Validity_of_the_Single_Processor_Approach_to_Achieving_Large_Scale_Computing_Capabilities","#A_Case_for_Redundant_Arrays_of_Inexpensive_Disks_.28RAID.29","#The_case_for_a_single-chip_multiprocessor","#Computer_graphics","#The_Rendering_Equation","#Elastically_deformable_models","#Computer_vision","#The_Phase_Correlation_Image_Alignment_Method","#Determining_Optical_Flow","#An_Iterative_Image_Registration_Technique_with_an_Application_to_Stereo_Vision","#The_Laplacian_Pyramid_as_a_compact_image_code","#Stochastic_relaxation.2C_Gibbs_distributions.2C_and_the_Bayesian_restoration_of_images","#Snakes:_Active_contour_models","#Condensation_.E2.80.93_conditional_density_propagation_for_visual_tracking","#Object_recognition_from_local_scale-invariant_features","#Concurrent.2C_parallel.2C_and_distributed_computing","#Databases","#A_relational_model_for_large_shared_data_banks","#Binary_B-Trees_for_Virtual_Memory","#Relational_Completeness_of_Data_Base_Sublanguages","#The_Entity_Relationship_Model_.E2.80.93_Towards_a_Unified_View_of_Data","#SEQUEL:_A_structured_English_query_language","#The_notions_of_consistency_and_predicate_locks_in_a_database_system","#Federated_database_systems_for_managing_distributed.2C_heterogeneous.2C_and_autonomous_databases","#Mining_association_rules_between_sets_of_items_in_large_databases","#History_of_computation","#The_Computer_from_Pascal_to_von_Neumann","#A_History_of_Computing_in_the_Twentieth_Century","#Information_retrieval","#A_Vector_Space_Model_for_Automatic_Indexing","#Extended_Boolean_Information_Retrieval","#Networks_and_security","#Operating_systems","#An_experimental_timesharing_system.","#The_Working_Set_Model_for_Program_Behavior","#Virtual_Memory.2C_Processes.2C_and_Sharing_in_MULTICS","#A_note_on_the_confinement_problem","#The_UNIX_Time-Sharing_System","#Weighted_voting_for_replicated_data","#Experiences_with_Processes_and_Monitors_in_Mesa","#Scheduling_Techniques_for_Concurrent_Systems","#A_Fast_File_System_for_UNIX","#The_Design_and_Implementation_of_a_Log-Structured_File_System","#Microkernel_operating_system_architecture_and_Mach","#An_Implementation_of_a_Log-Structured_File_System_for_UNIX","#Soft_Updates:_A_Solution_to_the_Metadata_Update_problem_in_File_Systems","#Programming_languages","#The_FORTRAN_Automatic_Coding_System.5B4.5D","#Recursive_functions_of_symbolic_expressions_and_their_computation_by_machine.2C_part_I.5B5.5D","#ALGOL_60","#Pascal","#The_next_700_programming_languages.5B5.5D","#Fundamental_Concepts_in_Programming_Languages","#Lambda_Papers","#Structure_and_Interpretation_of_Computer_Programs","#The_C_Programming_Language","#The_C.2B.2B_Programming_Language","#The_Java_Programming_Language","#Scientific_computing","#Computational_linguistics","#Software_engineering","#Software_engineering:_Report_of_a_conference_sponsored_by_the_NATO_Science_Committee","#Go_To_Statement_Considered_Harmful.5B5.5D","#On_the_criteria_to_be_used_in_decomposing_systems_into_modules","#Hierarchical_Program_Structures","#A_technique_for_software_module_specification_with_examples","#Structured_Design","#The_Emperor.27s_Old_Clothes","#The_Mythical_Man-Month:_Essays_on_Software_Engineering","#No_Silver_Bullet:_Essence_and_Accidents_of_Software_Engineering","#The_Cathedral_and_the_Bazaar","#Design_Patterns:_Elements_of_Reusable_Object_Oriented_Software","#Statecharts:_A_Visual_Formalism_For_Complex_Systems","#Theoretical_computer_science","#See_also","#References","#External_links","#Academic_Search_Engines","/wiki/Artificial_intelligence","/w/index.php?title=List_of_important_publications_in_computer_science&action=edit&section=1","/w/index.php?title=List_of_important_publications_in_computer_science&veaction=edit&section=1","/wiki/Computing_Machinery_and_Intelligence","/w/index.php?title=List_of_important_publications_in_computer_science&action=edit&section=2","/w/index.php?title=List_of_important_publications_in_computer_science&veaction=edit&section=2","/wiki/Alan_Turing","http://www.abelard.org/turpap/turpap.htm","/wiki/Turing_test","/w/index.php?title=List_of_important_publications_in_computer_science&action=edit&section=3","/w/index.php?title=List_of_important_publications_in_computer_science&veaction=edit&section=3","/wiki/John_McCarthy_(computer_scientist)","/wiki/Marvin_Minsky","/wiki/Nathaniel_Rochester_(computer_scientist)","/wiki/Claude_E._Shannon","http://www-formal.stanford.edu/jmc/history/dartmouth/dartmouth.html","/wiki/Artificial_intelligence","/wiki/Philosophy_of_AI","/wiki/Dartmouth_conference","/wiki/History_of_AI","/w/index.php?title=List_of_important_publications_in_computer_science&action=edit&section=4","/w/index.php?title=List_of_important_publications_in_computer_science&veaction=edit&section=4","/wiki/Lotfi_Zadeh","http://www-bisc.cs.berkeley.edu/Zadeh-1965.pdf","/wiki/Fuzzy_set","/w/index.php?title=List_of_important_publications_in_computer_science&action=edit&section=5","/w/index.php?title=List_of_important_publications_in_computer_science&veaction=edit&section=5","/wiki/Judea_Pearl","/wiki/Special:BookSources/1558604790","/wiki/Bayesian_method","/wiki/Artificial_Intelligence:_A_Modern_Approach","/w/index.php?title=List_of_important_publications_in_computer_science&action=edit&section=6","/w/index.php?title=List_of_important_publications_in_computer_science&veaction=edit&section=6","/wiki/Stuart_J._Russell","/wiki/Peter_Norvig","/wiki/Special:BookSources/0130803022","http://aima.cs.berkeley.edu/","http://aima.cs.berkeley.edu/","/wiki/Machine_learning","/w/index.php?title=List_of_important_publications_in_computer_science&action=edit&section=7","/w/index.php?title=List_of_important_publications_in_computer_science&veaction=edit&section=7","/w/index.php?title=List_of_important_publications_in_computer_science&action=edit&section=8","/w/index.php?title=List_of_important_publications_in_computer_science&veaction=edit&section=8","/wiki/Ray_Solomonoff","http://world.std.com/~rjs/indinf56.pdf","/wiki/Language_identification_in_the_limit","/w/index.php?title=List_of_important_publications_in_computer_science&action=edit&section=9","/w/index.php?title=List_of_important_publications_in_computer_science&veaction=edit&section=9","/w/index.php?title=E._M._Gold&action=edit&redlink=1","/wiki/Information_and_Control","http://www.isrl.uiuc.edu/~amag/langev/paper/gold67limit.html","/wiki/Algorithmic_learning_theory","/w/index.php?title=List_of_important_publications_in_computer_science&action=edit&section=10","/w/index.php?title=List_of_important_publications_in_computer_science&veaction=edit&section=10","/wiki/Vladimir_Vapnik","/wiki/Alexey_Chervonenkis","/wiki/Computational_learning_theory","/wiki/VC_theory","/wiki/VC_dimension","/w/index.php?title=List_of_important_publications_in_computer_science&action=edit&section=11","/w/index.php?title=List_of_important_publications_in_computer_science&veaction=edit&section=11","/wiki/Leslie_Valiant","/wiki/Communications_of_the_ACM","/wiki/Probably_approximately_correct_learning","/w/index.php?title=List_of_important_publications_in_computer_science&action=edit&section=12","/w/index.php?title=List_of_important_publications_in_computer_science&veaction=edit&section=12","/wiki/David_E._Rumelhart","/wiki/Geoffrey_E._Hinton","/wiki/Ronald_J._Williams","/wiki/Backpropagation","/wiki/Artificial_neural_network","/wiki/Paul_Werbos","/w/index.php?title=List_of_important_publications_in_computer_science&action=edit&section=13","/w/index.php?title=List_of_important_publications_in_computer_science&veaction=edit&section=13","/wiki/Ross_Quinlan","/wiki/Decision_Tree","/w/index.php?title=List_of_important_publications_in_computer_science&action=edit&section=14","/w/index.php?title=List_of_important_publications_in_computer_science&veaction=edit&section=14","/w/index.php?title=Nick_Littlestone&action=edit&redlink=1","http://www.springerlink.com/content/x1022977778l1777/fulltext.pdf","/wiki/Winnow_(algorithm)","/w/index.php?title=List_of_important_publications_in_computer_science&action=edit&section=15","/w/index.php?title=List_of_important_publications_in_computer_science&veaction=edit&section=15","/wiki/Richard_S._Sutton","http://citeseer.ist.psu.edu/sutton88learning.html","/wiki/Temporal_difference","/wiki/Reinforcement_learning","/w/index.php?title=List_of_important_publications_in_computer_science&action=edit&section=16","/w/index.php?title=List_of_important_publications_in_computer_science&veaction=edit&section=16","/w/index.php?title=A._Blumer&action=edit&redlink=1","/w/index.php?title=A._Ehrenfeucht&action=edit&redlink=1","/w/index.php?title=D._Haussler&action=edit&redlink=1","/wiki/Manfred_K._Warmuth","/wiki/Journal_of_the_ACM","/wiki/Probably_approximately_correct_learning","/wiki/VC_dimension","/w/index.php?title=List_of_important_publications_in_computer_science&action=edit&section=17","/w/index.php?title=List_of_important_publications_in_computer_science&veaction=edit&section=17","/w/index.php?title=M._Kearns&action=edit&redlink=1","/wiki/Leslie_Valiant","/wiki/Symposium_on_Theory_of_Computing","http://citeseer.ist.psu.edu/kearns89cryptographic.html","/wiki/Probably_approximately_correct_learning","/w/index.php?title=List_of_important_publications_in_computer_science&action=edit&section=18","/w/index.php?title=List_of_important_publications_in_computer_science&veaction=edit&section=18","/w/index.php?title=Robert_E._Schapire&action=edit&redlink=1","http://citeseerx.ist.psu.edu/viewdoc/summary?doi=10.1.1.20.723","/wiki/Probably_approximately_correct_learning","/wiki/Boosting_(meta-algorithm)","/w/index.php?title=List_of_important_publications_in_computer_science&action=edit&section=19","/w/index.php?title=List_of_important_publications_in_computer_science&veaction=edit&section=19","http://www.cis.upenn.edu/~mkearns/","/w/index.php?title=Ming_Li&action=edit&redlink=1","/w/index.php?title=Journal_on_Computing&action=edit&redlink=1","http://citeseer.nj.nec.com/kearns93learning.html","/w/index.php?title=List_of_important_publications_in_computer_science&action=edit&section=20","/w/index.php?title=List_of_important_publications_in_computer_science&veaction=edit&section=20","/wiki/Vladimir_Vapnik","http://citeseer.ist.psu.edu/boser92training.html","/wiki/Support_Vector_Machine","/wiki/Kernel_trick","/w/index.php?title=List_of_important_publications_in_computer_science&action=edit&section=21","/w/index.php?title=List_of_important_publications_in_computer_science&veaction=edit&section=21","/wiki/Nello_Cristianini","/wiki/David_Haussler","/wiki/PNAS","http://www.pnas.org/cgi/content/abstract/97/1/262","/wiki/Gene_expression","/wiki/Support_Vector_Machines","/w/index.php?title=List_of_important_publications_in_computer_science&action=edit&section=22","/w/index.php?title=List_of_important_publications_in_computer_science&veaction=edit&section=22","/wiki/Compilers","/w/index.php?title=List_of_important_publications_in_computer_science&action=edit&section=23","/w/index.php?title=List_of_important_publications_in_computer_science&veaction=edit&section=23","#cite_note-1","/w/index.php?title=List_of_important_publications_in_computer_science&action=edit&section=24","/w/index.php?title=List_of_important_publications_in_computer_science&veaction=edit&section=24","/wiki/Donald_Knuth","/wiki/Deterministic_context-free_languages","/wiki/LALR_parser","/wiki/Yacc","/w/index.php?title=List_of_important_publications_in_computer_science&action=edit&section=25","/w/index.php?title=List_of_important_publications_in_computer_science&veaction=edit&section=25","/wiki/Donald_Knuth","/wiki/S-attributed_grammar","/wiki/LR-attributed_grammar","/w/index.php?title=List_of_important_publications_in_computer_science&action=edit&section=26","/w/index.php?title=List_of_important_publications_in_computer_science&veaction=edit&section=26","/w/index.php?title=F.E._Allen&action=edit&redlink=1","/w/index.php?title=J._Cocke&action=edit&redlink=1","/w/index.php?title=List_of_important_publications_in_computer_science&action=edit&section=27","/w/index.php?title=List_of_important_publications_in_computer_science&veaction=edit&section=27","/wiki/Gary_Kildall","/wiki/Symposium_on_Principles_of_Programming_Languages","/wiki/Data-flow_analysis","/wiki/Fixpoint","/wiki/Lattice_(order)","/w/index.php?title=List_of_important_publications_in_computer_science&action=edit&section=28","/w/index.php?title=List_of_important_publications_in_computer_science&veaction=edit&section=28","/wiki/Stephen_C._Johnson","http://citeseer.nj.nec.com/johnson79yacc.html","/wiki/Yacc","/wiki/Compiler","/w/index.php?title=List_of_important_publications_in_computer_science&action=edit&section=29","/w/index.php?title=List_of_important_publications_in_computer_science&veaction=edit&section=29","/wiki/Susan_L._Graham","/w/index.php?title=Peter_B._Kessler&action=edit&redlink=1","/wiki/Marshall_Kirk_McKusick","http://citeseer.ist.psu.edu/graham82gprof.html","http://docs.freebsd.org/44doc/psd/18.gprof/paper.pdf","/wiki/Gprof","/wiki/Profiler_(computer_science)","/w/index.php?title=List_of_important_publications_in_computer_science&action=edit&section=30","/w/index.php?title=List_of_important_publications_in_computer_science&veaction=edit&section=30","/wiki/Alfred_V._Aho","/wiki/Ravi_Sethi","/wiki/Jeffrey_D._Ullman","/wiki/Monica_Lam","/wiki/Addison-Wesley","/wiki/Special:BookSources/0201100886","/wiki/Compilers:_Principles,_Techniques,_and_Tools","/wiki/Computer_architecture","/w/index.php?title=List_of_important_publications_in_computer_science&action=edit&section=31","/w/index.php?title=List_of_important_publications_in_computer_science&veaction=edit&section=31","/wiki/Colossus_computer","/w/index.php?title=List_of_important_publications_in_computer_science&action=edit&section=32","/w/index.php?title=List_of_important_publications_in_computer_science&veaction=edit&section=32","/wiki/Tommy_Flowers","http://www.ivorcatt.com/47c.htm","/wiki/Cryptanalysis","/wiki/Lorenz_Cipher","/wiki/World_War_II","/wiki/Binary_numeral_system","/wiki/Computer","/wiki/First_Draft_of_a_Report_on_the_EDVAC","#cite_note-2","/w/index.php?title=List_of_important_publications_in_computer_science&action=edit&section=33","/w/index.php?title=List_of_important_publications_in_computer_science&veaction=edit&section=33","/wiki/John_von_Neumann","/wiki/ENIAC","http://www.virtualtravelog.net/entries/2003-08-TheFirstDraft.pdf","/wiki/Von_Neumann_architecture","/w/index.php?title=List_of_important_publications_in_computer_science&action=edit&section=34","/w/index.php?title=List_of_important_publications_in_computer_science&veaction=edit&section=34","/wiki/Gene_Amdahl","/wiki/Fred_Brooks","/wiki/G._A._Blaauw","http://www.research.ibm.com/journal/rd/441/amdahl.pdf","/wiki/IBM_System/360","/wiki/Mainframe_computer","/wiki/IBM","/wiki/Computer_architecture","/w/index.php?title=List_of_important_publications_in_computer_science&action=edit&section=35","/w/index.php?title=List_of_important_publications_in_computer_science&veaction=edit&section=35","/wiki/DA_Patterson","/w/index.php?title=DR_Ditzel&action=edit&redlink=1","http://inst.eecs.berkeley.edu/%7En252/sp07/Papers/RISC-patterson.pdf","/wiki/RISC","/wiki/CPU_design","/wiki/CPU_design","/wiki/Instruction_(computer_science)","/w/index.php?title=List_of_important_publications_in_computer_science&action=edit&section=36","/w/index.php?title=List_of_important_publications_in_computer_science&veaction=edit&section=36","/w/index.php?title=DW_Clark&action=edit&redlink=1","/w/index.php?title=WD_Strecker&action=edit&redlink=1","http://inst.eecs.berkeley.edu/%7En252/sp07/Papers/RISC-clark.pdf","/w/index.php?title=List_of_important_publications_in_computer_science&action=edit&section=37","/w/index.php?title=List_of_important_publications_in_computer_science&veaction=edit&section=37","/w/index.php?title=DW_Clark&action=edit&redlink=1","/w/index.php?title=WD_Strecker&action=edit&redlink=1","http://inst.eecs.berkeley.edu/%7En252/sp07/Papers/Cray.pdf","/wiki/Cray-1","/wiki/Supercomputer","/wiki/Seymour_Cray","/wiki/Cray_Research","/wiki/Los_Alamos_National_Laboratory","/w/index.php?title=List_of_important_publications_in_computer_science&action=edit&section=38","/w/index.php?title=List_of_important_publications_in_computer_science&veaction=edit&section=38","/wiki/Gene_Amdahl","http://inst.eecs.berkeley.edu/%7En252/sp07/Papers/Amdahl.pdf","/wiki/Amdahl%27s_Law","/w/index.php?title=List_of_important_publications_in_computer_science&action=edit&section=39","/w/index.php?title=List_of_important_publications_in_computer_science&veaction=edit&section=39","/wiki/David_A._Patterson_(scientist)","/wiki/Garth_Gibson","/wiki/Randy_H._Katz","http://inst.eecs.berkeley.edu/%7En252/sp07/Papers/RAID-patterson.pdf","/wiki/RAID","/w/index.php?title=List_of_important_publications_in_computer_science&action=edit&section=40","/w/index.php?title=List_of_important_publications_in_computer_science&veaction=edit&section=40","/wiki/Kunle_Olukotun","/w/index.php?title=Basem_Nayfeh&action=edit&redlink=1","/w/index.php?title=Lance_Hammond&action=edit&redlink=1","/wiki/Kenneth_G._Wilson","/w/index.php?title=Kunyung_Chang&action=edit&redlink=1","http://citeseerx.ist.psu.edu/viewdoc/download?doi=10.1.1.136.951&rep=rep1&type=pdf","/wiki/List_of_Intel_microprocessors","/wiki/Computer_graphics","/w/index.php?title=List_of_important_publications_in_computer_science&action=edit&section=41","/w/index.php?title=List_of_important_publications_in_computer_science&veaction=edit&section=41","/w/index.php?title=List_of_important_publications_in_computer_science&action=edit&section=42","/w/index.php?title=List_of_important_publications_in_computer_science&veaction=edit&section=42","/wiki/Jim_Kajiya","#cite_note-3","/w/index.php?title=List_of_important_publications_in_computer_science&action=edit&section=43","/w/index.php?title=List_of_important_publications_in_computer_science&veaction=edit&section=43","/w/index.php?title=D._Terzopoulos&action=edit&redlink=1","/w/index.php?title=J._Platt&action=edit&redlink=1","/w/index.php?title=A._Barr&action=edit&redlink=1","/w/index.php?title=K._Fleischer&action=edit&redlink=1","/wiki/SIGGRAPH","http://www.cs.ucla.edu/~dt/papers/siggraph87/siggraph87.pdf","/wiki/Computer_vision","/w/index.php?title=List_of_important_publications_in_computer_science&action=edit&section=44","/w/index.php?title=List_of_important_publications_in_computer_science&veaction=edit&section=44","/wiki/Phase_correlation","/w/index.php?title=List_of_important_publications_in_computer_science&action=edit&section=45","/w/index.php?title=List_of_important_publications_in_computer_science&veaction=edit&section=45","/w/index.php?title=C.D._Kuglin&action=edit&redlink=1","/w/index.php?title=D.C._Hines&action=edit&redlink=1","/wiki/Fourier_transform","/wiki/Optical_Flow","/w/index.php?title=List_of_important_publications_in_computer_science&action=edit&section=46","/w/index.php?title=List_of_important_publications_in_computer_science&veaction=edit&section=46","/w/index.php?title=B.K.P._Horn&action=edit&redlink=1","/w/index.php?title=B.G._Schunck&action=edit&redlink=1","/wiki/Image_registration","/wiki/Binocular_vision","/w/index.php?title=List_of_important_publications_in_computer_science&action=edit&section=47","/w/index.php?title=List_of_important_publications_in_computer_science&veaction=edit&section=47","/w/index.php?title=Lucas,_B.D.&action=edit&redlink=1","/wiki/Takeo_Kanade","/wiki/International_Joint_Conference_on_Artificial_Intelligence","http://citeseer.ist.psu.edu/lucas81iterative.html","/w/index.php?title=List_of_important_publications_in_computer_science&action=edit&section=48","/w/index.php?title=List_of_important_publications_in_computer_science&veaction=edit&section=48","/w/index.php?title=Peter_J._Burt&action=edit&redlink=1","/w/index.php?title=Edward_H._Adelson&action=edit&redlink=1","/wiki/IEEE_Transactions_on_Communications","http://citeseer.ist.psu.edu/burt83laplacian.html","/w/index.php?title=List_of_important_publications_in_computer_science&action=edit&section=49","/w/index.php?title=List_of_important_publications_in_computer_science&veaction=edit&section=49","/wiki/Stuart_Geman","/wiki/Donald_Geman","/wiki/Reference_frame_(video)","/wiki/Gibbs_sampling","/wiki/Bayesian_statistics","/w/index.php?title=Snakes_algorithm&action=edit&redlink=1","/w/index.php?title=List_of_important_publications_in_computer_science&action=edit&section=50","/w/index.php?title=List_of_important_publications_in_computer_science&veaction=edit&section=50","/w/index.php?title=Michael_Kass&action=edit&redlink=1","/wiki/Andrew_Witkin","/w/index.php?title=Demetri_Terzopoulos&action=edit&redlink=1","/w/index.php?title=International_Journal_of_Computer_Vision&action=edit&redlink=1","http://www.mrl.nyu.edu/~dt/papers/ijcv88/ijcv88.pdf","/wiki/Condensation_algorithm","/w/index.php?title=List_of_important_publications_in_computer_science&action=edit&section=51","/w/index.php?title=List_of_important_publications_in_computer_science&veaction=edit&section=51","/w/index.php?title=M._Isard&action=edit&redlink=1","/w/index.php?title=A._Blake&action=edit&redlink=1","/w/index.php?title=International_Journal_of_Computer_Vision&action=edit&redlink=1","http://citeseer.ist.psu.edu/isard98condensation.html","/wiki/Visual_tracking","/w/index.php?title=List_of_important_publications_in_computer_science&action=edit&section=52","/w/index.php?title=List_of_important_publications_in_computer_science&veaction=edit&section=52","/wiki/David_Lowe_(computer_scientist)","/wiki/International_Conference_on_Computer_Vision","http://citeseer.ist.psu.edu/lowe99object.html","/wiki/Scale-invariant_feature_transform","/w/index.php?title=List_of_important_publications_in_computer_science&action=edit&section=53","/w/index.php?title=List_of_important_publications_in_computer_science&veaction=edit&section=53","/wiki/List_of_important_publications_in_concurrent,_parallel,_and_distributed_computing","/wiki/Concurrent_computing","/wiki/Parallel_computing","/wiki/Distributed_computing","/wiki/Database","/w/index.php?title=List_of_important_publications_in_computer_science&action=edit&section=54","/w/index.php?title=List_of_important_publications_in_computer_science&veaction=edit&section=54","/w/index.php?title=List_of_important_publications_in_computer_science&action=edit&section=55","/w/index.php?title=List_of_important_publications_in_computer_science&veaction=edit&section=55","/wiki/Edgar_F._Codd","/wiki/Communications_of_the_ACM","/w/index.php?title=List_of_important_publications_in_computer_science&action=edit&section=56","/w/index.php?title=List_of_important_publications_in_computer_science&veaction=edit&section=56","/wiki/Rudolf_Bayer","/wiki/B-Tree","/wiki/Data_structure","/w/index.php?title=List_of_important_publications_in_computer_science&action=edit&section=57","/w/index.php?title=List_of_important_publications_in_computer_science&veaction=edit&section=57","/wiki/Edgar_F._Codd","http://www.informatik.uni-bonn.de/III/lehre/vorlesungen/Informationssysteme/WS06/materialien/Codd72a.pdf","/w/index.php?title=List_of_important_publications_in_computer_science&action=edit&section=58","/w/index.php?title=List_of_important_publications_in_computer_science&veaction=edit&section=58","/wiki/Peter_Chen","/wiki/ACM_Transactions_on_Database_Systems","http://portal.acm.org/citation.cfm?id=320440","/wiki/Entity-relationship_diagram","/w/index.php?title=List_of_important_publications_in_computer_science&action=edit&section=59","/w/index.php?title=List_of_important_publications_in_computer_science&veaction=edit&section=59","/wiki/Donald_D._Chamberlin","/wiki/Raymond_F._Boyce","/wiki/SQL","/w/index.php?title=List_of_important_publications_in_computer_science&action=edit&section=60","/w/index.php?title=List_of_important_publications_in_computer_science&veaction=edit&section=60","/w/index.php?title=K.P._Eswaran&action=edit&redlink=1","/w/index.php?title=J._Gray&action=edit&redlink=1","/w/index.php?title=R.A._Lorie&action=edit&redlink=1","/w/index.php?title=I.L._Traiger&action=edit&redlink=1","/wiki/Database_transaction","/wiki/Consistency","/w/index.php?title=List_of_important_publications_in_computer_science&action=edit&section=61","/w/index.php?title=List_of_important_publications_in_computer_science&veaction=edit&section=61","/wiki/Amit_Sheth","/w/index.php?title=J.A._Larson&action=edit&redlink=1","http://dl.acm.org/citation.cfm?id=96604&coll=GUIDE&dl=ACM&ret=1","/w/index.php?title=List_of_important_publications_in_computer_science&action=edit&section=62","/w/index.php?title=List_of_important_publications_in_computer_science&veaction=edit&section=62","/wiki/Rakesh_Agrawal_(computer_scientist)","/wiki/Tomasz_Imielinski","/w/index.php?title=Arun_Swami&action=edit&redlink=1","/wiki/ACM_SIGMOD_Conference_on_Management_of_Data","http://citeseer.nj.nec.com/agrawal93mining.html","/wiki/Association_rule_learning","/w/index.php?title=List_of_important_publications_in_computer_science&action=edit&section=63","/w/index.php?title=List_of_important_publications_in_computer_science&veaction=edit&section=63","/w/index.php?title=List_of_important_publications_in_computer_science&action=edit&section=64","/w/index.php?title=List_of_important_publications_in_computer_science&veaction=edit&section=64","/wiki/Herman_H._Goldstine","/wiki/Princeton_University_Press","/wiki/International_Standard_Book_Number","/wiki/Special:BookSources/0-691-08104-2","/w/index.php?title=List_of_important_publications_in_computer_science&action=edit&section=65","/w/index.php?title=List_of_important_publications_in_computer_science&veaction=edit&section=65","/wiki/Nicholas_Metropolis","/w/index.php?title=J._Howlett&action=edit&redlink=1","/wiki/Gian-Carlo_Rota","/wiki/Academic_Press","/wiki/Special:BookSources/0124916503","/wiki/Information_retrieval","/w/index.php?title=List_of_important_publications_in_computer_science&action=edit&section=66","/w/index.php?title=List_of_important_publications_in_computer_science&veaction=edit&section=66","/w/index.php?title=List_of_important_publications_in_computer_science&action=edit&section=67","/w/index.php?title=List_of_important_publications_in_computer_science&veaction=edit&section=67","/w/index.php?title=Gerard_Salton,_A._Wong,_C._S._Yang&action=edit&redlink=1","/wiki/Vector_space_model","/w/index.php?title=List_of_important_publications_in_computer_science&action=edit&section=68","/w/index.php?title=List_of_important_publications_in_computer_science&veaction=edit&section=68","/w/index.php?title=Gerard_Salton,_Edward_A._Fox,_Harry_Wu&action=edit&redlink=1","/wiki/Inverted_index","/w/index.php?title=List_of_important_publications_in_computer_science&action=edit&section=69","/w/index.php?title=List_of_important_publications_in_computer_science&veaction=edit&section=69","/wiki/List_of_important_publications_in_cryptography","/wiki/Cryptography","/wiki/Computer_security","/wiki/Computer_networks","/wiki/Internet","/wiki/Operating_systems","/w/index.php?title=List_of_important_publications_in_computer_science&action=edit&section=70","/w/index.php?title=List_of_important_publications_in_computer_science&veaction=edit&section=70","/w/index.php?title=List_of_important_publications_in_computer_science&action=edit&section=71","/w/index.php?title=List_of_important_publications_in_computer_science&veaction=edit&section=71","/wiki/Fernando_J._Corbat%C3%B3","/w/index.php?title=M._Merwin-Daggett&action=edit&redlink=1","/w/index.php?title=R.C._Daley&action=edit&redlink=1","http://larch-www.lcs.mit.edu:8001/~corbato/sjcc62/","/wiki/Time-sharing","/w/index.php?title=List_of_important_publications_in_computer_science&action=edit&section=72","/w/index.php?title=List_of_important_publications_in_computer_science&veaction=edit&section=72","/wiki/Peter_J._Denning","http://cs.gmu.edu/cne/pjd/PUBS/WSModel_1968.pdf","/wiki/Cache_(computing)","http://cs.gmu.edu/cne/pjd/pjdsigopshof05.html","/wiki/Virtual_Memory","/wiki/MULTICS","/w/index.php?title=List_of_important_publications_in_computer_science&action=edit&section=73","/w/index.php?title=List_of_important_publications_in_computer_science&veaction=edit&section=73","/w/index.php?title=Robert_C._Daley&action=edit&redlink=1","/wiki/Jack_B._Dennis","http://www.cs.virginia.edu/~zaher/classes/CS656/p306-daley.pdf","/wiki/Multics","/w/index.php?title=List_of_important_publications_in_computer_science&action=edit&section=74","/w/index.php?title=List_of_important_publications_in_computer_science&veaction=edit&section=74","/wiki/Butler_W._Lampson","http://www.cs.cornell.edu/andru/cs711/2003fa/reading/lampson73note.pdf","/wiki/Unix","/w/index.php?title=List_of_important_publications_in_computer_science&action=edit&section=75","/w/index.php?title=List_of_important_publications_in_computer_science&veaction=edit&section=75","/wiki/Dennis_M._Ritchie","/wiki/Ken_Thompson_(computer_programmer)","/wiki/Communications_of_the_ACM","http://citeseer.ist.psu.edu/ritchie74unix.html","/wiki/Unix","/wiki/Operating_system","/w/index.php?title=List_of_important_publications_in_computer_science&action=edit&section=76","/w/index.php?title=List_of_important_publications_in_computer_science&veaction=edit&section=76","/w/index.php?title=David_K._Gifford&action=edit&redlink=1","http://citeseer.ist.psu.edu/gifford79weighted.html","/w/index.php?title=List_of_important_publications_in_computer_science&action=edit&section=77","/w/index.php?title=List_of_important_publications_in_computer_science&veaction=edit&section=77","/wiki/Butler_W._Lampson","/w/index.php?title=David_D._Redell&action=edit&redlink=1","http://www.cs.berkeley.edu/~brewer/cs262/Mesa.pdf","/w/index.php?title=List_of_important_publications_in_computer_science&action=edit&section=78","/w/index.php?title=List_of_important_publications_in_computer_science&veaction=edit&section=78","/wiki/John_Ousterhout","/wiki/International_Conference_on_Distributed_Computing_Systems","/wiki/Coscheduling","/w/index.php?title=List_of_important_publications_in_computer_science&action=edit&section=79","/w/index.php?title=List_of_important_publications_in_computer_science&veaction=edit&section=79","/wiki/Marshall_Kirk_McKusick","/wiki/William_N._Joy","/w/index.php?title=Samuel_J._Leffler&action=edit&redlink=1","/w/index.php?title=Robert_S._Fabry&action=edit&redlink=1","http://www.cs.berkeley.edu/~brewer/cs262/FFS.pdf","/wiki/File_system","/wiki/UNIX","/w/index.php?title=List_of_important_publications_in_computer_science&action=edit&section=80","/w/index.php?title=List_of_important_publications_in_computer_science&veaction=edit&section=80","/wiki/Mendel_Rosenblum","/wiki/John_Ousterhout","http://www.cs.berkeley.edu/~brewer/cs262/LFS.pdf","/wiki/Log-structured_file_system","/wiki/Microkernel","/wiki/Mach_(kernel)","/w/index.php?title=List_of_important_publications_in_computer_science&action=edit&section=81","/w/index.php?title=List_of_important_publications_in_computer_science&veaction=edit&section=81","/w/index.php?title=David_L._Black&action=edit&redlink=1","/w/index.php?title=David_B._Golub&action=edit&redlink=1","/w/index.php?title=Daniel_P._Julin&action=edit&redlink=1","/wiki/Richard_F._Rashid","/w/index.php?title=Richard_P._Draves&action=edit&redlink=1","/w/index.php?title=Randall_W._Dean&action=edit&redlink=1","/w/index.php?title=Alessandro_Forin&action=edit&redlink=1","/w/index.php?title=Joseph_Barrera&action=edit&redlink=1","/w/index.php?title=Hideyuki_Tokuda&action=edit&redlink=1","/w/index.php?title=Gerald_Malan&action=edit&redlink=1","/w/index.php?title=David_Bohman&action=edit&redlink=1","/wiki/Microkernel","/wiki/Mac_OS_X","/wiki/Architecture_of_Windows_NT","/wiki/L4_microkernel_family","/w/index.php?title=List_of_important_publications_in_computer_science&action=edit&section=82","/w/index.php?title=List_of_important_publications_in_computer_science&veaction=edit&section=82","/wiki/Margo_Seltzer","/wiki/Keith_Bostic","/wiki/Marshall_Kirk_McKusick","/w/index.php?title=Carl_Staelin&action=edit&redlink=1","/wiki/USENIX_Conference","http://citeseer.ist.psu.edu/seltzer93implementation.html","/w/index.php?title=List_of_important_publications_in_computer_science&action=edit&section=83","/w/index.php?title=List_of_important_publications_in_computer_science&veaction=edit&section=83","/w/index.php?title=G._Ganger&action=edit&redlink=1","/wiki/Marshall_Kirk_McKusick","/w/index.php?title=C._Soules&action=edit&redlink=1","/wiki/Yale_Patt","http://www.hpl.hp.com/personal/Craig_Soules/papers/TOCS.softupdates.pdf","/wiki/Programming_language","/w/index.php?title=List_of_important_publications_in_computer_science&action=edit&section=84","/w/index.php?title=List_of_important_publications_in_computer_science&veaction=edit&section=84","#cite_note-4","/w/index.php?title=List_of_important_publications_in_computer_science&action=edit&section=85","/w/index.php?title=List_of_important_publications_in_computer_science&veaction=edit&section=85","/wiki/John_Backus","http://archive.computerhistory.org/resources/text/Fortran/102663113.05.01.acc.pdf","/wiki/FORTRAN","/wiki/IBM","/wiki/Domain-specific_programming_language","/wiki/Procedural_programming","/wiki/Imperative_programming","#cite_note-Pierce2004-5","/w/index.php?title=List_of_important_publications_in_computer_science&action=edit&section=86","/w/index.php?title=List_of_important_publications_in_computer_science&veaction=edit&section=86","/wiki/John_McCarthy_(computer_scientist)","http://www-formal.stanford.edu/jmc/recursive.html","/wiki/Lisp_(programming_language)","/wiki/Functional_programming_language","/wiki/AI","/wiki/ALGOL","/w/index.php?title=List_of_important_publications_in_computer_science&action=edit&section=87","/w/index.php?title=List_of_important_publications_in_computer_science&veaction=edit&section=87","http://www.masswerk.at/algol60/report.htm","/wiki/Brian_Randell","/wiki/Compiler","http://www.cs.ncl.ac.uk/research/pubs/articles/papers/427.pdf","http://www.cs.ncl.ac.uk/publications/books/papers/124.pdf","/wiki/Edsger_W._Dijkstra","#cite_note-6","/wiki/Pascal_(programming_language)","/w/index.php?title=List_of_important_publications_in_computer_science&action=edit&section=88","/w/index.php?title=List_of_important_publications_in_computer_science&veaction=edit&section=88","/wiki/Niklaus_Wirth","/w/index.php?title=Kathleen_Jensen&action=edit&redlink=1","/wiki/Special:BookSources/0387976493","/wiki/Special:BookSources/3540976493","#cite_note-7","/wiki/Special:BookSources/0130224189","#cite_note-8","/wiki/Structured_programming","/wiki/Data_structure","/wiki/The_next_700_programming_languages","#cite_note-Pierce2004-5","/w/index.php?title=List_of_important_publications_in_computer_science&action=edit&section=89","/w/index.php?title=List_of_important_publications_in_computer_science&veaction=edit&section=89","/wiki/Peter_Landin","#cite_note-9","/wiki/ISWIM","/wiki/Fundamental_Concepts_in_Programming_Languages","/w/index.php?title=List_of_important_publications_in_computer_science&action=edit&section=90","/w/index.php?title=List_of_important_publications_in_computer_science&veaction=edit&section=90","/wiki/Christopher_Strachey","/wiki/Lambda_Papers","/w/index.php?title=List_of_important_publications_in_computer_science&action=edit&section=91","/w/index.php?title=List_of_important_publications_in_computer_science&veaction=edit&section=91","/wiki/Gerald_Jay_Sussman","/wiki/Guy_L._Steele,_Jr.","/wiki/AI_Memo","/wiki/Scheme_(programming_language)","/wiki/Lambda_calculus","/wiki/Expressive_power","/wiki/Structure_and_Interpretation_of_Computer_Programs","/w/index.php?title=List_of_important_publications_in_computer_science&action=edit&section=92","/w/index.php?title=List_of_important_publications_in_computer_science&veaction=edit&section=92","/wiki/Harold_Abelson","/wiki/Gerald_Jay_Sussman","/wiki/MIT_Press","/wiki/The_C_Programming_Language","/w/index.php?title=List_of_important_publications_in_computer_science&action=edit&section=93","/w/index.php?title=List_of_important_publications_in_computer_science&veaction=edit&section=93","/wiki/Brian_Kernighan","/wiki/Dennis_Ritchie","/wiki/Prentice_Hall","/wiki/C_(programming_language)","/wiki/The_C%2B%2B_Programming_Language","/w/index.php?title=List_of_important_publications_in_computer_science&action=edit&section=94","/w/index.php?title=List_of_important_publications_in_computer_science&veaction=edit&section=94","/wiki/Bjarne_Stroustrup","/wiki/Addison%E2%80%93Wesley","/wiki/C%2B%2B","/wiki/Java_(programming_language)","/w/index.php?title=List_of_important_publications_in_computer_science&action=edit&section=95","/w/index.php?title=List_of_important_publications_in_computer_science&veaction=edit&section=95","/wiki/Ken_Arnold","/wiki/James_Gosling","/wiki/Special:BookSources/0321349806","/w/index.php?title=List_of_important_publications_in_computer_science&action=edit&section=96","/w/index.php?title=List_of_important_publications_in_computer_science&veaction=edit&section=96","/wiki/Computational_science","/wiki/James_H._Wilkinson","/wiki/International_Standard_Book_Number","/wiki/Special:BookSources/978-0-387-05414-8","/wiki/Gene_H._Golub","/wiki/Charles_F._Van_Loan","/wiki/International_Standard_Book_Number","/wiki/Special:BookSources/978-0-8018-5414-9","/wiki/Computational_linguistics","/w/index.php?title=List_of_important_publications_in_computer_science&action=edit&section=97","/w/index.php?title=List_of_important_publications_in_computer_science&veaction=edit&section=97","/wiki/Stochastic_context-free_grammar","/wiki/Kimmo_Koskenniemi","http://www.ling.helsinki.fi/~koskenni/doc/Two-LevelMorphology.pdf","/wiki/University_of_Helsinki","/wiki/Morphology_(linguistics)","/wiki/Finite_state_transducer","/wiki/Lawrence_Rabiner","/wiki/Proceedings_of_the_IEEE","/wiki/Hidden_Markov_model","/wiki/Speech_recognition","/wiki/Viterbi_algorithm","/wiki/Forward-backward_algorithm","/wiki/Eric_Brill","/wiki/Computational_Linguistics_(journal)","/wiki/Part_of_speech_tagging","/w/index.php?title=Transformation-based_learning&action=edit&redlink=1","/w/index.php?title=Christopher_Manning&action=edit&redlink=1","/w/index.php?title=Hinrich_Sch%C3%BCtze&action=edit&redlink=1","/wiki/MIT_Press","http://cs.uwindsor.ca/~richard/PUBLICATIONS/NLI_LFP_SURVEY_DRAFT.pdf","/wiki/ACM_Computing_Surveys","/wiki/Haskell_(programming_language)","/wiki/Software_engineering","/w/index.php?title=List_of_important_publications_in_computer_science&action=edit&section=98","/w/index.php?title=List_of_important_publications_in_computer_science&veaction=edit&section=98","/wiki/List_of_software_engineering_topics#Notable_publications","/wiki/Software_engineering","/wiki/NATO","/w/index.php?title=List_of_important_publications_in_computer_science&action=edit&section=99","/w/index.php?title=List_of_important_publications_in_computer_science&veaction=edit&section=99","/wiki/Peter_Naur","/wiki/Brian_Randell","http://homepages.cs.ncl.ac.uk/brian.randell/NATO/nato1968.PDF","/wiki/Software_engineering","/wiki/GOTO","/wiki/Considered_harmful","#cite_note-Pierce2004-5","/w/index.php?title=List_of_important_publications_in_computer_science&action=edit&section=100","/w/index.php?title=List_of_important_publications_in_computer_science&veaction=edit&section=100","/wiki/Edsger_Dijkstra","/wiki/Communications_of_the_ACM","http://www.cs.uiuc.edu/homes/snir/PPP/models/gotoharmful.pdf","/wiki/Structured_programming","/w/index.php?title=List_of_important_publications_in_computer_science&action=edit&section=101","/w/index.php?title=List_of_important_publications_in_computer_science&veaction=edit&section=101","/wiki/David_Parnas","/wiki/Communications_of_the_ACM","http://www.cs.umd.edu/class/spring2003/cmsc838p/Design/criteria.pdf","/wiki/Information_hiding","/w/index.php?title=List_of_important_publications_in_computer_science&action=edit&section=102","/w/index.php?title=List_of_important_publications_in_computer_science&veaction=edit&section=102","/wiki/Ole-Johan_Dahl","/wiki/C._A._R._Hoare","/wiki/Object-oriented_programming","/w/index.php?title=List_of_important_publications_in_computer_science&action=edit&section=103","/w/index.php?title=List_of_important_publications_in_computer_science&veaction=edit&section=103","/wiki/David_Parnas","http://people.cs.uchicago.edu/~robby/contract-reading-list/parnas.05.72.pdf","/wiki/Specification","/w/index.php?title=List_of_important_publications_in_computer_science&action=edit&section=104","/w/index.php?title=List_of_important_publications_in_computer_science&veaction=edit&section=104","/wiki/Wayne_Stevens","/wiki/Larry_Constantine","http://www.research.ibm.com/journal/sj/382/stevens.pdf","/wiki/Structured_Systems_Analysis_and_Design_Method","/wiki/Data_flow_diagram","/wiki/Coupling_(computer_science)","/wiki/Cohesion_(computer_science)","/w/index.php?title=List_of_important_publications_in_computer_science&action=edit&section=105","/w/index.php?title=List_of_important_publications_in_computer_science&veaction=edit&section=105","/wiki/C.A.R._Hoare","http://web.archive.org/web/20070211210228/http://www.braithwaite-lee.com/opinions/p75-hoare.pdf","/wiki/Second-system_effect","/wiki/The_Mythical_Man-Month","/w/index.php?title=List_of_important_publications_in_computer_science&action=edit&section=106","/w/index.php?title=List_of_important_publications_in_computer_science&veaction=edit&section=106","/wiki/Fred_Brooks","/wiki/No_Silver_Bullet","/w/index.php?title=List_of_important_publications_in_computer_science&action=edit&section=107","/w/index.php?title=List_of_important_publications_in_computer_science&veaction=edit&section=107","/wiki/Fred_Brooks","/wiki/Computer_(magazine)","/wiki/Digital_object_identifier","http://dx.doi.org/10.1109%2FMC.1987.1663532","/wiki/The_Cathedral_and_the_Bazaar","/w/index.php?title=List_of_important_publications_in_computer_science&action=edit&section=108","/w/index.php?title=List_of_important_publications_in_computer_science&veaction=edit&section=108","/wiki/Eric_S_Raymond","/wiki/First_Monday_(journal)","http://www.catb.org/~esr/writings/cathedral-bazaar/","/wiki/Open_source","/wiki/Methodology_(software_engineering)","/wiki/Design_Patterns_(book)","/w/index.php?title=List_of_important_publications_in_computer_science&action=edit&section=109","/w/index.php?title=List_of_important_publications_in_computer_science&veaction=edit&section=109","/wiki/Erich_Gamma","/w/index.php?title=Richard_Helm&action=edit&redlink=1","/wiki/Ralph_Johnson_(computer_scientist)","/wiki/John_Vlissides","/wiki/Addison%E2%80%93Wesley","/wiki/Design_pattern_(computer_science)","/wiki/Statechart","/w/index.php?title=List_of_important_publications_in_computer_science&action=edit&section=110","/w/index.php?title=List_of_important_publications_in_computer_science&veaction=edit&section=110","/wiki/David_Harel","http://www.wisdom.weizmann.ac.il/~dharel/SCANNED.PAPERS/Statecharts.pdf","/wiki/Statechart","/wiki/State_machine","/wiki/Unified_Modeling_Language","/w/index.php?title=List_of_important_publications_in_computer_science&action=edit&section=111","/w/index.php?title=List_of_important_publications_in_computer_science&veaction=edit&section=111","/wiki/List_of_important_publications_in_theoretical_computer_science","/wiki/Theoretical_computer_science","/wiki/Computability_theory","/wiki/Computational_complexity_theory","/wiki/Algorithm","/wiki/Algorithmic_information_theory","/wiki/Information_theory","/wiki/Formal_verification","/w/index.php?title=List_of_important_publications_in_computer_science&action=edit&section=112","/w/index.php?title=List_of_important_publications_in_computer_science&veaction=edit&section=112","/wiki/DBLP","/wiki/List_of_open_problems_in_computer_science","/wiki/The_Collection_of_Computer_Science_Bibliographies","/wiki/Paris_Kanellakis_Award","/w/index.php?title=List_of_important_publications_in_computer_science&action=edit&section=113","/w/index.php?title=List_of_important_publications_in_computer_science&veaction=edit&section=113","#cite_ref-1","#CITEREFLaplante1996","#cite_ref-2","#CITEREFLaplante1996","#cite_ref-3","http://doi.acm.org/10.1145/15922.15902","#cite_ref-4","#CITEREFLaplante1996","#cite_ref-Pierce2004_5-0","#cite_ref-Pierce2004_5-1","#cite_ref-Pierce2004_5-2","/wiki/Help:CS1_errors#cite_web_url","/wiki/Help:CS1_errors#accessdate_missing_url","#cite_ref-6","http://www.cs.utexas.edu/users/EWD/MCReps/MR35.PDF","#cite_ref-7","http://www.cs.inf.ethz.ch/~wirth/books/Pascal/","#cite_ref-8","http://www.cs.inf.ethz.ch/~wirth/books/AlgorithmE0/","#cite_ref-9","http://scholar.google.com/scholar?hl=uk&lr=&cluster=2856797924573721037&um=1&ie=UTF-8&sa=X&oi=science_links&resnum=1&ct=sl-allversions","/wiki/International_Standard_Book_Number","/wiki/Special:BookSources/0-314-06365-X","/wiki/Brian_Randell","/wiki/Special:BookSources/0387113193","/wiki/Ed_Yourdon","/wiki/Special:BookSources/0917072146","/w/index.php?title=List_of_important_publications_in_computer_science&action=edit&section=114","/w/index.php?title=List_of_important_publications_in_computer_science&veaction=edit&section=114","http://portal.acm.org/classics.cfm","http://citeseerx.ist.psu.edu/stats/articles","http://www.cs.rutgers.edu/tmp/webarchives/ZmdgIBGXEwUXUpAXaXxQ/","/w/index.php?title=List_of_important_publications_in_computer_science&action=edit&section=115","/w/index.php?title=List_of_important_publications_in_computer_science&veaction=edit&section=115","http://scholar.google.com/","http://citeseer.ist.psu.edu/","http://academic.live.com/","http://www.odysci.com/","http://isiknowledge.com/","/wiki/Template:Important_publications","/wiki/Template_talk:Important_publications","//en.wikipedia.org/w/index.php?title=Template:Important_publications&action=edit","/wiki/Lists_of_important_publications_in_science","/wiki/List_of_important_publications_in_concurrent,_parallel,_and_distributed_computing","/wiki/List_of_important_publications_in_cryptography","/wiki/List_of_important_publications_in_theoretical_computer_science","/wiki/List_of_important_publications_in_mathematics","/wiki/List_of_important_publications_in_statistics","/wiki/List_of_important_publications_in_medicine","/wiki/Bibliography_of_biology","/wiki/List_of_important_publications_in_chemistry","/wiki/List_of_important_publications_in_geology","/wiki/List_of_important_publications_in_physics","/wiki/List_of_systems_of_plant_taxonomy","/wiki/List_of_important_publications_in_philosophy","/wiki/Bibliography_of_anthropology","/wiki/List_of_important_publications_in_economics","/wiki/List_of_humor_research_publications","/wiki/List_of_important_publications_in_psychology","/wiki/Bibliography_of_sociology","/wiki/Antiquarian_science_books","/wiki/List_of_scientific_publications_by_Albert_Einstein","//en.wikipedia.org/w/index.php?title=Special:CentralAutoLogin/start&type=1x1&from=enwiki","http://en.wikipedia.org/w/index.php?title=List_of_important_publications_in_computer_science&oldid=554704080","/wiki/Help:Category","/wiki/Category:Computer_science_papers","/wiki/Category:History_of_computer_science","/wiki/Category:Lists_of_publications_in_science","/wiki/Category:Artificial_intelligence_publications","/wiki/Category:Computing-related_lists","/wiki/Category:Pages_using_web_citations_with_no_URL","/wiki/Category:Pages_using_citations_with_accessdate_and_no_URL","/wiki/Category:Wikipedia_references_cleanup_from_October_2011","/wiki/Category:All_articles_needing_references_cleanup","/wiki/Category:Articles_covered_by_WikiProject_Wikify_from_October_2011","/wiki/Category:All_articles_covered_by_WikiProject_Wikify","/w/index.php?title=Special:UserLogin&returnto=List+of+important+publications+in+computer+science&type=signup","/w/index.php?title=Special:UserLogin&returnto=List+of+important+publications+in+computer+science","/wiki/List_of_important_publications_in_computer_science","/wiki/Talk:List_of_important_publications_in_computer_science","#","/wiki/List_of_important_publications_in_computer_science","/w/index.php?title=List_of_important_publications_in_computer_science&action=edit","/w/index.php?title=List_of_important_publications_in_computer_science&veaction=edit","/w/index.php?title=List_of_important_publications_in_computer_science&action=history","#","/w/index.php","//bits.wikimedia.org/static-1.22wmf12/skins/vector/images/search-ltr.png?303-4","/wiki/Main_Page","/wiki/Main_Page","/wiki/Portal:Contents","/wiki/Portal:Featured_content","/wiki/Portal:Current_events","/wiki/Special:Random","https://donate.wikimedia.org/wiki/Special:FundraiserRedirector?utm_source=donate&utm_medium=sidebar&utm_campaign=C13_en.wikipedia.org&uselang=en","/wiki/Help:Contents","/wiki/Wikipedia:About","/wiki/Wikipedia:Community_portal","/wiki/Special:RecentChanges","//en.wikipedia.org/wiki/Wikipedia:Contact_us","/wiki/Special:WhatLinksHere/List_of_important_publications_in_computer_science","/wiki/Special:RecentChangesLinked/List_of_important_publications_in_computer_science","/wiki/Wikipedia:File_Upload_Wizard","/wiki/Special:SpecialPages","/w/index.php?title=List_of_important_publications_in_computer_science&oldid=554704080","/w/index.php?title=List_of_important_publications_in_computer_science&action=info","//www.wikidata.org/wiki/Q6623906","/w/index.php?title=Special:Cite&page=List_of_important_publications_in_computer_science&id=554704080","/w/index.php?title=Special:Book&bookcmd=book_creator&referer=List+of+important+publications+in+computer+science","/w/index.php?title=Special:Book&bookcmd=render_article&arttitle=List+of+important+publications+in+computer+science&oldid=554704080&writer=rl","/w/index.php?title=List_of_important_publications_in_computer_science&printable=yes","//sl.wikipedia.org/wiki/Seznam_publikacij_s_podro%C4%8Dja_ra%C4%8Dunalni%C5%A1tva","#","//www.wikidata.org/wiki/Q6623906#sitelinks-wikipedia","//en.wikipedia.org/wiki/Wikipedia:Text_of_Creative_Commons_Attribution-ShareAlike_3.0_Unported_License","//creativecommons.org/licenses/by-sa/3.0/","//wikimediafoundation.org/wiki/Terms_of_Use","//wikimediafoundation.org/wiki/Privacy_policy","//www.wikimediafoundation.org/","//wikimediafoundation.org/wiki/Privacy_policy","/wiki/Wikipedia:About","/wiki/Wikipedia:General_disclaimer","//en.wikipedia.org/wiki/Wikipedia:Contact_us","//en.m.wikipedia.org/wiki/List_of_important_publications_in_computer_science","//wikimediafoundation.org/","//bits.wikimedia.org/images/wikimedia-button.png","//www.mediawiki.org/","//bits.wikimedia.org/static-1.22wmf12/skins/common/images/poweredby_mediawiki_88x31.png","//bits.wikimedia.org/en.wikipedia.org/load.php?debug=false&lang=en&modules=site&only=scripts&skin=vector&*"],"instances":["video","computer_science","programming_language","linguistics","computer_science","algorithm","programming_language","order","computer_scientist","scientist","computer_scientist","computer_science","computer_scientist","computer_science","journal","computer_scientist","programming_language","computer_programmer","computer_science","computer_scientist","programming_language","software_engineering","computing"],"pdf":["http://www-bisc.cs.berkeley.edu/Zadeh-1965.pdf","http://world.std.com/~rjs/indinf56.pdf","http://www.springerlink.com/content/x1022977778l1777/fulltext.pdf","http://docs.freebsd.org/44doc/psd/18.gprof/paper.pdf","http://www.virtualtravelog.net/entries/2003-08-TheFirstDraft.pdf","http://www.research.ibm.com/journal/rd/441/amdahl.pdf","http://inst.eecs.berkeley.edu/%7En252/sp07/Papers/RISC-patterson.pdf","http://inst.eecs.berkeley.edu/%7En252/sp07/Papers/RISC-clark.pdf","http://inst.eecs.berkeley.edu/%7En252/sp07/Papers/Cray.pdf","http://inst.eecs.berkeley.edu/%7En252/sp07/Papers/Amdahl.pdf","http://inst.eecs.berkeley.edu/%7En252/sp07/Papers/RAID-patterson.pdf","http://citeseerx.ist.psu.edu/viewdoc/download?doi=10.1.1.136.951&rep=rep1&type=pdf","http://www.cs.ucla.edu/~dt/papers/siggraph87/siggraph87.pdf","http://www.mrl.nyu.edu/~dt/papers/ijcv88/ijcv88.pdf","http://www.informatik.uni-bonn.de/III/lehre/vorlesungen/Informationssysteme/WS06/materialien/Codd72a.pdf","http://cs.gmu.edu/cne/pjd/PUBS/WSModel_1968.pdf","http://www.cs.virginia.edu/~zaher/classes/CS656/p306-daley.pdf","http://www.cs.cornell.edu/andru/cs711/2003fa/reading/lampson73note.pdf","http://www.cs.berkeley.edu/~brewer/cs262/Mesa.pdf","http://www.cs.berkeley.edu/~brewer/cs262/FFS.pdf","http://www.cs.berkeley.edu/~brewer/cs262/LFS.pdf","http://www.hpl.hp.com/personal/Craig_Soules/papers/TOCS.softupdates.pdf","http://archive.computerhistory.org/resources/text/Fortran/102663113.05.01.acc.pdf","http://www.cs.ncl.ac.uk/publications/books/papers/124.pdf","http://www.ling.helsinki.fi/~koskenni/doc/Two-LevelMorphology.pdf","http://cs.uwindsor.ca/~richard/PUBLICATIONS/NLI_LFP_SURVEY_DRAFT.pdf","http://www.cs.uiuc.edu/homes/snir/PPP/models/gotoharmful.pdf","http://www.cs.umd.edu/class/spring2003/cmsc838p/Design/criteria.pdf","http://people.cs.uchicago.edu/~robby/contract-reading-list/parnas.05.72.pdf","http://www.research.ibm.com/journal/sj/382/stevens.pdf","http://web.archive.org/web/20070211210228/http://www.braithwaite-lee.com/opinions/p75-hoare.pdf","http://www.wisdom.weizmann.ac.il/~dharel/SCANNED.PAPERS/Statecharts.pdf"],"categories":["Computer science papers|","History of computer science","Lists of publications in science|Computer science","Artificial intelligence publications","Computing-related lists|Computer science"],"headings":["[[Artificial intelligence]]","Collaborative networks","[[Compilers]]","[[Computer architecture]]","[[Computer graphics]]","[[Computer vision]]","Concurrent, parallel, and distributed computing","[[Database]]s","History of computation","[[Information retrieval]]","Networks and security","[[Operating systems]]","[[Programming language]]s","Scientific computing","[[Software engineering]]","Theoretical computer science","See also","References","External links"],"image":["//upload.wikimedia.org/wikipedia/en/thumb/f/f2/Edit-clear.svg/40px-Edit-clear.svg.png","//en.wikipedia.org/w/index.php?title=Special:CentralAutoLogin/start&type=1x1&from=enwiki","//bits.wikimedia.org/static-1.22wmf12/skins/vector/images/search-ltr.png?303-4","//bits.wikimedia.org/images/wikimedia-button.png","//bits.wikimedia.org/static-1.22wmf12/skins/common/images/poweredby_mediawiki_88x31.png"],"tags":[["john_mccarthy","computer_scientist"],["nathaniel_rochester","computer_scientist"],["winnow","algorithm"],["boosting","meta-algorithm"],["lattice","order"],["profiler","computer_science"],["instruction","computer_science"],["david_a._patterson","scientist"],["reference_frame","video"],["david_lowe","computer_scientist"],["rakesh_agrawal","computer_scientist"],["cache","computing"],["ken_thompson","computer_programmer"],["john_mccarthy","computer_scientist"],["lisp","programming_language"],["scheme","programming_language"],["c","programming_language"],["morphology","linguistics"],["computational_linguistics","journal"],["haskell","programming_language"],["coupling","computer_science"],["cohesion","computer_science"],["methodology","software_engineering"],["ralph_johnson","computer_scientist"],["design_pattern","computer_science"]],"members":["reference_frame","instruction","lisp","morphology","cohesion","winnow","haskell","lattice","john_mccarthy","ralph_johnson","design_pattern","nathaniel_rochester","profiler","computational_linguistics","rakesh_agrawal","scheme","ken_thompson","coupling","david_lowe","c","methodology","boosting","cache"],"related":["Alan_Turing","Turing_test","John_McCarthy_(computer_scientist)","Marvin_Minsky","Nathaniel_Rochester_(computer_scientist)","Claude_E._Shannon","Artificial_intelligence","Philosophy_of_AI","Dartmouth_conference","History_of_AI","Lotfi_Zadeh","Fuzzy_set","Judea_Pearl","Bayesian_method","Stuart_J._Russell","Peter_Norvig","Ray_Solomonoff","E._M._Gold","Algorithmic_learning_theory","Vladimir_Vapnik","Alexey_Chervonenkis","Computational_learning_theory","VC_theory","VC_dimension","Leslie_Valiant","Probably_approximately_correct_learning","David_E._Rumelhart","Geoffrey_E._Hinton","Ronald_J._Williams","Backpropagation","Artificial_neural_network","Paul_Werbos","Ross_Quinlan","Decision_Tree","Nick_Littlestone","Winnow_(algorithm)","Richard_S._Sutton","Temporal_difference","Reinforcement_learning","A._Blumer","A._Ehrenfeucht","D._Haussler","Manfred_K._Warmuth","Journal_of_the_ACM","Probably_approximately_correct_learning","VC_dimension","M._Kearns","Leslie_Valiant","Symposium_on_Theory_of_Computing","Probably_approximately_correct_learning","Robert_E._Schapire","Probably_approximately_correct_learning","Boosting_(meta-algorithm)","Ming_Li","Journal_on_Computing","Vladimir_Vapnik","Support_Vector_Machine","Kernel_trick","Nello_Cristianini","David_Haussler","PNAS","Gene_expression","Support_Vector_Machines","Donald_Knuth","Deterministic_context-free_languages","LALR_parser","Yacc","Donald_Knuth","S-attributed_grammar","LR-attributed_grammar","F.E._Allen","J._Cocke","Gary_Kildall","Symposium_on_Principles_of_Programming_Languages","Data-flow_analysis","Fixpoint","Lattice_(order)","Stephen_C._Johnson","Yacc","Compiler","Susan_L._Graham","Peter_B._Kessler","Marshall_Kirk_McKusick","Gprof","Profiler_(computer_science)","Alfred_V._Aho","Ravi_Sethi","Jeffrey_D._Ullman","Monica_Lam","Addison-Wesley","Tommy_Flowers","Cryptanalysis","Lorenz_Cipher","World_War_II","Binary_numeral_system","Computer","John_von_Neumann","ENIAC","Von_Neumann_architecture","Gene_Amdahl","Fred_Brooks","G._A._Blaauw","IBM_System/360","Mainframe_computer","IBM","Computer_architecture","DA_Patterson","DR_Ditzel","CPU_design","CPU_design","Instruction_(computer_science)","DW_Clark","WD_Strecker","DW_Clark","WD_Strecker","Cray-1","Supercomputer","Seymour_Cray","Cray_Research","Los_Alamos_National_Laboratory","Gene_Amdahl","Amdahl's_Law","David_A._Patterson_(scientist)","Garth_Gibson","Randy_H._Katz","RAID","Kunle_Olukotun","Basem_Nayfeh","Lance_Hammond","Kenneth_G._Wilson","Kunyung_Chang","List_of_Intel_microprocessors","Jim_Kajiya","D._Terzopoulos","J._Platt","A._Barr","K._Fleischer","SIGGRAPH","C.D._Kuglin","D.C._Hines","Fourier_transform","B.K.P._Horn","B.G._Schunck","Lucas,_B.D.","Takeo_Kanade","International_Joint_Conference_on_Artificial_Intelligence","Peter_J._Burt","Edward_H._Adelson","IEEE_Transactions_on_Communications","Stuart_Geman","Donald_Geman","Reference_frame_(video)","Gibbs_sampling","Bayesian_statistics","Michael_Kass","Andrew_Witkin","Demetri_Terzopoulos","International_Journal_of_Computer_Vision","M._Isard","A._Blake","International_Journal_of_Computer_Vision","Visual_tracking","David_Lowe_(computer_scientist)","International_Conference_on_Computer_Vision","Scale-invariant_feature_transform","Concurrent_computing","Parallel_computing","Distributed_computing","Edgar_F._Codd","Rudolf_Bayer","B-Tree","Data_structure","Edgar_F._Codd","Peter_Chen","Entity-relationship_diagram","Donald_D._Chamberlin","Raymond_F._Boyce","SQL","K.P._Eswaran","J._Gray","R.A._Lorie","I.L._Traiger","Database_transaction","Consistency","Amit_Sheth","J.A._Larson","Rakesh_Agrawal_(computer_scientist)","Tomasz_Imielinski","Arun_Swami","Association_rule_learning","Nicholas_Metropolis","J._Howlett","Gian-Carlo_Rota","Academic_Press","Gerard_Salton,_A._Wong,_C._S._Yang","Vector_space_model","Gerard_Salton,_Edward_A._Fox,_Harry_Wu","Inverted_index","Cryptography","Computer_security","Computer_networks","Internet","Fernando_J._Corbató","M._Merwin-Daggett","R.C._Daley","Time-sharing","Peter_J._Denning","Cache_(computing)","Robert_C._Daley","Jack_B._Dennis","Multics","Butler_W._Lampson","Dennis_M._Ritchie","Ken_Thompson_(computer_programmer)","Communications_of_the_ACM","Unix","Operating_system","David_K._Gifford","Butler_W._Lampson","David_D._Redell","John_Ousterhout","International_Conference_on_Distributed_Computing_Systems","Coscheduling","Marshall_Kirk_McKusick","William_N._Joy","Samuel_J._Leffler","Robert_S._Fabry","File_system","UNIX","Mendel_Rosenblum","John_Ousterhout","Log-structured_file_system","David_L._Black","David_B._Golub","Daniel_P._Julin","Richard_F._Rashid","Richard_P._Draves","Randall_W._Dean","Alessandro_Forin","Joseph_Barrera","Hideyuki_Tokuda","Gerald_Malan","David_Bohman","Microkernel","Mac_OS_X","Architecture_of_Windows_NT","L4_microkernel_family","Margo_Seltzer","Keith_Bostic","Marshall_Kirk_McKusick","Carl_Staelin","USENIX_Conference","G._Ganger","Marshall_Kirk_McKusick","C._Soules","Yale_Patt","John_Backus","FORTRAN","IBM","Domain-specific_programming_language","Procedural_programming","Imperative_programming","John_McCarthy_(computer_scientist)","Lisp_(programming_language)","Functional_programming_language","AI","Brian_Randell","Compiler","Edsger_W._Dijkstra","Niklaus_Wirth","Kathleen_Jensen","Structured_programming","Data_structure","Peter_Landin","ISWIM","Christopher_Strachey","Gerald_Jay_Sussman","Guy_L._Steele,_Jr.","AI_Memo","Scheme_(programming_language)","Lambda_calculus","Expressive_power","Harold_Abelson","Gerald_Jay_Sussman","MIT_Press","Brian_Kernighan","Dennis_Ritchie","Prentice_Hall","C_(programming_language)","Bjarne_Stroustrup","Addison–Wesley","C++","Ken_Arnold","James_Gosling","Stochastic_context-free_grammar","University_of_Helsinki","Morphology_(linguistics)","Finite_state_transducer","Proceedings_of_the_IEEE","Hidden_Markov_model","Speech_recognition","Viterbi_algorithm","Forward-backward_algorithm","Computational_Linguistics_(journal)","Part_of_speech_tagging","Transformation-based_learning","MIT_Press","ACM_Computing_Surveys","Haskell_(programming_language)","Peter_Naur","Brian_Randell","Software_engineering","Edsger_Dijkstra","Structured_programming","David_Parnas","Communications_of_the_ACM","Information_hiding","Ole-Johan_Dahl","C._A._R._Hoare","Object-oriented_programming","David_Parnas","Specification","Wayne_Stevens","Larry_Constantine","Structured_Systems_Analysis_and_Design_Method","Data_flow_diagram","Coupling_(computer_science)","Cohesion_(computer_science)","C.A.R._Hoare","Second-system_effect","Fred_Brooks","Eric_S_Raymond","Open_source","Methodology_(software_engineering)","Erich_Gamma","Richard_Helm","Ralph_Johnson_(computer_scientist)","John_Vlissides","Addison–Wesley","Design_pattern_(computer_science)","David_Harel","Statechart","State_machine","Unified_Modeling_Language","Theoretical_computer_science","Computability_theory","Computational_complexity_theory","Algorithm","Algorithmic_information_theory","Information_theory","Formal_verification","DBLP","List_of_open_problems_in_computer_science","The_Collection_of_Computer_Science_Bibliographies","Paris_Kanellakis_Award","Brian_Randell","Ed_Yourdon"]}