{"cursor":"14724","size":15,"audio":[],"currentlang":"en","article":"The following is a list of current and past notable artificial intelligence\nprojects. \n","linknr":325,"url":"List_of_notable_artificial_intelligence_projects","recorded":1376396346,"links":["/w/index.php?title=List_of_artificial_intelligence_projects&action=edit","/w/index.php?title=List_of_artificial_intelligence_projects&action=edit","//bits.wikimedia.org/favicon/wikipedia.ico","/w/opensearch_desc.php","//en.wikipedia.org/w/api.php?action=rsd","//creativecommons.org/licenses/by-sa/3.0/","/w/index.php?title=Special:RecentChanges&feed=atom","http://en.wikipedia.org/wiki/List_of_artificial_intelligence_projects","//bits.wikimedia.org/en.wikipedia.org/load.php?debug=false&lang=en&modules=ext.gadget.DRN-wizard%2CReferenceTooltips%2Ccharinsert%2Cteahouse%7Cext.rtlcite%2Cwikihiero%7Cext.uls.nojs%7Cmediawiki.legacy.commonPrint%2Cshared%7Cmw.PopUpMediaTransform%7Cskins.vector&only=styles&skin=vector&*","//bits.wikimedia.org/en.wikipedia.org/load.php?debug=false&lang=en&modules=ext.visualEditor.viewPageTarget.noscript&only=styles&skin=vector&*","//bits.wikimedia.org/en.wikipedia.org/load.php?debug=false&lang=en&modules=site&only=styles&skin=vector&*","//bits.wikimedia.org/en.wikipedia.org/load.php?debug=false&lang=en&modules=startup&only=scripts&skin=vector&*","//bits.wikimedia.org/geoiplookup","//meta.wikimedia.org","/w/index.php?title=List_of_notable_artificial_intelligence_projects&redirect=no","#mw-navigation","#p-search","/wiki/Artificial_intelligence","#Specialized_projects","#Brain_simulation","#Cognitive_architectures","#Games","#Knowledge_and_reasoning","#Motion_and_manipulation","#Natural_language_processing","#Planning","#Other","#Multipurpose_projects","#Software_libraries","#Cloud_services","#See_also","#External_links","#References","/w/index.php?title=List_of_artificial_intelligence_projects&action=edit&section=1","/w/index.php?title=List_of_artificial_intelligence_projects&veaction=edit&section=1","/w/index.php?title=List_of_artificial_intelligence_projects&action=edit&section=2","/w/index.php?title=List_of_artificial_intelligence_projects&veaction=edit&section=2","http://code.google.com/p/ahuman/","/wiki/Numenta","/wiki/Blue_Brain_Project","/wiki/Reverse_engineering","http://www.andcorporation.com/","/wiki/Hierarchical_Temporal_Memory","/wiki/Numenta","/wiki/Neocortex","/w/index.php?title=Visual_Hierarchical_Modular_Neural_Network&action=edit&redlink=1","http://www.tinmansystems.com","http://www.aileenn.com","/wiki/TDVision","/w/index.php?title=List_of_artificial_intelligence_projects&action=edit&section=3","/w/index.php?title=List_of_artificial_intelligence_projects&veaction=edit&section=3","/wiki/4CAPS","/wiki/Carnegie_Mellon_University","/wiki/Marcel_Just","/wiki/ACT-R","/wiki/John_Robert_Anderson_(psychologist)","/wiki/PreAct","/w/index.php?title=Dr._Norm_Geddes&action=edit&redlink=1","/w/index.php?title=Apex_(cognitive_architecture)&action=edit&redlink=1","/w/index.php?title=Michael_Freed&action=edit&redlink=1","/wiki/NASA_Ames_Research_Center","/wiki/CALO","/wiki/Artificial_intelligence","/wiki/Natural_language_processing","/wiki/Speech_recognition","/wiki/Machine_vision","/wiki/Probabilistic_logic","/wiki/Planning","/wiki/Reasoning","/wiki/Machine_learning","/wiki/CHREST","/wiki/Fernand_Gobet","/wiki/Brunel_University","/wiki/University_of_Hertfordshire","/wiki/CLARION_(cognitive_architecture)","/wiki/Ron_Sun","/wiki/Rensselaer_Polytechnic_Institute","/wiki/JACK_Intelligent_Agents","/wiki/ACT-R","/wiki/Copycat_(software)","/wiki/Douglas_Hofstadter","/wiki/Melanie_Mitchell","/wiki/Indiana_University_(Bloomington)","/wiki/DUAL_(cognitive_architecture)","/wiki/New_Bulgarian_University","/wiki/Boicho_Kokinov","/wiki/EPIC_(cognitive_architecture)","/wiki/University_of_Michigan","/wiki/FORR","/wiki/The_City_University_of_New_York","/wiki/LIDA_(cognitive_architecture)","/wiki/Global_Workspace_Theory","/wiki/Stan_Franklin","/wiki/University_of_Memphis","/wiki/OpenCog","/w/index.php?title=PRODIGY&action=edit&redlink=1","/wiki/Procedural_Reasoning_System","/wiki/Michael_Georgeff","/wiki/Amy_L._Lansky","/wiki/SRI_International","/wiki/Psi-Theory","/wiki/Dietrich_D%C3%B6rner","/wiki/Otto-Friedrich_University","/wiki/Bamberg","/wiki/Germany","/wiki/R-CAST","/wiki/Pennsylvania_State_University","/wiki/Soar_(cognitive_architecture)","/wiki/Allen_Newell","/wiki/John_E._Laird","/wiki/Carnegie_Mellon_University","/wiki/University_of_Michigan","/wiki/Society_of_mind","/wiki/Emotion_machine","/wiki/Marvin_Minsky","/wiki/Subsumption_architecture","/wiki/Rodney_Brooks","/w/index.php?title=List_of_artificial_intelligence_projects&action=edit&section=4","/w/index.php?title=List_of_artificial_intelligence_projects&veaction=edit&section=4","/wiki/Chinook_(draughts_player)","/wiki/English_draughts","/wiki/Deep_Blue_(chess_computer)","/wiki/IBM","/wiki/Garry_Kasparov","/wiki/FreeHAL","/wiki/Chatterbot","/wiki/Computer_poker_players","/wiki/University_of_Alberta","/wiki/TD-Gammon","/wiki/Backgammon","/wiki/Temporal_difference_learning","/wiki/Neural_network","/w/index.php?title=List_of_artificial_intelligence_projects&action=edit&section=5","/w/index.php?title=List_of_artificial_intelligence_projects&veaction=edit&section=5","/wiki/Cyc","/wiki/Ontology_(information_science)","/wiki/Commonsense_reasoning","/wiki/Eurisko","/wiki/Douglas_Lenat","/wiki/Heuristic_algorithm","/wiki/Mycin","/wiki/Open_Mind_Common_Sense","/wiki/MIT_Media_Lab","/wiki/Knowledge_base","/wiki/P.A.N.","/wiki/Query_by_Example","/wiki/Siri_(software)","/wiki/IPhone_4S","/wiki/SNePS","/wiki/Logic","/wiki/Frame_language","/wiki/Semantic_network","/wiki/Watson_(artificial_intelligence_software)","/wiki/Question_answering_system","/wiki/Jeopardy!","/wiki/Wolfram_Alpha","/w/index.php?title=List_of_artificial_intelligence_projects&action=edit&section=6","/w/index.php?title=List_of_artificial_intelligence_projects&veaction=edit&section=6","/wiki/Cog_(project)","/wiki/Massachusetts_Institute_of_Technology","/wiki/Cognitive_science","http://www.sorayama.net","/w/index.php?title=List_of_artificial_intelligence_projects&action=edit&section=7","/w/index.php?title=List_of_artificial_intelligence_projects&veaction=edit&section=7","/wiki/AIML","/wiki/XML","/wiki/Natural_language","/wiki/Artificial_Linguistic_Internet_Computer_Entity","/wiki/Natural_language_processing","/wiki/Chatterbot","/wiki/ELIZA","/wiki/Joseph_Weizenbaum","/wiki/Person-centered_therapy","/wiki/KGB","/wiki/Jabberwacky","/wiki/Rollo_Carpenter","/w/index.php?title=KAR-Talk&action=edit&redlink=1","/w/index.php?title=KAR_Intelligent_Computer&action=edit&redlink=1","/wiki/PARRY","#cite_note-1","/wiki/SHRDLU","/wiki/Terry_Winograd","/wiki/Massachusetts_Institute_of_Technology","/w/index.php?title=START_natural_language_system&action=edit&redlink=1","/wiki/MIT_Computer_Science_and_Artificial_Intelligence_Laboratory","/wiki/SYSTRAN","/wiki/Machine_translation","/wiki/Yahoo!","/wiki/AltaVista","/wiki/Google","/w/index.php?title=List_of_artificial_intelligence_projects&action=edit&section=8","/w/index.php?title=List_of_artificial_intelligence_projects&veaction=edit&section=8","/wiki/Artificial_Intelligence_Applications_Institute","/wiki/University_of_Edinburgh","/w/index.php?title=List_of_artificial_intelligence_projects&action=edit&section=9","/w/index.php?title=List_of_artificial_intelligence_projects&veaction=edit&section=9","/w/index.php?title=Intelligentics&action=edit&redlink=1","/wiki/Synthetic_Environment_for_Analysis_and_Simulations","/wiki/Homeland_security","/wiki/United_States_Department_of_Defense","/wiki/Simulation","#cite_note-register-2","/w/index.php?title=List_of_artificial_intelligence_projects&action=edit&section=10","/w/index.php?title=List_of_artificial_intelligence_projects&veaction=edit&section=10","/w/index.php?title=List_of_artificial_intelligence_projects&action=edit&section=11","/w/index.php?title=List_of_artificial_intelligence_projects&veaction=edit&section=11","#cite_note-3","/wiki/Artificial_Neural_Network","/wiki/Genetic_algorithm","/wiki/Markov_Chains","/wiki/Bayesian_network","/wiki/Hidden_Markov_model","#cite_note-4","/wiki/Data_mining","/wiki/Cluster_analysis","/wiki/Outlier","/wiki/Index_(database)","/wiki/Ludwig_Maximilian_University_of_Munich","#cite_note-5","/wiki/Free_and_open_source_software","/wiki/Artificial_Intelligence_Applications_Institute","/wiki/University_of_Edinburgh","/wiki/OpenCog","/wiki/Machine_learning","/wiki/Genetic_programming","/wiki/Probabilistic_reasoning","/wiki/Natural_language_processing","/wiki/Virtual_world","/wiki/C%2B%2B","/wiki/Python_(programming_language)","/wiki/Scheme_(programming_language)","/wiki/RapidMiner","/wiki/Machine_learning","/wiki/Data_mining","/wiki/Dortmund_University_of_Technology","/wiki/Weka_(machine_learning)","/wiki/Java_(programming_language)","#cite_note-6","/wiki/Java_(programming_language)","/wiki/Charles_University_in_Prague","#cite_note-7","/wiki/Encog","/wiki/Neuroph","/w/index.php?title=List_of_artificial_intelligence_projects&action=edit&section=12","/w/index.php?title=List_of_artificial_intelligence_projects&veaction=edit&section=12","/wiki/Data_Applied","/wiki/Data_mining","/w/index.php?title=List_of_artificial_intelligence_projects&action=edit&section=13","/w/index.php?title=List_of_artificial_intelligence_projects&veaction=edit&section=13","/wiki/Comparison_of_cognitive_architectures","/wiki/Progress_in_artificial_intelligence","/w/index.php?title=List_of_artificial_intelligence_projects&action=edit&section=14","/w/index.php?title=List_of_artificial_intelligence_projects&veaction=edit&section=14","http://sourceforge.net/directory/os:windows/freshness:recently-updated/?q=artificial+intelligence","/w/index.php?title=List_of_artificial_intelligence_projects&action=edit&section=15","/w/index.php?title=List_of_artificial_intelligence_projects&veaction=edit&section=15","#cite_ref-1","#cite_ref-register_2-0","http://www.theregister.co.uk/2007/06/23/sentient_worlds/","#cite_ref-3","http://wiki.syncleus.com/index.php/DANN","#cite_ref-4","http://www.dbs.ifi.lmu.de/research/KDD/ELKI/","#cite_ref-5","http://www.frdcsa.org/","#cite_ref-6","http://pogamut.cuni.cz","#cite_ref-7","http://cilib.net/","//en.wikipedia.org/w/index.php?title=Special:CentralAutoLogin/start&type=1x1&from=enwiki","http://en.wikipedia.org/w/index.php?title=List_of_artificial_intelligence_projects&oldid=546698980","/wiki/Help:Category","/wiki/Category:Artificial_intelligence","/wiki/Category:Computing-related_lists","/w/index.php?title=Special:UserLogin&returnto=List+of+artificial+intelligence+projects&type=signup","/w/index.php?title=Special:UserLogin&returnto=List+of+artificial+intelligence+projects","/wiki/List_of_artificial_intelligence_projects","/wiki/Talk:List_of_artificial_intelligence_projects","#","/wiki/List_of_artificial_intelligence_projects","/w/index.php?title=List_of_artificial_intelligence_projects&action=edit","/w/index.php?title=List_of_artificial_intelligence_projects&veaction=edit","/w/index.php?title=List_of_artificial_intelligence_projects&action=history","#","/w/index.php","//bits.wikimedia.org/static-1.22wmf12/skins/vector/images/search-ltr.png?303-4","/wiki/Main_Page","/wiki/Main_Page","/wiki/Portal:Contents","/wiki/Portal:Featured_content","/wiki/Portal:Current_events","/wiki/Special:Random","https://donate.wikimedia.org/wiki/Special:FundraiserRedirector?utm_source=donate&utm_medium=sidebar&utm_campaign=C13_en.wikipedia.org&uselang=en","/wiki/Help:Contents","/wiki/Wikipedia:About","/wiki/Wikipedia:Community_portal","/wiki/Special:RecentChanges","//en.wikipedia.org/wiki/Wikipedia:Contact_us","/wiki/Special:WhatLinksHere/List_of_artificial_intelligence_projects","/wiki/Special:RecentChangesLinked/List_of_artificial_intelligence_projects","/wiki/Wikipedia:File_Upload_Wizard","/wiki/Special:SpecialPages","/w/index.php?title=List_of_artificial_intelligence_projects&oldid=546698980","/w/index.php?title=List_of_artificial_intelligence_projects&action=info","//www.wikidata.org/wiki/Q6606170","/w/index.php?title=Special:Cite&page=List_of_artificial_intelligence_projects&id=546698980","/w/index.php?title=Special:Book&bookcmd=book_creator&referer=List+of+artificial+intelligence+projects","/w/index.php?title=Special:Book&bookcmd=render_article&arttitle=List+of+artificial+intelligence+projects&oldid=546698980&writer=rl","/w/index.php?title=List_of_artificial_intelligence_projects&printable=yes","#","//www.wikidata.org/wiki/Q6606170#sitelinks-wikipedia","//en.wikipedia.org/wiki/Wikipedia:Text_of_Creative_Commons_Attribution-ShareAlike_3.0_Unported_License","//creativecommons.org/licenses/by-sa/3.0/","//wikimediafoundation.org/wiki/Terms_of_Use","//wikimediafoundation.org/wiki/Privacy_policy","//www.wikimediafoundation.org/","//wikimediafoundation.org/wiki/Privacy_policy","/wiki/Wikipedia:About","/wiki/Wikipedia:General_disclaimer","//en.wikipedia.org/wiki/Wikipedia:Contact_us","//en.m.wikipedia.org/wiki/List_of_artificial_intelligence_projects","//wikimediafoundation.org/","//bits.wikimedia.org/images/wikimedia-button.png","//www.mediawiki.org/","//bits.wikimedia.org/static-1.22wmf12/skins/common/images/poweredby_mediawiki_88x31.png","//bits.wikimedia.org/en.wikipedia.org/load.php?debug=false&lang=en&modules=site&only=scripts&skin=vector&*"],"instances":["cognitive_architecture","cognitive_architecture","bloomington","cognitive_architecture","chess_computer","information_science","psychologist","cognitive_architecture","programming_language","software","programming_language","software","programming_language","cognitive_architecture","artificial_intelligence_software","project","machine_learning","database","draughts_player","cognitive_architecture"],"pdf":[],"categories":["Artificial intelligence|*","Computing-related lists|Artificial intelligence projects"],"headings":["Specialized projects","Multipurpose projects","See also","External links","References"],"image":["//en.wikipedia.org/w/index.php?title=Special:CentralAutoLogin/start&type=1x1&from=enwiki","//bits.wikimedia.org/static-1.22wmf12/skins/vector/images/search-ltr.png?303-4","//bits.wikimedia.org/images/wikimedia-button.png","//bits.wikimedia.org/static-1.22wmf12/skins/common/images/poweredby_mediawiki_88x31.png"],"tags":[["john_robert_anderson","psychologist"],["apex","cognitive_architecture"],["clarion","cognitive_architecture"],["copycat","software"],["indiana_university","bloomington"],["dual","cognitive_architecture"],["epic","cognitive_architecture"],["lida","cognitive_architecture"],["soar","cognitive_architecture"],["chinook","draughts_player"],["deep_blue","chess_computer"],["ontology","information_science"],["siri","software"],["watson","artificial_intelligence_software"],["cog","project"],["index","database"],["python","programming_language"],["scheme","programming_language"],["weka","machine_learning"],["java","programming_language"],["java","programming_language"]],"members":["lida","epic","indiana_university","apex","deep_blue","ontology","john_robert_anderson","dual","python","siri","java","copycat","scheme","clarion","watson","cog","weka","index","chinook","soar"],"related":["Artificial_intelligence","Numenta","Blue_Brain_Project","Reverse_engineering","Hierarchical_Temporal_Memory","Numenta","Neocortex","Visual_Hierarchical_Modular_Neural_Network","TDVision","4CAPS","Carnegie_Mellon_University","Marcel_Just","ACT-R","John_Robert_Anderson_(psychologist)","PreAct","Dr._Norm_Geddes","Apex_(cognitive_architecture)","Michael_Freed","NASA_Ames_Research_Center","CALO","Artificial_intelligence","Natural_language_processing","Speech_recognition","Machine_vision","Probabilistic_logic","Planning","Reasoning","Machine_learning","CHREST","Fernand_Gobet","Brunel_University","University_of_Hertfordshire","CLARION_(cognitive_architecture)","Ron_Sun","Rensselaer_Polytechnic_Institute","JACK_Intelligent_Agents","ACT-R","Copycat_(software)","Douglas_Hofstadter","Melanie_Mitchell","Indiana_University_(Bloomington)","DUAL_(cognitive_architecture)","New_Bulgarian_University","Boicho_Kokinov","EPIC_(cognitive_architecture)","University_of_Michigan","FORR","The_City_University_of_New_York","LIDA_(cognitive_architecture)","Global_Workspace_Theory","Stan_Franklin","University_of_Memphis","OpenCog","PRODIGY","Procedural_Reasoning_System","Michael_Georgeff","Amy_L._Lansky","SRI_International","Psi-Theory","Dietrich_Dörner","Otto-Friedrich_University","Bamberg","Germany","R-CAST","Pennsylvania_State_University","Soar_(cognitive_architecture)","Allen_Newell","John_E._Laird","Carnegie_Mellon_University","University_of_Michigan","Society_of_mind","Emotion_machine","Marvin_Minsky","Subsumption_architecture","Rodney_Brooks","Chinook_(draughts_player)","English_draughts","Deep_Blue_(chess_computer)","IBM","Garry_Kasparov","FreeHAL","Chatterbot","Computer_poker_players","University_of_Alberta","TD-Gammon","Backgammon","Temporal_difference_learning","Neural_network","Cyc","Ontology_(information_science)","Commonsense_reasoning","Eurisko","Douglas_Lenat","Heuristic_algorithm","Mycin","Open_Mind_Common_Sense","MIT_Media_Lab","Knowledge_base","P.A.N.","Query_by_Example","Siri_(software)","IPhone_4S","SNePS","Logic","Frame_language","Semantic_network","Watson_(artificial_intelligence_software)","Question_answering_system","Jeopardy!","Wolfram_Alpha","Cog_(project)","Massachusetts_Institute_of_Technology","Cognitive_science","AIML","XML","Natural_language","Artificial_Linguistic_Internet_Computer_Entity","Natural_language_processing","Chatterbot","ELIZA","Joseph_Weizenbaum","Person-centered_therapy","KGB","Jabberwacky","Rollo_Carpenter","KAR-Talk","KAR_Intelligent_Computer","PARRY","SHRDLU","Terry_Winograd","Massachusetts_Institute_of_Technology","START_natural_language_system","MIT_Computer_Science_and_Artificial_Intelligence_Laboratory","SYSTRAN","Machine_translation","Yahoo!","AltaVista","Google","Artificial_Intelligence_Applications_Institute","University_of_Edinburgh","Intelligentics","Synthetic_Environment_for_Analysis_and_Simulations","Homeland_security","United_States_Department_of_Defense","Simulation","Artificial_Neural_Network","Genetic_algorithm","Markov_Chains","Bayesian_network","Hidden_Markov_model","Data_mining","Cluster_analysis","Outlier","Index_(database)","Ludwig_Maximilian_University_of_Munich","Free_and_open_source_software","Artificial_Intelligence_Applications_Institute","University_of_Edinburgh","OpenCog","Machine_learning","Genetic_programming","Probabilistic_reasoning","Natural_language_processing","Virtual_world","C++","Python_(programming_language)","Scheme_(programming_language)","RapidMiner","Machine_learning","Data_mining","Dortmund_University_of_Technology","Weka_(machine_learning)","Java_(programming_language)","Java_(programming_language)","Charles_University_in_Prague","Encog","Neuroph","Data_Applied","Data_mining","Item_name","Comparison_of_cognitive_architectures","Progress_in_artificial_intelligence"]}