{"cursor":"15738","size":15,"audio":[],"currentlang":"en","article":"\n{{Infobox laboratory |name = MIT Computer Science and Artificial Intelligence\nLaboratory |image = |established = July 1, 2003 July 1, 1963 (as Project\nMAC) |research_field = Computer science |director = Daniela L. Rus |city =\nCambridge, MA, USA |address = The Stata Center, Building 32 32 Vassar\nStreet Cambridge, MA 02139 USA |telephone = 617-253-5851 |nickname =\nCSAIL |operating_agency = Massachusetts Institute of Technology |website =\n|logo = }}\n\n'MIT Computer Science and Artificial Intelligence Laboratory' (also 'CSAIL') is\na research laboratory at the Massachusetts Institute of Technology formed by the\n2003 merger of the Laboratory for Computer Science and Artificial Intelligence\nLaboratory. Housed within the Stata Center, CSAIL is the largest on-campus\nlaboratory as measured by research scope and membership.\n","linknr":407,"url":"MIT_Computer_Science_and_Artificial_Intelligence_Laboratory#Project_MAC","recorded":1376545392,"links":["/w/index.php?title=MIT_Computer_Science_and_Artificial_Intelligence_Laboratory&action=edit","/w/index.php?title=MIT_Computer_Science_and_Artificial_Intelligence_Laboratory&action=edit","//bits.wikimedia.org/favicon/wikipedia.ico","/w/opensearch_desc.php","//en.wikipedia.org/w/api.php?action=rsd","//creativecommons.org/licenses/by-sa/3.0/","/w/index.php?title=Special:RecentChanges&feed=atom","http://en.wikipedia.org/wiki/MIT_Computer_Science_and_Artificial_Intelligence_Laboratory","//bits.wikimedia.org/en.wikipedia.org/load.php?debug=false&lang=en&modules=ext.gadget.DRN-wizard%2CReferenceTooltips%2Ccharinsert%2Cteahouse%7Cext.rtlcite%2Cwikihiero%7Cext.uls.nojs%7Cmediawiki.legacy.commonPrint%2Cshared%7Cmw.PopUpMediaTransform%7Cskins.vector&only=styles&skin=vector&*","//bits.wikimedia.org/en.wikipedia.org/load.php?debug=false&lang=en&modules=ext.visualEditor.viewPageTarget.noscript&only=styles&skin=vector&*","//bits.wikimedia.org/en.wikipedia.org/load.php?debug=false&lang=en&modules=site&only=styles&skin=vector&*","//bits.wikimedia.org/en.wikipedia.org/load.php?debug=false&lang=en&modules=startup&only=scripts&skin=vector&*","//bits.wikimedia.org/geoiplookup","//meta.wikimedia.org","#mw-navigation","#p-search","//upload.wikimedia.org/wikipedia/commons/thumb/a/a4/Text_document_with_red_question_mark.svg/40px-Text_document_with_red_question_mark.svg.png","/wiki/Wikipedia:Citing_sources","/wiki/Wikipedia:INCITE","/wiki/Wikipedia:WikiProject_Fact_and_Reference_Check","/wiki/Wikipedia:When_to_cite","/wiki/File:Stata_Center1.jpg","//upload.wikimedia.org/wikipedia/commons/thumb/1/17/Stata_Center1.jpg/200px-Stata_Center1.jpg","/wiki/Computer_science","/wiki/Daniela_L._Rus","/wiki/Cambridge,_Massachusetts","/wiki/Massachusetts_Institute_of_Technology","http://www.csail.mit.edu/","/wiki/File:CSAIL_Logo.png","//upload.wikimedia.org/wikipedia/en/thumb/2/28/CSAIL_Logo.png/106px-CSAIL_Logo.png","/wiki/Massachusetts_Institute_of_Technology","/wiki/Stata_Center","#Research_activities","#History","#Project_MAC","#LCS_and_AI_Lab","#CSAIL","#Outreach_activities","#Notable_researchers","#Notable_alumni","#Directors","#See_also","#References","#Further_reading","#External_links","/w/index.php?title=MIT_Computer_Science_and_Artificial_Intelligence_Laboratory&action=edit&section=1","/w/index.php?title=MIT_Computer_Science_and_Artificial_Intelligence_Laboratory&veaction=edit&section=1","/wiki/Professor","/wiki/Artificial_Intelligence","/wiki/Computational_biology","/wiki/Computer_graphics","/wiki/Machine_vision","/wiki/Natural_language_processing","/wiki/Machine_learning","/wiki/Theory_of_computation","/wiki/Robotics","/wiki/Computer_architecture","/wiki/Distributed_system","/wiki/Computer_networking","/wiki/Operating_system","/wiki/Software_engineering","/wiki/World_Wide_Web_Consortium","/w/index.php?title=MIT_Computer_Science_and_Artificial_Intelligence_Laboratory&action=edit&section=2","/w/index.php?title=MIT_Computer_Science_and_Artificial_Intelligence_Laboratory&veaction=edit&section=2","/wiki/Vannevar_Bush","/wiki/Differential_analyzer","/wiki/Claude_Shannon","/wiki/Boolean_algebra_(logic)","/wiki/Radiation_Laboratory","/wiki/Project_Whirlwind","/wiki/Research_Laboratory_of_Electronics_at_MIT","/wiki/Lincoln_Laboratory","/wiki/Semi_Automatic_Ground_Environment","/wiki/Wikipedia:Citation_needed","/w/index.php?title=MIT_Computer_Science_and_Artificial_Intelligence_Laboratory&action=edit&section=3","/w/index.php?title=MIT_Computer_Science_and_Artificial_Intelligence_Laboratory&veaction=edit&section=3","/wiki/Backronym","/wiki/DARPA","/wiki/Robert_Fano","/wiki/Research_Laboratory_of_Electronics_at_MIT","/wiki/J.C.R._Licklider","/wiki/Operating_system","/wiki/Artificial_intelligence","/wiki/Theory_of_computation","/wiki/Project_Genie","/wiki/University_of_California,_Berkeley","/wiki/Stanford_Artificial_Intelligence_Laboratory","/wiki/University_of_Southern_California","/wiki/Information_Sciences_Institute","/wiki/Marvin_Minsky","/wiki/John_McCarthy_(computer_scientist)","/wiki/Lisp_programming_language","/wiki/Hacker_(programmer_subculture)","/wiki/Computer_programmer","/wiki/Computer","/wiki/PDP-6","/wiki/PDP-10","/wiki/Time-sharing","/wiki/Operating_system","/wiki/Incompatible_Timesharing_System","/wiki/Wikipedia:Citation_needed","/wiki/Fernando_J._Corbat%C3%B3","/wiki/Hacker_(programmer_subculture)","/wiki/Computer_programmer","/wiki/TMRC","/wiki/John_McCarthy_(computer_scientist)","/wiki/Utility_computing","/wiki/Time-sharing","/wiki/Compatible_Time-Sharing_System","/wiki/IBM_7094","/wiki/Multics","/wiki/High_availability","/wiki/General_Electric","/wiki/Bell_Laboratories","/wiki/Scientific_American","/w/index.php?title=MIT_Computer_Science_and_Artificial_Intelligence_Laboratory&action=edit&section=4","/w/index.php?title=MIT_Computer_Science_and_Artificial_Intelligence_Laboratory&veaction=edit&section=4","/wiki/Artificial_intelligence","/wiki/Richard_Stallman","/wiki/Text_Editor_and_Corrector","/wiki/Emacs","/wiki/Operating_system","/wiki/Programming_language","/wiki/Distributed_system","/wiki/Theory_of_computation","/wiki/Hal_Abelson","/wiki/Gerald_Jay_Sussman","/wiki/Wikipedia:Citation_needed","/wiki/Lisp_machine","/wiki/Commercialization","/wiki/Symbolics","/wiki/Lisp_Machines","/wiki/GNU_project","#cite_note-1","/w/index.php?title=MIT_Computer_Science_and_Artificial_Intelligence_Laboratory&action=edit&section=5","/w/index.php?title=MIT_Computer_Science_and_Artificial_Intelligence_Laboratory&veaction=edit&section=5","/w/index.php?title=MIT_Computer_Science_and_Artificial_Intelligence_Laboratory&action=edit&section=6","/w/index.php?title=MIT_Computer_Science_and_Artificial_Intelligence_Laboratory&veaction=edit&section=6","/wiki/Swahili_language","/wiki/Global_digital_divide","/wiki/Boston,_Massachusetts","/wiki/Massachusetts","/wiki/Kenya","/wiki/Native_Americans_in_the_United_States","/wiki/Indian_reservation","/wiki/Southwestern_United_States","/wiki/Navajo_Nation","/wiki/Middle_East","/wiki/Fiji","#cite_note-OUTREACH-2","#cite_note-3","#cite_note-4","/w/index.php?title=MIT_Computer_Science_and_Artificial_Intelligence_Laboratory&action=edit&section=7","/w/index.php?title=MIT_Computer_Science_and_Artificial_Intelligence_Laboratory&veaction=edit&section=7","/wiki/MacArthur_Fellowship","/wiki/Sir_Tim_Berners-Lee","/wiki/Erik_Demaine","/wiki/Daniela_L._Rus","/wiki/Peter_Shor","/wiki/Richard_Stallman","/wiki/Turing_Award","/wiki/Leonard_M._Adleman","/wiki/Fernando_J._Corbato","/wiki/Shafi_Goldwasser","/wiki/Butler_W._Lampson","/wiki/John_McCarthy_(computer_scientist)","/wiki/Silvio_Micali","/wiki/Marvin_Minsky","/wiki/Ronald_L._Rivest","/wiki/Adi_Shamir","/wiki/Barbara_Liskov","/wiki/Nevanlinna_Prize","/wiki/Madhu_Sudan","/wiki/Peter_Shor","/wiki/G%C3%B6del_Prize","/wiki/Shafi_Goldwasser","/wiki/Silvio_Micali","/wiki/Charles_Rackoff","/wiki/Johan_H%C3%A5stad","/wiki/Peter_Shor","/wiki/Madhu_Sudan","/wiki/Grace_Murray_Hopper_Award","/wiki/Robert_Metcalfe","/wiki/Shafi_Goldwasser","/wiki/Guy_L._Steele","/wiki/Richard_Stallman","/wiki/Danny_Hillis","/wiki/Hal_Abelson","/wiki/Gerald_Jay_Sussman","/wiki/Richard_Stallman","/wiki/Thomas_H._Cormen","/wiki/Charles_E._Leiserson","/wiki/Patrick_Winston","/wiki/Ronald_L._Rivest","/wiki/Clifford_Stein","/wiki/David_D._Clark","/wiki/Jerome_H._Saltzer","/wiki/David_P._Reed","/wiki/End-to-end_principle","/wiki/Eric_Grimson","/wiki/Bob_Frankston","/wiki/VisiCalc","/wiki/Seymour_Papert","/wiki/Logo_programming_language","/wiki/Joseph_Weizenbaum","/wiki/ELIZA","/w/index.php?title=MIT_Computer_Science_and_Artificial_Intelligence_Laboratory&action=edit&section=8","/w/index.php?title=MIT_Computer_Science_and_Artificial_Intelligence_Laboratory&veaction=edit&section=8","/wiki/Bob_Metcalfe","/wiki/Ethernet","/wiki/Xerox_PARC","/wiki/3COM","/w/index.php?title=MIT_Computer_Science_and_Artificial_Intelligence_Laboratory&action=edit&section=9","/w/index.php?title=MIT_Computer_Science_and_Artificial_Intelligence_Laboratory&veaction=edit&section=9","/wiki/Robert_Fano","/wiki/J.C.R._Licklider","/wiki/Edward_Fredkin","/wiki/Michael_Dertouzos","/wiki/Marvin_Minsky","/wiki/Patrick_Winston","/wiki/Rodney_Brooks","/w/index.php?title=Victor_Zue&action=edit&redlink=1","/wiki/Rodney_Brooks","/w/index.php?title=Victor_Zue&action=edit&redlink=1","/wiki/Anant_Agarwal","/wiki/Daniela_L._Rus","/w/index.php?title=MIT_Computer_Science_and_Artificial_Intelligence_Laboratory&action=edit&section=10","/w/index.php?title=MIT_Computer_Science_and_Artificial_Intelligence_Laboratory&veaction=edit&section=10","/wiki/CERIAS","/wiki/History_of_operating_systems","/wiki/Knight_keyboard","/wiki/Stanford_Artificial_Intelligence_Laboratory","/w/index.php?title=MIT_Computer_Science_and_Artificial_Intelligence_Laboratory&action=edit&section=11","/w/index.php?title=MIT_Computer_Science_and_Artificial_Intelligence_Laboratory&veaction=edit&section=11","#cite_ref-1","http://www.gnu.org/gnu/rms-lisp.html","#cite_ref-OUTREACH_2-0","http://www.csail.mit.edu/node/34","#cite_ref-3","http://imara.csail.mit.edu/","#cite_ref-4","http://web.mit.edu/newsoffice/2008/techtalk52-28.pdf","/w/index.php?title=MIT_Computer_Science_and_Artificial_Intelligence_Laboratory&action=edit&section=12","/w/index.php?title=MIT_Computer_Science_and_Artificial_Intelligence_Laboratory&veaction=edit&section=12","http://mit.edu/6.933/www/Fall2001/AILab.pdf","/wiki/Incompatible_Timesharing_System","http://www.ilmarefilm.org/W_E_1.htm","/wiki/Simson_Garfinkel","/wiki/Hal_Abelson","/wiki/Cambridge,_Massachusetts","/wiki/MIT_Press","/wiki/International_Standard_Book_Number","/wiki/Special:BookSources/0-262-07196-7","/wiki/Special:BookSources/0262071967","/w/index.php?title=MIT_Computer_Science_and_Artificial_Intelligence_Laboratory&action=edit&section=13","/w/index.php?title=MIT_Computer_Science_and_Artificial_Intelligence_Laboratory&veaction=edit&section=13","http://www.csail.mit.edu","http://purl.umn.edu/107281","/wiki/Charles_Babbage_Institute","http://purl.umn.edu/107608","/wiki/Charles_Babbage_Institute","http://purl.umn.edu/107436","/wiki/Charles_Babbage_Institute","http://purl.umn.edu/107503","/wiki/Charles_Babbage_Institute","http://purl.umn.edu/107717","/wiki/Charles_Babbage_Institute","http://purl.umn.edu/107217","/wiki/Charles_Babbage_Institute","http://purl.umn.edu/107230","/wiki/Charles_Babbage_Institute","http://mit.edu/6.933/www/Fall2001/AILab.pdf","/wiki/Incompatible_Timesharing_System","http://people.csail.mit.edu/psz/LCS-75/Brochure.html","/wiki/Template:MITtemplate","/wiki/Template_talk:MITtemplate","//en.wikipedia.org/w/index.php?title=Template:MITtemplate&action=edit","/wiki/Massachusetts_Institute_of_Technology","/wiki/Massachusetts_Institute_of_Technology_academics","/wiki/MIT_School_of_Architecture_and_Planning","/wiki/MIT_School_of_Engineering","/wiki/MIT_School_of_Humanities,_Arts,_and_Social_Sciences","/wiki/MIT_School_of_Science","/wiki/MIT_Sloan_School_of_Management","/wiki/Harvard%E2%80%93MIT_Division_of_Health_Sciences_and_Technology","/wiki/MIT_OpenCourseWare","/wiki/MIT_Mathematics_Department","/wiki/Broad_Institute","/wiki/MIT_Center_for_Theoretical_Physics","/wiki/David_H._Koch_Institute_for_Integrative_Cancer_Research","/wiki/Laboratory_for_Electromagnetic_and_Electronic_Systems","/wiki/MIT_Laboratory_for_Information_and_Decision_Systems","/wiki/MIT_Libraries","/wiki/Lincoln_Laboratory","/wiki/McGovern_Institute_for_Brain_Research","/wiki/MIT_Media_Lab","/wiki/Picower_Institute_for_Learning_and_Memory","/wiki/MIT_Plasma_Science_and_Fusion_Center","/wiki/Research_Laboratory_of_Electronics_at_MIT","/wiki/MIT_Senseable_City_Lab","/wiki/MIT_Nuclear_Reactor_Lab","/wiki/Whitehead_Institute","/wiki/MIT_Center_for_International_Studies","/wiki/List_of_Massachusetts_Institute_of_Technology_alumni","/wiki/List_of_Massachusetts_Institute_of_Technology_faculty","/wiki/List_of_Presidents_of_the_Massachusetts_Institute_of_Technology","/wiki/List_of_Institute_Professors","/wiki/William_Barton_Rogers","/wiki/History_of_the_Massachusetts_Institute_of_Technology","/wiki/List_Visual_Arts_Center","/wiki/Traditions_and_student_activities_at_MIT","/wiki/MIT_in_popular_culture","/wiki/MIT_Press","/wiki/MIT_Technology_Review","/wiki/Project_Athena","/wiki/MIT_class_ring","/wiki/Hacks_at_the_Massachusetts_Institute_of_Technology","/wiki/The_Tech_(newspaper)","/wiki/Tech_Model_Railroad_Club","/wiki/Tech_Squares","/wiki/MIT_$100K_Entrepreneurship_Competition","/wiki/MIT_Mystery_Hunt","/wiki/Smoot","/wiki/Lemelson%E2%80%93MIT_Prize","/wiki/Campus_of_the_Massachusetts_Institute_of_Technology","/wiki/Building_20","/wiki/MIT_Chapel","/wiki/Green_Building_(MIT)","/wiki/Infinite_Corridor","/wiki/Kresge_Auditorium","/wiki/MIT_Museum","/wiki/Stata_Center","/wiki/Wiesner_building","/wiki/List_of_MIT_graduate_dormitories","/wiki/List_of_MIT_undergraduate_dormitories","/wiki/List_of_MIT_fraternities_and_sororities","/wiki/Massachusetts_Institute_of_Technology_Police_Department","//en.wikipedia.org/w/index.php?title=Special:CentralAutoLogin/start&type=1x1&from=enwiki","http://en.wikipedia.org/w/index.php?title=MIT_Computer_Science_and_Artificial_Intelligence_Laboratory&oldid=557316688","/wiki/Help:Category","/wiki/Category:2003_establishments_in_Massachusetts","/wiki/Category:Massachusetts_Institute_of_Technology","/wiki/Category:Artificial_intelligence_laboratories","/wiki/Category:History_of_artificial_intelligence","/wiki/Category:Computer_science_institutes_in_the_United_States","/wiki/Category:Robotics_organizations","/wiki/Category:Laboratories_in_the_United_States","/wiki/Category:Articles_lacking_in-text_citations_from_January_2013","/wiki/Category:All_articles_lacking_in-text_citations","/wiki/Category:All_articles_with_unsourced_statements","/wiki/Category:Articles_with_unsourced_statements_from_August_2008","/wiki/Category:Articles_with_unsourced_statements_from_December_2007","/w/index.php?title=Special:UserLogin&returnto=MIT+Computer+Science+and+Artificial+Intelligence+Laboratory&type=signup","/w/index.php?title=Special:UserLogin&returnto=MIT+Computer+Science+and+Artificial+Intelligence+Laboratory","/wiki/MIT_Computer_Science_and_Artificial_Intelligence_Laboratory","/wiki/Talk:MIT_Computer_Science_and_Artificial_Intelligence_Laboratory","#","/wiki/MIT_Computer_Science_and_Artificial_Intelligence_Laboratory","/w/index.php?title=MIT_Computer_Science_and_Artificial_Intelligence_Laboratory&action=edit","/w/index.php?title=MIT_Computer_Science_and_Artificial_Intelligence_Laboratory&veaction=edit","/w/index.php?title=MIT_Computer_Science_and_Artificial_Intelligence_Laboratory&action=history","#","/w/index.php","//bits.wikimedia.org/static-1.22wmf12/skins/vector/images/search-ltr.png?303-4","/wiki/Main_Page","/wiki/Main_Page","/wiki/Portal:Contents","/wiki/Portal:Featured_content","/wiki/Portal:Current_events","/wiki/Special:Random","https://donate.wikimedia.org/wiki/Special:FundraiserRedirector?utm_source=donate&utm_medium=sidebar&utm_campaign=C13_en.wikipedia.org&uselang=en","/wiki/Help:Contents","/wiki/Wikipedia:About","/wiki/Wikipedia:Community_portal","/wiki/Special:RecentChanges","//en.wikipedia.org/wiki/Wikipedia:Contact_us","/wiki/Special:WhatLinksHere/MIT_Computer_Science_and_Artificial_Intelligence_Laboratory","/wiki/Special:RecentChangesLinked/MIT_Computer_Science_and_Artificial_Intelligence_Laboratory","/wiki/Wikipedia:File_Upload_Wizard","/wiki/Special:SpecialPages","/w/index.php?title=MIT_Computer_Science_and_Artificial_Intelligence_Laboratory&oldid=557316688","/w/index.php?title=MIT_Computer_Science_and_Artificial_Intelligence_Laboratory&action=info","//www.wikidata.org/wiki/Q1354917","/w/index.php?title=Special:Cite&page=MIT_Computer_Science_and_Artificial_Intelligence_Laboratory&id=557316688","/w/index.php?title=Special:Book&bookcmd=book_creator&referer=MIT+Computer+Science+and+Artificial+Intelligence+Laboratory","/w/index.php?title=Special:Book&bookcmd=render_article&arttitle=MIT+Computer+Science+and+Artificial+Intelligence+Laboratory&oldid=557316688&writer=rl","/w/index.php?title=MIT_Computer_Science_and_Artificial_Intelligence_Laboratory&printable=yes","//de.wikipedia.org/wiki/MIT_Computer_Science_and_Artificial_Intelligence_Laboratory","//es.wikipedia.org/wiki/MIT_Computer_Science_and_Artificial_Intelligence_Laboratory","//id.wikipedia.org/wiki/MIT_Computer_Science_and_Artificial_Intelligence_Laboratory","//ja.wikipedia.org/wiki/MIT%E3%82%B3%E3%83%B3%E3%83%94%E3%83%A5%E3%83%BC%E3%82%BF%E7%A7%91%E5%AD%A6%E3%83%BB%E4%BA%BA%E5%B7%A5%E7%9F%A5%E8%83%BD%E7%A0%94%E7%A9%B6%E6%89%80","#","//www.wikidata.org/wiki/Q1354917#sitelinks-wikipedia","//en.wikipedia.org/wiki/Wikipedia:Text_of_Creative_Commons_Attribution-ShareAlike_3.0_Unported_License","//creativecommons.org/licenses/by-sa/3.0/","//wikimediafoundation.org/wiki/Terms_of_Use","//wikimediafoundation.org/wiki/Privacy_policy","//www.wikimediafoundation.org/","//wikimediafoundation.org/wiki/Privacy_policy","/wiki/Wikipedia:About","/wiki/Wikipedia:General_disclaimer","//en.wikipedia.org/wiki/Wikipedia:Contact_us","//en.m.wikipedia.org/wiki/MIT_Computer_Science_and_Artificial_Intelligence_Laboratory","//wikimediafoundation.org/","//bits.wikimedia.org/images/wikimedia-button.png","//www.mediawiki.org/","//bits.wikimedia.org/static-1.22wmf12/skins/common/images/poweredby_mediawiki_88x31.png","//bits.wikimedia.org/en.wikipedia.org/load.php?debug=false&lang=en&modules=site&only=scripts&skin=vector&*"],"instances":["programmer_subculture","logic","computer_scientist"],"pdf":["http://web.mit.edu/newsoffice/2008/techtalk52-28.pdf","http://mit.edu/6.933/www/Fall2001/AILab.pdf","http://mit.edu/6.933/www/Fall2001/AILab.pdf"],"categories":["2003 establishments in Massachusetts","Massachusetts Institute of Technology|Computer Science and Artificial Intelligence Laboratory","Artificial intelligence laboratories","History of artificial intelligence","Computer science institutes in the United States","Robotics organizations","Laboratories in the United States"],"headings":["Research activities","History","Outreach activities","Notable researchers","Directors","See also","References","Further reading","External links"],"image":["//upload.wikimedia.org/wikipedia/commons/thumb/a/a4/Text_document_with_red_question_mark.svg/40px-Text_document_with_red_question_mark.svg.png","//upload.wikimedia.org/wikipedia/commons/thumb/1/17/Stata_Center1.jpg/200px-Stata_Center1.jpg","//upload.wikimedia.org/wikipedia/en/thumb/2/28/CSAIL_Logo.png/106px-CSAIL_Logo.png","//en.wikipedia.org/w/index.php?title=Special:CentralAutoLogin/start&type=1x1&from=enwiki","//bits.wikimedia.org/static-1.22wmf12/skins/vector/images/search-ltr.png?303-4","//bits.wikimedia.org/images/wikimedia-button.png","//bits.wikimedia.org/static-1.22wmf12/skins/common/images/poweredby_mediawiki_88x31.png"],"tags":[["boolean_algebra","logic"],["john_mccarthy","computer_scientist"],["hacker","programmer_subculture"],["hacker","programmer_subculture"],["john_mccarthy","computer_scientist"],["john_mccarthy","computer_scientist"]],"members":["hacker","boolean_algebra","john_mccarthy"],"related":["Computer_science","Daniela_L._Rus","Cambridge,_Massachusetts","Massachusetts_Institute_of_Technology","Massachusetts_Institute_of_Technology","Stata_Center","Professor","Artificial_Intelligence","Computational_biology","Computer_graphics","Machine_vision","Natural_language_processing","Machine_learning","Theory_of_computation","Robotics","Computer_architecture","Distributed_system","Computer_networking","Operating_system","Software_engineering","World_Wide_Web_Consortium","Vannevar_Bush","Differential_analyzer","Claude_Shannon","Boolean_algebra_(logic)","Radiation_Laboratory","Project_Whirlwind","Research_Laboratory_of_Electronics_at_MIT","Lincoln_Laboratory","Semi_Automatic_Ground_Environment","Backronym","DARPA","Robert_Fano","Research_Laboratory_of_Electronics_at_MIT","J.C.R._Licklider","Operating_system","Artificial_intelligence","Theory_of_computation","Project_Genie","University_of_California,_Berkeley","Stanford_Artificial_Intelligence_Laboratory","University_of_Southern_California","Information_Sciences_Institute","Marvin_Minsky","John_McCarthy_(computer_scientist)","Lisp_programming_language","Hacker_(programmer_subculture)","Computer_programmer","Computer","PDP-6","PDP-10","Time-sharing","Operating_system","Incompatible_Timesharing_System","Fernando_J._Corbató","Hacker_(programmer_subculture)","Computer_programmer","TMRC","John_McCarthy_(computer_scientist)","Utility_computing","Time-sharing","Compatible_Time-Sharing_System","IBM_7094","Multics","High_availability","General_Electric","Bell_Laboratories","Scientific_American","Artificial_intelligence","Richard_Stallman","Text_Editor_and_Corrector","Emacs","Operating_system","Programming_language","Distributed_system","Theory_of_computation","Hal_Abelson","Gerald_Jay_Sussman","Lisp_machine","Commercialization","Symbolics","Lisp_Machines","GNU_project","Swahili_language","Global_digital_divide","Boston,_Massachusetts","Massachusetts","Kenya","Native_Americans_in_the_United_States","Indian_reservation","Southwestern_United_States","Navajo_Nation","Middle_East","Fiji","MacArthur_Fellowship","Sir_Tim_Berners-Lee","Erik_Demaine","Daniela_L._Rus","Peter_Shor","Richard_Stallman","Turing_Award","Leonard_M._Adleman","Fernando_J._Corbato","Shafi_Goldwasser","Butler_W._Lampson","John_McCarthy_(computer_scientist)","Silvio_Micali","Marvin_Minsky","Ronald_L._Rivest","Adi_Shamir","Barbara_Liskov","Nevanlinna_Prize","Madhu_Sudan","Peter_Shor","Gödel_Prize","Shafi_Goldwasser","Silvio_Micali","Charles_Rackoff","Johan_Håstad","Peter_Shor","Madhu_Sudan","Grace_Murray_Hopper_Award","Robert_Metcalfe","Shafi_Goldwasser","Guy_L._Steele","Richard_Stallman","Danny_Hillis","Hal_Abelson","Gerald_Jay_Sussman","Richard_Stallman","Thomas_H._Cormen","Charles_E._Leiserson","Patrick_Winston","Ronald_L._Rivest","Clifford_Stein","David_D._Clark","Jerome_H._Saltzer","David_P._Reed","End-to-end_principle","Eric_Grimson","Bob_Frankston","VisiCalc","Seymour_Papert","Logo_programming_language","Joseph_Weizenbaum","ELIZA","Bob_Metcalfe","Ethernet","Xerox_PARC","3COM","Robert_Fano","J.C.R._Licklider","Edward_Fredkin","Michael_Dertouzos","Marvin_Minsky","Patrick_Winston","Rodney_Brooks","Victor_Zue","Rodney_Brooks","Victor_Zue","Anant_Agarwal","Daniela_L._Rus","CERIAS","History_of_operating_systems","Knight_keyboard","Stanford_Artificial_Intelligence_Laboratory","Incompatible_Timesharing_System","Hal_Abelson","MIT_Press","Cambridge,_Massachusetts","Charles_Babbage_Institute","Charles_Babbage_Institute","Charles_Babbage_Institute","Charles_Babbage_Institute","Charles_Babbage_Institute","Charles_Babbage_Institute","Charles_Babbage_Institute","Incompatible_Timesharing_System"]}