{"cursor":"11336","size":15,"audio":["http://www.aiai.ed.ac.uk/events/jonathanedwards2007/bbc-r4-jonathan-edwards-2007-03-28.mp3"],"currentlang":"en","article":"The following outline is provided as an overview of and topical guide to\nartificial intelligence:\n\n'[[Artificial intelligence|Artificial intelligence (AI)]]' – branch of\ncomputer science that deals with intelligent behavior, learning, and adaptation\nin [[machine]]s. Research in AI is concerned with producing machines to automate\ntasks requiring intelligent behavior.\n","linknr":447,"url":"Outline_of_artificial_intelligence","recorded":1376545338,"links":["/w/index.php?title=Outline_of_artificial_intelligence&action=edit","/w/index.php?title=Outline_of_artificial_intelligence&action=edit","//bits.wikimedia.org/favicon/wikipedia.ico","/w/opensearch_desc.php","//en.wikipedia.org/w/api.php?action=rsd","//creativecommons.org/licenses/by-sa/3.0/","/w/index.php?title=Special:RecentChanges&feed=atom","http://en.wikipedia.org/wiki/Outline_of_artificial_intelligence","//bits.wikimedia.org/en.wikipedia.org/load.php?debug=false&lang=en&modules=ext.gadget.DRN-wizard%2CReferenceTooltips%2Ccharinsert%2Cteahouse%7Cext.rtlcite%2Cwikihiero%7Cext.uls.nojs%7Cmediawiki.legacy.commonPrint%2Cshared%7Cmw.PopUpMediaTransform%7Cskins.vector&only=styles&skin=vector&*","//bits.wikimedia.org/en.wikipedia.org/load.php?debug=false&lang=en&modules=ext.visualEditor.viewPageTarget.noscript&only=styles&skin=vector&*","//bits.wikimedia.org/en.wikipedia.org/load.php?debug=false&lang=en&modules=site&only=styles&skin=vector&*","//bits.wikimedia.org/en.wikipedia.org/load.php?debug=false&lang=en&modules=startup&only=scripts&skin=vector&*","//bits.wikimedia.org/geoiplookup","//meta.wikimedia.org","#mw-navigation","#p-search","/wiki/Artificial_intelligence","/wiki/Computer_science","/wiki/Machine","#Branches_of_artificial_intelligence","#Some_applications_of_artificial_intelligence","#Philosophy_of_artificial_intelligence","#History_of_artificial_intelligence","#Artificial_intelligence_in_fiction","#Artificial_intelligence_and_the_future","#Psychology_and_AI","#Concepts_in_artificial_intelligence","#AI_projects","#Notable_AI_software","#Competitions_and_awards","#Publications","#Organizations","#Companies","#Artificial_intelligence_researchers_and_scholars","#1930s_and_40s_.28generation_0.29","#1950s_.28the_founders.29","#1960s_.28their_students.29","#1970s","#1980s","#More_recent_scholars","#See_also","#External_links","/w/index.php?title=Outline_of_artificial_intelligence&action=edit&section=1","/w/index.php?title=Outline_of_artificial_intelligence&veaction=edit&section=1","/wiki/Artificial_intelligence#Symbolic","/wiki/GOFAI","/wiki/Sub-symbolic","/wiki/Artificial_intelligence#Cybernetics_and_brain_simulation","/wiki/Behavior_based_AI","/wiki/Subsumption_architecture","/wiki/Nouvelle_AI","/wiki/Computational_intelligence","/wiki/Computational_creativity","/wiki/Neural_network","/wiki/Hybrid_neural_network","/wiki/Recurrent_neural_network","/wiki/Fuzzy_system","/wiki/Evolutionary_computation","/wiki/Evolutionary_algorithm","/wiki/Genetic_algorithm","/wiki/BELBIC","/wiki/Swarm_intelligence","/wiki/Ant_colony_optimization","/wiki/Artificial_intelligence#Statistical","/w/index.php?title=Outline_of_artificial_intelligence&action=edit&section=2","/w/index.php?title=Outline_of_artificial_intelligence&veaction=edit&section=2","/wiki/Applications_of_artificial_intelligence","/wiki/Artificial_Creativity","/wiki/Artificial_life","/wiki/Automated_planning_and_scheduling","/wiki/Automated_reasoning","/wiki/Automation","/wiki/Automatic_target_recognition","/wiki/Biologically_inspired_computing","/wiki/Computer_Audition","/wiki/Speech_recognition","/wiki/Speaker_recognition","/wiki/Computer_vision","/wiki/Image_processing","/wiki/Intelligent_word_recognition","/wiki/Object_recognition","/wiki/Optical_mark_recognition","/wiki/Handwriting_recognition","/wiki/Optical_character_recognition","/wiki/Automatic_number_plate_recognition","/wiki/Facial_recognition_system","/wiki/Silent_speech_interface","/wiki/Diagnosis_(artificial_intelligence)","/wiki/Expert_system","/wiki/Decision_support_system","/wiki/Clinical_decision_support_system","/wiki/Game_artificial_intelligence","/wiki/Computer_game_bot","/wiki/Artificial_intelligence_(video_games)","/wiki/Computer_chess","/wiki/Computer_Go","/wiki/General_Game_Playing","/wiki/Game_theory","/wiki/Hybrid_intelligent_system","/wiki/Intelligent_agent","/wiki/Agent_architecture","/wiki/Cognitive_architecture","/wiki/Intelligent_control","/wiki/Knowledge_management","/wiki/Concept_mining","/wiki/Data_mining","/wiki/Text_mining","/wiki/E-mail_spam","/wiki/Information_extraction","/wiki/Activity_recognition","/wiki/Image_retrieval","/wiki/Automatic_image_annotation","/w/index.php?title=Named-entity_extraction&action=edit&redlink=1","/wiki/Coreference_resolution","/wiki/Named-entity_recognition","/wiki/Relationship_extraction","/wiki/Terminology_extraction","/wiki/Knowledge_representation","/wiki/Semantic_Web","/wiki/Machine_learning","/wiki/Constrained_Conditional_Models","/wiki/Neural_modeling_fields","/wiki/Natural_language_processing","/wiki/Chatterbot","/wiki/Language_identification","/wiki/Natural_language_user_interface","/wiki/Natural_language_understanding","/wiki/Machine_translation","/wiki/Statistical_semantics","/wiki/Question_answering","/wiki/Semantic_translation","/wiki/Nonlinear_control","/wiki/Pattern_recognition","/wiki/Optical_character_recognition","/wiki/Handwriting_recognition","/wiki/Speech_recognition","/wiki/Facial_recognition_system","/wiki/Robotics","/wiki/Behavior-based_robotics","/wiki/Cognitive","/wiki/Cybernetics","/wiki/Developmental_robotics","/wiki/Epigenetic_robotics","/wiki/Evolutionary_robotics","/wiki/Speech_generating_device","/wiki/Strategic_planning","/wiki/Vehicle_infrastructure_integration","/wiki/Virtual_Intelligence","/wiki/Virtual_reality","/w/index.php?title=Outline_of_artificial_intelligence&action=edit&section=3","/w/index.php?title=Outline_of_artificial_intelligence&veaction=edit&section=3","/wiki/Philosophy_of_artificial_intelligence","/wiki/Artificial_brain","/wiki/Artificial_consciousness#Philosophical_views_of_artificial_consciousness","/wiki/User_illusion","/wiki/Artificial_intelligence_and_law","/wiki/Chinese_room","/wiki/Cognitive_science","/wiki/Artificial_consciousness","/wiki/Embodied_cognitive_science","/wiki/Embodied_cognition","/wiki/Ethics_of_artificial_intelligence","/wiki/Philosophy_of_the_Mind","/wiki/Computational_theory_of_mind","/wiki/Functionalism_(philosophy_of_mind)","/wiki/Physical_symbol_system","/wiki/Synthetic_intelligence","/wiki/Turing_Test","/w/index.php?title=Outline_of_artificial_intelligence&action=edit&section=4","/w/index.php?title=Outline_of_artificial_intelligence&veaction=edit&section=4","/wiki/History_of_artificial_intelligence","/wiki/Progress_in_artificial_intelligence","/wiki/Timeline_of_artificial_intelligence","/wiki/AI_effect","/wiki/AI_winter","/w/index.php?title=Outline_of_artificial_intelligence&action=edit&section=5","/w/index.php?title=Outline_of_artificial_intelligence&veaction=edit&section=5","/wiki/Artificial_intelligence_in_fiction","/wiki/Angel_F","/wiki/The_Matrix","/wiki/The_Terminator","/w/index.php?title=Outline_of_artificial_intelligence&action=edit&section=6","/w/index.php?title=Outline_of_artificial_intelligence&veaction=edit&section=6","/wiki/Seed_AI","/wiki/Singularitarianism","/wiki/Strong_AI","/wiki/Technological_singularity","/w/index.php?title=Outline_of_artificial_intelligence&action=edit&section=7","/w/index.php?title=Outline_of_artificial_intelligence&veaction=edit&section=7","/wiki/Artificial_psychology","/wiki/AI_effect","/wiki/Uncanny_valley","/w/index.php?title=Outline_of_artificial_intelligence&action=edit&section=8","/w/index.php?title=Outline_of_artificial_intelligence&veaction=edit&section=8","/wiki/Action_selection","/wiki/Affective_computing","/wiki/AI_box","/wiki/AI-complete","/wiki/Algorithmic_probability","/wiki/Automated_reasoning","/wiki/Autonomic_Computing","/wiki/Autonomic_Networking","/wiki/Backward_chaining","/wiki/Bayesian_network","/wiki/Bio-inspired_computing","/wiki/Artificial_immune_system","/wiki/Blackboard_system","/wiki/Chatterbot","/wiki/Combs_method","/wiki/Commonsense_reasoning","/wiki/Computational_humor","/wiki/Computer-assisted_proof","/wiki/Conceptual_dependency_theory","/wiki/Darwin_machine","/wiki/Description_logic","/wiki/Frame_problem","/wiki/Game_theory","/wiki/Grammar_systems_theory","/wiki/Informatics_(academic_field)","/wiki/Intelligent_control","/wiki/Kinect","/wiki/LIDA_(cognitive_architecture)","/wiki/Means-ends_analysis","/wiki/Moravec%27s_paradox","/wiki/Music_and_artificial_intelligence","/wiki/Ordered_weighted_averaging_aggregation_operator","/wiki/PEAS","/wiki/Percept_(artificial_intelligence)","/wiki/Perceptual_Computing","/wiki/Rule-based_system","/wiki/Self-management_(computer_science)","/wiki/Soft_computing","/wiki/Software_agent","/wiki/Intelligent_agent","/wiki/Rational_agent","/wiki/Autonomous_agent","/wiki/Automated_planning_and_scheduling","/wiki/Control_system","/wiki/Hierarchical_control_system","/wiki/Networked_control_system","/wiki/Distributed_artificial_intelligence","/wiki/Multi-agent_system","/wiki/Monitoring_and_Surveillance_Agents","/wiki/Embodied_agent","/wiki/Situated","/wiki/Sussman_Anomaly","/wiki/Wetware_(brain)","/w/index.php?title=Outline_of_artificial_intelligence&action=edit&section=9","/w/index.php?title=Outline_of_artificial_intelligence&veaction=edit&section=9","/wiki/List_of_artificial_intelligence_projects","/wiki/Automated_Mathematician","/wiki/Allen_(robot)","/wiki/Open_Mind_Common_Sense","/wiki/Mindpixel","/wiki/CALO","/wiki/Watson_(computer)","/wiki/Open_domain_question_answering","/wiki/Natural_Language_Processing","/wiki/Information_Retrieval","/wiki/Knowledge_Representation","/wiki/Automated_reasoning","/wiki/Machine_Learning","/w/index.php?title=Outline_of_artificial_intelligence&action=edit&section=10","/w/index.php?title=Outline_of_artificial_intelligence&veaction=edit&section=10","/wiki/OpenAIR","/wiki/OpenCog","/wiki/OpenIRIS","/wiki/RapidMiner","/w/index.php?title=Outline_of_artificial_intelligence&action=edit&section=11","/w/index.php?title=Outline_of_artificial_intelligence&veaction=edit&section=11","/wiki/Competitions_and_prizes_in_artificial_intelligence","/wiki/Loebner_Prize","/w/index.php?title=Outline_of_artificial_intelligence&action=edit&section=12","/w/index.php?title=Outline_of_artificial_intelligence&veaction=edit&section=12","/wiki/List_of_important_publications_in_computer_science","/wiki/Adaptive_Behavior_(journal)","/wiki/AI_Memo","/wiki/Artificial_Intelligence:_A_Modern_Approach","/wiki/Artificial_Minds","/wiki/Computational_Intelligence_(journal)","/wiki/Computing_Machinery_and_Intelligence","/wiki/Electronic_Transactions_on_Artificial_Intelligence","/wiki/IEEE_Intelligent_Systems","/wiki/IEEE_Transactions_on_Pattern_Analysis_and_Machine_Intelligence","/wiki/Neural_Networks_(journal)","/wiki/On_Intelligence","/wiki/Paradigms_of_AI_Programming:_Case_Studies_in_Common_Lisp","/wiki/What_Computers_Can%27t_Do","/w/index.php?title=Outline_of_artificial_intelligence&action=edit&section=13","/w/index.php?title=Outline_of_artificial_intelligence&veaction=edit&section=13","/wiki/Artificial_General_Intelligence_Research_Institute","/wiki/Artificial_Intelligence_and_Robotics_Society","/wiki/Artificial_Intelligence_Applications_Institute","/wiki/Association_for_the_Advancement_of_Artificial_Intelligence","/wiki/European_Coordinating_Committee_for_Artificial_Intelligence","/wiki/European_Neural_Network_Society","/wiki/ILabs","/wiki/International_Joint_Conferences_on_Artificial_Intelligence","/wiki/Knowledge_Engineering_and_Machine_Learning_Group","/wiki/Society_for_the_Study_of_Artificial_Intelligence_and_the_Simulation_of_Behaviour","/w/index.php?title=Outline_of_artificial_intelligence&action=edit&section=14","/w/index.php?title=Outline_of_artificial_intelligence&veaction=edit&section=14","/wiki/Consolidated_Robotics","/wiki/Universal_Robotics","/w/index.php?title=Outline_of_artificial_intelligence&action=edit&section=15","/w/index.php?title=Outline_of_artificial_intelligence&veaction=edit&section=15","/w/index.php?title=Outline_of_artificial_intelligence&action=edit&section=16","/w/index.php?title=Outline_of_artificial_intelligence&veaction=edit&section=16","/wiki/Alan_Turing","/wiki/John_Von_Neumann","/wiki/Norbert_Wiener","/wiki/Claude_Shannon","/wiki/Nathaniel_Rochester_(computer_scientist)","/wiki/Walter_Pitts","/wiki/Warren_McCullough","/w/index.php?title=Outline_of_artificial_intelligence&action=edit&section=17","/w/index.php?title=Outline_of_artificial_intelligence&veaction=edit&section=17","/wiki/John_McCarthy_(computer_scientist)","/wiki/Marvin_Minsky","/wiki/Allen_Newell","/wiki/Herbert_A._Simon","/w/index.php?title=Outline_of_artificial_intelligence&action=edit&section=18","/w/index.php?title=Outline_of_artificial_intelligence&veaction=edit&section=18","/wiki/Edward_Feigenbaum","/wiki/Raj_Reddy","/wiki/Seymour_Papert","/wiki/Ray_Solomonoff","/w/index.php?title=Outline_of_artificial_intelligence&action=edit&section=19","/w/index.php?title=Outline_of_artificial_intelligence&veaction=edit&section=19","/wiki/Douglas_Hofstadter","/w/index.php?title=Outline_of_artificial_intelligence&action=edit&section=20","/w/index.php?title=Outline_of_artificial_intelligence&veaction=edit&section=20","/wiki/Judea_Pearl","/wiki/Rodney_Brooks","/w/index.php?title=Outline_of_artificial_intelligence&action=edit&section=21","/w/index.php?title=Outline_of_artificial_intelligence&veaction=edit&section=21","/wiki/Hugo_de_Garis","/w/index.php?title=Outline_of_artificial_intelligence&action=edit&section=22","/w/index.php?title=Outline_of_artificial_intelligence&veaction=edit&section=22","/wiki/File:Animation2.gif","//upload.wikimedia.org/wikipedia/commons/thumb/c/c0/Animation2.gif/17px-Animation2.gif","/wiki/Portal:Artificial_intelligence","/wiki/List_of_emerging_technologies","/w/index.php?title=Outline_of_artificial_intelligence&action=edit&section=23","/w/index.php?title=Outline_of_artificial_intelligence&veaction=edit&section=23","/wiki/Wikipedia:Wikimedia_sister_projects","//en.wiktionary.org/wiki/Special:Search/Artificial_intelligence","//upload.wikimedia.org/wikipedia/commons/thumb/f/f8/Wiktionary-logo-en.svg/23px-Wiktionary-logo-en.svg.png","//en.wiktionary.org/wiki/Special:Search/Artificial_intelligence","//commons.wikimedia.org/wiki/Special:Search/Artificial_intelligence","//upload.wikimedia.org/wikipedia/en/thumb/4/4a/Commons-logo.svg/18px-Commons-logo.svg.png","//commons.wikimedia.org/wiki/Special:Search/Artificial_intelligence","//en.wikiversity.org/wiki/Special:Search/Artificial_intelligence","//upload.wikimedia.org/wikipedia/commons/thumb/1/1b/Wikiversity-logo-en.svg/25px-Wikiversity-logo-en.svg.png","//en.wikiversity.org/wiki/Special:Search/Artificial_intelligence","//en.wikiquote.org/wiki/Special:Search/Artificial_intelligence","//upload.wikimedia.org/wikipedia/commons/thumb/f/fa/Wikiquote-logo.svg/21px-Wikiquote-logo.svg.png","//en.wikiquote.org/wiki/Special:Search/Artificial_intelligence","//en.wikisource.org/wiki/Special:Search/Artificial_intelligence","//upload.wikimedia.org/wikipedia/commons/thumb/4/4c/Wikisource-logo.svg/24px-Wikisource-logo.svg.png","//en.wikisource.org/wiki/Special:Search/Artificial_intelligence","//en.wikibooks.org/wiki/Special:Search/Artificial_intelligence","//upload.wikimedia.org/wikipedia/commons/thumb/f/fa/Wikibooks-logo.svg/25px-Wikibooks-logo.svg.png","//en.wikibooks.org/wiki/Special:Search/Artificial_intelligence","http://www.dmoz.org/Computers/Artificial_Intelligence//","/wiki/Open_Directory_Project","http://www.ai-directory.com","http://www.aaai.org/AITopics/html/welcome.html","http://www.vega.org.uk/video/programme/16","http://www-formal.stanford.edu/jmc/whatisai/whatisai.html","http://www.aiai.ed.ac.uk/events/jonathanedwards2007/bbc-r4-jonathan-edwards-2007-03-28.mp3","http://www.kurzweilai.net/","http://plato.stanford.edu/entries/logic-ai","/wiki/Stanford_Encyclopedia_of_Philosophy","/wiki/Template:Outline_footer","/wiki/Template_talk:Outline_footer","//en.wikipedia.org/w/index.php?title=Template:Outline_footer&action=edit","/wiki/Portal:Contents/Outlines","/wiki/Portal:Contents/Outlines#General_reference","/wiki/Portal:Contents/Outlines#Culture_and_the_arts","/wiki/Portal:Contents/Outlines#Geography_and_places","/wiki/Portal:Contents/Outlines#Health_and_fitness","/wiki/Portal:Contents/Outlines#History_and_events","/wiki/Portal:Contents/Outlines#Mathematics_and_logic","/wiki/Portal:Contents/Outlines#Natural_and_physical_sciences","/wiki/Portal:Contents/Outlines#People_and_self","/wiki/Portal:Contents/Outlines#Philosophy_and_thinking","/wiki/Portal:Contents/Outlines#Religion_and_belief_systems","/wiki/Portal:Contents/Outlines#Society_and_social_sciences","/wiki/Portal:Contents/Outlines#Technology_and_applied_sciences","//en.wikipedia.org/w/index.php?title=Special:CentralAutoLogin/start&type=1x1&from=enwiki","http://en.wikipedia.org/w/index.php?title=Outline_of_artificial_intelligence&oldid=518349060","/wiki/Help:Category","/wiki/Category:Outlines","/wiki/Category:Artificial_intelligence","/wiki/Category:Computing-related_lists","/w/index.php?title=Special:UserLogin&returnto=Outline+of+artificial+intelligence&type=signup","/w/index.php?title=Special:UserLogin&returnto=Outline+of+artificial+intelligence","/wiki/Outline_of_artificial_intelligence","/wiki/Talk:Outline_of_artificial_intelligence","#","/wiki/Outline_of_artificial_intelligence","/w/index.php?title=Outline_of_artificial_intelligence&action=edit","/w/index.php?title=Outline_of_artificial_intelligence&veaction=edit","/w/index.php?title=Outline_of_artificial_intelligence&action=history","#","/w/index.php","//bits.wikimedia.org/static-1.22wmf12/skins/vector/images/search-ltr.png?303-4","/wiki/Main_Page","/wiki/Main_Page","/wiki/Portal:Contents","/wiki/Portal:Featured_content","/wiki/Portal:Current_events","/wiki/Special:Random","https://donate.wikimedia.org/wiki/Special:FundraiserRedirector?utm_source=donate&utm_medium=sidebar&utm_campaign=C13_en.wikipedia.org&uselang=en","/wiki/Help:Contents","/wiki/Wikipedia:About","/wiki/Wikipedia:Community_portal","/wiki/Special:RecentChanges","//en.wikipedia.org/wiki/Wikipedia:Contact_us","/wiki/Special:WhatLinksHere/Outline_of_artificial_intelligence","/wiki/Special:RecentChangesLinked/Outline_of_artificial_intelligence","/wiki/Wikipedia:File_Upload_Wizard","/wiki/Special:SpecialPages","/w/index.php?title=Outline_of_artificial_intelligence&oldid=518349060","/w/index.php?title=Outline_of_artificial_intelligence&action=info","//www.wikidata.org/wiki/Q7112560","/w/index.php?title=Special:Cite&page=Outline_of_artificial_intelligence&id=518349060","/w/index.php?title=Special:Book&bookcmd=book_creator&referer=Outline+of+artificial+intelligence","/w/index.php?title=Special:Book&bookcmd=render_article&arttitle=Outline+of+artificial+intelligence&oldid=518349060&writer=rl","/w/index.php?title=Outline_of_artificial_intelligence&printable=yes","#","//www.wikidata.org/wiki/Q7112560#sitelinks-wikipedia","//en.wikipedia.org/wiki/Wikipedia:Text_of_Creative_Commons_Attribution-ShareAlike_3.0_Unported_License","//creativecommons.org/licenses/by-sa/3.0/","//wikimediafoundation.org/wiki/Terms_of_Use","//wikimediafoundation.org/wiki/Privacy_policy","//www.wikimediafoundation.org/","//wikimediafoundation.org/wiki/Privacy_policy","/wiki/Wikipedia:About","/wiki/Wikipedia:General_disclaimer","//en.wikipedia.org/wiki/Wikipedia:Contact_us","//en.m.wikipedia.org/wiki/Outline_of_artificial_intelligence","//wikimediafoundation.org/","//bits.wikimedia.org/images/wikimedia-button.png","//www.mediawiki.org/","//bits.wikimedia.org/static-1.22wmf12/skins/common/images/poweredby_mediawiki_88x31.png","//bits.wikimedia.org/en.wikipedia.org/load.php?debug=false&lang=en&modules=site&only=scripts&skin=vector&*"],"instances":["robot","brain","artificial_intelligence","cognitive_architecture","computer_scientist","academic_field","computer_science","artificial_intelligence","video_games","computer","philosophy_of_mind","computer_scientist"],"pdf":[],"categories":["Outlines|Artificial intelligence","Artificial intelligence|","Computing-related lists|Artificial intelligence topics"],"headings":["Branches of artificial intelligence","Some applications of artificial intelligence","Philosophy of artificial intelligence","History of artificial intelligence","Artificial intelligence in fiction","Artificial intelligence and the future","Psychology and AI","Concepts in artificial intelligence","AI projects","Notable AI software","Competitions and awards","Publications","Organizations","Artificial intelligence researchers and scholars","See also","External links"],"image":["//upload.wikimedia.org/wikipedia/commons/thumb/c/c0/Animation2.gif/17px-Animation2.gif","//upload.wikimedia.org/wikipedia/commons/thumb/f/f8/Wiktionary-logo-en.svg/23px-Wiktionary-logo-en.svg.png","//upload.wikimedia.org/wikipedia/en/thumb/4/4a/Commons-logo.svg/18px-Commons-logo.svg.png","//upload.wikimedia.org/wikipedia/commons/thumb/1/1b/Wikiversity-logo-en.svg/25px-Wikiversity-logo-en.svg.png","//upload.wikimedia.org/wikipedia/commons/thumb/f/fa/Wikiquote-logo.svg/21px-Wikiquote-logo.svg.png","//upload.wikimedia.org/wikipedia/commons/thumb/4/4c/Wikisource-logo.svg/24px-Wikisource-logo.svg.png","//upload.wikimedia.org/wikipedia/commons/thumb/f/fa/Wikibooks-logo.svg/25px-Wikibooks-logo.svg.png","//en.wikipedia.org/w/index.php?title=Special:CentralAutoLogin/start&type=1x1&from=enwiki","//bits.wikimedia.org/static-1.22wmf12/skins/vector/images/search-ltr.png?303-4","//bits.wikimedia.org/images/wikimedia-button.png","//bits.wikimedia.org/static-1.22wmf12/skins/common/images/poweredby_mediawiki_88x31.png"],"tags":[["diagnosis","artificial_intelligence"],["artificial_intelligence","video_games"],["functionalism","philosophy_of_mind"],["informatics","academic_field"],["lida","cognitive_architecture"],["percept","artificial_intelligence"],["self-management","computer_science"],["wetware","brain"],["allen","robot"],["watson","computer"],["nathaniel_rochester","computer_scientist"],["john_mccarthy","computer_scientist"]],"members":["allen","wetware","percept","lida","nathaniel_rochester","informatics","diagnosis","artificial_intelligence","watson","functionalism","john_mccarthy"],"related":["Computer_science","GOFAI","Sub-symbolic","Behavior_based_AI","Subsumption_architecture","Nouvelle_AI","Computational_intelligence","Computational_creativity","Neural_network","Hybrid_neural_network","Recurrent_neural_network","Fuzzy_system","Evolutionary_computation","Evolutionary_algorithm","Genetic_algorithm","BELBIC","Swarm_intelligence","Ant_colony_optimization","Artificial_Creativity","Artificial_life","Automated_planning_and_scheduling","Automated_reasoning","Automation","Automatic_target_recognition","Biologically_inspired_computing","Computer_Audition","Speech_recognition","Speaker_recognition","Computer_vision","Image_processing","Intelligent_word_recognition","Object_recognition","Optical_mark_recognition","Handwriting_recognition","Optical_character_recognition","Automatic_number_plate_recognition","Facial_recognition_system","Silent_speech_interface","Diagnosis_(artificial_intelligence)","Expert_system","Decision_support_system","Clinical_decision_support_system","Game_artificial_intelligence","Computer_game_bot","Artificial_intelligence_(video_games)","Computer_chess","Computer_Go","General_Game_Playing","Game_theory","Hybrid_intelligent_system","Intelligent_agent","Agent_architecture","Cognitive_architecture","Intelligent_control","Knowledge_management","Concept_mining","Data_mining","Text_mining","E-mail_spam","Information_extraction","Activity_recognition","Image_retrieval","Automatic_image_annotation","Named-entity_extraction","Coreference_resolution","Named-entity_recognition","Relationship_extraction","Terminology_extraction","Knowledge_representation","Semantic_Web","Machine_learning","Constrained_Conditional_Models","Neural_modeling_fields","Natural_language_processing","Chatterbot","Language_identification","Natural_language_user_interface","Natural_language_understanding","Machine_translation","Statistical_semantics","Question_answering","Semantic_translation","Nonlinear_control","Pattern_recognition","Optical_character_recognition","Handwriting_recognition","Speech_recognition","Facial_recognition_system","Robotics","Behavior-based_robotics","Cognitive","Cybernetics","Developmental_robotics","Epigenetic_robotics","Evolutionary_robotics","Speech_generating_device","Strategic_planning","Vehicle_infrastructure_integration","Virtual_Intelligence","Virtual_reality","Philosophy_of_artificial_intelligence","Artificial_brain","User_illusion","Artificial_intelligence_and_law","Chinese_room","Cognitive_science","Artificial_consciousness","Embodied_cognitive_science","Embodied_cognition","Ethics_of_artificial_intelligence","Philosophy_of_the_Mind","Computational_theory_of_mind","Functionalism_(philosophy_of_mind)","Physical_symbol_system","Synthetic_intelligence","Turing_Test","Progress_in_artificial_intelligence","Timeline_of_artificial_intelligence","AI_effect","AI_winter","Angel_F","The_Matrix","The_Terminator","Seed_AI","Singularitarianism","Strong_AI","Technological_singularity","Artificial_psychology","AI_effect","Uncanny_valley","Action_selection","Affective_computing","AI_box","AI-complete","Algorithmic_probability","Automated_reasoning","Autonomic_Computing","Autonomic_Networking","Backward_chaining","Bayesian_network","Bio-inspired_computing","Artificial_immune_system","Blackboard_system","Chatterbot","Combs_method","Commonsense_reasoning","Computational_humor","Computer-assisted_proof","Conceptual_dependency_theory","Darwin_machine","Description_logic","Frame_problem","Game_theory","Grammar_systems_theory","Informatics_(academic_field)","Intelligent_control","Kinect","LIDA_(cognitive_architecture)","Means-ends_analysis","Moravec's_paradox","Music_and_artificial_intelligence","Ordered_weighted_averaging_aggregation_operator","PEAS","Percept_(artificial_intelligence)","Perceptual_Computing","Rule-based_system","Self-management_(computer_science)","Soft_computing","Software_agent","Intelligent_agent","Rational_agent","Autonomous_agent","Automated_planning_and_scheduling","Control_system","Hierarchical_control_system","Networked_control_system","Distributed_artificial_intelligence","Multi-agent_system","Monitoring_and_Surveillance_Agents","Embodied_agent","Situated","Sussman_Anomaly","Wetware_(brain)","Automated_Mathematician","Allen_(robot)","Open_Mind_Common_Sense","Mindpixel","CALO","Watson_(computer)","Open_domain_question_answering","Natural_Language_Processing","Information_Retrieval","Knowledge_Representation","Automated_reasoning","Machine_Learning","OpenAIR","OpenCog","OpenIRIS","RapidMiner","Loebner_Prize","Artificial_General_Intelligence_Research_Institute","Artificial_Intelligence_and_Robotics_Society","Artificial_Intelligence_Applications_Institute","Association_for_the_Advancement_of_Artificial_Intelligence","European_Coordinating_Committee_for_Artificial_Intelligence","European_Neural_Network_Society","ILabs","International_Joint_Conferences_on_Artificial_Intelligence","Knowledge_Engineering_and_Machine_Learning_Group","Society_for_the_Study_of_Artificial_Intelligence_and_the_Simulation_of_Behaviour","Consolidated_Robotics","Universal_Robotics","Alan_Turing","John_Von_Neumann","Norbert_Wiener","Claude_Shannon","Nathaniel_Rochester_(computer_scientist)","Walter_Pitts","Warren_McCullough","John_McCarthy_(computer_scientist)","Marvin_Minsky","Allen_Newell","Herbert_A._Simon","Edward_Feigenbaum","Raj_Reddy","Seymour_Papert","Ray_Solomonoff","Douglas_Hofstadter","Judea_Pearl","Rodney_Brooks","Hugo_de_Garis","List_of_emerging_technologies"]}