{"cursor":"55417","size":15,"audio":["//upload.wikimedia.org/wikipedia/commons/5/56/MRI.ogg"],"currentlang":"en","article":"\n\nThe 'philosophy of [[artificial intelligence]]' attempts to answer such\nquestions as: define the philosophy of AI as consisting of the first two\nquestions, and the additional question of the ethics of artificial intelligence.\nwrites \"In the current literature, philosophy has to chief roles: to determine\nwhether or not such machines would be conscious, and, second, to predict whether\nor not such machines are possible.\" The last question bears on the first\ntwo.\n* Can a machine act intelligently? Can it solve any problem that a person would\n  solve by thinking?\n* Are human intelligence and machine intelligence the same? Is the human brain\n  essentially a computer?\n* Can a machine have a mind, mental states and consciousness in the same sense\n  humans do? Can it feel how things are? John McCarthy, who created LISP\n  programming language for AI, and AI concept itself, says, that some\n  philosophers of AI will do battle with the idea that:\n* AI is impossible (Dreyfus),\n* AI is immoral (Weizenbaum),\n* The very concept of AI is incoherent (Searle). These three questions reflect\n  the divergent interests of AI researchers, cognitive scientists and\n  philosophers respectively. The scientific answers to these questions depend on\n  the definition of \"intelligence\" and \"consciousness\" and exactly which\n  \"machines\" are under discussion.\n\nImportant propositions in the philosophy of AI include:\n\n*Turing's \"polite convention\": If a machine behaves as intelligently as a human\nbeing, then it is as intelligent as a human being. This is a\nparaphrase of the essential point of the Turing Test. , , , \n* The Dartmouth proposal: \"Every aspect of learning or any other feature of\n  intelligence can be so precisely described that a machine can be made to\n  simulate it.\" . This assertion was printed in the program\n  for the Dartmouth Conference of 1956, widely considered the \"birth of\n  AI.\"also \n* Newell and Simon's physical symbol system hypothesis: \"A physical symbol\n  system has the necessary and sufficient means of general intelligent\n  action.\" and \n* Searle's strong AI hypothesis: \"The appropriately programmed computer with the\n  right inputs and outputs would thereby have a mind in exactly the same sense\n  human beings have minds.\" This version is from , and is also\n  quoted in . Searle's original formulation was \"The appropriately programmed\n  computer really is a mind, in the sense that computers given the right\n  programs can be literally said to understand and have other cognitive states.\"\n  . Strong AI is defined similarly by : \"The assertion that machines could\n  possibly act intelligently (or, perhaps better, act as if they were\n  intelligent) is called the 'weak AI' hypothesis by philosophers, and the\n  assertion that machines that do so are actually thinking (as opposed to\n  simulating thinking) is called the 'strong AI' hypothesis.\"\n* Hobbes' mechanism: \"Reason is nothing but reckoning.\"\n","linknr":1472,"url":"philosophy_of_artificial_intelligence","recorded":1376396375,"links":["/w/index.php?title=Philosophy_of_artificial_intelligence&action=edit","/w/index.php?title=Philosophy_of_artificial_intelligence&action=edit","//bits.wikimedia.org/favicon/wikipedia.ico","/w/opensearch_desc.php","//en.wikipedia.org/w/api.php?action=rsd","//creativecommons.org/licenses/by-sa/3.0/","/w/index.php?title=Special:RecentChanges&feed=atom","http://en.wikipedia.org/wiki/Philosophy_of_artificial_intelligence","//bits.wikimedia.org/en.wikipedia.org/load.php?debug=false&lang=en&modules=ext.gadget.DRN-wizard%2CReferenceTooltips%2Ccharinsert%2Cteahouse%7Cext.rtlcite%2Cwikihiero%7Cext.uls.nojs%7Cmediawiki.legacy.commonPrint%2Cshared%7Cmw.PopUpMediaTransform%7Cskins.vector&only=styles&skin=vector&*","//bits.wikimedia.org/en.wikipedia.org/load.php?debug=false&lang=en&modules=ext.visualEditor.viewPageTarget.noscript&only=styles&skin=vector&*","//bits.wikimedia.org/en.wikipedia.org/load.php?debug=false&lang=en&modules=site&only=styles&skin=vector&*","//bits.wikimedia.org/en.wikipedia.org/load.php?debug=false&lang=en&modules=startup&only=scripts&skin=vector&*","//bits.wikimedia.org/geoiplookup","//meta.wikimedia.org","#mw-navigation","#p-search","/wiki/Ethics_of_artificial_intelligence","/wiki/Artificial_intelligence","#cite_note-1","/wiki/Human_brain","/wiki/Philosophy_of_mind","/wiki/Consciousness","/wiki/Artificial_intelligence","/wiki/Cognitive_science","/wiki/Philosophy","/wiki/Proposition","/wiki/Turing_Test","#cite_note-T-2","/wiki/Dartmouth_Conferences","#cite_note-MMRS-3","/wiki/Allen_Newell","/wiki/Herbert_A._Simon","/wiki/Physical_symbol_system","#cite_note-NS-4","/wiki/John_Searle","/wiki/Strong_AI_hypothesis","#cite_note-SWAI-5","/wiki/Thomas_Hobbes","#cite_note-H-6","#Can_a_machine_display_general_intelligence.3F","#Intelligence","#Turing_test","#Intelligent_agent_definition","#Arguments_that_a_machine_can_display_general_intelligence","#The_brain_can_be_simulated","#Human_thinking_is_symbol_processing","#Arguments_against_symbol_processing","#Lucas.2C_Penrose_and_G.C3.B6del","#Dreyfus:_the_primacy_of_unconscious_skills","#Can_a_machine_have_a_mind.2C_consciousness_and_mental_states.3F","#Consciousness.2C_minds.2C_mental_states.2C_meaning","#Arguments_that_a_computer_cannot_have_a_mind_and_mental_states","#Searle.27s_Chinese_room","#Related_arguments:_Leibniz.27_mill.2C_Block.27s_telephone_exchange_and_blockhead","#Responses_to_the_Chinese_Room","#Is_thinking_a_kind_of_computation.3F","#Other_related_questions","#Can_a_machine_have_emotions.3F","#Can_a_machine_be_self_aware.3F","#Can_a_machine_be_original_or_creative.3F","#Can_a_machine_be_benevolent_or_hostile.3F","#Can_a_machine_have_a_soul.3F","#See_also","#Notes","#References","/w/index.php?title=Philosophy_of_artificial_intelligence&action=edit&section=1","/w/index.php?title=Philosophy_of_artificial_intelligence&veaction=edit&section=1","/wiki/Psychology","/wiki/Philosophy","#cite_note-7","/wiki/Dartmouth_Conferences","#cite_note-MMRS-3","/w/index.php?title=Philosophy_of_artificial_intelligence&action=edit&section=2","/w/index.php?title=Philosophy_of_artificial_intelligence&veaction=edit&section=2","/wiki/File:Turing_Test_version_3.png","//upload.wikimedia.org/wikipedia/commons/thumb/e/e4/Turing_Test_version_3.png/220px-Turing_Test_version_3.png","/wiki/File:Turing_Test_version_3.png","//bits.wikimedia.org/static-1.22wmf12/skins/common/images/magnify-clip.png","#cite_note-FOOTNOTESaygin2000-8","/w/index.php?title=Philosophy_of_artificial_intelligence&action=edit&section=3","/w/index.php?title=Philosophy_of_artificial_intelligence&veaction=edit&section=3","/wiki/Turing_test","/wiki/Alan_Turing","#cite_note-9","/wiki/Chat_room","#cite_note-T-2","#cite_note-10","/wiki/Turing_test","/wiki/Anthropomorphic","/wiki/Stuart_J._Russell","/wiki/Peter_Norvig","#cite_note-11","/w/index.php?title=Philosophy_of_artificial_intelligence&action=edit&section=4","/w/index.php?title=Philosophy_of_artificial_intelligence&veaction=edit&section=4","/wiki/File:IntelligentAgent-SimpleReflex.png","//upload.wikimedia.org/wikipedia/commons/thumb/3/3f/IntelligentAgent-SimpleReflex.png/220px-IntelligentAgent-SimpleReflex.png","/wiki/File:IntelligentAgent-SimpleReflex.png","//bits.wikimedia.org/static-1.22wmf12/skins/common/images/magnify-clip.png","/wiki/Intelligent_agent","#cite_note-12","#cite_note-13","#cite_note-14","/w/index.php?title=Philosophy_of_artificial_intelligence&action=edit&section=5","/w/index.php?title=Philosophy_of_artificial_intelligence&veaction=edit&section=5","/w/index.php?title=Philosophy_of_artificial_intelligence&action=edit&section=6","/w/index.php?title=Philosophy_of_artificial_intelligence&veaction=edit&section=6","/wiki/Artificial_brain","//upload.wikimedia.org/wikipedia/commons/thumb/5/56/MRI.ogg/240px-seek%3D2-MRI.ogg.jpg","//upload.wikimedia.org/wikipedia/commons/5/56/MRI.ogg","/wiki/File:MRI.ogg","//bits.wikimedia.org/static-1.22wmf12/skins/common/images/magnify-clip.png","/wiki/MRI","/wiki/Hubert_Dreyfus","#cite_note-Dreyfus_1972_p.3D106-15","#cite_note-16","/wiki/Hans_Moravec","#cite_note-17","/wiki/Ray_Kurzweil","#cite_note-18","#cite_note-19","#cite_note-20","/wiki/Hubert_Dreyfus","#cite_note-21","#cite_note-22","/w/index.php?title=Philosophy_of_artificial_intelligence&action=edit&section=7","/w/index.php?title=Philosophy_of_artificial_intelligence&veaction=edit&section=7","/wiki/Physical_symbol_system","/wiki/Allen_Newell","/wiki/Herbert_A._Simon","#cite_note-NS-4","#cite_note-23","#cite_note-24","/wiki/Neural_network","/wiki/GOFAI","/wiki/John_Haugeland","#cite_note-25","/w/index.php?title=Philosophy_of_artificial_intelligence&action=edit&section=8","/w/index.php?title=Philosophy_of_artificial_intelligence&veaction=edit&section=8","/w/index.php?title=Philosophy_of_artificial_intelligence&action=edit&section=9","/w/index.php?title=Philosophy_of_artificial_intelligence&veaction=edit&section=9","/wiki/Kurt_G%C3%B6del","/wiki/Statement_(logic)","/wiki/Formal_system","/wiki/John_Lucas_(philosopher)","#cite_note-L-26","/wiki/G%C3%B6del%27s_incompleteness_theorem","//en.wiktionary.org/wiki/mechanism","#cite_note-27","/wiki/Roger_Penrose","/wiki/The_Emperor%27s_New_Mind","/wiki/Quantum_mechanical","#cite_note-28","/wiki/Douglas_Hofstadter","/wiki/Pulitzer_prize","/wiki/G%C3%B6del,_Escher,_Bach:_An_Eternal_Golden_Braid","/wiki/Epimenides_paradox","#cite_note-29","/wiki/Epimenides_paradox","#cite_note-30","/wiki/John_Lucas_(philosopher)","#cite_note-31","#cite_note-32","/w/index.php?title=Philosophy_of_artificial_intelligence&action=edit&section=10","/w/index.php?title=Philosophy_of_artificial_intelligence&veaction=edit&section=10","/wiki/Dreyfus%27_critique_of_artificial_intelligence","#cite_note-D-33","/wiki/Hubert_Dreyfus","/wiki/Computing_machinery_and_intelligence","#cite_note-34","#cite_note-35","/wiki/Peter_Norvig","#cite_note-36","/wiki/Situated","/wiki/Robotics","#cite_note-37","/wiki/Computational_intelligence","/wiki/Neural_net","/wiki/Evolutionary_algorithm","/wiki/Commonsense_knowledge","/wiki/GOFAI","/wiki/Daniel_Crevier","#cite_note-Crevier_1993_p.3D125-38","/w/index.php?title=Philosophy_of_artificial_intelligence&action=edit&section=11","/w/index.php?title=Philosophy_of_artificial_intelligence&veaction=edit&section=11","/wiki/Problem_of_other_minds","/wiki/Hard_problem_of_consciousness","#cite_note-SWAI-5","#cite_note-SWAI-5","#cite_note-SWAI-5","/wiki/Igor_Aleksander","/wiki/Stan_Franklin","/wiki/Ron_Sun","/wiki/Artificial_consciousness#Haikonen.27s_cognitive_architecture","/wiki/Artificial_consciousness","#cite_note-T4-39","/wiki/Stuart_J._Russell","#cite_note-40","/w/index.php?title=Philosophy_of_artificial_intelligence&action=edit&section=12","/w/index.php?title=Philosophy_of_artificial_intelligence&veaction=edit&section=12","/wiki/Mind","/wiki/Consciousness","/wiki/New_age","/wiki/Bergson","/wiki/%C3%89lan_vital","/wiki/Science_fiction","/wiki/Essentialism","/wiki/Ghost_in_the_Shell","/wiki/Soul","/wiki/Philosophy","/wiki/Neuroscience","#cite_note-41","/wiki/Philosopher","/wiki/Hard_problem_of_consciousness","/wiki/Philosophy_of_mind","/wiki/Mind-body_problem","#cite_note-42","/wiki/Intentionality","/wiki/Phenomenology_(philosophy)","/wiki/Qualia","#cite_note-43","/wiki/Neurobiologist","/wiki/Neural_correlates_of_consciousness","/wiki/Artificial_intelligence","#cite_note-44","/wiki/Neural_correlates_of_consciousness","/wiki/Consciousness","/w/index.php?title=Philosophy_of_artificial_intelligence&action=edit&section=13","/w/index.php?title=Philosophy_of_artificial_intelligence&veaction=edit&section=13","/w/index.php?title=Philosophy_of_artificial_intelligence&action=edit&section=14","/w/index.php?title=Philosophy_of_artificial_intelligence&veaction=edit&section=14","/wiki/Chinese_room","/wiki/Thought_experiment","/wiki/Understanding","/wiki/Consciousness","/wiki/Awareness","/wiki/Chinese_room","#cite_note-45","/wiki/Consciousness","#cite_note-46","/wiki/Brain","/wiki/Neuron","/wiki/Mind","#cite_note-47","/w/index.php?title=Philosophy_of_artificial_intelligence&action=edit&section=15","/w/index.php?title=Philosophy_of_artificial_intelligence&veaction=edit&section=15","/wiki/Gottfried_Leibniz","/wiki/Mill_(factory)","#cite_note-48","/wiki/Lawrence_Davis","/wiki/Ned_Block","#cite_note-49","/wiki/Blockhead_(computer_system)","/wiki/Chinese_room","/wiki/Code_refactoring","/w/index.php?title=Philosophy_of_artificial_intelligence&action=edit&section=16","/w/index.php?title=Philosophy_of_artificial_intelligence&veaction=edit&section=16","#cite_note-50","/wiki/Macintosh","/wiki/Virtual_machine","/wiki/Word_processor","#cite_note-51","#cite_note-52","#cite_note-53","#cite_note-54","#cite_note-55","/wiki/Problem_of_other_minds","/wiki/Daniel_Dennett","/w/index.php?title=Philosophy_of_artificial_intelligence&action=edit&section=17","/w/index.php?title=Philosophy_of_artificial_intelligence&veaction=edit&section=17","/wiki/Computational_theory_of_mind","/wiki/Cognitive_science","/wiki/Computational_theory_of_mind","/wiki/Computationalism","/wiki/Hobbes","/wiki/Gottfried_Wilhelm_Leibniz","/wiki/David_Hume","/wiki/Kant","#cite_note-56","/wiki/Hilary_Putnam","/wiki/Jerry_Fodor","#cite_note-57","/wiki/Hobbes","#cite_note-H-6","/wiki/Arithmetic","/wiki/Physical_symbol_system","/wiki/Computationalism","/wiki/Stevan_Harnad","#cite_note-HARNAD-58","/wiki/Chinese_room","/wiki/Stevan_Harnad","#cite_note-HARNAD-58","/w/index.php?title=Philosophy_of_artificial_intelligence&action=edit&section=18","/w/index.php?title=Philosophy_of_artificial_intelligence&veaction=edit&section=18","#cite_note-T5-59","#cite_note-T5-59","/w/index.php?title=Philosophy_of_artificial_intelligence&action=edit&section=19","/w/index.php?title=Philosophy_of_artificial_intelligence&veaction=edit&section=19","/wiki/Behaviorism","/wiki/Functionalism_(philosophy)","/wiki/Intelligent_agent","/wiki/Utility_(economics)","/wiki/Hans_Moravec","#cite_note-CQ266-60","/wiki/Human_computer_interaction","#cite_note-CQ266-60","/wiki/Daniel_Crevier","#cite_note-61","/wiki/Subjective","#cite_note-T4-39","/wiki/Wikipedia:Disputed_statement","/wiki/Talk:Philosophy_of_artificial_intelligence#Dubious","/wiki/Wikipedia:Citation_needed","/wiki/Wikipedia:Citation_needed","/wiki/Wikipedia:Citation_needed","/w/index.php?title=Philosophy_of_artificial_intelligence&action=edit&section=20","/w/index.php?title=Philosophy_of_artificial_intelligence&veaction=edit&section=20","/wiki/Science_fiction","/wiki/Essentialism","/wiki/Alan_Turing","/wiki/Debugger","#cite_note-T5-59","/w/index.php?title=Philosophy_of_artificial_intelligence&action=edit&section=21","/w/index.php?title=Philosophy_of_artificial_intelligence&veaction=edit&section=21","#cite_note-62","#cite_note-63","/wiki/Douglas_Lenat","/wiki/Automated_Mathematician","#cite_note-64","/wiki/Cornell","/wiki/Eureqa","/w/index.php?title=Philosophy_of_artificial_intelligence&action=edit&section=22","/w/index.php?title=Philosophy_of_artificial_intelligence&veaction=edit&section=22","/wiki/Ethics_of_artificial_intelligence","/wiki/Functionalism_(philosophy)","/wiki/Behaviorism","/wiki/Intent","/wiki/Intention","#cite_note-T4-39","/wiki/Singularity_Institute","/wiki/Science_fiction","/wiki/Vernor_Vinge","/wiki/Technological_singularity","#cite_note-nytimes_july09-65","#cite_note-66","/wiki/Singularitarianism","#cite_note-nytimes_july09-65","#cite_note-67","#cite_note-68","#cite_note-69","/wiki/Association_for_the_Advancement_of_Artificial_Intelligence","#cite_note-70","/wiki/Language_Acquisition_Device_(computer)","/wiki/Friendly_AI","#cite_note-71","/w/index.php?title=Philosophy_of_artificial_intelligence&action=edit&section=23","/w/index.php?title=Philosophy_of_artificial_intelligence&veaction=edit&section=23","#cite_note-72","/w/index.php?title=Philosophy_of_artificial_intelligence&action=edit&section=24","/w/index.php?title=Philosophy_of_artificial_intelligence&veaction=edit&section=24","/wiki/File:Socrates.png","//upload.wikimedia.org/wikipedia/commons/thumb/c/cd/Socrates.png/18px-Socrates.png","/wiki/Portal:Philosophy","/wiki/File:Psi2.svg","//upload.wikimedia.org/wikipedia/commons/thumb/6/6c/Psi2.svg/28px-Psi2.svg.png","/wiki/Portal:Psychology","/wiki/File:EndlessKnot03d.png","//upload.wikimedia.org/wikipedia/commons/thumb/1/14/EndlessKnot03d.png/23px-EndlessKnot03d.png","/wiki/Portal:Spirituality","/wiki/File:Conscience_and_law.jpg","//upload.wikimedia.org/wikipedia/commons/thumb/d/d6/Conscience_and_law.jpg/32px-Conscience_and_law.jpg","/wiki/Portal:Ethics","/wiki/File:Nuvola_apps_kalzium.svg","//upload.wikimedia.org/wikipedia/commons/thumb/8/8b/Nuvola_apps_kalzium.svg/28px-Nuvola_apps_kalzium.svg.png","/wiki/Portal:Science","/wiki/File:Animation2.gif","//upload.wikimedia.org/wikipedia/commons/thumb/c/c0/Animation2.gif/17px-Animation2.gif","/wiki/Portal:Artificial_intelligence","/wiki/File:Phrenology1.jpg","//upload.wikimedia.org/wikipedia/commons/thumb/f/fa/Phrenology1.jpg/24px-Phrenology1.jpg","/wiki/Portal:Mind_and_Brain","/wiki/Artificial_brain","/wiki/Artificial_intelligence","/wiki/Chatterbot","/wiki/Chinese_room","/wiki/Computational_theory_of_mind","/wiki/Computing_Machinery_and_Intelligence","/wiki/Brain#Other_matters","/wiki/Dreyfus%27_critique_of_artificial_intelligence","/wiki/Functionalism_(philosophy_of_mind)","/wiki/Philosophy_of_computer_science","/wiki/Philosophy_of_information","/wiki/Philosophy_of_mind","/wiki/Physical_symbol_system","/wiki/Simulated_reality","/wiki/Synthetic_intelligence","/wiki/Turing_Test","/w/index.php?title=Philosophy_of_artificial_intelligence&action=edit&section=25","/w/index.php?title=Philosophy_of_artificial_intelligence&veaction=edit&section=25","#cite_ref-1","#CITEREFRussellNorvig2003","/wiki/Ethics_of_artificial_intelligence","#CITEREFFearn2007","#cite_ref-T_2-0","#cite_ref-T_2-1","/wiki/Turing_Test","#CITEREFTuring1950","#CITEREFHaugeland1985","#CITEREFCrevier1993","#CITEREFRussellNorvig2003","#cite_ref-MMRS_3-0","#cite_ref-MMRS_3-1","#CITEREFMcCarthyMinskyRochesterShannon1955","/wiki/Dartmouth_Conferences","#CITEREFCrevier1993","#cite_ref-NS_4-0","#cite_ref-NS_4-1","#CITEREFNewellSimon1976","#CITEREFRussellNorvig2003","#cite_ref-SWAI_5-0","#cite_ref-SWAI_5-1","#cite_ref-SWAI_5-2","#cite_ref-SWAI_5-3","#CITEREFSearle1999","#CITEREFDennett1991","#CITEREFSearle1980","#CITEREFRussellNorvig2003","#cite_ref-H_6-0","#cite_ref-H_6-1","#CITEREFHobbes1651","#cite_ref-7","#CITEREFRussellNorvig2003","#cite_ref-FOOTNOTESaygin2000_8-0","#CITEREFSaygin2000","#cite_ref-9","#CITEREFTuring1950","#CITEREFRussellNorvig2003","#cite_ref-10","#CITEREFTuring1950","#cite_ref-11","#CITEREFRussellNorvig2003","#cite_ref-12","#CITEREFRussellNorvig2003","#cite_ref-13","/wiki/Rational_agent","#cite_ref-14","#CITEREFRussellNorvig2003","/wiki/Intelligent_agent","/wiki/Intelligent_agent#Classes_of_intelligent_agents","#CITEREFChalmers1996","#cite_ref-Dreyfus_1972_p.3D106_15-0","#CITEREFDreyfus1972","#cite_ref-16","#CITEREFPittsMcCullough1943","#cite_ref-17","#CITEREFMoravec1988","#cite_ref-18","#CITEREFKurzweil2005","#CITEREFRussellNorvig","#CITEREFCrevier1993","/wiki/Clark_Glymour","/wiki/Zenon_Pylyshyn","#cite_ref-19","http://vesicle.nsi.edu/users/izhikevich/human_brain_simulation/Blue_Brain.htm","#cite_ref-20","http://vesicle.nsi.edu/users/izhikevich/publications/large-scale_model_of_human_brain.pdf","#cite_ref-21","#CITEREFDreyfus1972","/wiki/John_Searle","#CITEREFSearle1980","#cite_ref-22","#CITEREFSearle1980","#cite_ref-23","#CITEREFSearle1980","#cite_ref-24","#CITEREFDreyfus1979","#cite_ref-25","#CITEREFHaugeland1985","#cite_ref-L_26-0","#CITEREFLucas1961","#CITEREFRussellNorvig2003","#CITEREFHofstadter1979","#CITEREFTuring1950","#cite_ref-27","#CITEREFLucas1961","#cite_ref-28","#CITEREFPenrose1989","#cite_ref-29","#CITEREFHofstadter1979","#cite_ref-30","#CITEREFHofstadter1979","/w/index.php?title=C._H._Whiteley&action=edit&redlink=1","#cite_ref-31","#CITEREFHofstadter1979","#CITEREFRussellNorvig2003","#CITEREFTuring1950","#cite_ref-32","#CITEREFRussellNorvig2003","/wiki/Propositional_logic","/wiki/Decidability_(logic)","#cite_ref-D_33-0","#CITEREFDreyfus1972","#CITEREFDreyfus1979","#CITEREFDreyfusDreyfus1986","#CITEREFRussellNorvig2003","#CITEREFCrevier1993120-132","#CITEREFHearn2007","#cite_ref-34","#CITEREFRussellNorvig2003","#cite_ref-35","#CITEREFTuring1950","#cite_ref-36","#CITEREFRussellNorvig2003","#cite_ref-37","#CITEREFBrooks1990","#CITEREFMoravec1988","#cite_ref-Crevier_1993_p.3D125_38-0","#CITEREFCrevier1993","#cite_ref-T4_39-0","#cite_ref-T4_39-1","#cite_ref-T4_39-2","#CITEREFTuring1950","#CITEREFRussellNorvig","#cite_ref-40","#CITEREFRussellNorvig2003","#cite_ref-41","http://www.abc.net.au/rn/philosopherszone/stories/2006/1639491.htm","#CITEREFDennett1991","#cite_ref-42","#CITEREFBlackmore2005","#cite_ref-43","#CITEREFRussellNorvig2003","#cite_ref-44","#CITEREFSearle1980","#cite_ref-45","#CITEREFSearle1980","#CITEREFCole2004","#CITEREFRussellNorvig2003","#CITEREFCrevier1993","#CITEREFHearn2007","#cite_ref-46","#CITEREFSearle1980","#cite_ref-47","#CITEREFSearle1984","#cite_ref-48","#CITEREFCole2004","#CITEREFLeibniz1714","#cite_ref-49","#CITEREFCole2004","#cite_ref-50","#CITEREFSearle1980","#CITEREFCrevier1993","#CITEREFRussellNorvig2003","#CITEREFCole2004","/wiki/Jack_Copeland","/wiki/Daniel_Dennett","/wiki/Jerry_Fodor","/wiki/John_Haugeland","/wiki/Ray_Kurzweil","/wiki/Georges_Rey","/wiki/Marvin_Minsky","/wiki/Alan_Perlis","/wiki/David_Chalmers","#CITEREFCole2004","#cite_ref-51","#CITEREFCole2004","/wiki/Ned_Block","/wiki/Tim_Maudlin","/wiki/David_Chalmers","/wiki/Steven_Pinker","/wiki/Patricia_Churchland","#cite_ref-52","#CITEREFSearle1980","#CITEREFCole2004","/wiki/Margaret_Boden","/wiki/Tim_Crane","/wiki/Stevan_Harnad","/wiki/Georges_Rey","#cite_ref-53","#CITEREFCrevier1993","#cite_ref-54","#CITEREFSearle1980","#CITEREFCole2004","/wiki/Paul_Churchland","/wiki/Patricia_Churchland","/wiki/Ray_Kurzweil","#cite_ref-55","#CITEREFSearle1980","#CITEREFCole2004","#CITEREFTuring1950","#cite_ref-56","#CITEREFDreyfus1979","#CITEREFHaugeland","#cite_ref-57","#CITEREFHorst2005","#cite_ref-HARNAD_58-0","#cite_ref-HARNAD_58-1","#CITEREFHarnad2001","#cite_ref-T5_59-0","#cite_ref-T5_59-1","#cite_ref-T5_59-2","#CITEREFTuring1950","#cite_ref-CQ266_60-0","#cite_ref-CQ266_60-1","#CITEREFCrevier1993","#cite_ref-61","#CITEREFCrevier1993","#cite_ref-62","#CITEREFTuring1950","#cite_ref-63","#CITEREFTuring1950","#cite_ref-64","http://news.cnet.com/8301-17938_105-10211175-1.html?tag=newsLatestHeadlinesArea.0","#cite_ref-nytimes_july09_65-0","#cite_ref-nytimes_july09_65-1","http://www.nytimes.com/2009/07/26/science/26robot.html?_r=1&ref=todayspaper","#cite_ref-66","http://web.archive.org/web/20070101133646/http://www-rohan.sdsu.edu/faculty/vinge/misc/singularity.html","#cite_ref-67","http://news.bbc.co.uk/2/hi/technology/8182003.stm","#cite_ref-68","http://www.dailytech.com/New%20Navyfunded%20Report%20Warns%20of%20War%20Robots%20Going%20Terminator/article14298.htm","#cite_ref-69","http://www.engadget.com/2009/02/18/navy-report-warns-of-robot-uprising-suggests-a-strong-moral-com/","#cite_ref-70","http://research.microsoft.com/en-us/um/people/horvitz/AAAI_Presidential_Panel_2008-2009.htm","#cite_ref-71","http://www.asimovlaws.com/articles/archives/2004/07/why_we_need_fri_1.html","#cite_ref-72","#CITEREFTuring1950","/w/index.php?title=Philosophy_of_artificial_intelligence&action=edit&section=26","/w/index.php?title=Philosophy_of_artificial_intelligence&veaction=edit&section=26","/wiki/Susan_Blackmore","/wiki/Rodney_Brooks","http://people.csail.mit.edu/brooks/papers/elephants.pdf","/wiki/Digital_object_identifier","http://dx.doi.org/10.1016%2FS0921-8890%2805%2980025-9","/wiki/David_Chalmers","/wiki/International_Standard_Book_Number","/wiki/Special:BookSources/0-19-511789-1_(Pbk.)","http://plato.stanford.edu/archives/fall2004/entries/chinese-room/","/wiki/Daniel_Crevier","/wiki/Special:BookSources/0465029973","/wiki/Daniel_Dennett","/wiki/Consciousness_Explained","/wiki/International_Standard_Book_Number","/wiki/Special:BookSources/0-7139-9037-6","/wiki/Hubert_Dreyfus","/wiki/What_Computers_Can%27t_Do","/wiki/International_Standard_Book_Number","/wiki/Special:BookSources/0-06-011082-1","/wiki/Hubert_Dreyfus","/wiki/Hubert_Dreyfus","/wiki/Malcolm_Gladwell","/wiki/Blink_(book)","/wiki/International_Standard_Book_Number","/wiki/Special:BookSources/0-316-17232-4","/wiki/Stevan_Harnad","http://cogprints.org/4023/1/searlbook.htm","/wiki/Hobbes","/wiki/Leviathan","/wiki/Douglas_Hofstadter","/wiki/G%C3%B6del,_Escher,_Bach","http://plato.stanford.edu/archives/fall2005/entries/computational-mind/","/wiki/Ray_Kurzweil","/wiki/The_Singularity_is_Near","/wiki/International_Standard_Book_Number","/wiki/Special:BookSources/0-670-03384-7","/wiki/John_Lucas_(philosopher)","http://users.ox.ac.uk/~jrlucas/Godel/mmg.html","/wiki/John_McCarthy_(computer_scientist)","/wiki/Marvin_Minsky","/wiki/Nathan_Rochester","/wiki/Claude_Shannon","http://www-formal.stanford.edu/jmc/history/dartmouth/dartmouth.html","http://www.psych.utoronto.ca/~reingold/courses/ai/cache/mcdermott.html","/wiki/Hans_Moravec","/wiki/Allen_Newell","/wiki/Herbert_A._Simon","/wiki/Help:CS1_errors#parameter_ignored","/wiki/Allen_Newell","/wiki/Herbert_A._Simon","http://www.rci.rutgers.edu/~cfs/472_html/AI_SEARCH/PSS/PSSH4.html","/wiki/Stuart_J._Russell","/wiki/Peter_Norvig","http://aima.cs.berkeley.edu/","/wiki/International_Standard_Book_Number","/wiki/Special:BookSources/0-13-790395-2","/wiki/Roger_Penrose","/wiki/The_Emperor%27s_New_Mind","/wiki/International_Standard_Book_Number","/wiki/Special:BookSources/0-14-014534-6","/wiki/John_Searle","http://members.aol.com/NeoNoetics/MindsBrainsPrograms.html","/wiki/Digital_object_identifier","http://dx.doi.org/10.1017%2FS0140525X00005756","/wiki/John_Searle","/wiki/John_Searle","/wiki/International_Standard_Book_Number","/wiki/Special:BookSources/0-465-04521-9","/wiki/OCLC","//www.worldcat.org/oclc/231867665+43689264","/wiki/Alan_Turing","http://loebner.net/Prizef/TuringArticle.html","/wiki/Mind_(journal)","/wiki/Digital_object_identifier","http://dx.doi.org/10.1093%2Fmind%2FLIX.236.433","/wiki/International_Standard_Serial_Number","//www.worldcat.org/issn/0026-4423","/wiki/Template:Philosophy_of_mind","/wiki/Template_talk:Philosophy_of_mind","//en.wikipedia.org/w/index.php?title=Template:Philosophy_of_mind&action=edit","/wiki/Philosophy_of_mind","/wiki/Category:Philosophers_of_mind","/wiki/G._E._M._Anscombe","/wiki/J._L._Austin","/wiki/Thomas_Aquinas","/wiki/Alexander_Bain","/wiki/Henri_Bergson","/wiki/Krishna_Chandra_Bhattacharya","/wiki/Ned_Block","/wiki/C._D._Broad","/wiki/David_Chalmers","/wiki/Patricia_Churchland","/wiki/Daniel_Dennett","/wiki/Dharmakirti","/wiki/Donald_Davidson_(philosopher)","/wiki/Ren%C3%A9_Descartes","/wiki/Alvin_Goldman","/wiki/Martin_Heidegger","/wiki/Edmund_Husserl","/wiki/Jerry_Fodor","/wiki/William_James","/wiki/S%C3%B8ren_Kierkegaard","/wiki/Gottfried_Wilhelm_Leibniz","/wiki/Maurice_Merleau-Ponty","/wiki/Marvin_Minsky","/wiki/G._E._Moore","/wiki/Thomas_Nagel","/wiki/Hilary_Putnam","/wiki/Karl_Popper","/wiki/Richard_Rorty","/wiki/Gilbert_Ryle","/wiki/John_Searle","/wiki/Baruch_Spinoza","/wiki/Alan_Turing","/wiki/Vasubandhu","/wiki/Ludwig_Wittgenstein","/wiki/Zhuangzi","/wiki/List_of_philosophers_of_mind","/wiki/Behaviorism","/wiki/Biological_naturalism","/wiki/Dualism_(philosophy_of_mind)","/wiki/Eliminative_materialism","/wiki/Emergent_materialism","/wiki/Epiphenomenalism","/wiki/Functionalism_(philosophy_of_mind)","/wiki/Type_physicalism","/wiki/Interactionism_(philosophy_of_mind)","/wiki/Materialism","/wiki/Mind%E2%80%93body_problem","/wiki/Monism","/wiki/Na%C3%AFve_realism","/wiki/Neutral_monism","/wiki/Phenomenalism","/wiki/Phenomenology_(philosophy)","/wiki/Existential_phenomenology","/wiki/Neurophenomenology","/wiki/Physicalism","/wiki/Pragmatism","/wiki/Property_dualism","/wiki/Representational_theory_of_mind","/wiki/Solipsism","/wiki/Substance_dualism","/wiki/Abstract_object","/wiki/Artificial_intelligence","/wiki/Chinese_room","/wiki/Cognition","/wiki/Concept","/wiki/Concept_and_object","/wiki/Consciousness","/wiki/Idea","/wiki/Identity_(philosophy)","/wiki/Ingenuity","/wiki/Intelligence","/wiki/Intentionality","/wiki/Introspection","/wiki/Intuition_(knowledge)","/wiki/Language_of_thought_hypothesis","/wiki/Materialism","/wiki/Mental_event","/wiki/Mental_image","/wiki/Mental_process","/wiki/Mental_property","/wiki/Mental_representation","/wiki/Mind","/wiki/Mind%E2%80%93body_problem","/wiki/Pain_(philosophy)","/wiki/Problem_of_other_minds","/wiki/Propositional_attitude","/wiki/Qualia","/wiki/Tabula_rasa","/wiki/Understanding","/wiki/Philosophical_zombie","/wiki/Index_of_philosophy_of_mind_articles","/wiki/Metaphysics","/wiki/Philosophy_of_information","/wiki/Philosophy_of_perception","/wiki/Philosophy_of_self","/wiki/Portal:Mind_and_brain","/wiki/Category:Philosophy_of_mind","/wiki/Wikipedia:WikiProject_Philosophy/Mind","/wiki/Wikipedia_talk:WikiProject_Philosophy","/wiki/Template:Philosophy_of_science","/wiki/Template_talk:Philosophy_of_science","//en.wikipedia.org/w/index.php?title=Template:Philosophy_of_science&action=edit","/wiki/Philosophy_of_science","/wiki/Philosophy_of_biology","/wiki/Philosophy_of_chemistry","/wiki/Philosophy_of_physics","/wiki/Philosophy_of_mind","/wiki/Philosophy_of_information","/wiki/Philosophy_of_perception","/wiki/Philosophy_of_space_and_time","/wiki/Philosophy_of_thermal_and_statistical_physics","/wiki/Philosophy_of_social_science","/wiki/Philosophy_of_environment","/wiki/Philosophy_of_psychology","/wiki/Philosophy_of_technology","/wiki/Philosophy_of_computer_science","/wiki/Category:Philosophers_of_science","/wiki/Adolf_Gr%C3%BCnbaum","/wiki/Albert_Einstein","/wiki/Alfred_North_Whitehead","/wiki/Aristotle","/wiki/Auguste_Comte","/wiki/Averroes","/wiki/Bas_van_Fraassen","/wiki/Berlin_Circle","/wiki/Bertrand_Russell","/wiki/Carl_Gustav_Hempel","/wiki/C._D._Broad","/wiki/Charles_Sanders_Peirce","/wiki/Dominicus_Gundissalinus","/wiki/Daniel_Dennett","/wiki/Epicureanism","/wiki/Francis_Bacon","/wiki/Friedrich_Wilhelm_Joseph_Schelling","/wiki/Galileo_Galilei","/wiki/Henri_Poincar%C3%A9","/wiki/Herbert_Spencer","/wiki/Hugh_of_Saint_Victor","/wiki/Ian_Hacking","/wiki/Immanuel_Kant","/wiki/Imre_Lakatos","/wiki/Isaac_Newton","/wiki/John_Dewey","/wiki/John_Stuart_Mill","/wiki/J%C3%BCrgen_Habermas","/wiki/Karl_Pearson","/wiki/Karl_Popper","/wiki/Karl_Jaspers","/wiki/Larry_Laudan","/wiki/Mario_Bunge","/wiki/Michael_Polanyi","/wiki/Otto_Neurath","/wiki/Paul_H%C3%A4berlin","/wiki/Paul_Feyerabend","/wiki/Pierre_Duhem","/wiki/Pierre_Gassendi","/wiki/Plato","/wiki/R._B._Braithwaite","/wiki/Ren%C3%A9_Descartes","/wiki/Robert_Kilwardby","/wiki/Roger_Bacon","/wiki/Rudolf_Carnap","/wiki/Stephen_Toulmin","/wiki/Stoicism","/wiki/Thomas_Hobbes","/wiki/Thomas_Kuhn","/wiki/Vienna_Circle","/wiki/Willard_Van_Orman_Quine","/wiki/Wilhelm_Windelband","/wiki/Wilhelm_Wundt","/wiki/William_of_Ockham","/wiki/William_Whewell","/wiki/List_of_philosophers_of_science","/wiki/Philosophical_analysis","/wiki/Analytic%E2%80%93synthetic_distinction","/wiki/A_priori_and_a_posteriori","/wiki/Artificial_intelligence","/wiki/Causality","/wiki/Commensurability_(philosophy_of_science)","/wiki/Construct_(philosophy_of_science)","/wiki/Demarcation_problem","/wiki/Empirical_evidence","/wiki/Explanatory_power","/wiki/Explanandum","/wiki/Fact","/wiki/Falsifiability","/wiki/Feminist_method","/wiki/Ignoramus_et_ignorabimus","/wiki/Inductive_reasoning","/wiki/Ingenuity","/wiki/Inquiry","/wiki/Intertheoretic_reduction","/wiki/Models_of_scientific_inquiry","/wiki/Nature_(philosophy)","/wiki/Objectivity_(philosophy)","/wiki/Observation","/wiki/Paradigm","/wiki/Problem_of_induction","/wiki/Scientific_law","/wiki/Scientific_method","/wiki/Scientific_revolution","/wiki/Scientific_theory","/wiki/Testability","/wiki/Theory_choice","/wiki/Theory%E2%80%90ladenness","/wiki/Underdetermination","/wiki/Category:Metatheory_of_science","/wiki/Confirmation_holism","/wiki/Coherentism","/wiki/Constructive_empiricism","/wiki/Constructive_realism","/wiki/Constructivist_epistemology","/wiki/Contextualism","/wiki/Conventionalism","/wiki/Deductive-nomological_model","/wiki/Determinism","/wiki/Empiricism","/wiki/Fallibilism","/wiki/Foundationalism","/wiki/Hypothetico-deductive_model","/wiki/Inductionism","/wiki/Infinitism","/wiki/Instrumentalism","/wiki/Model-dependent_realism","/wiki/Naturalism_(philosophy)","/wiki/Physicalism","/wiki/Positivism","/wiki/Pragmatism","/wiki/Rationalism","/wiki/Received_view_of_theories","/wiki/Reductionism","/wiki/Anti-realism","/wiki/Scientific_essentialism","/wiki/Scientific_formalism","/wiki/Scientific_realism","/wiki/Scientific_skepticism","/wiki/Scientism","/wiki/Semantic_view_of_theories","/wiki/Structuralism_(philosophy_of_science)","/wiki/Uniformitarianism","/wiki/Vitalism","/wiki/Metaphysics","/wiki/Epistemology","/wiki/History_and_philosophy_of_science","/wiki/History_of_science","/wiki/History_of_evolutionary_thought","/wiki/Pseudoscience","/wiki/Relationship_between_religion_and_science","/wiki/Rhetoric_of_science","/wiki/Sociology_of_scientific_knowledge","/wiki/Criticism_of_science","/wiki/Alchemy","/wiki/Index_of_philosophy_of_science_articles","/wiki/Portal:Philosophy_of_science","/wiki/Category:Philosophy_of_science","/wiki/Wikipedia:WikiProject_Philosophy/Science","/wiki/Wikipedia_talk:WikiProject_Philosophy","//en.wikipedia.org/w/index.php?title=Special:Recentchangeslinked&target=Template:Philosophy_of_science&hidebots=0","/wiki/Template:Psychology","/wiki/Template_talk:Psychology","//en.wikipedia.org/w/index.php?title=Template:Psychology&action=edit","/wiki/Psychology","/wiki/History_of_psychology","/wiki/Portal:Psychology","/wiki/Psychologist","/wiki/Basic_science_(psychology)","/wiki/Abnormal_psychology","/wiki/Affective_science","/wiki/Affective_neuroscience","/wiki/Behaviorism","/wiki/Behavioral_neuroscience","/wiki/Cognitive_psychology","/wiki/Cognitive_neuroscience","/wiki/Comparative_psychology","/wiki/Cultural_psychology","/wiki/Developmental_psychology","/wiki/Differential_psychology","/wiki/Evolutionary_psychology","/wiki/Experimental_psychology","/wiki/Intelligence","/wiki/Mathematical_psychology","/wiki/Neuropsychology","/wiki/Personality_psychology","/wiki/Psycholinguistics","/wiki/Psychophysics","/wiki/Psychophysiology","/wiki/Social_psychology","/wiki/Theoretical_psychology","/wiki/Applied_psychology","/wiki/Anomalistic_psychology","/wiki/Applied_behavior_analysis","/wiki/Psychological_testing","/wiki/Clinical_psychology","/wiki/Community_psychology","/wiki/Consumer_behaviour","/wiki/Counseling_psychology","/wiki/Educational_psychology","/wiki/Feminist_psychology","/wiki/Forensic_psychology","/wiki/Health_psychology","/wiki/Industrial_and_organizational_psychology","/wiki/Legal_psychology","/wiki/Media_psychology","/wiki/Military_psychology","/wiki/Occupational_health_psychology","/wiki/Pastoral_psychology","/wiki/Political_psychology","/wiki/Psychometrics","/wiki/School_psychology","/wiki/Sport_psychology","/wiki/Suicidology","/wiki/Systems_psychology","/wiki/Traffic_psychology","/wiki/List_of_psychological_research_methods","/wiki/Animal_testing","/wiki/Archival_research","/wiki/Behavioural_genetics","/wiki/Behavioral_epigenetics","/wiki/Case_study","/wiki/Content_analysis","/wiki/Experimental_psychology","/wiki/Human_subject_research","/wiki/Interview","/wiki/Neuroimaging","/wiki/Observation","/wiki/Qualitative_psychological_research","/wiki/Quantitative_psychological_research","/wiki/Self-report_inventory","/wiki/Statistical_survey","/wiki/Adlerian_psychology","/wiki/Analytical_psychology","/wiki/Behaviorism","/wiki/Cognitive_behavioral_therapy","/wiki/Cognitivism_(psychology)","/wiki/Descriptive_psychology","/wiki/Ecological_systems_theory","/wiki/Existential_therapy","/wiki/Family_therapy","/wiki/Feminist_therapy","/wiki/Gestalt_psychology","/wiki/Humanistic_psychology","/wiki/Logotherapy","/wiki/Narrative_therapy","/wiki/Philosophy_of_psychology","/wiki/Psychoanalysis","/wiki/Psychoanalytic_theory","/wiki/Psychodynamic_psychotherapy","/wiki/Rational_emotive_behavior_therapy","/wiki/Transpersonal_psychology","/wiki/List_of_psychologists","/wiki/Alfred_Adler","/wiki/Gordon_Allport","/wiki/Albert_Bandura","/wiki/Aaron_T._Beck","/wiki/Hubert_Benoit_(psychotherapist)","/wiki/John_Bowlby","/wiki/Raymond_Cattell","/wiki/Kenneth_and_Mamie_Clark","/wiki/Albert_Ellis","/wiki/Erik_Erikson","/wiki/Hans_Eysenck","/wiki/Leon_Festinger","/wiki/Viktor_Frankl","/wiki/Sigmund_Freud","/wiki/Harry_Harlow","/wiki/Donald_O._Hebb","/wiki/Clark_L._Hull","/wiki/William_James","/wiki/Carl_Jung","/wiki/Jerome_Kagan","/wiki/Kurt_Lewin","/wiki/Ole_Ivar_Lovaas","/wiki/Abraham_Maslow","/wiki/David_McClelland","/wiki/George_Armitage_Miller","/wiki/Neal_E._Miller","/wiki/Walter_Mischel","/wiki/Ivan_Pavlov","/wiki/Jean_Piaget","/wiki/Carl_Rogers","/wiki/Stanley_Schachter","/wiki/B._F._Skinner","/wiki/Edward_Thorndike","/wiki/John_B._Watson","/wiki/Wilhelm_Wundt","/wiki/Category:Psychology_lists","/wiki/List_of_counseling_topics","/wiki/List_of_psychology_disciplines","/wiki/List_of_important_publications_in_psychology","/wiki/List_of_psychology_organizations","/wiki/Outline_of_psychology","/wiki/List_of_psychologists","/wiki/List_of_psychotherapies","/wiki/List_of_psychological_research_methods","/wiki/List_of_psychological_schools","/wiki/Timeline_of_psychology","/wiki/Index_of_psychology_articles","//en.wiktionary.org/wiki/psychology","//en.wiktionary.org/wiki/Category:en:Psychology","//en.wikisource.org/wiki/Category:Psychology","//commons.wikimedia.org/wiki/category:Psychology","//en.wikiquote.org/wiki/Psychology","//en.wikinews.org/wiki/Special:Search/Psychology","//en.wikibooks.org/wiki/Psychology","/wiki/Template:Philosophy_topics","/wiki/Template_talk:Philosophy_topics","//en.wikipedia.org/w/index.php?title=Template:Philosophy_topics&action=edit","/wiki/Philosophy","/wiki/List_of_academic_disciplines#Philosophy","/wiki/Metaphysics","/wiki/Epistemology","/wiki/Logic","/wiki/Ethics","/wiki/Aesthetics","/wiki/Action_theory_(philosophy)","/wiki/Aesthetics","/wiki/Ontology","/wiki/Philosophy_of_biology","/wiki/Philosophy_of_business","/wiki/Philosophy_of_chemistry","/wiki/Philosophy_of_computer_science","/wiki/Philosophy_of_culture","/wiki/Philosophy_of_design","/wiki/Philosophy_of_dialogue","/wiki/Philosophy_of_education","/wiki/Philosophy_and_economics","/wiki/Philosophy_of_engineering","/wiki/Environmental_philosophy","/wiki/Philosophy_of_film","/wiki/Philosophy_of_futility","/wiki/Philosophy_of_geography","/wiki/Philosophy_of_information","/wiki/Philosophy_of_healthcare","/wiki/Hermeneutics","/wiki/Philosophy_of_history","/wiki/Philosophical_anthropology","/wiki/Theories_of_humor","/wiki/Justice","/wiki/Philosophy_of_language","/wiki/Jurisprudence","/wiki/Philosophy_and_literature","/wiki/Philosophy_of_mathematics","/wiki/Philosophy_of_mind","/wiki/Philosophy_of_music","/wiki/Pain_(philosophy)","/wiki/Metaphilosophy","/wiki/Philosophy_of_physics","/wiki/Political_philosophy","/wiki/Philosophy_of_psychology","/wiki/Philosophy_of_religion","/wiki/Philosophy_of_science","/wiki/Philosophy_of_sex","/wiki/Philosophy_of_social_science","/wiki/Social_philosophy","/wiki/Philosophy_of_space_and_time","/wiki/Philosophy_of_technology","/wiki/Philosophy_of_war","/wiki/List_of_philosophies","/wiki/History_of_philosophy","/wiki/Ancient_philosophy","/wiki/Western_philosophy","/wiki/Medieval_philosophy","/wiki/Renaissance_philosophy","/wiki/Modern_philosophy","/wiki/Contemporary_philosophy","/wiki/Ancient_philosophy","/wiki/Chinese_philosophy","/wiki/Agriculturalism","/wiki/Confucianism","/wiki/Legalism_(Chinese_philosophy)","/wiki/School_of_Names","/wiki/Mohism","/wiki/School_of_Naturalists","/wiki/Xuanxue","/wiki/Taoism","/wiki/Yangism","/wiki/Zen","/wiki/Ancient_Greek_philosophy","/wiki/Hellenistic_philosophy","/wiki/Aristotelianism","/wiki/Cynicism_(philosophy)","/wiki/Epicureanism","/wiki/Neoplatonism","/wiki/Peripatetic_school","/wiki/Platonism","/wiki/Pre-Socratic_philosophy","/wiki/Pythagoreanism","/wiki/Sophism","/wiki/Stoicism","/wiki/Indian_philosophy","/wiki/Hindu_philosophy","/wiki/Samkhya","/wiki/Nyaya","/wiki/Vaisheshika","/wiki/Yoga","/wiki/Mimamsa","/wiki/Vedanta","/wiki/Achintya_Bheda_Abheda","/wiki/Advaita_Vedanta","/wiki/Bhedabheda","/wiki/Dvaita","/wiki/Dvaitadvaita","/wiki/Shuddhadvaita","/wiki/Vishishtadvaita","/wiki/Saiva","/wiki/Pratyabhijna","/wiki/Pasupata","/wiki/Shaiva_Siddhanta","/wiki/%C4%80stika_and_n%C4%81stika","/wiki/C%C4%81rv%C4%81ka","/wiki/%C4%80j%C4%ABvika","/wiki/Jain_philosophy","/wiki/Anekantavada","/wiki/Syadvada","/wiki/Buddhist_philosophy","/wiki/Shunyata","/wiki/Madhyamaka","/wiki/Yogacara","/wiki/Sautrantika","/wiki/Svatantrika","/wiki/Sikh_philosophy","/wiki/Persian_philosophy","/wiki/Mazdak#Mazdakism","/wiki/Zoroastrianism","/wiki/Zurvanism","/wiki/Christian_philosophy","/wiki/Scholasticism","/wiki/Renaissance_humanism","/wiki/Thomism","/wiki/Korean_Confucianism","/wiki/Neo-Confucianism_in_Japan","/wiki/Neo-Confucianism","/wiki/Navya-Ny%C4%81ya","/wiki/Vishishtadvaita","/wiki/Dvaita","/wiki/Islamic_philosophy","/wiki/Averroism","/wiki/Avicenna#Avicennian_philosophy","/wiki/Illuminationism#Persian_school_of_Illuminationism","/wiki/Kalam","/wiki/Sufi_philosophy","/wiki/Jewish_philosophy","/wiki/Judeo-Islamic_philosophies_(800%E2%80%931400)","/wiki/Modern_philosophy","/wiki/Absolute_idealism","/wiki/Anarchism","/wiki/Cartesianism","/wiki/Classical_liberalism","/wiki/Dialectical_materialism","/wiki/Empiricism","/wiki/Existentialism","/wiki/Hegelianism","/wiki/Idealism","/wiki/Immanuel_Kant","/wiki/Kokugaku","/wiki/Marxist_philosophy","/wiki/Modernism","/wiki/Neo-Kantianism","/wiki/Neo-Thomism","/wiki/New_Confucianism","/wiki/Phenomenology_(philosophy)","/wiki/Pragmatism","/wiki/Rationalism","/wiki/Transcendentalism","/wiki/Utilitarianism","/wiki/Contemporary_philosophy","/wiki/Analytic_philosophy","/wiki/Analytical_feminism","/wiki/Consequentialism","/wiki/Experimental_philosophy","/wiki/Internalism_and_externalism","/wiki/Falsifiability","/wiki/Foundationalism","/wiki/Coherentism","/wiki/Logical_positivism","/wiki/Legal_positivism","/wiki/Naturalized_epistemology","/wiki/Kantianism","/wiki/Ordinary_language_philosophy","/wiki/Quietism_(philosophy)","/wiki/John_Rawls","/wiki/Reformed_epistemology","/wiki/Postanalytic_philosophy","/wiki/Utilitarianism#Twentieth_century_developments","/wiki/Virtue_Ethics#Contemporary_.27Aretaic_turn.27","/wiki/Vienna_Circle","/wiki/Ludwig_Wittgenstein","/wiki/Continental_philosophy","/wiki/Critical_theory","/wiki/Deconstruction","/wiki/Existentialism","/wiki/Feminist_philosophy","/wiki/Frankfurt_School","/wiki/Postmodern_philosophy","/wiki/Post-structuralism","/wiki/Social_constructionism","/wiki/Structuralism","/wiki/Kyoto_School","/wiki/List_of_philosophies","/wiki/Aesthetics","/wiki/Formalism_(art)","/wiki/Institutional_theory_of_art","/wiki/Aesthetic_emotions","/wiki/Ethics","/wiki/Consequentialism","/wiki/Ethical_egoism","/wiki/Deontology","/wiki/Virtue_Ethics","/wiki/Free_will","/wiki/Compatibilism","/wiki/Determinism","/wiki/Libertarianism_(metaphysics)","/wiki/Metaphysics","/wiki/Atomism","/wiki/Dualism","/wiki/Monism","/wiki/Metaphysical_naturalism","/wiki/Epistemology","/wiki/Constructivist_epistemology","/wiki/Empiricism","/wiki/Epistemological_idealism","/wiki/Epistemological_particularism","/wiki/Rationalism","/wiki/Philosophical_skepticism#Epistemology_and_skepticism","/wiki/Solipsism","/wiki/Philosophy_of_Mind","/wiki/Behaviorism","/wiki/Eliminative_materialism","/wiki/Epiphenomenalism","/wiki/Functionalism_(philosophy_of_mind)","/wiki/Norm_(philosophy)","/wiki/Moral_absolutism","/wiki/Moral_particularism","/wiki/Relativism","/wiki/Moral_nihilism","/wiki/Moral_skepticism","/wiki/Moral_universalism","/wiki/Ontology","/wiki/Action_theory_(philosophy)","/wiki/Event_(philosophy)","/wiki/Process_philosophy","/wiki/Reality","/wiki/Anti-realism","/wiki/Conceptualism","/wiki/Idealism","/wiki/Materialism","/wiki/Naturalism_(philosophy)","/wiki/Nominalism","/wiki/Philosophical_realism","/wiki/Category:Philosophy_by_region","/wiki/Category:Philosophy_by_region","/wiki/African_philosophy","/wiki/Ethiopian_philosophy","/wiki/Aztec_philosophy","/wiki/Eastern_philosophy","/wiki/Chinese_philosophy","/wiki/Indian_philosophy","/wiki/Indonesian_philosophy","/wiki/Iranian_philosophy","/wiki/Japanese_philosophy","/wiki/Korean_philosophy","/wiki/Pakistani_philosophy","/wiki/Western_philosophy","/wiki/American_philosophy","/wiki/British_philosophy","/wiki/Danish_philosophy","/wiki/French_philosophy","/wiki/German_philosophy","/wiki/Ancient_Greek_philosophy","/wiki/Italian_philosophy","/wiki/Polish_philosophy","/wiki/Romanian_philosophy","/wiki/Russian_philosophy","/wiki/Slovene_philosophy","/wiki/Outline_of_philosophy","/wiki/Index_of_philosophy","/wiki/List_of_years_in_philosophy","/wiki/List_of_unsolved_problems_in_philosophy","/wiki/List_of_philosophies","/wiki/Glossary_of_philosophy","/wiki/List_of_philosophers","/wiki/Philosophical_movement","/wiki/List_of_important_publications_in_philosophy","/wiki/Portal:Philosophy","/wiki/Category:Philosophy","/wiki/Wikipedia:WikiProject_Philosophy","/wiki/Special:RecentChangesLinked/Template:Philosophy_topics","//en.wikipedia.org/w/index.php?title=Special:CentralAutoLogin/start&type=1x1&from=enwiki","http://en.wikipedia.org/w/index.php?title=Philosophy_of_artificial_intelligence&oldid=567847673","/wiki/Help:Category","/wiki/Category:Philosophy_of_artificial_intelligence","/wiki/Category:Philosophy_of_mind","/wiki/Category:Philosophy_of_science","/wiki/Category:Philosophy_by_field","/wiki/Category:Open_problems","/wiki/Category:All_accuracy_disputes","/wiki/Category:Articles_with_disputed_statements_from_July_2012","/wiki/Category:All_articles_with_unsourced_statements","/wiki/Category:Articles_with_unsourced_statements_from_April_2012","/wiki/Category:Pages_with_citations_using_unsupported_parameters","/w/index.php?title=Special:UserLogin&returnto=Philosophy+of+artificial+intelligence&type=signup","/w/index.php?title=Special:UserLogin&returnto=Philosophy+of+artificial+intelligence","/wiki/Philosophy_of_artificial_intelligence","/wiki/Talk:Philosophy_of_artificial_intelligence","#","/wiki/Philosophy_of_artificial_intelligence","/w/index.php?title=Philosophy_of_artificial_intelligence&action=edit","/w/index.php?title=Philosophy_of_artificial_intelligence&veaction=edit","/w/index.php?title=Philosophy_of_artificial_intelligence&action=history","#","/w/index.php","//bits.wikimedia.org/static-1.22wmf12/skins/vector/images/search-ltr.png?303-4","/wiki/Main_Page","/wiki/Main_Page","/wiki/Portal:Contents","/wiki/Portal:Featured_content","/wiki/Portal:Current_events","/wiki/Special:Random","https://donate.wikimedia.org/wiki/Special:FundraiserRedirector?utm_source=donate&utm_medium=sidebar&utm_campaign=C13_en.wikipedia.org&uselang=en","/wiki/Help:Contents","/wiki/Wikipedia:About","/wiki/Wikipedia:Community_portal","/wiki/Special:RecentChanges","//en.wikipedia.org/wiki/Wikipedia:Contact_us","/wiki/Special:WhatLinksHere/Philosophy_of_artificial_intelligence","/wiki/Special:RecentChangesLinked/Philosophy_of_artificial_intelligence","/wiki/Wikipedia:File_Upload_Wizard","/wiki/Special:SpecialPages","/w/index.php?title=Philosophy_of_artificial_intelligence&oldid=567847673","/w/index.php?title=Philosophy_of_artificial_intelligence&action=info","//www.wikidata.org/wiki/Q2464338","/w/index.php?title=Special:Cite&page=Philosophy_of_artificial_intelligence&id=567847673","/w/index.php?title=Special:Book&bookcmd=book_creator&referer=Philosophy+of+artificial+intelligence","/w/index.php?title=Special:Book&bookcmd=render_article&arttitle=Philosophy+of+artificial+intelligence&oldid=567847673&writer=rl","/w/index.php?title=Philosophy_of_artificial_intelligence&printable=yes","//ar.wikipedia.org/wiki/%D9%81%D9%84%D8%B3%D9%81%D8%A9_%D8%A7%D9%84%D8%B0%D9%83%D8%A7%D8%A1_%D8%A7%D9%84%D8%A7%D8%B5%D8%B7%D9%86%D8%A7%D8%B9%D9%8A","//ca.wikipedia.org/wiki/Filosofia_de_la_intel%C2%B7lig%C3%A8ncia_artificial","//fa.wikipedia.org/wiki/%D9%81%D9%84%D8%B3%D9%81%D9%87_%D9%87%D9%88%D8%B4_%D9%85%D8%B5%D9%86%D9%88%D8%B9%DB%8C","//id.wikipedia.org/wiki/Filsafat_kecerdasan_buatan","//pt.wikipedia.org/wiki/Filosofia_da_intelig%C3%AAncia_artificial","//ru.wikipedia.org/wiki/%D0%A4%D0%B8%D0%BB%D0%BE%D1%81%D0%BE%D1%84%D0%B8%D1%8F_%D0%B8%D1%81%D0%BA%D1%83%D1%81%D1%81%D1%82%D0%B2%D0%B5%D0%BD%D0%BD%D0%BE%D0%B3%D0%BE_%D0%B8%D0%BD%D1%82%D0%B5%D0%BB%D0%BB%D0%B5%D0%BA%D1%82%D0%B0","//uk.wikipedia.org/wiki/%D0%A4%D1%96%D0%BB%D0%BE%D1%81%D0%BE%D1%84%D1%96%D1%8F_%D1%88%D1%82%D1%83%D1%87%D0%BD%D0%BE%D0%B3%D0%BE_%D1%96%D0%BD%D1%82%D0%B5%D0%BB%D0%B5%D0%BA%D1%82%D1%83","//vi.wikipedia.org/wiki/Tri%E1%BA%BFt_h%E1%BB%8Dc_v%E1%BB%81_tr%C3%AD_tu%E1%BB%87_nh%C3%A2n_t%E1%BA%A1o","#","//www.wikidata.org/wiki/Q2464338#sitelinks-wikipedia","//en.wikipedia.org/wiki/Wikipedia:Text_of_Creative_Commons_Attribution-ShareAlike_3.0_Unported_License","//creativecommons.org/licenses/by-sa/3.0/","//wikimediafoundation.org/wiki/Terms_of_Use","//wikimediafoundation.org/wiki/Privacy_policy","//www.wikimediafoundation.org/","//wikimediafoundation.org/wiki/Privacy_policy","/wiki/Wikipedia:About","/wiki/Wikipedia:General_disclaimer","//en.wikipedia.org/wiki/Wikipedia:Contact_us","//en.m.wikipedia.org/wiki/Philosophy_of_artificial_intelligence","//wikimediafoundation.org/","//bits.wikimedia.org/images/wikimedia-button.png","//www.mediawiki.org/","//bits.wikimedia.org/static-1.22wmf12/skins/common/images/poweredby_mediawiki_88x31.png","//bits.wikimedia.org/en.wikipedia.org/load.php?debug=false&lang=en&modules=site&only=scripts&skin=vector&*"],"instances":["computer","philosopher","philosophy_of_mind","logic","computer_system","logic","factory","philosophy","economics"],"pdf":["http://vesicle.nsi.edu/users/izhikevich/publications/large-scale_model_of_human_brain.pdf","http://people.csail.mit.edu/brooks/papers/elephants.pdf"],"categories":["Philosophy of artificial intelligence|","Philosophy of mind","Philosophy of science","Philosophy by field|A","Open problems"],"headings":["Can a machine display general intelligence?","Can a machine have a mind, consciousness and mental states?","Is thinking a kind of computation?","Other related questions","See also","Notes","References"],"image":["//upload.wikimedia.org/wikipedia/commons/thumb/e/e4/Turing_Test_version_3.png/220px-Turing_Test_version_3.png","//bits.wikimedia.org/static-1.22wmf12/skins/common/images/magnify-clip.png","//upload.wikimedia.org/wikipedia/commons/thumb/3/3f/IntelligentAgent-SimpleReflex.png/220px-IntelligentAgent-SimpleReflex.png","//bits.wikimedia.org/static-1.22wmf12/skins/common/images/magnify-clip.png","//upload.wikimedia.org/wikipedia/commons/thumb/5/56/MRI.ogg/240px-seek%3D2-MRI.ogg.jpg","//bits.wikimedia.org/static-1.22wmf12/skins/common/images/magnify-clip.png","//upload.wikimedia.org/wikipedia/commons/thumb/c/cd/Socrates.png/18px-Socrates.png","//upload.wikimedia.org/wikipedia/commons/thumb/6/6c/Psi2.svg/28px-Psi2.svg.png","//upload.wikimedia.org/wikipedia/commons/thumb/1/14/EndlessKnot03d.png/23px-EndlessKnot03d.png","//upload.wikimedia.org/wikipedia/commons/thumb/d/d6/Conscience_and_law.jpg/32px-Conscience_and_law.jpg","//upload.wikimedia.org/wikipedia/commons/thumb/8/8b/Nuvola_apps_kalzium.svg/28px-Nuvola_apps_kalzium.svg.png","//upload.wikimedia.org/wikipedia/commons/thumb/c/c0/Animation2.gif/17px-Animation2.gif","//upload.wikimedia.org/wikipedia/commons/thumb/f/fa/Phrenology1.jpg/24px-Phrenology1.jpg","//en.wikipedia.org/w/index.php?title=Special:CentralAutoLogin/start&type=1x1&from=enwiki","//bits.wikimedia.org/static-1.22wmf12/skins/vector/images/search-ltr.png?303-4","//bits.wikimedia.org/images/wikimedia-button.png","//bits.wikimedia.org/static-1.22wmf12/skins/common/images/poweredby_mediawiki_88x31.png"],"tags":[["statement","logic"],["john_lucas","philosopher"],["john_lucas","philosopher"],["decidability","logic"],["phenomenology","philosophy"],["mill","factory"],["blockhead","computer_system"],["functionalism","philosophy"],["utility","economics"],["functionalism","philosophy"],["language_acquisition_device","computer"],["functionalism","philosophy_of_mind"]],"members":["language_acquisition_device","john_lucas","functionalism","decidability","blockhead","statement","mill","phenomenology","utility"],"related":["Ethics_of_artificial_intelligence","Human_brain","Philosophy_of_mind","Consciousness","Artificial_intelligence","Cognitive_science","Philosophy","Proposition","Turing_Test","Turing_Test","Dartmouth_Conferences","Dartmouth_Conferences","Allen_Newell","Herbert_A._Simon","Physical_symbol_system","John_Searle","Strong_AI_hypothesis","Thomas_Hobbes","Psychology","Philosophy","Dartmouth_Conferences","Alan_Turing","Chat_room","Turing_test","Anthropomorphic","Stuart_J._Russell","Peter_Norvig","Intelligent_agent","Rational_agent","Intelligent_agent","Hubert_Dreyfus","Hans_Moravec","Ray_Kurzweil","Clark_Glymour","Zenon_Pylyshyn","Hubert_Dreyfus","John_Searle","Allen_Newell","Herbert_A._Simon","Neural_network","GOFAI","John_Haugeland","Kurt_Gödel","Statement_(logic)","Formal_system","John_Lucas_(philosopher)","Gödel's_incompleteness_theorem","Roger_Penrose","The_Emperor's_New_Mind","Quantum_mechanical","Douglas_Hofstadter","Pulitzer_prize","Epimenides_paradox","Epimenides_paradox","C._H._Whiteley","John_Lucas_(philosopher)","Propositional_logic","Decidability_(logic)","Hubert_Dreyfus","Computing_machinery_and_intelligence","Peter_Norvig","Situated","Robotics","Computational_intelligence","Neural_net","Evolutionary_algorithm","Commonsense_knowledge","GOFAI","Daniel_Crevier","Turing_test","Problem_of_other_minds","Hard_problem_of_consciousness","Igor_Aleksander","Stan_Franklin","Ron_Sun","Artificial_consciousness","Stuart_J._Russell","Mind","Consciousness","New_age","Bergson","Élan_vital","Science_fiction","Essentialism","Soul","Philosophy","Neuroscience","Philosopher","Hard_problem_of_consciousness","Philosophy_of_mind","Mind-body_problem","Intentionality","Phenomenology_(philosophy)","Qualia","Neurobiologist","Neural_correlates_of_consciousness","Artificial_intelligence","Neural_correlates_of_consciousness","Consciousness","Thought_experiment","Understanding","Consciousness","Awareness","Chinese_room","Consciousness","Brain","Neuron","Mind","Gottfried_Leibniz","Mill_(factory)","Lawrence_Davis","Ned_Block","Blockhead_(computer_system)","Chinese_room","Code_refactoring","Jack_Copeland","Daniel_Dennett","Jerry_Fodor","John_Haugeland","Ray_Kurzweil","Georges_Rey","Marvin_Minsky","Alan_Perlis","David_Chalmers","Macintosh","Virtual_machine","Word_processor","Ned_Block","Tim_Maudlin","David_Chalmers","Steven_Pinker","Patricia_Churchland","Margaret_Boden","Tim_Crane","Stevan_Harnad","Georges_Rey","Paul_Churchland","Patricia_Churchland","Ray_Kurzweil","Problem_of_other_minds","Daniel_Dennett","Cognitive_science","Computational_theory_of_mind","Computationalism","Hobbes","Gottfried_Wilhelm_Leibniz","David_Hume","Kant","Hilary_Putnam","Jerry_Fodor","Hobbes","Arithmetic","Physical_symbol_system","Computationalism","Stevan_Harnad","Chinese_room","Stevan_Harnad","Behaviorism","Functionalism_(philosophy)","Intelligent_agent","Utility_(economics)","Hans_Moravec","Human_computer_interaction","Daniel_Crevier","Subjective","Science_fiction","Essentialism","Alan_Turing","Debugger","Douglas_Lenat","Automated_Mathematician","Cornell","Eureqa","Functionalism_(philosophy)","Behaviorism","Intent","Intention","Singularity_Institute","Science_fiction","Vernor_Vinge","Technological_singularity","Singularitarianism","Association_for_the_Advancement_of_Artificial_Intelligence","Language_Acquisition_Device_(computer)","Friendly_AI","Artificial_brain","Artificial_intelligence","Chatterbot","Chinese_room","Computational_theory_of_mind","Computing_Machinery_and_Intelligence","Dreyfus'_critique_of_artificial_intelligence","Functionalism_(philosophy_of_mind)","Philosophy_of_computer_science","Philosophy_of_information","Philosophy_of_mind","Physical_symbol_system","Simulated_reality","Synthetic_intelligence","Turing_Test"]}