{"cursor":"5975","size":15,"audio":[],"currentlang":"en","article":"Artificial intelligence has been used in a wide range of fields including\nmedical diagnosis, stock trading, robot control, law, scientific discovery and\ntoys. However, many AI applications are not perceived as AI: \"A lot of cutting\nedge AI has filtered into general applications, often without being called AI\nbecause once something becomes useful enough and common enough it's not labeled\nAI anymore.\" [http://www.cnn.com/2006/TECH/science/07/24/ai.bostrom/ AI set\nto exceed human brain power] CNN.com (July 26, 2006) \"Many thousands of AI\napplications are deeply embedded in the infrastructure of every industry.\" In the late 90s and early 21st century, AI\ntechnology became widely used as elements of larger systems, under \"Artificial Intelligence in the 90s\"\nbut the field is rarely credited for these successes.\n\nTo allow comparison with human performance, artificial intelligence can be\nevaluated on constrained and well-defined problems. Such tests have been termed\nsubject matter expert Turing tests. Also, smaller problems provide more\nachievable goals and there are an ever-increasing number of positive results.\n","linknr":-1,"url":"Progress_in_artificial_intelligence","recorded":1376396340,"links":[],"instances":["computer_vision","artificial_intelligence_software","board_game"],"pdf":[],"categories":["Artificial intelligence"],"headings":["Performance evaluation","Optimal","Super-human","Par-human","Sub-human","See also","External links","References"],"image":[],"tags":[["watson","artificial_intelligence_software"],["go","board_game"],["object_recognition","computer_vision"]],"members":["object_recognition","watson","go"],"related":["Artificial_intelligence","Medical_diagnosis","Stock_trading","Robot_control","Law","Subject_matter_expert_Turing_test","Tic-Tac-Toe","Connect_Four","Checkers","Rubik's_Cube","Computer_poker_players","Texas_hold_'em","Solved_game","Backgammon","Computer_bridge","Chess","Crosswords","Jigsaw_puzzle","Reversi","Scrabble","Quiz_show","Open_domain_question_answering","Watson_(artificial_intelligence_software)","Optical_character_recognition","Go_(board_game)","Optical_character_recognition","Handwriting_recognition","Driverless_car","Object_recognition_(computer_vision)","Machine_translation","Google_translate","Speech_recognition","Word-sense_disambiguation","Applications_of_artificial_intelligence","List_of_emerging_technologies"]}