{"cursor":"1686","size":15,"audio":[],"currentlang":"en","article":"'Scripts' were developed in the early AI work by Roger Schank, Robert P. Abelson\nand their research group, and are a method of representing procedural knowledge.\nThey are very much like frames, except the values that fill the slots must be\nordered.A script is a structured representation describing a stereotyped\nsequence of events in a particular context. Scripts are used in natural language\nunderstanding systems to organize a knowledge base in terms of the situations\nthat the system should understand.\n\n\nThe classic example of a script involves the typical sequence of events that\noccur when a person drinks in a restaurant: finding a seat, reading the\nmenu, ordering drinks from the waitstaff... In the script form, these would\nbe decomposed into conceptual transitions, such as 'MTRANS' and 'PTRANS',\nwhich refer to mental transitions [of information] and physical transitions\n[of things].\n\nSchank, Abelson and their colleagues tackled some of the most difficult problems\nin artificial intelligence (i.e., story understanding), but ultimately their\nline of work ended without tangible success. This type of work received little\nattention after the 1980s, but it is very influential in later knowledge\nrepresentation techniques, such as case-based reasoning.\n\nScripts can be inflexible. To deal with inflexibility, smaller modules called\nmemory organization packets (MOP) can be combined in a way that is appropriate\nfor the situation.\n","linknr":85,"url":"scripts_(artificial_intelligence)","recorded":1376396317,"links":["/w/index.php?title=Scripts_(artificial_intelligence)&action=edit","/w/index.php?title=Scripts_(artificial_intelligence)&action=edit","//bits.wikimedia.org/favicon/wikipedia.ico","/w/opensearch_desc.php","//en.wikipedia.org/w/api.php?action=rsd","//creativecommons.org/licenses/by-sa/3.0/","/w/index.php?title=Special:RecentChanges&feed=atom","http://en.wikipedia.org/wiki/Scripts_(artificial_intelligence)","//bits.wikimedia.org/en.wikipedia.org/load.php?debug=false&lang=en&modules=ext.gadget.DRN-wizard%2CReferenceTooltips%2Ccharinsert%2Cteahouse%7Cext.rtlcite%2Cwikihiero%7Cext.uls.nojs%7Cmediawiki.legacy.commonPrint%2Cshared%7Cmw.PopUpMediaTransform%7Cskins.vector&only=styles&skin=vector&*","//bits.wikimedia.org/en.wikipedia.org/load.php?debug=false&lang=en&modules=ext.visualEditor.viewPageTarget.noscript&only=styles&skin=vector&*","//bits.wikimedia.org/en.wikipedia.org/load.php?debug=false&lang=en&modules=site&only=styles&skin=vector&*","//bits.wikimedia.org/en.wikipedia.org/load.php?debug=false&lang=en&modules=startup&only=scripts&skin=vector&*","//bits.wikimedia.org/geoiplookup","//meta.wikimedia.org","#mw-navigation","#p-search","/wiki/Roger_Schank","/wiki/Robert_P._Abelson","/wiki/Procedural_knowledge","/wiki/Frame_(artificial_intelligence)","/wiki/Conceptual_dependency_theory","/wiki/Artificial_intelligence","/w/index.php?title=Story_understanding&action=edit&redlink=1","/wiki/Knowledge_representation","/wiki/Case-based_reasoning","/w/index.php?title=Memory_organization_packet&action=edit&redlink=1","/wiki/Wikipedia:Citation_needed","//en.wikipedia.org/w/index.php?title=Special:CentralAutoLogin/start&type=1x1&from=enwiki","http://en.wikipedia.org/w/index.php?title=Scripts_(artificial_intelligence)&oldid=555703798","/wiki/Help:Category","/wiki/Category:History_of_artificial_intelligence","/wiki/Category:Knowledge_representation","/wiki/Category:All_articles_with_unsourced_statements","/wiki/Category:Articles_with_unsourced_statements_from_February_2012","/w/index.php?title=Special:UserLogin&returnto=Scripts+%28artificial+intelligence%29&type=signup","/w/index.php?title=Special:UserLogin&returnto=Scripts+%28artificial+intelligence%29","/wiki/Scripts_(artificial_intelligence)","/wiki/Talk:Scripts_(artificial_intelligence)","#","/wiki/Scripts_(artificial_intelligence)","/w/index.php?title=Scripts_(artificial_intelligence)&action=edit","/w/index.php?title=Scripts_(artificial_intelligence)&veaction=edit","/w/index.php?title=Scripts_(artificial_intelligence)&action=history","#","/w/index.php","//bits.wikimedia.org/static-1.22wmf12/skins/vector/images/search-ltr.png?303-4","/wiki/Main_Page","/wiki/Main_Page","/wiki/Portal:Contents","/wiki/Portal:Featured_content","/wiki/Portal:Current_events","/wiki/Special:Random","https://donate.wikimedia.org/wiki/Special:FundraiserRedirector?utm_source=donate&utm_medium=sidebar&utm_campaign=C13_en.wikipedia.org&uselang=en","/wiki/Help:Contents","/wiki/Wikipedia:About","/wiki/Wikipedia:Community_portal","/wiki/Special:RecentChanges","//en.wikipedia.org/wiki/Wikipedia:Contact_us","/wiki/Special:WhatLinksHere/Scripts_(artificial_intelligence)","/wiki/Special:RecentChangesLinked/Scripts_(artificial_intelligence)","/wiki/Wikipedia:File_Upload_Wizard","/wiki/Special:SpecialPages","/w/index.php?title=Scripts_(artificial_intelligence)&oldid=555703798","/w/index.php?title=Scripts_(artificial_intelligence)&action=info","//www.wikidata.org/wiki/Q7439239","/w/index.php?title=Special:Cite&page=Scripts_%28artificial_intelligence%29&id=555703798","/w/index.php?title=Special:Book&bookcmd=book_creator&referer=Scripts+%28artificial+intelligence%29","/w/index.php?title=Special:Book&bookcmd=render_article&arttitle=Scripts+%28artificial+intelligence%29&oldid=555703798&writer=rl","/w/index.php?title=Scripts_(artificial_intelligence)&printable=yes","#","//www.wikidata.org/wiki/Q7439239#sitelinks-wikipedia","//en.wikipedia.org/wiki/Wikipedia:Text_of_Creative_Commons_Attribution-ShareAlike_3.0_Unported_License","//creativecommons.org/licenses/by-sa/3.0/","//wikimediafoundation.org/wiki/Terms_of_Use","//wikimediafoundation.org/wiki/Privacy_policy","//www.wikimediafoundation.org/","//wikimediafoundation.org/wiki/Privacy_policy","/wiki/Wikipedia:About","/wiki/Wikipedia:General_disclaimer","//en.wikipedia.org/wiki/Wikipedia:Contact_us","//en.m.wikipedia.org/wiki/Scripts_(artificial_intelligence)","//wikimediafoundation.org/","//bits.wikimedia.org/images/wikimedia-button.png","//www.mediawiki.org/","//bits.wikimedia.org/static-1.22wmf12/skins/common/images/poweredby_mediawiki_88x31.png","//bits.wikimedia.org/en.wikipedia.org/load.php?debug=false&lang=en&modules=site&only=scripts&skin=vector&*"],"instances":["artificial_intelligence"],"pdf":[],"categories":["History of artificial intelligence","Knowledge representation"],"headings":[],"image":["//en.wikipedia.org/w/index.php?title=Special:CentralAutoLogin/start&type=1x1&from=enwiki","//bits.wikimedia.org/static-1.22wmf12/skins/vector/images/search-ltr.png?303-4","//bits.wikimedia.org/images/wikimedia-button.png","//bits.wikimedia.org/static-1.22wmf12/skins/common/images/poweredby_mediawiki_88x31.png"],"tags":[["frame","artificial_intelligence"]],"members":["frame"],"related":["Roger_Schank","Robert_P._Abelson","Procedural_knowledge","Frame_(artificial_intelligence)","Conceptual_dependency_theory","Artificial_intelligence","Story_understanding","Knowledge_representation","Case-based_reasoning","Memory_organization_packet"]}