{"cursor":"9798","size":15,"audio":[],"currentlang":"en","article":"\n\nThe 'Machine Intelligence Research Institute' ('MIRI') is a non-profit\norganization founded in 2000 to develop safe artificial intelligence software,\nand to raise awareness of both the dangers and potential benefits it believes AI\npresents. The organization advocates ideas initially put forth by\nI. J. Good and Vernor Vinge regarding an \"intelligence explosion\", or\nSingularity, which is predicted to follow the creation of sufficiently advanced\nAI. In their view, the potential benefits and risks of this event necessitate\nthe search for solutions to problems involving AI goal systems to ensure\npowerful AIs are not dangerous when they are created. [http://news.cnet.com/Coming-to-grips-with-intelligent-\nmachines/2100-11394_3-6206637.html Coming to grips with intelligent machines]\nStefanie Olsen, staff writer, CNET, September 7, 2007 [http://www.sfgate.com/cgi-\nbin/article.cgi?f=/c/a/2006/05/12/BUG9IIMG1V197.DTL Smarter than thou?], San\nFrancisco Chronicle, 12 May 2006 MIRI espouses the Friendly AI model\ncreated by its co-founder Eliezer Yudkowsky as a potential solution to such\nproblems. [http://books.google.co.uk/books?id=3Tla6d153uwC Encyclopedia of\ncomputer science and technology], Harry Henderson page 433 MIRI was\nformerly known as the Singularity Institute, and before that the Singularity\nInstitute for Artificial Intelligence.\n\nLuke Muehlhauser [http://intelligence.org/team/ About Us] is Executive\nDirector. Inventor and futures studies author Ray Kurzweil served as one of its\ndirectors from 2007 [http://spectrum.ieee.org/computing/hardware/i-rodney-brooks-am-a-\nrobot I, Rodney Brooks, Am a Robot] to 2010. http://singularity.org/blog/2010/02/05/new-bios-added-to-team-\npage/ The institute maintains an advisory board whose members include\nOxford philosopher Nick Bostrom, biomedical gerontologist Aubrey de Grey, PayPal\nco-founder Peter Thiel, and Foresight Nanotech Institute co-founder Christine\nPeterson. It is tax exempt under Section 501(c)(3) of the United States Internal\nRevenue Code, and has a Canadian branch, SIAI-CA, formed in 2004 and recognized\nas a Charitable Organization by the Canada Revenue Agency.\n","linknr":241,"url":"Singularity_Institute_for_Artificial_Intelligence","recorded":1367272679,"links":["/w/index.php?title=Machine_Intelligence_Research_Institute&action=edit","/w/index.php?title=Machine_Intelligence_Research_Institute&action=edit","//bits.wikimedia.org/favicon/wikipedia.ico","/w/opensearch_desc.php","//en.wikipedia.org/w/api.php?action=rsd","//creativecommons.org/licenses/by-sa/3.0/","/w/index.php?title=Special:RecentChanges&feed=atom","/wiki/Machine_Intelligence_Research_Institute","//bits.wikimedia.org/en.wikipedia.org/load.php?debug=false&lang=en&modules=ext.gadget.DRN-wizard%2CReferenceTooltips%2Ccharinsert%2Cteahouse%7Cext.wikihiero%7Cmediawiki.legacy.commonPrint%2Cshared%7Cmw.PopUpMediaTransform%7Cskins.vector&only=styles&skin=vector&*","//bits.wikimedia.org/en.wikipedia.org/load.php?debug=false&lang=en&modules=site&only=styles&skin=vector&*","//bits.wikimedia.org/en.wikipedia.org/load.php?debug=false&lang=en&modules=startup&only=scripts&skin=vector&*","//bits.wikimedia.org/geoiplookup","//meta.wikimedia.org","/w/index.php?title=Singularity_Institute_for_Artificial_Intelligence&redirect=no","#mw-navigation","#p-search","/wiki/Ideology","/wiki/Transhumanism","/wiki/File:Transhumanism_h%2B.svg","//upload.wikimedia.org/wikipedia/commons/thumb/3/3a/Transhumanism_h%2B.svg/150px-Transhumanism_h%2B.svg.png","/wiki/Outline_of_transhumanism","/wiki/Transhuman","/wiki/Transhumanist_art","/wiki/Transhumanism_in_fiction","/wiki/Abolitionism_(bioethics)","/wiki/Democratic_transhumanism","/wiki/Extropianism","/wiki/Biological_immortality#Technological_immortality","/wiki/Libertarian_transhumanism","/wiki/Postgenderism","/wiki/Singularitarianism","/wiki/Technogaianism","/wiki/Applied_Foresight_Network","/wiki/Alcor_Life_Extension_Foundation","/wiki/American_Cryonics_Society","/wiki/Cryonics_Institute","/wiki/Foresight_Institute","/wiki/Humanity%2B","/wiki/Longecity","/wiki/Mormon_Transhumanist_Association","/wiki/Portal:Transhumanism","/wiki/Template:Transhumanism","/wiki/Template_talk:Transhumanism","//en.wikipedia.org/w/index.php?title=Template:Transhumanism&action=edit","/wiki/Non-profit_organization","/wiki/Artificial_intelligence","/wiki/I._J._Good","/wiki/Vernor_Vinge","/wiki/Intelligence_explosion","/wiki/Technological_Singularity","#cite_note-1","#cite_note-SF06-2","/wiki/Friendly_AI","/wiki/Eliezer_Yudkowsky","#cite_note-3","#cite_note-4","/wiki/Futures_studies","/wiki/Ray_Kurzweil","#cite_note-5","#cite_note-6","/wiki/University_of_Oxford","/wiki/Nick_Bostrom","/wiki/Aubrey_de_Grey","/wiki/PayPal","/wiki/Peter_Thiel","/wiki/Foresight_Nanotech_Institute","/wiki/Tax_exemption","/wiki/501(c)(3)","/wiki/Canada_Revenue_Agency","#History","#Center_for_Applied_Rationality","#Usefulness","#References","#External_links","/w/index.php?title=Machine_Intelligence_Research_Institute&action=edit&section=1","/wiki/Eliezer_Yudkowsky","#cite_note-7","#cite_note-8","/wiki/Transhumanists","/wiki/Futurists","#cite_note-9","/wiki/Ben_Goertzel","#cite_note-10","#cite_note-11","/wiki/Eliezer_Yudkowsky","#cite_note-12","/wiki/Yale_University","#cite_note-13","#cite_note-14","/wiki/Clarium_Capital","/wiki/Peter_Thiel","#cite_note-15","/wiki/Singularity_Summit","/wiki/Singularity_Summit","#cite_note-SF06-2","#cite_note-16","/wiki/Nick_Bostrom","/wiki/Cory_Doctorow","/wiki/K._Eric_Drexler","/wiki/Douglas_Hofstadter","/wiki/Steve_Jurvetson","/wiki/Bill_McKibben","/wiki/Max_More","/wiki/Christine_Peterson","/wiki/John_Smart_(futurist)","/wiki/Sebastian_Thrun","/wiki/Eliezer_Yudkowsky","/wiki/Singularity_Summit","/wiki/Palace_of_Fine_Arts","/wiki/San_Francisco","/wiki/92nd_Street_Y","/wiki/Hyatt_Regency","#cite_note-17","/wiki/Nob_Hill_Masonic_Center","/wiki/San_Francisco","/wiki/California","#cite_note-18","#cite_note-19","/wiki/Singularity_University","#cite_note-20","/w/index.php?title=Machine_Intelligence_Research_Institute&action=edit&section=2","/wiki/Bias","#cite_note-21","#cite_note-22","/w/index.php?title=Machine_Intelligence_Research_Institute&action=edit&section=3","#cite_note-23","#cite_note-24","/w/index.php?title=Machine_Intelligence_Research_Institute&action=edit&section=4","#cite_ref-1","http://news.cnet.com/Coming-to-grips-with-intelligent-machines/2100-11394_3-6206637.html","/wiki/CNET","#cite_ref-SF06_2-0","#cite_ref-SF06_2-1","http://www.sfgate.com/cgi-bin/article.cgi?f=/c/a/2006/05/12/BUG9IIMG1V197.DTL","#cite_ref-3","http://books.google.co.uk/books?id=3Tla6d153uwC","#cite_ref-4","http://intelligence.org/team/","#cite_ref-5","http://spectrum.ieee.org/computing/hardware/i-rodney-brooks-am-a-robot","#cite_ref-6","http://singularity.org/blog/2010/02/05/new-bios-added-to-team-page/","#cite_ref-7","http://www.foxnews.com/story/0,2933,296324,00.html","#cite_ref-8","http://nl.newsbank.com/nl-search/we/Archives?p_product=SJ&s_site=mercurynews&p_multi=SJ&p_theme=realcities&p_action=search&p_maxdocs=200&p_topdoc=1&p_text_direct-0=1241A446D851D868&p_field_direct-0=document_id&p_perpage=10&p_sort=YMD_date:D&s_trackval=GooglePM","/wiki/San_Jose_Mercury_News","#cite_ref-9","http://singularity.org/upload/LOGI/index.html","#cite_ref-10","http://singinst.org/overview/whatisthesingularity/","#cite_ref-11","http://singinst.org/overview/whyworktowardthesingularity","#cite_ref-12","http://goliath.ecnext.com/coms2/gi_0199-3322059/Humanity-2-0-transhumanists-believe.html","#cite_ref-13","http://www.asimovlaws.com/","#cite_ref-14","http://www.singularitychallenge.com/","#cite_ref-15","http://www.npr.org/2011/01/11/132840775/The-Singularity-Humanitys-Last-Invention","/wiki/National_Public_Radio","#cite_ref-16","http://articles.sfgate.com/2007-09-07/news/17263630_1_ai-artificial-intelligence-human-intelligence/3","/wiki/SFGate","#cite_ref-17","http://www.msnbc.msn.com/id/40823969/m/videos/","#cite_ref-18","http://singularitysummit.com/logistics/","/wiki/Help:CS1_errors#parameter_ignored","#cite_ref-19","http://singinst.org/research/publications","#cite_ref-20","http://intelligence.org/2013/01/30/we-are-now-the-machine-intelligence-research-institute-miri/","#cite_ref-21","http://singularity.org/blog/2012/08/06/july-2012-newsletter/","#cite_ref-22","http://appliedrationality.org/about/","#cite_ref-23","http://hplusmagazine.com/2012/08/21/the-singhilarity-institute-my-falling-out-with-the-transhumanists/","#cite_ref-24","/w/index.php?title=Machine_Intelligence_Research_Institute&action=edit&section=5","http://intelligence.org/","http://en.wikipedia.org/w/index.php?title=Machine_Intelligence_Research_Institute&oldid=552314976","/wiki/Help:Categories","/wiki/Category:Singularitarianism","/wiki/Category:Artificial_intelligence_associations","/wiki/Category:501(c)(3)_nonprofit_organizations","/wiki/Category:Pages_with_citations_using_unsupported_parameters","/w/index.php?title=Special:UserLogin&returnto=Machine+Intelligence+Research+Institute&type=signup","/w/index.php?title=Special:UserLogin&returnto=Machine+Intelligence+Research+Institute","/wiki/Machine_Intelligence_Research_Institute","/wiki/Talk:Machine_Intelligence_Research_Institute","#","/wiki/Machine_Intelligence_Research_Institute","/w/index.php?title=Machine_Intelligence_Research_Institute&action=edit","/w/index.php?title=Machine_Intelligence_Research_Institute&action=history","#","/w/index.php","//bits.wikimedia.org/static-1.22wmf2/skins/vector/images/search-ltr.png?303-4","/wiki/Main_Page","/wiki/Main_Page","/wiki/Portal:Contents","/wiki/Portal:Featured_content","/wiki/Portal:Current_events","/wiki/Special:Random","//donate.wikimedia.org/wiki/Special:FundraiserRedirector?utm_source=donate&utm_medium=sidebar&utm_campaign=C13_en.wikipedia.org&uselang=en","/wiki/Help:Contents","/wiki/Wikipedia:About","/wiki/Wikipedia:Community_portal","/wiki/Special:RecentChanges","//en.wikipedia.org/wiki/Wikipedia:Contact_us","/wiki/Special:WhatLinksHere/Machine_Intelligence_Research_Institute","/wiki/Special:RecentChangesLinked/Machine_Intelligence_Research_Institute","/wiki/Wikipedia:File_Upload_Wizard","/wiki/Special:SpecialPages","/w/index.php?title=Machine_Intelligence_Research_Institute&oldid=552314976","/w/index.php?title=Machine_Intelligence_Research_Institute&action=info","/w/index.php?title=Special:Cite&page=Machine_Intelligence_Research_Institute&id=552314976","/w/index.php?title=Special:Book&bookcmd=book_creator&referer=Machine+Intelligence+Research+Institute","/w/index.php?title=Special:Book&bookcmd=render_article&arttitle=Machine+Intelligence+Research+Institute&oldid=552314976&writer=rl","/w/index.php?title=Machine_Intelligence_Research_Institute&printable=yes","//fr.wikipedia.org/wiki/Machine_Intelligence_Research_Institute","//ru.wikipedia.org/wiki/Singularity_Institute_for_Artificial_Intelligence","//uk.wikipedia.org/wiki/Singularity_Institute_for_Artificial_Intelligence","//www.wikidata.org/wiki/Q2040269#sitelinks","//en.wikipedia.org/wiki/Wikipedia:Text_of_Creative_Commons_Attribution-ShareAlike_3.0_Unported_License","//creativecommons.org/licenses/by-sa/3.0/","//wikimediafoundation.org/wiki/Terms_of_Use","//wikimediafoundation.org/wiki/Privacy_policy","//www.wikimediafoundation.org/","//wikimediafoundation.org/wiki/Privacy_policy","/wiki/Wikipedia:About","/wiki/Wikipedia:General_disclaimer","//en.wikipedia.org/wiki/Wikipedia:Contact_us","http://en.m.wikipedia.org/wiki/Machine_Intelligence_Research_Institute","//wikimediafoundation.org/","//bits.wikimedia.org/images/wikimedia-button.png","//www.mediawiki.org/","//bits.wikimedia.org/static-1.22wmf2/skins/common/images/poweredby_mediawiki_88x31.png","/w/index.php?title=MediaWiki:Gadget-ReferenceTooltips.js&action=raw&ctype=text/javascript&508635914","//bits.wikimedia.org/en.wikipedia.org/load.php?debug=false&lang=en&modules=site&only=scripts&skin=vector&*"],"instances":["futurist"],"pdf":[],"categories":["Singularitarianism|Singularitarianism","Artificial intelligence associations","501(c)(3) nonprofit organizations"],"headings":["History","Usefulness","References","External links"],"image":["//upload.wikimedia.org/wikipedia/commons/thumb/3/3a/Transhumanism_h%2B.svg/150px-Transhumanism_h%2B.svg.png","//bits.wikimedia.org/static-1.22wmf2/skins/vector/images/search-ltr.png?303-4","//bits.wikimedia.org/images/wikimedia-button.png","//bits.wikimedia.org/static-1.22wmf2/skins/common/images/poweredby_mediawiki_88x31.png"],"tags":[["501(c(3"],["john_smart","futurist"]],"members":["john_smart"],"related":["Non-profit_organization","Artificial_intelligence","I.&nbsp;J.&nbsp;Good","Vernor_Vinge","Intelligence_explosion","Technological_Singularity","CNET","Friendly_AI","Eliezer_Yudkowsky","Futures_studies","Ray_Kurzweil","University_of_Oxford","Nick_Bostrom","Aubrey_de_Grey","PayPal","Peter_Thiel","Foresight_Nanotech_Institute","Tax_exemption","501(c)(3)","Canada_Revenue_Agency","Eliezer_Yudkowsky","San_Jose_Mercury_News","Transhumanists","Futurists","Ben_Goertzel","Eliezer_Yudkowsky","Yale_University","Clarium_Capital","Peter_Thiel","National_Public_Radio","Singularity_Summit","Singularity_Summit","SFGate","Nick_Bostrom","Cory_Doctorow","K._Eric_Drexler","Douglas_Hofstadter","Steve_Jurvetson","Bill_McKibben","Max_More","Christine_Peterson","John_Smart_(futurist)","Sebastian_Thrun","Eliezer_Yudkowsky","Singularity_Summit","Palace_of_Fine_Arts","San_Francisco","92nd_Street_Y","Hyatt_Regency","Nob_Hill_Masonic_Center","San_Francisco","California","Singularity_University","Bias"]}