{"cursor":"12283","size":15,"audio":[],"currentlang":"en","article":"\nIn artificial intelligence research, the 'situated approach' builds agents that\nare designed to behave effectively successfully in their environment. This\nrequires designing AI \"from the bottom-up\" by focussing on the basic perceptual\nand motor skills required to survive. The situated approach gives a much lower\npriority to abstract reasoning or problem-solving skills.\n\nThe approach was originally proposed as an alternative to traditional approaches\n(that is, approaches popular before 1985 or so. After several decades of\nsuccess, these older approaches to modeling decision-making, such as expert\nsystems, finite state machines or decision trees reached their limitations in\nthe 1980s when researchers tried to use them to drive real robots in uncertain\nenvironments. In fact, classical AI technologies face intractable issues, such\nas combinatorial explosion, when confronted with real-world modeling problems,\nand several directions have been explored by researchers to address these\nissues. All these approaches focus on modeling intelligence situated in a given\nenvironment: they have come to be known as the situated approach to AI.\n","linknr":221,"url":"situated_artificial_intelligence","recorded":1376396340,"links":["/w/index.php?title=Artificial_intelligence,_situated_approach&action=edit","/w/index.php?title=Artificial_intelligence,_situated_approach&action=edit","//bits.wikimedia.org/favicon/wikipedia.ico","/w/opensearch_desc.php","//en.wikipedia.org/w/api.php?action=rsd","//creativecommons.org/licenses/by-sa/3.0/","/w/index.php?title=Special:RecentChanges&feed=atom","http://en.wikipedia.org/wiki/Artificial_intelligence,_situated_approach","//bits.wikimedia.org/en.wikipedia.org/load.php?debug=false&lang=en&modules=ext.gadget.DRN-wizard%2CReferenceTooltips%2Ccharinsert%2Cteahouse%7Cext.rtlcite%2Cwikihiero%7Cext.uls.nojs%7Cmediawiki.legacy.commonPrint%2Cshared%7Cmw.PopUpMediaTransform%7Cskins.vector&only=styles&skin=vector&*","//bits.wikimedia.org/en.wikipedia.org/load.php?debug=false&lang=en&modules=ext.visualEditor.viewPageTarget.noscript&only=styles&skin=vector&*","//bits.wikimedia.org/en.wikipedia.org/load.php?debug=false&lang=en&modules=site&only=styles&skin=vector&*","//bits.wikimedia.org/en.wikipedia.org/load.php?debug=false&lang=en&modules=startup&only=scripts&skin=vector&*","//bits.wikimedia.org/geoiplookup","//meta.wikimedia.org","/w/index.php?title=Situated_artificial_intelligence&redirect=no","#mw-navigation","#p-search","//upload.wikimedia.org/wikipedia/commons/thumb/a/a4/Text_document_with_red_question_mark.svg/40px-Text_document_with_red_question_mark.svg.png","/wiki/Wikipedia:Citing_sources","/wiki/Wikipedia:INCITE","/wiki/Wikipedia:WikiProject_Fact_and_Reference_Check","/wiki/Wikipedia:When_to_cite","/wiki/Artificial_intelligence","/wiki/Expert_systems","/wiki/Finite_state_machines","/wiki/Decision_trees","/wiki/AI","#Emergence_of_a_concept","#From_traditional_AI_to_nouvelle_AI","#From_nouvelle_AI_to_behavior-based_and_situated_AI","#Definitions","#AI_loop","#Traditional_or_symbolic_AI","#Situated_or_behavioral_AI","#Situated_agents","#Implementation_principles","#Modular_decomposition","#Action_selection_mechanism","#Notes_and_references","#See_also","#Related_articles","#Traditional_AI","#Situated_AI","#Robotics","#External_links","/w/index.php?title=Artificial_intelligence,_situated_approach&action=edit&section=1","/w/index.php?title=Artificial_intelligence,_situated_approach&veaction=edit&section=1","/w/index.php?title=Artificial_intelligence,_situated_approach&action=edit&section=2","/w/index.php?title=Artificial_intelligence,_situated_approach&veaction=edit&section=2","/wiki/MIT_Artificial_Intelligence_Laboratory","/wiki/Rodney_Brooks","/wiki/Artificial_intelligence","/wiki/MIT","/wiki/Cog_(project)","/w/index.php?title=Artificial_intelligence,_situated_approach&action=edit&section=3","/w/index.php?title=Artificial_intelligence,_situated_approach&veaction=edit&section=3","/wiki/Methodology","/wiki/AI","/wiki/Rodney_Brooks","/wiki/Subsumption_architecture","/wiki/Robotics","/wiki/Intelligent_agent","/wiki/Sony","/wiki/Aibo","/wiki/RoboCup","/wiki/Alan_Turing","/w/index.php?title=Artificial_intelligence,_situated_approach&action=edit&section=4","/w/index.php?title=Artificial_intelligence,_situated_approach&veaction=edit&section=4","/w/index.php?title=Artificial_intelligence,_situated_approach&action=edit&section=5","/w/index.php?title=Artificial_intelligence,_situated_approach&veaction=edit&section=5","/w/index.php?title=Artificial_intelligence,_situated_approach&action=edit&section=6","/w/index.php?title=Artificial_intelligence,_situated_approach&veaction=edit&section=6","/wiki/Automated_planning_and_scheduling","/wiki/Finite_state_machines","/wiki/Expert_systems","/w/index.php?title=Artificial_intelligence,_situated_approach&action=edit&section=7","/w/index.php?title=Artificial_intelligence,_situated_approach&veaction=edit&section=7","/w/index.php?title=Artificial_intelligence,_situated_approach&action=edit&section=8","/w/index.php?title=Artificial_intelligence,_situated_approach&veaction=edit&section=8","/wiki/Artificial_intelligence","/wiki/Cognitive_science","/wiki/Intelligent_agent","/wiki/Embedded_systems","/wiki/Robot","/wiki/Software","/wiki/Dynamical_system","//en.wiktionary.org/wiki/manipulate","/wiki/Sense","/wiki/Perception","/wiki/Second_Life","/wiki/Embodied_embedded_cognition","/wiki/Interaction","/w/index.php?title=Artificial_intelligence,_situated_approach&action=edit&section=9","/w/index.php?title=Artificial_intelligence,_situated_approach&veaction=edit&section=9","/w/index.php?title=Artificial_intelligence,_situated_approach&action=edit&section=10","/w/index.php?title=Artificial_intelligence,_situated_approach&veaction=edit&section=10","//en.wiktionary.org/wiki/autonomy","/wiki/Peripheral","/wiki/Process_(computing)","/wiki/Thread_(computer_science)","/wiki/Abstraction","/wiki/Software_engineering","/wiki/Object-oriented_programming","/wiki/Reactive_planning","/w/index.php?title=Cognitive_minimalism&action=edit&redlink=1","/wiki/Finite_state_machines","/wiki/Memory","/wiki/Learning","/wiki/Intelligent_agent","/wiki/Strong_AI","/w/index.php?title=Artificial_intelligence,_situated_approach&action=edit&section=11","/w/index.php?title=Artificial_intelligence,_situated_approach&veaction=edit&section=11","#cite_note-1","#cite_note-2","#cite_note-3","#cite_note-4","#cite_note-5","#cite_note-6","#cite_note-7","/w/index.php?title=Artificial_intelligence,_situated_approach&action=edit&section=12","/w/index.php?title=Artificial_intelligence,_situated_approach&veaction=edit&section=12","#cite_ref-1","#cite_ref-2","#cite_ref-3","#cite_ref-4","#cite_ref-5","#cite_ref-6","#cite_ref-7","http://www.aaai.org/Papers/FLAIRS/2004/Flairs04-124.pdf","/wiki/Special:BookSources/9780805815184","/wiki/Special:BookSources/0262522632","/wiki/Special:BookSources/0262011654","/w/index.php?title=Artificial_intelligence,_situated_approach&action=edit&section=13","/w/index.php?title=Artificial_intelligence,_situated_approach&veaction=edit&section=13","/wiki/File:Animation2.gif","//upload.wikimedia.org/wikipedia/commons/thumb/c/c0/Animation2.gif/17px-Animation2.gif","/wiki/Portal:Artificial_intelligence","/w/index.php?title=Artificial_intelligence,_situated_approach&action=edit&section=14","/w/index.php?title=Artificial_intelligence,_situated_approach&veaction=edit&section=14","/wiki/Artificial_Intelligence","/wiki/Cognitive_science","/w/index.php?title=Artificial_intelligence,_situated_approach&action=edit&section=15","/w/index.php?title=Artificial_intelligence,_situated_approach&veaction=edit&section=15","/wiki/Decision_Tree","/wiki/Finite_State_Machine","/wiki/Expert_System","/wiki/Automated_planning_and_scheduling","/w/index.php?title=Artificial_intelligence,_situated_approach&action=edit&section=16","/w/index.php?title=Artificial_intelligence,_situated_approach&veaction=edit&section=16","/wiki/Scruffy_AI","/wiki/Reactive_planning","/w/index.php?title=Artificial_intelligence,_situated_approach&action=edit&section=17","/w/index.php?title=Artificial_intelligence,_situated_approach&veaction=edit&section=17","/wiki/Behavior-based_robotics","/wiki/Situated_robotics","/w/index.php?title=Artificial_intelligence,_situated_approach&action=edit&section=18","/w/index.php?title=Artificial_intelligence,_situated_approach&veaction=edit&section=18","http://www.britannica.com/EBchecked/topic/1473950/artificial-intelligence-situated-approach","/wiki/Encyclop%C3%A6dia_Britannica","http://www.alanturing.net/turing_archive/pages/Reference%20Articles/what_is_AI/What_is_AI11.html","http://www.alanturing.net/","http://www.cs.brandeis.edu/~pablo/thesis/html/node22.html","http://j-paine.org/students/practicals/ps/node3.html","//en.wikipedia.org/w/index.php?title=Special:CentralAutoLogin/start&type=1x1&from=enwiki","http://en.wikipedia.org/w/index.php?title=Artificial_intelligence,_situated_approach&oldid=539862781","/wiki/Help:Category","/wiki/Category:Artificial_intelligence","/wiki/Category:Cognitive_science","/wiki/Category:Articles_lacking_in-text_citations_from_October_2012","/wiki/Category:All_articles_lacking_in-text_citations","/w/index.php?title=Special:UserLogin&returnto=Artificial+intelligence%2C+situated+approach&type=signup","/w/index.php?title=Special:UserLogin&returnto=Artificial+intelligence%2C+situated+approach","/wiki/Artificial_intelligence,_situated_approach","/wiki/Talk:Artificial_intelligence,_situated_approach","#","/wiki/Artificial_intelligence,_situated_approach","/w/index.php?title=Artificial_intelligence,_situated_approach&action=edit","/w/index.php?title=Artificial_intelligence,_situated_approach&veaction=edit","/w/index.php?title=Artificial_intelligence,_situated_approach&action=history","#","/w/index.php","//bits.wikimedia.org/static-1.22wmf12/skins/vector/images/search-ltr.png?303-4","/wiki/Main_Page","/wiki/Main_Page","/wiki/Portal:Contents","/wiki/Portal:Featured_content","/wiki/Portal:Current_events","/wiki/Special:Random","https://donate.wikimedia.org/wiki/Special:FundraiserRedirector?utm_source=donate&utm_medium=sidebar&utm_campaign=C13_en.wikipedia.org&uselang=en","/wiki/Help:Contents","/wiki/Wikipedia:About","/wiki/Wikipedia:Community_portal","/wiki/Special:RecentChanges","//en.wikipedia.org/wiki/Wikipedia:Contact_us","/wiki/Special:WhatLinksHere/Artificial_intelligence,_situated_approach","/wiki/Special:RecentChangesLinked/Artificial_intelligence,_situated_approach","/wiki/Wikipedia:File_Upload_Wizard","/wiki/Special:SpecialPages","/w/index.php?title=Artificial_intelligence,_situated_approach&oldid=539862781","/w/index.php?title=Artificial_intelligence,_situated_approach&action=info","//www.wikidata.org/wiki/Q4801079","/w/index.php?title=Special:Cite&page=Artificial_intelligence%2C_situated_approach&id=539862781","/w/index.php?title=Special:Book&bookcmd=book_creator&referer=Artificial+intelligence%2C+situated+approach","/w/index.php?title=Special:Book&bookcmd=render_article&arttitle=Artificial+intelligence%2C+situated+approach&oldid=539862781&writer=rl","/w/index.php?title=Artificial_intelligence,_situated_approach&printable=yes","#","//www.wikidata.org/wiki/Q4801079#sitelinks-wikipedia","//en.wikipedia.org/wiki/Wikipedia:Text_of_Creative_Commons_Attribution-ShareAlike_3.0_Unported_License","//creativecommons.org/licenses/by-sa/3.0/","//wikimediafoundation.org/wiki/Terms_of_Use","//wikimediafoundation.org/wiki/Privacy_policy","//www.wikimediafoundation.org/","//wikimediafoundation.org/wiki/Privacy_policy","/wiki/Wikipedia:About","/wiki/Wikipedia:General_disclaimer","//en.wikipedia.org/wiki/Wikipedia:Contact_us","//en.m.wikipedia.org/wiki/Artificial_intelligence,_situated_approach","//wikimediafoundation.org/","//bits.wikimedia.org/images/wikimedia-button.png","//www.mediawiki.org/","//bits.wikimedia.org/static-1.22wmf12/skins/common/images/poweredby_mediawiki_88x31.png","//bits.wikimedia.org/en.wikipedia.org/load.php?debug=false&lang=en&modules=site&only=scripts&skin=vector&*"],"instances":["computer_science","computing","project"],"pdf":["http://www.aaai.org/Papers/FLAIRS/2004/Flairs04-124.pdf"],"categories":["Artificial intelligence","Cognitive science"],"headings":["Emergence of a concept","Definitions","Implementation principles","Notes and references","See also","External links"],"image":["//upload.wikimedia.org/wikipedia/commons/thumb/a/a4/Text_document_with_red_question_mark.svg/40px-Text_document_with_red_question_mark.svg.png","//upload.wikimedia.org/wikipedia/commons/thumb/c/c0/Animation2.gif/17px-Animation2.gif","//en.wikipedia.org/w/index.php?title=Special:CentralAutoLogin/start&type=1x1&from=enwiki","//bits.wikimedia.org/static-1.22wmf12/skins/vector/images/search-ltr.png?303-4","//bits.wikimedia.org/images/wikimedia-button.png","//bits.wikimedia.org/static-1.22wmf12/skins/common/images/poweredby_mediawiki_88x31.png"],"tags":[["cog","project"],["process","computing"],["thread","computer_science"]],"members":["thread","process","cog"],"related":["Artificial_intelligence","Expert_systems","Finite_state_machines","Decision_trees","AI","MIT_Artificial_Intelligence_Laboratory","Rodney_Brooks","Artificial_intelligence","MIT","Cog_(project)","Methodology","AI","Rodney_Brooks","Subsumption_architecture","Robotics","Intelligent_agent","Sony","Aibo","RoboCup","Alan_Turing","Automated_planning_and_scheduling","Finite_state_machines","Expert_systems","Artificial_intelligence","Cognitive_science","Intelligent_agent","Embedded_systems","Robot","Software","Dynamical_system","Sense","Perception","Second_Life","Embodied_embedded_cognition","Interaction","Peripheral","Process_(computing)","Thread_(computer_science)","Abstraction","Software_engineering","Object-oriented_programming","Reactive_planning","Cognitive_minimalism","Finite_state_machines","Memory","Learning","Intelligent_agent","Strong_AI","Artificial_Intelligence","Cognitive_science","Decision_Tree","Finite_State_Machine","Expert_System","Automated_planning_and_scheduling","Scruffy_AI","Reactive_planning","Behavior-based_robotics","Situated_robotics","Encyclopædia_Britannica"]}