{"cursor":"2569","size":15,"audio":[],"currentlang":"en","article":"\n\n\nThe 'Society for the Study of Artificial Intelligence and the Simulation of\nBehaviour' or 'SSAISB' or 'AISB' is a nonprofit, scientific society devoted to\nadvancing the scientific understanding of the mechanisms underlying thought and\nintelligent behaviour and their simulation and embodiment in machines. AISB also\naims to facilitate co-operation and communication among those interested in the\nstudy of artificial intelligence, simulation of behaviour and the design of\nintelligent systems.\n","linknr":101,"url":"Society_for_the_Study_of_Artificial_Intelligence_and_the_Simulation_of_Behaviour","recorded":1376412417,"links":["/w/index.php?title=Society_for_the_Study_of_Artificial_Intelligence_and_the_Simulation_of_Behaviour&action=edit","/w/index.php?title=Society_for_the_Study_of_Artificial_Intelligence_and_the_Simulation_of_Behaviour&action=edit","//bits.wikimedia.org/favicon/wikipedia.ico","/w/opensearch_desc.php","//en.wikipedia.org/w/api.php?action=rsd","//creativecommons.org/licenses/by-sa/3.0/","/w/index.php?title=Special:RecentChanges&feed=atom","http://en.wikipedia.org/wiki/Society_for_the_Study_of_Artificial_Intelligence_and_the_Simulation_of_Behaviour","//bits.wikimedia.org/en.wikipedia.org/load.php?debug=false&lang=en&modules=ext.gadget.DRN-wizard%2CReferenceTooltips%2Ccharinsert%2Cteahouse%7Cext.rtlcite%2Cwikihiero%7Cext.uls.nojs%7Cmediawiki.legacy.commonPrint%2Cshared%7Cmw.PopUpMediaTransform%7Cskins.vector&only=styles&skin=vector&*","//bits.wikimedia.org/en.wikipedia.org/load.php?debug=false&lang=en&modules=ext.visualEditor.viewPageTarget.noscript&only=styles&skin=vector&*","//bits.wikimedia.org/en.wikipedia.org/load.php?debug=false&lang=en&modules=site&only=styles&skin=vector&*","//bits.wikimedia.org/en.wikipedia.org/load.php?debug=false&lang=en&modules=startup&only=scripts&skin=vector&*","//bits.wikimedia.org/geoiplookup","//meta.wikimedia.org","#mw-navigation","#p-search","#History","#Objectives_of_the_Society","#Activities_of_the_Society","#External_links","/w/index.php?title=Society_for_the_Study_of_Artificial_Intelligence_and_the_Simulation_of_Behaviour&action=edit&section=1","/w/index.php?title=Society_for_the_Study_of_Artificial_Intelligence_and_the_Simulation_of_Behaviour&veaction=edit&section=1","/wiki/ECCAI","/w/index.php?title=Society_for_the_Study_of_Artificial_Intelligence_and_the_Simulation_of_Behaviour&action=edit&section=2","/w/index.php?title=Society_for_the_Study_of_Artificial_Intelligence_and_the_Simulation_of_Behaviour&veaction=edit&section=2","/w/index.php?title=Society_for_the_Study_of_Artificial_Intelligence_and_the_Simulation_of_Behaviour&action=edit&section=3","/w/index.php?title=Society_for_the_Study_of_Artificial_Intelligence_and_the_Simulation_of_Behaviour&veaction=edit&section=3","/w/index.php?title=Society_for_the_Study_of_Artificial_Intelligence_and_the_Simulation_of_Behaviour&action=edit&section=4","/w/index.php?title=Society_for_the_Study_of_Artificial_Intelligence_and_the_Simulation_of_Behaviour&veaction=edit&section=4","http://www.aisb.org.uk/","http://www.aisb.org.uk/convention","http://www.aisb.org.uk/aisbj/index.shtml","http://www.aisb.org.uk/events/index.shtml","http://www.aisb.org.uk/secretary/fellows.shtml","/wiki/File:LampFlowchart.svg","//upload.wikimedia.org/wikipedia/commons/thumb/9/91/LampFlowchart.svg/20px-LampFlowchart.svg.png","/wiki/Artificial_intelligence","/wiki/Wikipedia:Stub","//en.wikipedia.org/w/index.php?title=Society_for_the_Study_of_Artificial_Intelligence_and_the_Simulation_of_Behaviour&action=edit","/wiki/Template:Compu-AI-stub","/wiki/Template_talk:Compu-AI-stub","//en.wikipedia.org/w/index.php?title=Template:Compu-AI-stub&action=edit","//en.wikipedia.org/w/index.php?title=Special:CentralAutoLogin/start&type=1x1&from=enwiki","http://en.wikipedia.org/w/index.php?title=Society_for_the_Study_of_Artificial_Intelligence_and_the_Simulation_of_Behaviour&oldid=441573678","/wiki/Help:Category","/wiki/Category:Artificial_intelligence_stubs","/wiki/Category:Artificial_intelligence_associations","/wiki/Category:Computer_science_organizations","/wiki/Category:Organizations_established_in_1964","/wiki/Category:WikiProject_Computer_science_stubs","/w/index.php?title=Special:UserLogin&returnto=Society+for+the+Study+of+Artificial+Intelligence+and+the+Simulation+of+Behaviour&type=signup","/w/index.php?title=Special:UserLogin&returnto=Society+for+the+Study+of+Artificial+Intelligence+and+the+Simulation+of+Behaviour","/wiki/Society_for_the_Study_of_Artificial_Intelligence_and_the_Simulation_of_Behaviour","/wiki/Talk:Society_for_the_Study_of_Artificial_Intelligence_and_the_Simulation_of_Behaviour","#","/wiki/Society_for_the_Study_of_Artificial_Intelligence_and_the_Simulation_of_Behaviour","/w/index.php?title=Society_for_the_Study_of_Artificial_Intelligence_and_the_Simulation_of_Behaviour&action=edit","/w/index.php?title=Society_for_the_Study_of_Artificial_Intelligence_and_the_Simulation_of_Behaviour&veaction=edit","/w/index.php?title=Society_for_the_Study_of_Artificial_Intelligence_and_the_Simulation_of_Behaviour&action=history","#","/w/index.php","//bits.wikimedia.org/static-1.22wmf12/skins/vector/images/search-ltr.png?303-4","/wiki/Main_Page","/wiki/Main_Page","/wiki/Portal:Contents","/wiki/Portal:Featured_content","/wiki/Portal:Current_events","/wiki/Special:Random","https://donate.wikimedia.org/wiki/Special:FundraiserRedirector?utm_source=donate&utm_medium=sidebar&utm_campaign=C13_en.wikipedia.org&uselang=en","/wiki/Help:Contents","/wiki/Wikipedia:About","/wiki/Wikipedia:Community_portal","/wiki/Special:RecentChanges","//en.wikipedia.org/wiki/Wikipedia:Contact_us","/wiki/Special:WhatLinksHere/Society_for_the_Study_of_Artificial_Intelligence_and_the_Simulation_of_Behaviour","/wiki/Special:RecentChangesLinked/Society_for_the_Study_of_Artificial_Intelligence_and_the_Simulation_of_Behaviour","/wiki/Wikipedia:File_Upload_Wizard","/wiki/Special:SpecialPages","/w/index.php?title=Society_for_the_Study_of_Artificial_Intelligence_and_the_Simulation_of_Behaviour&oldid=441573678","/w/index.php?title=Society_for_the_Study_of_Artificial_Intelligence_and_the_Simulation_of_Behaviour&action=info","//www.wikidata.org/wiki/Q7552326","/w/index.php?title=Special:Cite&page=Society_for_the_Study_of_Artificial_Intelligence_and_the_Simulation_of_Behaviour&id=441573678","/w/index.php?title=Special:Book&bookcmd=book_creator&referer=Society+for+the+Study+of+Artificial+Intelligence+and+the+Simulation+of+Behaviour","/w/index.php?title=Special:Book&bookcmd=render_article&arttitle=Society+for+the+Study+of+Artificial+Intelligence+and+the+Simulation+of+Behaviour&oldid=441573678&writer=rl","/w/index.php?title=Society_for_the_Study_of_Artificial_Intelligence_and_the_Simulation_of_Behaviour&printable=yes","#","//www.wikidata.org/wiki/Q7552326#sitelinks-wikipedia","//en.wikipedia.org/wiki/Wikipedia:Text_of_Creative_Commons_Attribution-ShareAlike_3.0_Unported_License","//creativecommons.org/licenses/by-sa/3.0/","//wikimediafoundation.org/wiki/Terms_of_Use","//wikimediafoundation.org/wiki/Privacy_policy","//www.wikimediafoundation.org/","//wikimediafoundation.org/wiki/Privacy_policy","/wiki/Wikipedia:About","/wiki/Wikipedia:General_disclaimer","//en.wikipedia.org/wiki/Wikipedia:Contact_us","//en.m.wikipedia.org/wiki/Society_for_the_Study_of_Artificial_Intelligence_and_the_Simulation_of_Behaviour","//wikimediafoundation.org/","//bits.wikimedia.org/images/wikimedia-button.png","//www.mediawiki.org/","//bits.wikimedia.org/static-1.22wmf12/skins/common/images/poweredby_mediawiki_88x31.png","//bits.wikimedia.org/en.wikipedia.org/load.php?debug=false&lang=en&modules=site&only=scripts&skin=vector&*"],"instances":[],"pdf":[],"categories":["Artificial intelligence associations","Computer science organizations","Organizations established in 1964"],"headings":["History","Objectives of the Society","Activities of the Society","External links"],"image":["//upload.wikimedia.org/wikipedia/commons/thumb/9/91/LampFlowchart.svg/20px-LampFlowchart.svg.png","//en.wikipedia.org/w/index.php?title=Special:CentralAutoLogin/start&type=1x1&from=enwiki","//bits.wikimedia.org/static-1.22wmf12/skins/vector/images/search-ltr.png?303-4","//bits.wikimedia.org/images/wikimedia-button.png","//bits.wikimedia.org/static-1.22wmf12/skins/common/images/poweredby_mediawiki_88x31.png"],"tags":[],"members":[],"related":["ECCAI"]}