{"cursor":"27349","size":15,"audio":[],"currentlang":"en","article":"\n\nStanford University has many centers and institutes dedicated to the study of\nvarious specific topics. These centers and institutes may be within a\ndepartment, within a school but across departments, an independent laboratory,\ninstitute or center reporting directly to the Dean of Research and outside of\nany school, or semi-independent of the University itself.\n","linknr":513,"url":"Stanford_Artificial_Intelligence_Laboratory","recorded":1376410194,"links":["/w/index.php?title=Stanford_University_centers_and_institutes&action=edit","/w/index.php?title=Stanford_University_centers_and_institutes&action=edit","//bits.wikimedia.org/favicon/wikipedia.ico","/w/opensearch_desc.php","//en.wikipedia.org/w/api.php?action=rsd","//creativecommons.org/licenses/by-sa/3.0/","/w/index.php?title=Special:RecentChanges&feed=atom","http://en.wikipedia.org/wiki/Stanford_University_centers_and_institutes","//bits.wikimedia.org/en.wikipedia.org/load.php?debug=false&lang=en&modules=ext.gadget.DRN-wizard%2CReferenceTooltips%2Ccharinsert%2Cteahouse%7Cext.rtlcite%2Cwikihiero%7Cext.uls.nojs%7Cmediawiki.legacy.commonPrint%2Cshared%7Cmw.PopUpMediaTransform%7Cskins.vector&only=styles&skin=vector&*","//bits.wikimedia.org/en.wikipedia.org/load.php?debug=false&lang=en&modules=ext.visualEditor.viewPageTarget.noscript&only=styles&skin=vector&*","//bits.wikimedia.org/en.wikipedia.org/load.php?debug=false&lang=en&modules=site&only=styles&skin=vector&*","//bits.wikimedia.org/en.wikipedia.org/load.php?debug=false&lang=en&modules=startup&only=scripts&skin=vector&*","//bits.wikimedia.org/geoiplookup","//meta.wikimedia.org","/w/index.php?title=Stanford_Artificial_Intelligence_Laboratory&redirect=no","#mw-navigation","#p-search","//upload.wikimedia.org/wikipedia/en/thumb/f/f2/Edit-clear.svg/40px-Edit-clear.svg.png","/wiki/Wikipedia:Manual_of_Style/Lead_section","/wiki/Wikipedia:Summary_style","/wiki/Wikipedia:Manual_of_Style/Lead_section#Provide_an_accessible_overview","/wiki/Stanford_University","#Independent_laboratories.2C_institutes_and_centers","#Center_for_the_Study_of_Language_and_Information","#Directors","#Freeman_Spogli_Institute_for_International_Studies","#History","#Stanford_Humanities_Center","#Mission_statement","#History_2","#Fellowships","#Research_workshops","#Public_events_and_lectures","#Governance","#Directors_2","#Other_research_centers","#Stanford_Artificial_Intelligence_Laboratory","#Early_years","#Demise_and_rebirth","#Stanford_Center_for_Entrepreneurial_Studies","#Center_for_Computer_Research_in_Music_and_Acoustics","#The_Knoll","#Stanford_Institute_for_Creativity_and_the_Arts_.28SiCa.29","#Michelle_R._Clayman_Institute_for_Gender_Research","#History_3","#Research","#Fellowships_2","#Directors_3","#See_also","#References","#External_links","/w/index.php?title=Stanford_University_centers_and_institutes&action=edit&section=1","/w/index.php?title=Stanford_University_centers_and_institutes&veaction=edit&section=1","/wiki/Laboratory_for_Advanced_Materials","/wiki/Kavli_Institute_for_Particle_Astrophysics_and_Cosmology","/wiki/Stanford_Institute_for_Economic_Policy_Research","/wiki/Stanford_PULSE_Institute","/w/index.php?title=Stanford_University_centers_and_institutes&action=edit&section=2","/w/index.php?title=Stanford_University_centers_and_institutes&veaction=edit&section=2","/wiki/Stanford_University","/wiki/SRI_International","/wiki/Xerox_PARC","/wiki/Information","/w/index.php?title=System_Development_Foundation&action=edit&redlink=1","/w/index.php?title=Situated_Language_Project&action=edit&redlink=1","/wiki/Situation_semantics","/wiki/John_Perry_(philosopher)","/wiki/Jon_Barwise","/w/index.php?title=Cordura_Hall&action=edit&redlink=1","/w/index.php?title=Dikran_Karagueuzian&action=edit&redlink=1","/wiki/Ronald_Kaplan","/wiki/Patrick_Suppes","/wiki/Keith_Devlin","/wiki/Solomon_Feferman","/wiki/Ivan_Sag","/wiki/Joan_Bresnan","/wiki/Annie_Zaenen","/wiki/Lauri_Karttunen","/wiki/Herb_Clark","/wiki/B._J._Fogg","/wiki/Clifford_Nass","/wiki/Stanford_Encyclopedia_of_Philosophy","/w/index.php?title=Stanford_University_centers_and_institutes&action=edit&section=3","/w/index.php?title=Stanford_University_centers_and_institutes&veaction=edit&section=3","/wiki/Jon_Barwise","/wiki/John_Perry_(philosopher)","/wiki/John_Etchemendy","/w/index.php?title=Stanley_Peters&action=edit&redlink=1","/wiki/David_Israel","/w/index.php?title=Byron_Reeves&action=edit&redlink=1","/w/index.php?title=Thomas_Wasow&action=edit&redlink=1","/w/index.php?title=Stanford_University_centers_and_institutes&action=edit&section=4","/w/index.php?title=Stanford_University_centers_and_institutes&veaction=edit&section=4","/wiki/File:SIIS.png","//upload.wikimedia.org/wikipedia/en/e/e5/SIIS.png","/w/index.php?title=CDDRL&action=edit&redlink=1","/w/index.php?title=Center_on_Food_Security_and_the_Environment&action=edit&redlink=1","/wiki/Center_for_Health_Policy,_Primary_Care_and_Outcomes_Research","/wiki/Center_for_International_Security_and_Cooperation","/w/index.php?title=The_Europe_Center&action=edit&redlink=1","/wiki/Asia-Pacific_Research_Center","/w/index.php?title=Stanford_University_centers_and_institutes&action=edit&section=5","/w/index.php?title=Stanford_University_centers_and_institutes&veaction=edit&section=5","/w/index.php?title=Brad_Freeman&action=edit&redlink=1","/wiki/Ronald_P._Spogli","/wiki/Richard_Wall_Lyman","/wiki/Ford_Dorsey_Program_in_International_Policy_Studies","/w/index.php?title=Program_on_Energy_%26_Sustainable_Development&action=edit&redlink=1","http://reap.stanford.edu/","/w/index.php?title=Stanford_Center_at_Peking_University&action=edit&redlink=1","/w/index.php?title=Stanford_Program_on_International_and_Cross-Cultural_Education&action=edit&redlink=1","/wiki/Mariano-Florentino_Cu%C3%A9llar","/wiki/Gerhard_Casper","/wiki/Coit_D._Blacker","/wiki/Ukraine","/wiki/Eurasia","/wiki/United_States_National_Security_Council","/wiki/United_States_National_Security_Advisor","/wiki/Anthony_Lake","/wiki/Presidency_of_Bill_Clinton","/wiki/Richard_Lyman","/w/index.php?title=Stanford_University_centers_and_institutes&action=edit&section=6","/w/index.php?title=Stanford_University_centers_and_institutes&veaction=edit&section=6","/wiki/File:SHC_bowman.jpg","//upload.wikimedia.org/wikipedia/commons/thumb/c/c8/SHC_bowman.jpg/300px-SHC_bowman.jpg","/wiki/File:SHC_bowman.jpg","//bits.wikimedia.org/static-1.22wmf11/skins/common/images/magnify-clip.png","/wiki/Humanities","/wiki/Stanford_University","/wiki/Stanford,_CA","/wiki/Scholar","/w/index.php?title=Stanford_University_centers_and_institutes&action=edit&section=7","/w/index.php?title=Stanford_University_centers_and_institutes&veaction=edit&section=7","/w/index.php?title=Stanford_University_centers_and_institutes&action=edit&section=8","/w/index.php?title=Stanford_University_centers_and_institutes&veaction=edit&section=8","/wiki/Donald_Kennedy","/wiki/Lecture","/wiki/Ian_Watt","/w/index.php?title=Stanford_University_centers_and_institutes&action=edit&section=9","/w/index.php?title=Stanford_University_centers_and_institutes&veaction=edit&section=9","/w/index.php?title=Stanford_University_centers_and_institutes&action=edit&section=10","/w/index.php?title=Stanford_University_centers_and_institutes&veaction=edit&section=10","/w/index.php?title=Stanford_University_centers_and_institutes&action=edit&section=11","/w/index.php?title=Stanford_University_centers_and_institutes&veaction=edit&section=11","/wiki/Isabel_Allende","/wiki/Roger_Chartier","/wiki/Stephen_Jay_Gould","/wiki/Douglas_Hofstadter","/wiki/Gayatri_Spivak","/w/index.php?title=Stanford_University_centers_and_institutes&action=edit&section=12","/w/index.php?title=Stanford_University_centers_and_institutes&veaction=edit&section=12","/w/index.php?title=Stanford_University_centers_and_institutes&action=edit&section=13","/w/index.php?title=Stanford_University_centers_and_institutes&veaction=edit&section=13","/wiki/Ian_Watt","/w/index.php?title=Stanford_University_centers_and_institutes&action=edit&section=14","/w/index.php?title=Stanford_University_centers_and_institutes&veaction=edit&section=14","/w/index.php?title=Stanford_University_centers_and_institutes&action=edit&section=15","/w/index.php?title=Stanford_University_centers_and_institutes&veaction=edit&section=15","/wiki/Artificial_intelligence","/wiki/Stanford_University","/wiki/Andrew_Ng","/w/index.php?title=Stanford_University_centers_and_institutes&action=edit&section=16","/w/index.php?title=Stanford_University_centers_and_institutes&veaction=edit&section=16","/wiki/John_McCarthy_(computer_scientist)","/wiki/Massachusetts_Institute_of_Technology","/wiki/GTE","/wiki/Direct_current","#cite_note-dcpower-1","/wiki/ARPANET","#cite_note-2","/wiki/Santa_Cruz_Mountains","#cite_note-dcpower-1","#cite_note-dcpower-1","/w/index.php?title=Arastradero_Open_Space_Preserve&action=edit&redlink=1","#cite_note-3","/wiki/WAITS","/wiki/Operating_system","#cite_note-SAIL-4","/wiki/Digital_Equipment_Corporation","/wiki/PDP-10","/wiki/PDP-6","/wiki/KA10","/wiki/KL10","/wiki/Foonly","/wiki/CCRMA","/wiki/Lawrence_Livermore_National_Laboratory","#cite_note-SAIL-4","/wiki/SAIL_programming_language","/wiki/Bob_Sproull","#cite_note-5","/w/index.php?title=Stanford_University_centers_and_institutes&action=edit&section=17","/w/index.php?title=Stanford_University_centers_and_institutes&veaction=edit&section=17","/wiki/Sebastian_Thrun","#cite_note-aihome-6","/wiki/Bioinformatics","/wiki/Cognition","/wiki/Computational_geometry","/wiki/Computer_vision","/wiki/Decision_theory","/wiki/Distributed_systems","/wiki/Game_theory","/wiki/General_Game_Playing","/wiki/Image_processing","/wiki/Information_retrieval","/wiki/Knowledge_base","/wiki/Logic","/wiki/Machine_learning","/wiki/Multi-agent_systems","/wiki/Natural_language","/wiki/Neural_networks","/wiki/Planning","/wiki/Bayesian_network","/wiki/Sensor_network","/wiki/Robotics","#cite_note-aihome-6","/wiki/Silicon_Valley","/wiki/Cisco_Systems","/wiki/Sun_Microsystems","/w/index.php?title=Vicarm_Inc.&action=edit&redlink=1","/wiki/Unimation","/wiki/Foonly","/wiki/Xidex","/wiki/Valid_Logic_Systems","/wiki/D.E._Shaw_%26_Co","/wiki/Speech_recognition","/wiki/Robotics","#cite_note-SAIL-4","/w/index.php?title=Stanford_University_centers_and_institutes&action=edit&section=18","/w/index.php?title=Stanford_University_centers_and_institutes&veaction=edit&section=18","/wiki/Stanford_University","/wiki/Graduate_student","/wiki/Stanford_University_School_of_Engineering","/wiki/Stanford_Graduate_School_of_Business","/wiki/Intern","/wiki/Startup_company","/wiki/Tom_Byers","/wiki/Charles_A._Holloway","/w/index.php?title=Stanford_University_centers_and_institutes&action=edit&section=19","/w/index.php?title=Stanford_University_centers_and_institutes&veaction=edit&section=19","/wiki/File:Ccrma.jpg","//upload.wikimedia.org/wikipedia/commons/thumb/a/a0/Ccrma.jpg/220px-Ccrma.jpg","/wiki/File:Ccrma.jpg","//bits.wikimedia.org/static-1.22wmf11/skins/common/images/magnify-clip.png","/wiki/John_Chowning","/wiki/Researchers","/wiki/Chris_Chafe","/wiki/Julius_Smith","/wiki/Max_Mathews","/wiki/Ge_Wang","/wiki/Marina_Bosi","/wiki/FM_synthesis","/wiki/Digital_waveguide_synthesis","#cite_note-7","#cite_note-8","/w/index.php?title=Stanford_University_centers_and_institutes&action=edit&section=20","/w/index.php?title=Stanford_University_centers_and_institutes&veaction=edit&section=20","/wiki/Spanish_Gothic_architecture","/wiki/Loma_Prieta_earthquake","/w/index.php?title=Center_for_Computer_Assisted_Research_in_the_Humanities&action=edit&redlink=1","/w/index.php?title=Stanford_University_centers_and_institutes&action=edit&section=21","/w/index.php?title=Stanford_University_centers_and_institutes&veaction=edit&section=21","/w/index.php?title=Stanford_Arts_Initiative&action=edit&redlink=1","/wiki/Stanford_University","/w/index.php?title=Stanford_University_centers_and_institutes&action=edit&section=22","/w/index.php?title=Stanford_University_centers_and_institutes&veaction=edit&section=22","/wiki/Stanford_University","/wiki/Research","/wiki/Gender","/wiki/Interdisciplinary","/wiki/Knowledge","/wiki/Gender_equality","/wiki/Nation","/wiki/International","/wiki/Scholars","#cite_note-9","/w/index.php?title=Stanford_University_centers_and_institutes&action=edit&section=23","/w/index.php?title=Stanford_University_centers_and_institutes&veaction=edit&section=23","/wiki/Feminist_movement","/wiki/Executive_director","/wiki/University_of_Chicago_Press","/wiki/Signs_(journal)","#cite_note-10","/wiki/Dialogues","/wiki/Londa_Schiebinger","/wiki/Historian_of_science","/wiki/William_and_Flora_Hewlett_Foundation","/wiki/Fundraising","/w/index.php?title=Stanford_University_centers_and_institutes&action=edit&section=24","/w/index.php?title=Stanford_University_centers_and_institutes&veaction=edit&section=24","/wiki/Publications","http://www.sup.org/book.cgi?book_id=5814%205815","http://www.stanford.edu/group/gender/ResearchPrograms/DualCareer/index.html","http://www.stanford.edu/group/gender/ResearchPrograms/TopTech/index.html","/wiki/Anita_Borg","/wiki/Barriers","/wiki/Employee_retention","/wiki/Silicon_Valley","/w/index.php?title=Stanford_University_centers_and_institutes&action=edit&section=25","/w/index.php?title=Stanford_University_centers_and_institutes&veaction=edit&section=25","/wiki/Faculty_(university)","/wiki/Tenured","/wiki/Dissertation","/wiki/Doctoral","/w/index.php?title=Stanford_University_centers_and_institutes&action=edit&section=26","/w/index.php?title=Stanford_University_centers_and_institutes&veaction=edit&section=26","/wiki/Marilyn_Yalom","/w/index.php?title=Stanford_University_centers_and_institutes&action=edit&section=27","/w/index.php?title=Stanford_University_centers_and_institutes&veaction=edit&section=27","/wiki/Hoover_Institution","/wiki/SLAC_National_Accelerator_Laboratory","/wiki/United_States_Department_of_Energy","/wiki/Center_for_Advanced_Study_in_the_Behavioral_Sciences","/wiki/SRI_International","/w/index.php?title=Stanford_University_centers_and_institutes&action=edit&section=28","/w/index.php?title=Stanford_University_centers_and_institutes&veaction=edit&section=28","#cite_ref-dcpower_1-0","#cite_ref-dcpower_1-1","#cite_ref-dcpower_1-2","http://www-db.stanford.edu/pub/voy/museum/pictures/AIlab/list.html#DCPOWER","#cite_ref-2","http://purl.umn.edu/107605","/wiki/Charles_Babbage_Institute","/wiki/Artificial_intelligence","/wiki/Defense_Advanced_Research_Projects_Agency","/wiki/Stanford_Artificial_Intelligence_Laboratory","#cite_ref-3","http://www.cityofpaloalto.org/cityagenda/publish/planning-transportation-meetings/2807.pdf","#cite_ref-SAIL_4-0","#cite_ref-SAIL_4-1","#cite_ref-SAIL_4-2","http://www-db.stanford.edu/pub/voy/museum/pictures/AIlab/SailFarewell.html","#cite_ref-5","http://foldoc.org/foldoc.cgi?Stanford+Artificial+Intelligence+Language","/wiki/Free_On-line_Dictionary_of_Computing","#cite_ref-aihome_6-0","#cite_ref-aihome_6-1","http://ai.stanford.edu/","#cite_ref-7","http://books.google.com/books?id=_AkEAAAAMBAJ&pg=PA56","#cite_ref-8","http://news.stanford.edu/pr/94/940607Arc4222.html","#cite_ref-9","http://www.stanford.edu/group/gender/","#cite_ref-10","/w/index.php?title=Stanford_University_centers_and_institutes&action=edit&section=29","/w/index.php?title=Stanford_University_centers_and_institutes&veaction=edit&section=29","http://dor.stanford.edu/independent_labs.html","http://www.stanford.edu/research/centers.html","http://ai.stanford.edu/","http://ccrma.stanford.edu/","http://www.nabble.com/CCRMA-f2875.html","http://www-csli.stanford.edu/","http://fsi.stanford.edu","http://arts.stanford.edu","http://shc.stanford.edu","http://gender.stanford.edu","http://www.cbi.umn.edu/oh/index.html","http://purl.umn.edu/107717","http://purl.umn.edu/107605","http://purl.umn.edu/107165","http://purl.umn.edu/107544","/wiki/Charles_Babbage_Institute","/wiki/Template:Freeman_Spogli_Institute","/wiki/Template_talk:Freeman_Spogli_Institute","//en.wikipedia.org/w/index.php?title=Template:Freeman_Spogli_Institute&action=edit","/wiki/Freeman_Spogli_Institute_for_International_Studies","/wiki/Ford_Dorsey_Program_in_International_Policy_Studies","/wiki/Asia%E2%80%93Pacific_Research_Center","/wiki/Center_on_Democracy,_Development_and_the_Rule_of_Law","/wiki/Center_for_Environmental_Science_and_Policy","/wiki/Center_for_Health_Policy,_Primary_Care_and_Outcomes_Research","/wiki/Center_for_International_Security_and_Cooperation","/wiki/Leland_Stanford_Junior_University","/wiki/Template:Stanford_University","/wiki/Template_talk:Stanford_University","//en.wikipedia.org/w/index.php?title=Template:Stanford_University&action=edit","/wiki/Stanford_University","/wiki/Stanford_University_School_of_Humanities_and_Sciences","/wiki/Stanford_University_School_of_Engineering","/wiki/Stanford_University_School_of_Earth_Sciences","/wiki/Stanford_Graduate_School_of_Education","/wiki/Stanford_Graduate_School_of_Business","/wiki/Stanford_Law_School","/wiki/Stanford_University_School_of_Medicine","/wiki/Stanford_University_Libraries","/wiki/Green_Library","/wiki/J._Henry_Meyer_Memorial_Library","/wiki/Stanford_University_Centers_and_Institutes","/wiki/Center_for_Advanced_Study_in_the_Behavioral_Sciences","/wiki/Hasso_Plattner_Institute_of_Design","/wiki/Hoover_Institution","/wiki/Hopkins_Marine_Station","/wiki/Jasper_Ridge_Biological_Preserve","/wiki/SLAC_National_Accelerator_Laboratory","/wiki/Stanford_University_Medical_Center","/wiki/Stanford_Institute_for_Theoretical_Physics","/wiki/The_Dish_(landmark)","/wiki/Stanford_University_Arboretum","/wiki/Arizona_Cactus_Garden","/wiki/Bing_Concert_Hall","/wiki/Braun_Music_Center","/wiki/Stanford_Clock_Tower","/wiki/Stanford_Fire_Truck_House","/wiki/Frost_Amphitheater","/wiki/Green_Earth_Sciences","/wiki/Haas_Center_for_Public_Service","/wiki/Hanna-Honeycomb_House","/wiki/Lou_Henry_and_Herbert_Hoover_House","/wiki/Hoover_Tower","/wiki/Lake_Lagunita","/wiki/Stanford_Mausoleum","/wiki/Stanford_Memorial_Auditorium","/wiki/Stanford_Memorial_Church","/wiki/Stanford_Research_Park","/wiki/Stanford_Shopping_Center","/wiki/Stanford_Encyclopedia_of_Philosophy","/wiki/HighWire_Press","/wiki/Stanford_Journal_of_East_Asian_Affairs","/wiki/Stanford_Law_Review","/wiki/Stanford_University_Press","/wiki/KZSU","/wiki/Stanford_Marguerite_Shuttle","/wiki/Stanford_Band","/wiki/Stanford_Everyday_People","/wiki/Stanford_Harmonics","/wiki/Stanford_Mendicants","/wiki/Stanford_Raagapella","/wiki/Stanford_Chaparral","/wiki/The_Stanford_Daily","/wiki/The_Stanford_Review","/wiki/Stanford_Tree","/wiki/Business_Association_of_Stanford_Entrepreneurial_Students","/wiki/Stanford_in_popular_culture","/wiki/Stanford_Cardinal","/wiki/Stanford_Axe","/wiki/Stanford_Stadium","/wiki/Big_Game_(American_football)","/wiki/The_Play","/wiki/Maples_Pavilion","/wiki/Klein_Field_at_Sunken_Diamond","/wiki/Taube_Tennis_Center","/wiki/NACDA_Director%27s_Cup","/wiki/John_L._Hennessy","/wiki/List_of_Stanford_University_people","/wiki/Leland_Stanford,_Jr.","/wiki/Leland_Stanford","/wiki/Jane_Stanford","//en.wikipedia.org/w/index.php?title=Special:CentralAutoLogin/start&type=1x1&from=enwiki","http://en.wikipedia.org/w/index.php?title=Stanford_University_centers_and_institutes&oldid=565955339#Stanford_Artificial_Intelligence_Laboratory","/wiki/Help:Category","/wiki/Category:Artificial_intelligence_laboratories","/wiki/Category:Stanford_University","/wiki/Category:Research_institutes_in_the_San_Francisco_Bay_Area","/wiki/Category:Computer_science_institutes_in_the_United_States","/wiki/Category:Laboratories_in_the_United_States","/wiki/Category:Use_mdy_dates_from_June_2013","/wiki/Category:Wikipedia_introduction_cleanup_from_September_2009","/wiki/Category:All_pages_needing_cleanup","/wiki/Category:Articles_covered_by_WikiProject_Wikify_from_September_2009","/wiki/Category:All_articles_covered_by_WikiProject_Wikify","/w/index.php?title=Special:UserLogin&returnto=Stanford+University+centers+and+institutes&type=signup","/w/index.php?title=Special:UserLogin&returnto=Stanford+University+centers+and+institutes","/wiki/Stanford_University_centers_and_institutes","/wiki/Talk:Stanford_University_centers_and_institutes","#","/wiki/Stanford_University_centers_and_institutes","/w/index.php?title=Stanford_University_centers_and_institutes&action=edit","/w/index.php?title=Stanford_University_centers_and_institutes&veaction=edit","/w/index.php?title=Stanford_University_centers_and_institutes&action=history","#","/w/index.php","//bits.wikimedia.org/static-1.22wmf12/skins/vector/images/search-ltr.png?303-4","/wiki/Main_Page","/wiki/Main_Page","/wiki/Portal:Contents","/wiki/Portal:Featured_content","/wiki/Portal:Current_events","/wiki/Special:Random","https://donate.wikimedia.org/wiki/Special:FundraiserRedirector?utm_source=donate&utm_medium=sidebar&utm_campaign=C13_en.wikipedia.org&uselang=en","/wiki/Help:Contents","/wiki/Wikipedia:About","/wiki/Wikipedia:Community_portal","/wiki/Special:RecentChanges","//en.wikipedia.org/wiki/Wikipedia:Contact_us","/wiki/Special:WhatLinksHere/Stanford_University_centers_and_institutes","/wiki/Special:RecentChangesLinked/Stanford_University_centers_and_institutes","/wiki/Wikipedia:File_Upload_Wizard","/wiki/Special:SpecialPages","/w/index.php?title=Stanford_University_centers_and_institutes&oldid=565955339","/w/index.php?title=Stanford_University_centers_and_institutes&action=info","//www.wikidata.org/wiki/Q2931153","/w/index.php?title=Special:Cite&page=Stanford_University_centers_and_institutes&id=565955339","/w/index.php?title=Special:Book&bookcmd=book_creator&referer=Stanford+University+centers+and+institutes","/w/index.php?title=Special:Book&bookcmd=render_article&arttitle=Stanford+University+centers+and+institutes&oldid=565955339&writer=rl","/w/index.php?title=Stanford_University_centers_and_institutes&printable=yes","//fr.wikipedia.org/wiki/CCRMA","//ja.wikipedia.org/wiki/%E3%82%B9%E3%82%BF%E3%83%B3%E3%83%95%E3%82%A9%E3%83%BC%E3%83%89%E4%BA%BA%E5%B7%A5%E7%9F%A5%E8%83%BD%E7%A0%94%E7%A9%B6%E6%89%80","#","//www.wikidata.org/wiki/Q2931153#sitelinks-wikipedia","//en.wikipedia.org/wiki/Wikipedia:Text_of_Creative_Commons_Attribution-ShareAlike_3.0_Unported_License","//creativecommons.org/licenses/by-sa/3.0/","//wikimediafoundation.org/wiki/Terms_of_Use","//wikimediafoundation.org/wiki/Privacy_policy","//www.wikimediafoundation.org/","//wikimediafoundation.org/wiki/Privacy_policy","/wiki/Wikipedia:About","/wiki/Wikipedia:General_disclaimer","//en.wikipedia.org/wiki/Wikipedia:Contact_us","//en.m.wikipedia.org/wiki/Stanford_University_centers_and_institutes#Stanford_Artificial_Intelligence_Laboratory","//wikimediafoundation.org/","//bits.wikimedia.org/images/wikimedia-button.png","//www.mediawiki.org/","//bits.wikimedia.org/static-1.22wmf12/skins/common/images/poweredby_mediawiki_88x31.png","//bits.wikimedia.org/en.wikipedia.org/load.php?debug=false&lang=en&modules=site&only=scripts&skin=vector&*"],"instances":["university","philosopher","computer_scientist"],"pdf":["http://www.cityofpaloalto.org/cityagenda/publish/planning-transportation-meetings/2807.pdf"],"categories":["Artificial intelligence laboratories","Stanford University|","Research institutes in the San Francisco Bay Area","Computer science institutes in the United States","Laboratories in the United States"],"headings":["Independent laboratories, institutes and centers","Other research centers","See also","References","External links"],"image":["//upload.wikimedia.org/wikipedia/en/thumb/f/f2/Edit-clear.svg/40px-Edit-clear.svg.png","//upload.wikimedia.org/wikipedia/en/e/e5/SIIS.png","//upload.wikimedia.org/wikipedia/commons/thumb/c/c8/SHC_bowman.jpg/300px-SHC_bowman.jpg","//bits.wikimedia.org/static-1.22wmf11/skins/common/images/magnify-clip.png","//upload.wikimedia.org/wikipedia/commons/thumb/a/a0/Ccrma.jpg/220px-Ccrma.jpg","//bits.wikimedia.org/static-1.22wmf11/skins/common/images/magnify-clip.png","//en.wikipedia.org/w/index.php?title=Special:CentralAutoLogin/start&type=1x1&from=enwiki","//bits.wikimedia.org/static-1.22wmf12/skins/vector/images/search-ltr.png?303-4","//bits.wikimedia.org/images/wikimedia-button.png","//bits.wikimedia.org/static-1.22wmf12/skins/common/images/poweredby_mediawiki_88x31.png"],"tags":[["john_perry","philosopher"],["john_perry","philosopher"],["john_mccarthy","computer_scientist"],["faculty","university"]],"members":["faculty","john_perry","john_mccarthy"],"related":["Stanford_University","Laboratory_for_Advanced_Materials","Kavli_Institute_for_Particle_Astrophysics_and_Cosmology","Stanford_Institute_for_Economic_Policy_Research","Stanford_PULSE_Institute","Stanford_University","SRI_International","Xerox_PARC","Information","System_Development_Foundation","Situated_Language_Project","Situation_semantics","John_Perry_(philosopher)","Jon_Barwise","Cordura_Hall","Dikran_Karagueuzian","Ronald_Kaplan","Patrick_Suppes","Keith_Devlin","Solomon_Feferman","Ivan_Sag","Joan_Bresnan","Annie_Zaenen","Lauri_Karttunen","Herb_Clark","B._J._Fogg","Clifford_Nass","Stanford_Encyclopedia_of_Philosophy","Jon_Barwise","John_Perry_(philosopher)","John_Etchemendy","Stanley_Peters","David_Israel","Byron_Reeves","Thomas_Wasow","CDDRL","Center_on_Food_Security_and_the_Environment","Center_for_Health_Policy,_Primary_Care_and_Outcomes_Research","Center_for_International_Security_and_Cooperation","The_Europe_Center","Asia-Pacific_Research_Center","Brad_Freeman","Ronald_P._Spogli","Richard_Wall_Lyman","Ford_Dorsey_Program_in_International_Policy_Studies","Program_on_Energy_&_Sustainable_Development","Stanford_Center_at_Peking_University","Stanford_Program_on_International_and_Cross-Cultural_Education","Mariano-Florentino_Cuéllar","Gerhard_Casper","Coit_D._Blacker","Ukraine","Eurasia","United_States_National_Security_Council","United_States_National_Security_Advisor","Anthony_Lake","Presidency_of_Bill_Clinton","Richard_Lyman","Humanities","Stanford_University","Stanford,_CA","Scholar","Donald_Kennedy","Lecture","Ian_Watt","Isabel_Allende","Roger_Chartier","Stephen_Jay_Gould","Douglas_Hofstadter","Gayatri_Spivak","Ian_Watt","Artificial_intelligence","Stanford_University","Andrew_Ng","John_McCarthy_(computer_scientist)","Massachusetts_Institute_of_Technology","GTE","Direct_current","ARPANET","Charles_Babbage_Institute","Artificial_intelligence","Defense_Advanced_Research_Projects_Agency","Stanford_Artificial_Intelligence_Laboratory","Santa_Cruz_Mountains","Arastradero_Open_Space_Preserve","WAITS","Operating_system","Digital_Equipment_Corporation","PDP-10","PDP-6","KA10","KL10","Foonly","CCRMA","Lawrence_Livermore_National_Laboratory","SAIL_programming_language","Bob_Sproull","Free_On-line_Dictionary_of_Computing","Sebastian_Thrun","Bioinformatics","Cognition","Computational_geometry","Computer_vision","Decision_theory","Distributed_systems","Game_theory","General_Game_Playing","Image_processing","Information_retrieval","Knowledge_base","Logic","Machine_learning","Multi-agent_systems","Natural_language","Neural_networks","Planning","Bayesian_network","Sensor_network","Robotics","Silicon_Valley","Cisco_Systems","Sun_Microsystems","Vicarm_Inc.","Unimation","Foonly","Xidex","Valid_Logic_Systems","D.E._Shaw_&_Co","Speech_recognition","Robotics","Stanford_University","Graduate_student","Stanford_University_School_of_Engineering","Stanford_Graduate_School_of_Business","Intern","Startup_company","Tom_Byers","Charles_A._Holloway","John_Chowning","Researchers","Chris_Chafe","Julius_Smith","Max_Mathews","Ge_Wang","Marina_Bosi","FM_synthesis","Digital_waveguide_synthesis","Spanish_Gothic_architecture","Loma_Prieta_earthquake","Center_for_Computer_Assisted_Research_in_the_Humanities","Stanford_Arts_Initiative","Stanford_University","Stanford_University","Research","Gender","Interdisciplinary","Knowledge","Gender_equality","Nation","International","Scholars","Feminist_movement","Executive_director","University_of_Chicago_Press","Dialogues","Londa_Schiebinger","Historian_of_science","William_and_Flora_Hewlett_Foundation","Fundraising","Publications","Anita_Borg","Barriers","Employee_retention","Silicon_Valley","Faculty_(university)","Tenured","Dissertation","Doctoral","Marilyn_Yalom","Hoover_Institution","SLAC_National_Accelerator_Laboratory","United_States_Department_of_Energy","Center_for_Advanced_Study_in_the_Behavioral_Sciences","SRI_International","Charles_Babbage_Institute"]}