{"cursor":"25649","size":15,"audio":[],"currentlang":"en","article":"There are many 'types of artificial neural networks (ANN)'. An artificial neural\nnetwork is a computational simulation of a biological neural network. These\nmodels mimic the real life behaviour of neurons and the electrical messages they\nproduce between input (such as from the eyes or nerve endings in the hand),\nprocessing by the brain and the final output from the brain (such as reacting to\nlight or from sensing touch or heat). There are other ANNs which are adaptive\nsystems used to model things such as environments and population.\n\nThe systems can be hardware and software based specifically built systems or\npurely software based and run in computer models.\n","linknr":354,"url":"Types_of_artificial_neural_networks","recorded":1376396244,"links":["/w/index.php?title=Types_of_artificial_neural_networks&action=edit","/w/index.php?title=Types_of_artificial_neural_networks&action=edit","//bits.wikimedia.org/favicon/wikipedia.ico","/w/opensearch_desc.php","//en.wikipedia.org/w/api.php?action=rsd","//creativecommons.org/licenses/by-sa/3.0/","/w/index.php?title=Special:RecentChanges&feed=atom","http://en.wikipedia.org/wiki/Types_of_artificial_neural_networks","//bits.wikimedia.org/en.wikipedia.org/load.php?debug=false&lang=en&modules=ext.gadget.DRN-wizard%2CReferenceTooltips%2Ccharinsert%2Cteahouse%7Cext.rtlcite%2Cwikihiero%7Cext.uls.nojs%7Cmediawiki.legacy.commonPrint%2Cshared%7Cmw.PopUpMediaTransform%7Cskins.vector&only=styles&skin=vector&*","//bits.wikimedia.org/en.wikipedia.org/load.php?debug=false&lang=en&modules=ext.visualEditor.viewPageTarget.noscript&only=styles&skin=vector&*","//bits.wikimedia.org/en.wikipedia.org/load.php?debug=false&lang=en&modules=site&only=styles&skin=vector&*","//bits.wikimedia.org/en.wikipedia.org/load.php?debug=false&lang=en&modules=startup&only=scripts&skin=vector&*","//bits.wikimedia.org/geoiplookup","//meta.wikimedia.org","#mw-navigation","#p-search","/wiki/Artificial_neural_network","/wiki/Computational_simulation","/wiki/Biological_neural_network","/wiki/Adaptive_system","#Feedforward_neural_network","#Radial_basis_function_.28RBF.29_network","#Kohonen_self-organizing_network","#Learning_Vector_Quantization","#Recurrent_neural_network","#Fully_recurrent_network","#Hopfield_network","#Boltzmann_machine","#Simple_recurrent_networks","#Echo_state_network","#Long_short_term_memory_network","#Bi-directional_RNN","#Hierarchical_RNN","#Stochastic_neural_networks","#Modular_neural_networks","#Committee_of_machines","#Associative_neural_network_.28ASNN.29","#Physical_neural_network","#Other_types_of_networks","#Holographic_associative_memory","#Instantaneously_trained_networks","#Spiking_neural_networks","#Dynamic_neural_networks","#Cascading_neural_networks","#Neuro-fuzzy_networks","#Compositional_pattern-producing_networks","#One-shot_associative_memory","#See_also","#References","/w/index.php?title=Types_of_artificial_neural_networks&action=edit&section=1","/w/index.php?title=Types_of_artificial_neural_networks&veaction=edit&section=1","/wiki/Feedforward_neural_network","/wiki/McCulloch-Pitts_neuron","/wiki/Perceptron","/wiki/Backpropagation","/w/index.php?title=Types_of_artificial_neural_networks&action=edit&section=2","/w/index.php?title=Types_of_artificial_neural_networks&veaction=edit&section=2","/wiki/Radial_basis_function_network","/wiki/Sigmoid_function","/wiki/Ridge_regression","/wiki/Bayesian_statistics","/wiki/Iteratively_re-weighted_least_squares","/wiki/Overfitting","/wiki/Support_vector_machine","/wiki/Kernel_function","/w/index.php?title=Types_of_artificial_neural_networks&action=edit&section=3","/w/index.php?title=Types_of_artificial_neural_networks&veaction=edit&section=3","/wiki/Self-organizing_map","/wiki/Teuvo_Kohonen","/wiki/Unsupervised_learning","/w/index.php?title=Types_of_artificial_neural_networks&action=edit&section=4","/w/index.php?title=Types_of_artificial_neural_networks&veaction=edit&section=4","/wiki/Learning_Vector_Quantization","/wiki/Learning_Vector_Quantization","/wiki/Teuvo_Kohonen","/w/index.php?title=Types_of_artificial_neural_networks&action=edit&section=5","/w/index.php?title=Types_of_artificial_neural_networks&veaction=edit&section=5","/wiki/Recurrent_neural_network","/wiki/Recurrent_neural_network","/w/index.php?title=Types_of_artificial_neural_networks&action=edit&section=6","/w/index.php?title=Types_of_artificial_neural_networks&veaction=edit&section=6","/wiki/Supervised_learning","/wiki/Gradient_descent","/wiki/Differentiable","/wiki/Paul_Werbos","/wiki/Ronald_J._Williams","/wiki/Tony_Robinson","/wiki/J%C3%BCrgen_Schmidhuber","/wiki/Backpropagation_through_time","#cite_note-1","#cite_note-2","/w/index.php?title=Real-Time_Recurrent_Learning&action=edit&redlink=1","#cite_note-3","#cite_note-4","#cite_note-5","#cite_note-6","#cite_note-7","#cite_note-8","#cite_note-9","/wiki/Sepp_Hochreiter","#cite_note-10","#cite_note-11","/wiki/Long_short_term_memory","#cite_note-lstm-12","/wiki/Reinforcement_learning","/wiki/Fitness_function","/wiki/Reward_function","/wiki/Utility_function","/wiki/Evolutionary_computation","/w/index.php?title=Types_of_artificial_neural_networks&action=edit&section=7","/w/index.php?title=Types_of_artificial_neural_networks&veaction=edit&section=7","/wiki/Hopfield_network","/wiki/John_Hopfield","/wiki/Hebbian_learning","/wiki/Content-addressable_memory","/w/index.php?title=Types_of_artificial_neural_networks&action=edit&section=8","/w/index.php?title=Types_of_artificial_neural_networks&veaction=edit&section=8","/wiki/Boltzmann_machine","/wiki/Geoff_Hinton","/wiki/Terry_Sejnowski","/wiki/Product_of_Experts","/w/index.php?title=Types_of_artificial_neural_networks&action=edit&section=9","/w/index.php?title=Types_of_artificial_neural_networks&veaction=edit&section=9","/wiki/Jeff_Elman","/wiki/Michael_I._Jordan","#cite_note-13","/wiki/Gradient_descent","/w/index.php?title=Types_of_artificial_neural_networks&action=edit&section=10","/w/index.php?title=Types_of_artificial_neural_networks&veaction=edit&section=10","/wiki/Echo_state_network","/wiki/Recurrent_neural_network","#cite_note-14","/wiki/Liquid_state_machines","#cite_note-15","/w/index.php?title=Types_of_artificial_neural_networks&action=edit&section=11","/w/index.php?title=Types_of_artificial_neural_networks&veaction=edit&section=11","/wiki/Long_short_term_memory","/wiki/Sepp_Hochreiter","/wiki/J%C3%BCrgen_Schmidhuber","#cite_note-lstm-12","/wiki/Hidden_Markov_model","#cite_note-16","#cite_note-17","/w/index.php?title=Types_of_artificial_neural_networks&action=edit&section=12","/w/index.php?title=Types_of_artificial_neural_networks&veaction=edit&section=12","#cite_note-18","#cite_note-19","/w/index.php?title=Types_of_artificial_neural_networks&action=edit&section=13","/w/index.php?title=Types_of_artificial_neural_networks&veaction=edit&section=13","#cite_note-20","#cite_note-21","/w/index.php?title=Types_of_artificial_neural_networks&action=edit&section=14","/w/index.php?title=Types_of_artificial_neural_networks&veaction=edit&section=14","/wiki/Stochastic_neural_network","/wiki/Statistical_sampling","/wiki/Monte_Carlo_sampling","/w/index.php?title=Types_of_artificial_neural_networks&action=edit&section=15","/w/index.php?title=Types_of_artificial_neural_networks&veaction=edit&section=15","/wiki/Modular_neural_networks","/w/index.php?title=Types_of_artificial_neural_networks&action=edit&section=16","/w/index.php?title=Types_of_artificial_neural_networks&veaction=edit&section=16","/wiki/Committee_machine","/wiki/Wikipedia:Citation_needed","/wiki/Machine_learning","/wiki/Bootstrap_Aggregating","/w/index.php?title=Types_of_artificial_neural_networks&action=edit&section=17","/w/index.php?title=Types_of_artificial_neural_networks&veaction=edit&section=17","http://cogprints.soton.ac.uk/documents/disk0/00/00/14/41/index.html","/wiki/Nearest_neighbor_(pattern_recognition)","http://www.vcclab.org/lab/asnn","/w/index.php?title=Types_of_artificial_neural_networks&action=edit&section=18","/w/index.php?title=Types_of_artificial_neural_networks&veaction=edit&section=18","/wiki/Physical_neural_network","/wiki/ADALINE","/wiki/Bernard_Widrow","/wiki/Memristor","/wiki/HP_Labs","/w/index.php?title=Types_of_artificial_neural_networks&action=edit&section=19","/w/index.php?title=Types_of_artificial_neural_networks&veaction=edit&section=19","/w/index.php?title=Types_of_artificial_neural_networks&action=edit&section=20","/w/index.php?title=Types_of_artificial_neural_networks&veaction=edit&section=20","/wiki/Holographic_associative_memory","/w/index.php?title=Types_of_artificial_neural_networks&action=edit&section=21","/w/index.php?title=Types_of_artificial_neural_networks&veaction=edit&section=21","/wiki/Instantaneously_trained_neural_networks","/w/index.php?title=Types_of_artificial_neural_networks&action=edit&section=22","/w/index.php?title=Types_of_artificial_neural_networks&veaction=edit&section=22","/wiki/Spiking_neural_network","/wiki/Time_domain","/wiki/Pulse_computer","#cite_note-pmid16378515-22","/wiki/IBM","/wiki/Blue_Gene","/wiki/Supercomputer","#cite_note-urlIBM_Research-23","http://icwww.epfl.ch/~gerstner/SPNM/SPNM.html","/w/index.php?title=Types_of_artificial_neural_networks&action=edit&section=23","/w/index.php?title=Types_of_artificial_neural_networks&veaction=edit&section=23","/w/index.php?title=Types_of_artificial_neural_networks&action=edit&section=24","/w/index.php?title=Types_of_artificial_neural_networks&veaction=edit&section=24","/w/index.php?title=Cascade_correlation_algorithm&action=edit&redlink=1","/wiki/Supervised_learning","/wiki/Algorithm","/wiki/Scott_Fahlman","/wiki/Back-propagation","/w/index.php?title=Types_of_artificial_neural_networks&action=edit&section=25","/w/index.php?title=Types_of_artificial_neural_networks&veaction=edit&section=25","/wiki/Fuzzy_logic","/wiki/Inference_system","/w/index.php?title=Types_of_artificial_neural_networks&action=edit&section=26","/w/index.php?title=Types_of_artificial_neural_networks&veaction=edit&section=26","/wiki/Compositional_pattern-producing_network","/wiki/Activation_function","/wiki/Sigmoid_function","/wiki/Gaussian_function","/w/index.php?title=Types_of_artificial_neural_networks&action=edit&section=27","/w/index.php?title=Types_of_artificial_neural_networks&veaction=edit&section=27","#cite_note-24","/wiki/Wireless_sensor_network","/wiki/Grid_computing","/wiki/GPGPU","/w/index.php?title=Types_of_artificial_neural_networks&action=edit&section=28","/w/index.php?title=Types_of_artificial_neural_networks&veaction=edit&section=28","/wiki/Adaptive_resonance_theory","/wiki/Artificial_life","/wiki/Associative_memory","//toolserver.org/%7Edispenser/cgi-bin/dab_solver.py?page=Types_of_artificial_neural_networks&editintro=Template:Disambiguation_needed/editintro&client=Template:Dn","/wiki/Autoencoder","/wiki/Biological_neural_network","/wiki/Biologically_inspired_computing","/wiki/Blue_brain","/wiki/Connectionist_expert_system","/wiki/Decision_tree_learning","/wiki/Expert_system","/wiki/Fuzzy_logic","/wiki/Genetic_algorithm","/wiki/In_Situ_Adaptive_Tabulation","/wiki/Learning_Vector_Quantization","/wiki/Linear_discriminant_analysis","/wiki/Logistic_regression","/wiki/Memristor","/wiki/Multilayer_perceptron","/wiki/Nearest_neighbor_(pattern_recognition)","/wiki/Neural_Gas","/wiki/Neural_network","/wiki/Neuroevolution","/wiki/NeuroEvolution_of_Augmented_Topologies","/wiki/Neural_network_software","/wiki/Ni1000","/wiki/Optical_neural_network","/wiki/Particle_swarm_optimization","/wiki/Perceptron","/wiki/Predictive_analytics","/wiki/Principal_components_analysis","/wiki/Regression_analysis","/wiki/Simulated_annealing","/wiki/Systolic_array","/wiki/Time_delay_neural_network","/w/index.php?title=Types_of_artificial_neural_networks&action=edit&section=29","/w/index.php?title=Types_of_artificial_neural_networks&veaction=edit&section=29","#cite_ref-1","#cite_ref-2","#cite_ref-3","#cite_ref-4","#cite_ref-5","#cite_ref-6","#cite_ref-7","#cite_ref-8","#cite_ref-9","#cite_ref-10","#cite_ref-11","#cite_ref-lstm_12-0","#cite_ref-lstm_12-1","#cite_ref-13","http://www.brains-minds-media.org/archive/615/bmm615.pdf","#cite_ref-14","#cite_ref-15","#cite_ref-16","#cite_ref-17","#cite_ref-18","#cite_ref-19","#cite_ref-20","#cite_ref-21","http://www.bdc.brain.riken.go.jp/~rpaine/PaineTaniSAB2004_h.pdf","#cite_ref-pmid16378515_22-0","/wiki/Digital_object_identifier","http://dx.doi.org/10.1162%2F089976606775093882","/wiki/PubMed_Identifier","//www.ncbi.nlm.nih.gov/pubmed/16378515","#cite_ref-urlIBM_Research_23-0","http://domino.research.ibm.com/comm/pr.nsf/pages/news.20050606_CognitiveIntelligence.html","#cite_ref-24","http://ieeexplore.ieee.org/xpl/freeabs_all.jsp?arnumber=4359217","//en.wikipedia.org/w/index.php?title=Special:CentralAutoLogin/start&type=1x1&from=enwiki","http://en.wikipedia.org/w/index.php?title=Types_of_artificial_neural_networks&oldid=558856032","/wiki/Help:Categories","/wiki/Category:Computational_statistics","/wiki/Category:Neural_networks","/wiki/Category:Classification_algorithms","/wiki/Category:Computational_neuroscience","/wiki/Category:All_articles_with_unsourced_statements","/wiki/Category:Articles_with_unsourced_statements_from_October_2008","/wiki/Category:Articles_with_links_needing_disambiguation_from_December_2011","/w/index.php?title=Special:UserLogin&returnto=Types+of+artificial+neural+networks&type=signup","/w/index.php?title=Special:UserLogin&returnto=Types+of+artificial+neural+networks","/wiki/Types_of_artificial_neural_networks","/w/index.php?title=Talk:Types_of_artificial_neural_networks&action=edit&redlink=1","#","/wiki/Types_of_artificial_neural_networks","/w/index.php?title=Types_of_artificial_neural_networks&action=edit","/w/index.php?title=Types_of_artificial_neural_networks&veaction=edit","/w/index.php?title=Types_of_artificial_neural_networks&action=history","#","/w/index.php","//bits.wikimedia.org/static-1.22wmf12/skins/vector/images/search-ltr.png?303-4","/wiki/Main_Page","/wiki/Main_Page","/wiki/Portal:Contents","/wiki/Portal:Featured_content","/wiki/Portal:Current_events","/wiki/Special:Random","https://donate.wikimedia.org/wiki/Special:FundraiserRedirector?utm_source=donate&utm_medium=sidebar&utm_campaign=C13_en.wikipedia.org&uselang=en","/wiki/Help:Contents","/wiki/Wikipedia:About","/wiki/Wikipedia:Community_portal","/wiki/Special:RecentChanges","//en.wikipedia.org/wiki/Wikipedia:Contact_us","/wiki/Special:WhatLinksHere/Types_of_artificial_neural_networks","/wiki/Special:RecentChangesLinked/Types_of_artificial_neural_networks","/wiki/Wikipedia:File_Upload_Wizard","/wiki/Special:SpecialPages","/w/index.php?title=Types_of_artificial_neural_networks&oldid=558856032","/w/index.php?title=Types_of_artificial_neural_networks&action=info","//www.wikidata.org/wiki/Q7860946","/w/index.php?title=Special:Cite&page=Types_of_artificial_neural_networks&id=558856032","/w/index.php?title=Special:Book&bookcmd=book_creator&referer=Types+of+artificial+neural+networks","/w/index.php?title=Special:Book&bookcmd=render_article&arttitle=Types+of+artificial+neural+networks&oldid=558856032&writer=rl","/w/index.php?title=Types_of_artificial_neural_networks&printable=yes","#","//www.wikidata.org/wiki/Q7860946#sitelinks-wikipedia","//en.wikipedia.org/wiki/Wikipedia:Text_of_Creative_Commons_Attribution-ShareAlike_3.0_Unported_License","//creativecommons.org/licenses/by-sa/3.0/","//wikimediafoundation.org/wiki/Terms_of_Use","//wikimediafoundation.org/wiki/Privacy_policy","//www.wikimediafoundation.org/","//wikimediafoundation.org/wiki/Privacy_policy","/wiki/Wikipedia:About","/wiki/Wikipedia:General_disclaimer","//en.wikipedia.org/wiki/Wikipedia:Contact_us","//en.m.wikipedia.org/wiki/Types_of_artificial_neural_networks","//wikimediafoundation.org/","//bits.wikimedia.org/images/wikimedia-button.png","//www.mediawiki.org/","//bits.wikimedia.org/static-1.22wmf12/skins/common/images/poweredby_mediawiki_88x31.png","//bits.wikimedia.org/en.wikipedia.org/load.php?debug=false&lang=en&modules=site&only=scripts&skin=vector&*"],"instances":["pattern_recognition"],"pdf":["http://www.brains-minds-media.org/archive/615/bmm615.pdf","http://www.bdc.brain.riken.go.jp/~rpaine/PaineTaniSAB2004_h.pdf"],"categories":["Computational statistics","Neural networks","Classification algorithms","Computational neuroscience"],"headings":["Feedforward neural network","Radial basis function (RBF) network","Kohonen self-organizing network","Learning Vector Quantization","Recurrent neural network","Modular neural networks","Physical neural network","Other types of networks","See also","References"],"image":["//en.wikipedia.org/w/index.php?title=Special:CentralAutoLogin/start&type=1x1&from=enwiki","//bits.wikimedia.org/static-1.22wmf12/skins/vector/images/search-ltr.png?303-4","//bits.wikimedia.org/images/wikimedia-button.png","//bits.wikimedia.org/static-1.22wmf12/skins/common/images/poweredby_mediawiki_88x31.png"],"tags":[["nearest_neighbor","pattern_recognition"],["nearest_neighbor","pattern_recognition"]],"members":["nearest_neighbor"],"related":["Artificial_neural_network","Computational_simulation","Biological_neural_network","Adaptive_system","McCulloch-Pitts_neuron","Perceptron","Backpropagation","Sigmoid_function","Ridge_regression","Bayesian_statistics","Iteratively_re-weighted_least_squares","Overfitting","Support_vector_machine","Kernel_function","Teuvo_Kohonen","Unsupervised_learning","Learning_Vector_Quantization","Teuvo_Kohonen","Recurrent_neural_network","Supervised_learning","Gradient_descent","Differentiable","Paul_Werbos","Ronald_J._Williams","Tony_Robinson","Jürgen_Schmidhuber","Backpropagation_through_time","Real-Time_Recurrent_Learning","Sepp_Hochreiter","Long_short_term_memory","Reinforcement_learning","Fitness_function","Reward_function","Utility_function","Evolutionary_computation","Hopfield_network","John_Hopfield","Hebbian_learning","Content-addressable_memory","Boltzmann_machine","Geoff_Hinton","Terry_Sejnowski","Product_of_Experts","Jeff_Elman","Michael_I._Jordan","Gradient_descent","Echo_state_network","Recurrent_neural_network","Liquid_state_machines","Long_short_term_memory","Sepp_Hochreiter","Jürgen_Schmidhuber","Hidden_Markov_model","Stochastic_neural_network","Statistical_sampling","Monte_Carlo_sampling","Modular_neural_networks","Committee_machine","Machine_learning","Nearest_neighbor_(pattern_recognition)","ADALINE","Bernard_Widrow","Memristor","HP_Labs","Spiking_neural_network","Time_domain","Pulse_computer","IBM","Blue_Gene","Supercomputer","Cascade_correlation_algorithm","Supervised_learning","Algorithm","Scott_Fahlman","Back-propagation","Fuzzy_logic","Inference_system","Compositional_pattern-producing_network","Activation_function","Sigmoid_function","Gaussian_function","Wireless_sensor_network","Grid_computing","GPGPU","Adaptive_resonance_theory","Artificial_life","Associative_memory","Autoencoder","Biological_neural_network","Biologically_inspired_computing","Blue_brain","Connectionist_expert_system","Decision_tree_learning","Expert_system","Fuzzy_logic","Genetic_algorithm","In_Situ_Adaptive_Tabulation","Learning_Vector_Quantization","Linear_discriminant_analysis","Logistic_regression","Memristor","Multilayer_perceptron","Nearest_neighbor_(pattern_recognition)","Neural_Gas","Neural_network","Neuroevolution","NeuroEvolution_of_Augmented_Topologies","Neural_network_software","Ni1000","Optical_neural_network","Particle_swarm_optimization","Perceptron","Predictive_analytics","Principal_components_analysis","Regression_analysis","Simulated_annealing","Systolic_array","Time_delay_neural_network"]}