{"cursor":"1739","size":15,"audio":[],"currentlang":"en","article":"\n'UNI' was a constructed language designed by Elisabeth Wainscott in 1973 as an\ninternational auxiliary language. The language seems to have never gained any\nsizable following and is almost entirely forgotten as of 2007.\n","linknr":85,"url":"UNI_(artificial_language)","recorded":1364033677,"links":["/w/index.php?title=UNI_(artificial_language)&action=edit","/w/index.php?title=UNI_(artificial_language)&action=edit","//en.wikipedia.org/apple-touch-icon.png","//bits.wikimedia.org/favicon/wikipedia.ico","/w/opensearch_desc.php","//en.wikipedia.org/w/api.php?action=rsd","//creativecommons.org/licenses/by-sa/3.0/","/w/index.php?title=Special:RecentChanges&feed=atom","//bits.wikimedia.org/en.wikipedia.org/load.php?debug=false&lang=en&modules=ext.gadget.DRN-wizard%2CReferenceTooltips%2Ccharinsert%2Cteahouse%7Cext.wikihiero%7Cmediawiki.legacy.commonPrint%2Cshared%7Cmw.PopUpMediaTransform%7Cskins.vector&only=styles&skin=vector&*","//bits.wikimedia.org/en.wikipedia.org/load.php?debug=false&lang=en&modules=site&only=styles&skin=vector&*","//bits.wikimedia.org/en.wikipedia.org/load.php?debug=false&lang=en&modules=startup&only=scripts&skin=vector&*","//bits.wikimedia.org/geoiplookup","//meta.wikimedia.org","#mw-head","#p-search","/wiki/File:Wiki_letter_w.svg","//upload.wikimedia.org/wikipedia/en/thumb/6/6c/Wiki_letter_w.svg/40px-Wiki_letter_w.svg.png","/wiki/Wikipedia:Orphan","//en.wikipedia.org/w/index.php?title=Special:Whatlinkshere&target=UNI_(artificial_language)&namespace=0","/wiki/Help:Link","http://en.wikipedia.org/w/index.php?title=Special%3ASearch&redirs=1&search=UNI+%28artificial+language%29&fulltext=Search&ns0=1&title=Special%3ASearch&advanced=1&fulltext=UNI+%28artificial+language%29","http://edwardbetts.com/find_link?q=UNI_(artificial_language)","/wiki/Constructed_language","/w/index.php?title=Elisabeth_Wainscott&action=edit&redlink=1","/wiki/International_auxiliary_language","/w/index.php?title=UNI_(artificial_language)&action=edit&section=1","/w/index.php?title=UNI_(artificial_language)&action=edit&section=2","/wiki/Library_of_Congress_Control_Number","http://lccn.loc.gov/73094393","http://www.rickharrison.com/language/uni.html","/w/index.php?title=UNI_(artificial_language)&action=edit&section=3","http://www.rickharrison.com/language/uni.html","http://en.wikipedia.org/w/index.php?title=UNI_(artificial_language)&oldid=521846842","/wiki/Help:Categories","/wiki/Category:International_auxiliary_languages","/wiki/Category:Orphaned_articles_from_February_2009","/wiki/Category:All_orphaned_articles","/w/index.php?title=Special:UserLogin&returnto=UNI+%28artificial+language%29&type=signup","/w/index.php?title=Special:UserLogin&returnto=UNI+%28artificial+language%29","/wiki/UNI_(artificial_language)","/wiki/Talk:UNI_(artificial_language)","#","/wiki/UNI_(artificial_language)","/w/index.php?title=UNI_(artificial_language)&action=edit","/w/index.php?title=UNI_(artificial_language)&action=history","#","/w/index.php","//bits.wikimedia.org/static-1.21wmf11/skins/vector/images/search-ltr.png?303-4","/wiki/Main_Page","/wiki/Main_Page","/wiki/Portal:Contents","/wiki/Portal:Featured_content","/wiki/Portal:Current_events","/wiki/Special:Random","//donate.wikimedia.org/wiki/Special:FundraiserRedirector?utm_source=donate&utm_medium=sidebar&utm_campaign=C13_en.wikipedia.org&uselang=en","/wiki/Help:Contents","/wiki/Wikipedia:About","/wiki/Wikipedia:Community_portal","/wiki/Special:RecentChanges","/wiki/Wikipedia:Contact_us","/wiki/Special:WhatLinksHere/UNI_(artificial_language)","/wiki/Special:RecentChangesLinked/UNI_(artificial_language)","/wiki/Wikipedia:File_Upload_Wizard","/wiki/Special:SpecialPages","/w/index.php?title=UNI_(artificial_language)&oldid=521846842","/w/index.php?title=UNI_(artificial_language)&action=info","/w/index.php?title=Special:Cite&page=UNI_%28artificial_language%29&id=521846842","/w/index.php?title=Special:Book&bookcmd=book_creator&referer=UNI+%28artificial+language%29","/w/index.php?title=Special:Book&bookcmd=render_article&arttitle=UNI+%28artificial+language%29&oldid=521846842&writer=rl","/w/index.php?title=UNI_(artificial_language)&printable=yes","//en.wikipedia.org/wiki/Wikipedia:Text_of_Creative_Commons_Attribution-ShareAlike_3.0_Unported_License","//creativecommons.org/licenses/by-sa/3.0/","//wikimediafoundation.org/wiki/Terms_of_Use","//www.wikimediafoundation.org/","//en.wikipedia.org/wiki/Wikipedia:Contact_us","//wikimediafoundation.org/wiki/Privacy_policy","/wiki/Wikipedia:About","/wiki/Wikipedia:General_disclaimer","http://en.m.wikipedia.org/wiki/UNI_(artificial_language)","//wikimediafoundation.org/","//bits.wikimedia.org/images/wikimedia-button.png","//www.mediawiki.org/","//bits.wikimedia.org/static-1.21wmf11/skins/common/images/poweredby_mediawiki_88x31.png","//bits.wikimedia.org/en.wikipedia.org/load.php?debug=false&lang=en&modules=skins.vector&only=scripts&skin=vector&*","/w/index.php?title=MediaWiki:Gadget-ReferenceTooltips.js&action=raw&ctype=text/javascript&508635914","//bits.wikimedia.org/en.wikipedia.org/load.php?debug=false&lang=en&modules=site&only=scripts&skin=vector&*"],"instances":[],"pdf":[],"categories":["International auxiliary languages"],"headings":["Linguistic properties","References","External links"],"image":["//upload.wikimedia.org/wikipedia/en/thumb/6/6c/Wiki_letter_w.svg/40px-Wiki_letter_w.svg.png","//bits.wikimedia.org/static-1.21wmf11/skins/vector/images/search-ltr.png?303-4","//bits.wikimedia.org/images/wikimedia-button.png","//bits.wikimedia.org/static-1.21wmf11/skins/common/images/poweredby_mediawiki_88x31.png"],"tags":[],"members":[],"related":["Constructed_language","Elisabeth_Wainscott","International_auxiliary_language"]}