{"cursor":"53307","size":15,"audio":["http://chkpt.zdnet.com/chkpt/1pcast.roundtable/http://podcast-files.cnet.com/podcast/cnet_roundtable_021811.mp3"],"currentlang":"en","article":"\n\n, inspired by the IBM \"smarter planet\" logo ]] 'Watson' is an\nartificially intelligent computer system capable of answering questions posed in\nnatural language, developed in IBM's DeepQA project by a\nresearch team led by principal investigator David Ferrucci. Watson was named\nafter IBM's Thomas J. Watson. The\ncomputer system was specifically developed to answer questions on the quiz show\n[[Jeopardy!]]. [http://ibmresearchnews.blogspot.com/2011/12/dave-ferrucci-\nat-computer-history.html ... in 2007, when IBM executive Charles Lickel\nchallenged Dave and his team to revolutionize Deep QA and put an IBM computer\nagainst Jeopardy!'s human champions, he was off to the races.] In 2011,\nWatson competed on Jeopardy! against former winners Brad Rutter and Ken\nJennings. Watson received the\nfirst prize of $1 million.\n\nWatson had access to 200 million pages of structured and unstructured content\nconsuming four terabytes of disk storage\nincluding the full text of Wikipedia, but was\nnot connected to the Internet during the game.\nFor each clue, Watson's three most probable responses were displayed on the\ntelevision screen. Watson consistently outperformed its human opponents on the\ngame's signaling device, but had trouble responding to a few categories, notably\nthose having short clues containing only a few words.\n\nIn February 2013, IBM announced that Watson software system's first commercial\napplication would be for utilization management decisions in lung cancer\ntreatment at Memorial SloanâKettering Cancer Center in conjunction with health\ninsurance company WellPoint. IBM Watsonâs business chief\nManoj Saxena says that 90% of nurses in the field who use Watson now follow its\nguidance.\n","linknr":960,"url":"Watson_(artificial_intelligence_software)","recorded":1376396376,"links":["/w/index.php?title=Watson_(computer)&action=edit","/w/index.php?title=Watson_(computer)&action=edit","//bits.wikimedia.org/favicon/wikipedia.ico","/w/opensearch_desc.php","//en.wikipedia.org/w/api.php?action=rsd","//creativecommons.org/licenses/by-sa/3.0/","/w/index.php?title=Special:RecentChanges&feed=atom","http://en.wikipedia.org/wiki/Watson_(computer)","//bits.wikimedia.org/en.wikipedia.org/load.php?debug=false&lang=en&modules=ext.gadget.DRN-wizard%2CReferenceTooltips%2Ccharinsert%2Cteahouse%7Cext.rtlcite%2Cwikihiero%7Cext.uls.nojs%7Cmediawiki.legacy.commonPrint%2Cshared%7Cmw.PopUpMediaTransform%7Cskins.vector&only=styles&skin=vector&*","//bits.wikimedia.org/en.wikipedia.org/load.php?debug=false&lang=en&modules=ext.visualEditor.viewPageTarget.noscript&only=styles&skin=vector&*","//bits.wikimedia.org/en.wikipedia.org/load.php?debug=false&lang=en&modules=site&only=styles&skin=vector&*","//bits.wikimedia.org/en.wikipedia.org/load.php?debug=false&lang=en&modules=startup&only=scripts&skin=vector&*","//bits.wikimedia.org/geoiplookup","//meta.wikimedia.org","/w/index.php?title=Watson_(artificial_intelligence_software)&redirect=no","#mw-navigation","#p-search","/wiki/Thomas_J._Watson_Research_Center","/wiki/File:Watson%27s_avatar.jpg","//upload.wikimedia.org/wikipedia/en/thumb/3/31/Watson%27s_avatar.jpg/220px-Watson%27s_avatar.jpg","/wiki/File:Watson%27s_avatar.jpg","//bits.wikimedia.org/static-1.22wmf12/skins/common/images/magnify-clip.png","/wiki/Avatar_(computing)","/wiki/Smarter_planet","#cite_note-1","/wiki/Artificial_intelligence","/wiki/Natural_language","#cite_note-ibm-2","/wiki/IBM","/wiki/Principal_investigator","/wiki/David_Ferrucci","/wiki/Thomas_J._Watson","#cite_note-NYT_20110208-3","#cite_note-4","/wiki/Quiz_show","/wiki/Jeopardy!","#cite_note-5","/wiki/Brad_Rutter","/wiki/Ken_Jennings","#cite_note-NYT_20110208-3","#cite_note-6","#cite_note-7","#cite_note-8","#cite_note-contentpages-9","/wiki/Wikipedia","#cite_note-atlantic20110217-10","#cite_note-11","#cite_note-nytmag-12","/wiki/Utilization_management","/wiki/Lung_cancer","/wiki/Memorial_Sloan%E2%80%93Kettering_Cancer_Center","/wiki/WellPoint","#cite_note-wellpoint-13","#cite_note-14","#Architecture","#Hardware","#Software","#Data","#Operation","#Comparison_with_human_players","#Development_history","#Competing_on_Jeopardy.21","#Preparation","#Practice_match","#First_match","#Second_match","#Final_outcome","#Public_reaction","#Match_against_members_of_the_United_States_Congress","#Future_uses_of_software_system","#Healthcare","#See_also","#References","#Further_reading","#External_links","#J.21_Archive","#Videos","/w/index.php?title=Watson_(computer)&action=edit&section=1","/w/index.php?title=Watson_(computer)&veaction=edit&section=1","/wiki/File:DeepQA.svg","//upload.wikimedia.org/wikipedia/commons/thumb/4/41/DeepQA.svg/350px-DeepQA.svg.png","/wiki/File:DeepQA.svg","//bits.wikimedia.org/static-1.22wmf12/skins/common/images/magnify-clip.png","#cite_note-AIMagazine-15","/wiki/Question_answering","/wiki/IBM","#cite_note-ibm-2","/wiki/Natural_Language_Processing","/wiki/Information_Retrieval","/wiki/Knowledge_Representation","/wiki/Automated_reasoning","/wiki/Machine_Learning","/wiki/Open_domain_question_answering","#cite_note-ibm-2","/w/index.php?title=Watson_(computer)&action=edit&section=2","/w/index.php?title=Watson_(computer)&veaction=edit&section=2","/wiki/Analytics","/wiki/POWER7","/wiki/Jeopardy!","/wiki/Terabyte","/wiki/Embarrassingly_parallel","#cite_note-16","/wiki/John_Rennie_(editor)","#cite_note-rennie-17","/wiki/IBM_Master_Inventor","#cite_note-18","/wiki/Top_500_Supercomputers","#cite_note-19","/wiki/Hard_drive","#cite_note-rennie-17","/w/index.php?title=Watson_(computer)&action=edit&section=3","/w/index.php?title=Watson_(computer)&veaction=edit&section=3","/wiki/Hadoop","/wiki/UIMA","/wiki/SUSE_Linux_Enterprise_Server","#cite_note-contentpages-9","#cite_note-20","#cite_note-21","#cite_note-22","/w/index.php?title=Watson_(computer)&action=edit&section=4","/w/index.php?title=Watson_(computer)&veaction=edit&section=4","/wiki/DBPedia","/wiki/WordNet","/wiki/YAGO_(database)","#cite_note-23","#cite_note-nytmag-12","#cite_note-24","#cite_note-contentpages-9","/wiki/Wikipedia","#cite_note-atlantic20110217-10","/w/index.php?title=Watson_(computer)&action=edit&section=5","/w/index.php?title=Watson_(computer)&veaction=edit&section=5","/wiki/File:Watson_Answering.jpg","//upload.wikimedia.org/wikipedia/en/thumb/a/a9/Watson_Answering.jpg/220px-Watson_Answering.jpg","/wiki/File:Watson_Answering.jpg","//bits.wikimedia.org/static-1.22wmf12/skins/common/images/magnify-clip.png","#cite_note-threads-25","/wiki/Alex_Trebek","/wiki/Buzzer","#cite_note-nytmag-12","#cite_note-26","#cite_note-nytmag-12","#cite_note-nytmag-12","#cite_note-nytmag-12","#cite_note-27","#cite_note-nytmag-12","#cite_note-nytmag-12","#cite_note-nytmag-12","#cite_note-nytmag-12","#cite_note-david-28","#cite_note-nytmag-12","#cite_note-29","/w/index.php?title=Watson_(computer)&action=edit&section=6","/w/index.php?title=Watson_(computer)&veaction=edit&section=6","/wiki/File:Watson_Jeopardy.jpg","//upload.wikimedia.org/wikipedia/en/thumb/9/9b/Watson_Jeopardy.jpg/220px-Watson_Jeopardy.jpg","/wiki/File:Watson_Jeopardy.jpg","//bits.wikimedia.org/static-1.22wmf12/skins/common/images/magnify-clip.png","/wiki/Ken_Jennings","/wiki/Brad_Rutter","/wiki/Jeopardy!","#cite_note-cnet-30","#cite_note-nytmag-12","#cite_note-nytmag-12","#cite_note-nytmag-12","#cite_note-jenning-31","#cite_note-david-28","#cite_note-jenning-31","/wiki/Perception","#cite_note-32","#cite_note-baker174-33","#cite_note-34","#cite_note-strachan-35","#cite_note-jenning-31","#cite_note-baker174-33","#cite_note-strachan-35","/w/index.php?title=Watson_(computer)&action=edit&section=7","/w/index.php?title=Watson_(computer)&veaction=edit&section=7","/wiki/Deep_Blue_(chess_computer)","/wiki/Garry_Kasparov","/wiki/Ken_Jennings","/wiki/Paul_Horn_(computer_scientist)","#cite_note-36","#cite_note-37","#cite_note-38","#cite_note-39","#cite_note-nytmag-12","#cite_note-nytmag-12","#cite_note-nytmag-12","#cite_note-networld-40","/wiki/Rensselaer_Polytechnic_Institute","/wiki/Carnegie_Mellon_University","/wiki/University_of_Massachusetts_Amherst","/wiki/University_of_Southern_California","/wiki/Information_Sciences_Institute","/wiki/University_of_Texas_at_Austin","/wiki/Massachusetts_Institute_of_Technology","/wiki/New_York_Medical_College","/wiki/University_of_Trento","/wiki/Queens_College,_City_University_of_New_York","#cite_note-AIMagazine-15","#cite_note-41","/w/index.php?title=Watson_(computer)&action=edit&section=8","/w/index.php?title=Watson_(computer)&veaction=edit&section=8","/w/index.php?title=Watson_(computer)&action=edit&section=9","/w/index.php?title=Watson_(computer)&veaction=edit&section=9","/wiki/File:IBMWatson.jpg","//upload.wikimedia.org/wikipedia/commons/thumb/3/3f/IBMWatson.jpg/250px-IBMWatson.jpg","/wiki/File:IBMWatson.jpg","//bits.wikimedia.org/static-1.22wmf12/skins/common/images/magnify-clip.png","/wiki/Harry_Friedman","/wiki/Ken_Jennings","/wiki/Brad_Rutter","#cite_note-nytmag-12","#cite_note-42","#cite_note-cnet-30","/wiki/Turing_test","#cite_note-cnet-30","#cite_note-43","#cite_note-jenning-31","#cite_note-strachan-35","#cite_note-flatow-44","/wiki/Stephen_L._Baker","#cite_note-cnet-30","/wiki/Non-dairy_creamer","/wiki/Dairy","/wiki/The_Onion","#cite_note-nytmag-12","#cite_note-45","/wiki/Avatar_(computing)","/wiki/42_(number)#In_The_Hitchhiker.27s_Guide_to_the_Galaxy","/wiki/The_Hitchhiker%27s_Guide_to_the_Galaxy_(novel)","#cite_note-threads-25","/wiki/Joshua_Davis_(web_designer)","#cite_note-46","#cite_note-47","/w/index.php?title=Watson_(computer)&action=edit&section=10","/w/index.php?title=Watson_(computer)&veaction=edit&section=10","#cite_note-PracticeMatch-48","/w/index.php?title=Watson_(computer)&action=edit&section=11","/w/index.php?title=Watson_(computer)&veaction=edit&section=11","#cite_note-Jeopardy_Challenge-49","#cite_note-Strategy-50","#cite_note-Jeopardy_Challenge-49","/wiki/George_Eyser","#cite_note-51","#cite_note-Computer_crushes_the_competition_on_.27Jeopardy.21.27-52","/wiki/Regression_analysis","#cite_note-53","#cite_note-Computer_crushes_the_competition_on_.27Jeopardy.21.27-52","/wiki/Toronto","#cite_note-Computer_crushes_the_competition_on_.27Jeopardy.21.27-52","#cite_note-TO-54","#cite_note-TOinUS-55","/wiki/Canada","/wiki/Toronto_(disambiguation)#United_States","/wiki/American_League","#cite_note-56","/wiki/Semicolon","#cite_note-ArsTechnica2-57","#cite_note-TOinUS-55","#cite_note-Computer_crushes_the_competition_on_.27Jeopardy.21.27-52","/w/index.php?title=Watson_(computer)&action=edit&section=12","/w/index.php?title=Watson_(computer)&veaction=edit&section=12","/wiki/Toronto_Blue_Jays","#cite_note-Trebekintro-58","#cite_note-59","#cite_note-forbes-60","#cite_note-forbes-60","#cite_note-61","#cite_note-62","/w/index.php?title=Watson_(computer)&action=edit&section=13","/w/index.php?title=Watson_(computer)&veaction=edit&section=13","/wiki/World_Vision","/wiki/World_Community_Grid","#cite_note-63","#cite_note-64","/wiki/Overlord_meme","/wiki/Internet_meme","/wiki/Deep_Space_Homer","/wiki/The_Simpsons","#cite_note-overlord-65","#cite_note-overlord2-66","/wiki/Slate_(magazine)","/wiki/Medical_diagnosis","/wiki/Business_analytics","/wiki/Technical_support","/wiki/Knowledge_worker","#cite_note-threads-25","/w/index.php?title=Watson_(computer)&action=edit&section=14","/w/index.php?title=Watson_(computer)&veaction=edit&section=14","/wiki/John_Searle","#cite_note-SearleWSJ-67","/wiki/Chinese_room","/wiki/Thought_experiment","/wiki/Chinese_room#Replies","#cite_note-68","/w/index.php?title=Watson_(computer)&action=edit&section=15","/w/index.php?title=Watson_(computer)&veaction=edit&section=15","/wiki/United_States_House_of_Representatives","/wiki/Rush_D._Holt,_Jr.","/wiki/Jim_Himes","/wiki/Jared_Polis","/wiki/Nan_Hayworth","/wiki/Bill_Cassidy","#cite_note-69","#cite_note-70","/w/index.php?title=Watson_(computer)&action=edit&section=16","/w/index.php?title=Watson_(computer)&veaction=edit&section=16","#cite_note-networld-40","/wiki/General_counsel","#cite_note-71","#cite_note-nytmag-12","#cite_note-eetimes-72","/wiki/Rensselaer_Polytechnic_Institute","/w/index.php?title=Watson_(computer)&action=edit&section=17","/w/index.php?title=Watson_(computer)&veaction=edit&section=17","/wiki/Nuance_Communications","/wiki/Clinical_decision_support_system","/wiki/Columbia_University","/wiki/University_of_Maryland","#cite_note-73","#cite_note-74","#cite_note-75","/wiki/Wellpoint","#cite_note-76","/wiki/Jeopardy!","#cite_note-77","#cite_note-78","#cite_note-79","#cite_note-80","#cite_note-81","#cite_note-82","/wiki/Utilization_management","/wiki/Lung_cancer","/wiki/Memorial_Sloan%E2%80%93Kettering_Cancer_Center","/wiki/WellPoint","#cite_note-wellpoint-13","/w/index.php?title=Watson_(computer)&action=edit&section=18","/w/index.php?title=Watson_(computer)&veaction=edit&section=18","/wiki/Blue_Gene","/wiki/Commonsense_knowledge_problem","/wiki/Strong_AI","/w/index.php?title=Watson_(computer)&action=edit&section=19","/w/index.php?title=Watson_(computer)&veaction=edit&section=19","#cite_ref-1","https://www.youtube.com/watch?v=WIKM732oEek","/wiki/YouTube","#cite_ref-ibm_2-0","#cite_ref-ibm_2-1","#cite_ref-ibm_2-2","http://www.research.ibm.com/deepqa/faq.shtml","#cite_ref-NYT_20110208_3-0","#cite_ref-NYT_20110208_3-1","http://www.nytimes.com/2011/02/09/arts/television/09nova.html","#cite_ref-4","http://www.research.ibm.com/deepqa/deepqa.shtml","#cite_ref-5","http://ibmresearchnews.blogspot.com/2011/12/dave-ferrucci-at-computer-history.html","#cite_ref-6","/wiki/John_Markoff","http://www.nytimes.com/2009/04/27/technology/27jeopardy.html","#cite_ref-7","http://gizmodo.com/#!5228887/ibm-prepping-soul+crushing-watson-computer-to-compete-on-jeopardy","#cite_ref-8","http://www.jeopardy.com/news/watson1x7ap4.php","#cite_ref-contentpages_9-0","#cite_ref-contentpages_9-1","#cite_ref-contentpages_9-2","http://www.pcworld.com/businesscenter/article/219893/ibm_watson_vanquishes_human_jeopardy_foes.html","/wiki/PC_World_(magazine)","#cite_ref-atlantic20110217_10-0","#cite_ref-atlantic20110217_10-1","/wiki/Ben_Zimmer","http://www.theatlantic.com/technology/archive/2011/02/is-it-time-to-welcome-our-new-computer-overlords/71388/","/wiki/The_Atlantic","#cite_ref-11","http://www.npr.org/2011/01/08/132769575/Can-A-Computer-Become-A-Jeopardy-Champ","/wiki/National_Public_Radio","#cite_ref-nytmag_12-0","#cite_ref-nytmag_12-1","#cite_ref-nytmag_12-2","#cite_ref-nytmag_12-3","#cite_ref-nytmag_12-4","#cite_ref-nytmag_12-5","#cite_ref-nytmag_12-6","#cite_ref-nytmag_12-7","#cite_ref-nytmag_12-8","#cite_ref-nytmag_12-9","#cite_ref-nytmag_12-10","#cite_ref-nytmag_12-11","#cite_ref-nytmag_12-12","#cite_ref-nytmag_12-13","#cite_ref-nytmag_12-14","#cite_ref-nytmag_12-15","#cite_ref-nytmag_12-16","#cite_ref-nytmag_12-17","#cite_ref-nytmag_12-18","#cite_ref-nytmag_12-19","/wiki/Clive_Thompson_(journalist)","https://www.nytimes.com/2010/06/20/magazine/20Computer-t.html","/wiki/The_New_York_Times_Magazine","#cite_ref-wellpoint_13-0","#cite_ref-wellpoint_13-1","http://www.forbes.com/sites/bruceupbin/2013/02/08/ibms-watson-gets-its-first-piece-of-business-in-healthcare/","#cite_ref-14","http://www.forbes.com/sites/bruceupbin/2013/02/08/ibms-watson-gets-its-first-piece-of-business-in-healthcare/","#cite_ref-AIMagazine_15-0","#cite_ref-AIMagazine_15-1","http://www.aaai.org/ojs/index.php/aimagazine/article/view/2303/2165","#cite_ref-16","http://www.cs.umbc.edu/2011/02/is-watson-the-smartest-machine-on-earth/","#cite_ref-rennie_17-0","#cite_ref-rennie_17-1","http://blogs.plos.org/retort/2011/02/14/how-ibm%E2%80%99s-watson-computer-will-excel-at-jeopardy/","#cite_ref-18","http://www.computerworld.com/s/article/9210381/Can_anyone_afford_an_IBM_Watson_supercomputer_Yes_?taxonomyId=67&pageNumber=2","/wiki/Computerworld","#cite_ref-19","https://www.ibm.com/developerworks/mydeveloperworks/blogs/InsideSystemStorage/entry/ibm_watson_how_to_build_your_own_watson_jr_in_your_basement7?lang=en","#cite_ref-20","http://venturebeat.com/2011/02/17/ibm-researcher-explains-what-watson-gets-right-and-wrong/","#cite_ref-21","/wiki/Novell","http://online.wsj.com/article/PR-CO-20110202-906855.html","#cite_ref-22","ftp://public.dhe.ibm.com/common/ssi/ecm/en/pow03061usen/POW03061USEN.PDF","#cite_ref-23","http://www.aaai.org/Magazine/Watson/watson.php","#cite_ref-24","http://www.google.com/hostednews/afp/article/ALeqM5jOUJ_FGtwE3OlCFaOorNa3RuV_cQ?docId=CNG.1aa3e1ece3aedbb76228b6bc8e4c385e.1b1","#cite_ref-threads_25-0","#cite_ref-threads_25-1","#cite_ref-threads_25-2","/wiki/Ken_Jennings","http://www.slate.com/id/2284721/","/wiki/Slate_(magazine)","#cite_ref-26","http://www.huffingtonpost.com/leah-anthony-libresco/a-nontrivial-advantage-fo_b_825837.html","#cite_ref-27","http://www.pbs.org/wgbh/nova/tech/will-watson-win-jeopardy.html","/wiki/Public_Broadcasting_Service","#cite_ref-david_28-0","#cite_ref-david_28-1","http://ibmresearchnews.blogspot.com/2010/12/how-watson-sees-hears-and-speaks-to.html","/wiki/IBM","#cite_ref-29","http://www.anythinggoesradio.com/Interviews/JeffWoodman_02_14_11.MP3","#cite_ref-cnet_30-0","#cite_ref-cnet_30-1","#cite_ref-cnet_30-2","#cite_ref-cnet_30-3","http://chkpt.zdnet.com/chkpt/1pcast.roundtable/http://podcast-files.cnet.com/podcast/cnet_roundtable_021811.mp3","/wiki/CNET","#cite_ref-jenning_31-0","#cite_ref-jenning_31-1","#cite_ref-jenning_31-2","#cite_ref-jenning_31-3","http://live.washingtonpost.com/jeopardy-ken-jennings.html","/wiki/The_Washington_Post","#cite_ref-32","http://biae.clemson.edu/bpc/bp/Lab/110/reaction.htm#Type%20of%20Stimulus","#cite_ref-baker174_33-0","#cite_ref-baker174_33-1","/wiki/Houghton_Mifflin_Harcourt","/wiki/International_Standard_Book_Number","/wiki/Special:BookSources/0-547-48316-3","#cite_ref-34","/wiki/Houghton_Mifflin_Harcourt","/wiki/International_Standard_Book_Number","/wiki/Special:BookSources/0-547-48316-3","#cite_ref-strachan_35-0","#cite_ref-strachan_35-1","#cite_ref-strachan_35-2","http://www.vancouversun.com/entertainment/Jennings+competition/4270840/story.html","/wiki/The_Vancouver_Sun","#cite_ref-36","/wiki/Houghton_Mifflin_Harcourt","/wiki/International_Standard_Book_Number","/wiki/Special:BookSources/0-547-48316-3","#cite_ref-37","/wiki/Houghton_Mifflin_Harcourt","/wiki/International_Standard_Book_Number","/wiki/Special:BookSources/0-547-48316-3","#cite_ref-38","http://clair.si.umich.edu/~radev/papers/anlp00.pdf","#cite_ref-39","http://clair.si.umich.edu/~radev/papers/sigir00.pdf","#cite_ref-networld_40-0","#cite_ref-networld_40-1","http://www.networkworld.com/news/2010/021010-ibm-jeopardy-game.html?hpg1=bn","/wiki/Network_World","#cite_ref-41","http://www.nymc.edu/OfficesAndServices/PublicRelations/Assets/June2012_InTouch.pdf","#cite_ref-42","/wiki/Brian_Stelter","http://mediadecoder.blogs.nytimes.com/2010/12/14/i-b-m-supercomputer-watson-to-challenge-jeopardy-stars/","/wiki/The_New_York_Times","#cite_ref-43","/wiki/Houghton_Mifflin_Harcourt","/wiki/International_Standard_Book_Number","/wiki/Special:BookSources/0-547-48316-3","#cite_ref-flatow_44-0","http://www.npr.org/2011/02/11/133686004/IBM-Computer-Faces-Off-Against-Jeopardy-Champs","/wiki/Talk_of_the_Nation","/wiki/National_Public_Radio","#cite_ref-45","http://www.post-gazette.com/pg/11044/1125163-96.stm","#cite_ref-46","/wiki/Houghton_Mifflin_Harcourt","/wiki/International_Standard_Book_Number","/wiki/Special:BookSources/0-547-48316-3","#cite_ref-47","#cite_ref-PracticeMatch_48-0","http://www.zdnet.com/blog/btl/ibms-watson-wins-jeopardy-practice-round-can-humans-hang/43601","/wiki/ZDnet","#cite_ref-Jeopardy_Challenge_49-0","#cite_ref-Jeopardy_Challenge_49-1","/wiki/Jeopardy!","#cite_ref-Strategy_50-0","http://ibmresearchnews.blogspot.com/2011/02/knowing-what-it-knows-selected-nuances.html","/wiki/IBM","#cite_ref-51","http://arstechnica.com/media/news/2011/02/ibms-watson-tied-for-1st-in-jeopardy-almost-sneaks-wrong-answer-by-trebek.ars","#cite_ref-Computer_crushes_the_competition_on_.27Jeopardy.21.27_52-0","#cite_ref-Computer_crushes_the_competition_on_.27Jeopardy.21.27_52-1","#cite_ref-Computer_crushes_the_competition_on_.27Jeopardy.21.27_52-2","#cite_ref-Computer_crushes_the_competition_on_.27Jeopardy.21.27_52-3","http://www.google.com/hostednews/ap/article/ALeqM5jwVBxDQvVKEwk_czuv8Q4jxdU1Sg?docId=2e3e918f552b4599b013b4cc473d96af","#cite_ref-53","http://ibmresearchnews.blogspot.com/2011/02/watsons-wagering-strategies.html","/wiki/IBM","#cite_ref-TO_54-0","http://www.ctv.ca/CTVNews/Entertainment/20110215/watson-jeopardy-final-toronto-110215/","#cite_ref-TOinUS_55-0","#cite_ref-TOinUS_55-1","http://www.theglobeandmail.com/news/world/americas/for-watson-jeopardy-victory-was-elementary/article1910735/","/wiki/The_Globe_and_Mail","/wiki/The_Associated_Press","#cite_ref-56","http://asmarterplanet.com/blog/2011/02/watson-on-jeopardy-day-two-the-confusion-over-an-airport-clue.html","#cite_ref-ArsTechnica2_57-0","http://arstechnica.com/media/news/2011/02/creators-watson-has-no-speed-advantage-as-it-crushes-humans-in-jeopardy.ars","#cite_ref-Trebekintro_58-0","http://www.vancouversun.com/business/technology/Computer+creams+human+Jeopardy+champions/4300293/story.html","/wiki/Vancouver_Sun","/wiki/Agence_France-Presse","#cite_ref-59","http://arstechnica.com/media/news/2011/02/bug-lets-humans-grab-daily-double-as-watson-triumphs-on-jeopardy.ars","#cite_ref-forbes_60-0","#cite_ref-forbes_60-1","http://blogs.forbes.com/bruceupbin/2011/02/16/watson-wins-it-all-with-367-bet/","/wiki/Forbes","#cite_ref-61","http://content.usatoday.com/communities/entertainment/post/2011/02/ken-jennings-my-puny-brain-did-just-fine-on-jeopardy-/1","/wiki/USA_Today","#cite_ref-62","http://tv.yahoo.com/blog/spoiler-alert-jeopardy-man-vs-machine-tourney-concludes--2385","#cite_ref-63","http://www.worldcommunitygrid.org/about_us/viewNewsArticle.do?articleId=148","/wiki/World_Community_Grid","#cite_ref-64","http://www-03.ibm.com/press/us/en/pressrelease/33373.wss","#cite_ref-overlord_65-0","http://www.bbc.co.uk/news/technology-12491688","#cite_ref-overlord2_66-0","http://www.nytimes.com/2011/02/17/science/17jeopardy-watson.html","/wiki/Yorktown_Heights,_New_York","#cite_ref-SearleWSJ_67-0","http://online.wsj.com/article/SB10001424052748703407304576154313126987674.html","#cite_ref-68","http://www.nytimes.com/2011/12/06/science/creating-artificial-intelligence-based-on-the-real-thing.html?_r=1","/wiki/The_New_York_Times","#cite_ref-69","http://washingtonscene.thehill.com/in-the-know/36-news/8427-congressman-to-face-off-against-qjeopardyq-supercomputer","/wiki/The_Hill_(newspaper)","#cite_ref-70","http://www.google.com/hostednews/ap/article/ALeqM5jQVgg2q1jaW9UdEZn-5s-D2x-sEw?docId=b8984784c9d4454db01523b8d99b6d8e","#cite_ref-71","http://www.law.com/jsp/nlj/PubArticleNLJ.jsp?id=1202481662966&slreturn=1&hbxlogin=1","#cite_ref-eetimes_72-0","http://www.eetimes.com/electronics-news/4213145/IBM-playing-Jeopardy-with-tax-dollars","#cite_ref-73","http://washingtontechnology.com/articles/2011/02/17/ibm-watson-next-steps.aspx","#cite_ref-74","http://www-01.ibm.com/software/ecm/content-analytics/predictive/healthcare.html","#cite_ref-75","http://www-03.ibm.com/innovation/us/watson/watson_in_healthcare.shtml","#cite_ref-76","http://online.wsj.com/article/SB10001424053111903532804576564600781798420.html","/wiki/The_Wall_Street_Journal","#cite_ref-77","http://www.youtube.com/watch?v=JzC8DvP-XJQ","/wiki/YouTube","#cite_ref-78","http://asmarterplanet.com/blog/2011/09/putting-watson-to-work-interview-with-ibm-gm-of-watson-solutions-manoj-saxena.html","#cite_ref-79","http://www.smartercomputingblog.com/2011/05/31/ibms-watson-to-bring-rewards-beyond-jeopardy/","#cite_ref-80","http://news.cnet.com/8301-10805_3-57339336-75/microsoft-ge-team-up-in-health-care-venture/","#cite_ref-81","http://www.healthcareitnews.com/news/cleveland-clinic-ibm-send-watson-medical-school","#cite_ref-82","http://in.reuters.com/article/2013/02/08/ibm-watson-cancer-idINDEE9170G120130208","/w/index.php?title=Watson_(computer)&action=edit&section=20","/w/index.php?title=Watson_(computer)&veaction=edit&section=20","/w/index.php?title=Watson_(computer)&action=edit&section=21","/w/index.php?title=Watson_(computer)&veaction=edit&section=21","//upload.wikimedia.org/wikipedia/en/thumb/4/4a/Commons-logo.svg/30px-Commons-logo.svg.png","//commons.wikimedia.org/wiki/Category:IBM_Watson","http://www.ibmwatson.com/","http://www.research.ibm.com/deepqa/deepqa.shtml","http://www.jeopardy.com/news/ibm.php","http://video.pbs.org/video/1786674622","http://www.ibm.com/systems/power/news/announcement/20100817_ad.html","http://www.ibm.com/systems/power","http://www.nytimes.com/interactive/2010/06/16/magazine/watson-trivia-game.html","/wiki/The_New_York_Times","http://twitter.com/#search?q=%23IBMWatson","/wiki/Twitter","/wiki/Hashtag","http://ieeexplore.ieee.org/xpl/tocresult.jsp?isnumber=6177717","/wiki/IEEE","/w/index.php?title=Watson_(computer)&action=edit&section=22","/w/index.php?title=Watson_(computer)&veaction=edit&section=22","http://www.j-archive.com/showgame.php?game_id=3575","http://www.j-archive.com/showgame.php?game_id=3576","http://www.j-archive.com/showgame.php?game_id=3577","/w/index.php?title=Watson_(computer)&action=edit&section=23","/w/index.php?title=Watson_(computer)&veaction=edit&section=23","http://video.pbs.org/video/1786674622","https://www.youtube.com/watch?v=3G2H3DZ8rNc","/wiki/YouTube","https://www.youtube.com/watch?v=DywO4zksfXw","/wiki/YouTube","https://www.youtube.com/watch?v=oFMeBId7vIM","/wiki/YouTube","https://www.youtube.com/watch?v=ZvbWyREkMkw","/wiki/YouTube","/wiki/Computer_History_Museum","http://www.youtube.com/watch?v=8e8G-jJa0KI","https://www.youtube.com/watch?v=U_KhvJyjZ6c","/wiki/YouTube","https://www.youtube.com/watch?v=I-gZkqCXOgs","/wiki/YouTube","https://www.youtube.com/watch?v=UFF9bI6e29U","/wiki/YouTube","http://www.youtube.com/playlist?list=PL4F1C783776E708A8","https://www.youtube.com/playlist?list=PL3A7FC0CD1F1BB3D1","/wiki/Template:IBM","/wiki/Template_talk:IBM","//en.wikipedia.org/w/index.php?title=Template:IBM&action=edit","/wiki/IBM","/wiki/History_of_IBM","/wiki/History_of_IBM","/wiki/List_of_mergers_and_acquisitions_by_IBM","/wiki/Think_(IBM)","/wiki/History_of_IBM_mainframe_operating_systems","/wiki/List_of_IBM_products","/wiki/Cell_(microprocessor)","/wiki/IBM_mainframe","/wiki/IBM_Personal_Computer","/wiki/IBM_Power_Systems","/wiki/IBM_Information_Management_Software","/wiki/Lotus_Software","/wiki/Rational_Software","/wiki/SPSS","/wiki/ILOG","/wiki/Tivoli_Software","/wiki/Tivoli_Service_Automation_Manager","/wiki/IBM_WebSphere","/wiki/AlphaWorks","/wiki/Criminal_Reduction_Utilising_Statistical_History","/wiki/IBM_Mashup_Center","/wiki/IBM_PureQuery","/wiki/IBM_Redbooks","/wiki/Fortran","/wiki/IBM_cloud_computing","/wiki/IBM_Global_Services","/wiki/IBM_jStart","/wiki/IBM_Research","/wiki/List_of_International_subsidiaries_of_IBM","/wiki/1250_Ren%C3%A9-L%C3%A9vesque","/wiki/One_Atlantic_Center","/wiki/IBM_Rome_Software_Lab","/wiki/IBM_Toronto_Software_Lab","/wiki/330_North_Wabash","/wiki/IBM_Building,_Johannesburg","/wiki/IBM_Building_(Seattle)","/wiki/IBM_Austin_Research_Laboratory","/wiki/IBM_China_Research_Laboratory","/wiki/IBM_Tokyo_Research_Laboratory","/wiki/IBM_Zurich_Research_Laboratory","/wiki/IBM_Haifa_Research_Laboratory","/wiki/IBM_India_Research_Laboratory","/wiki/IBM_Almaden_Research_Center","/wiki/IBM_Hakozaki_Facility","/wiki/IBM_Yamato_Facility","/wiki/Cambridge_Scientific_Center","/wiki/Hursley_House","/wiki/IBM_Canada_Head_Office_Building","/wiki/Thomas_J._Watson_Research_Center","/wiki/IBM_Rochester","/wiki/IBM_Somers_Office_Complex","/wiki/IBM_Academy_of_Technology","/wiki/IBM_Centers_for_Advanced_Studies","/wiki/IBM_CASCON","/wiki/IBM_Deep_Thunder","/wiki/IBM_Fellow","/wiki/IBM_Distinguished_Engineer","/wiki/IBM_Pulse_conference","/wiki/IBM%27s_The_Great_Mind_Challenge","/wiki/IBM_DeveloperWorks","/wiki/Develothon","/wiki/Linux_Technology_Center","/wiki/IBM_Virtual_Universe_Community","/wiki/Smarter_Planet","/wiki/Automated_teller_machine","/wiki/Keypunch","/wiki/Hard_disk_drive","/wiki/Floppy_disk","/wiki/DRAM","/wiki/Relational_model","/wiki/IBM_Selectric_typewriter","/wiki/Swap_(finance)","/wiki/Universal_Product_Code","/wiki/Magnetic_stripe_card","/wiki/Sabre_(computer_system)","/wiki/Scanning_tunneling_microscope","/wiki/Globally_Integrated_Enterprise","/wiki/Commercial_Processing_Workload","/wiki/Consumability","/wiki/Technology_dividend","/wiki/Electronic_business","/wiki/Thomas_J._Watson","/wiki/Thomas_Watson,_Jr.","/wiki/T._Vincent_Learson","/wiki/Frank_T._Cary","/wiki/John_R._Opel","/wiki/John_Fellows_Akers","/wiki/Louis_V._Gerstner,_Jr.","/wiki/Samuel_J._Palmisano","/wiki/Ginni_Rometty","/wiki/Alain_Belda","/wiki/William_R._Brody","/wiki/Kenneth_Chenault","/wiki/Michael_L._Eskew","/wiki/David_Farr","/wiki/Shirley_Ann_Jackson","/wiki/Andrew_N._Liveris","/wiki/James_McNerney","/wiki/James_W._Owens","/wiki/Samuel_J._Palmisano","/wiki/Virginia_M._Rometty","/wiki/Joan_E._Spero","/wiki/Sidney_Taurel","/wiki/Lorenzo_Zambrano","/wiki/A_Boy_and_His_Atom","/wiki/Common_Public_License","/wiki/IBM_Public_License","/wiki/Customer_engineer","/wiki/Deep_Blue_(chess_computer)","/wiki/Deep_Thought_(chess_computer)","/wiki/Dynamic_infrastructure","/wiki/GUIDE_International","/wiki/IBM_and_the_Holocaust","/wiki/IBM_international_chess_tournament","/wiki/Lucifer_(cipher)","/wiki/Mathematica:_A_World_of_Numbers..._and_Beyond","/wiki/SHARE_(computing)","/wiki/ScicomP","/wiki/Template:Computable_knowledge","/wiki/Template_talk:Computable_knowledge","//en.wikipedia.org/w/index.php?title=Template:Computable_knowledge&action=edit","/wiki/Alphabet_of_human_thought","/wiki/Authority_control","/wiki/Automated_reasoning","/wiki/Commonsense_knowledge_base","/wiki/Commonsense_reasoning","/wiki/Computability","/wiki/Formal_system","/wiki/Inference_engine","/wiki/Knowledge_base","/wiki/Knowledge-based_systems","/wiki/Knowledge_discovery","/wiki/Knowledge_engineering","/wiki/Knowledge_representation_and_reasoning","/wiki/Knowledge_retrieval","/wiki/Knowledge_extraction","/wiki/Library_classification","/wiki/Logic_programming","/wiki/Ontology_(information_science)","/wiki/Question_answering#Deep","/wiki/Semantic_reasoner","/wiki/Zairja","/wiki/Ramon_Llull#Ars_generalis_ultima_.28Ars_Magna.29","/wiki/Ramon_Llull","/wiki/An_Essay_towards_a_Real_Character_and_a_Philosophical_Language","/wiki/John_Wilkins","/wiki/Calculus_ratiocinator","/wiki/Characteristica_universalis","/wiki/Gottfried_Leibniz","/wiki/Dewey_Decimal_Classification","/wiki/Melvil_Dewey","/wiki/Begriffsschrift","/wiki/Gottlob_Frege","/wiki/Mundaneum","/wiki/Paul_Otlet","/wiki/Henri_La_Fontaine","/wiki/Logical_atomism","/wiki/Bertrand_Russell","/wiki/Tractatus_Logico-Philosophicus","/wiki/Ludwig_Wittgenstein","/wiki/Hilbert%27s_program","/wiki/David_Hilbert","/wiki/G%C3%B6del%27s_incompleteness_theorems","/wiki/Kurt_G%C3%B6del","/wiki/Memex","/wiki/Vannevar_Bush","/wiki/Prolog","/wiki/Cyc","/wiki/True_Knowledge","/wiki/True_Knowledge","/wiki/Wolfram_Alpha","/wiki/Wolfram_Research","/wiki/IBM","/wiki/Siri","/wiki/Apple_Inc.","/wiki/Knowledge_Graph","/wiki/Google","/wiki/The_Engine","/wiki/Gulliver%27s_Travels","/wiki/A_Logic_Named_Joe","/wiki/Snow_Crash","/wiki/A.I._Artificial_Intelligence","/wiki/The_Baroque_Cycle","/wiki/Artificial_intelligence_in_fiction#Logic_machines","/wiki/List_of_fictional_computers","/wiki/Template:Jeopardy!","/wiki/Template_talk:Jeopardy!","//en.wikipedia.org/w/index.php?title=Template:Jeopardy!&action=edit","/wiki/Jeopardy!","/wiki/List_of_Jeopardy!_tournaments_and_events","/wiki/Jeopardy!_Tournament_of_Champions","/wiki/Jeopardy!_Teen_Tournament","/wiki/Jeopardy!_College_Championship","/wiki/Jeopardy!_Ultimate_Tournament_of_Champions","/wiki/List_of_Jeopardy!_tournaments_and_events","/wiki/Rock_%26_Roll_Jeopardy!","/wiki/International_versions_of_Jeopardy!","/wiki/Art_Fleming","/wiki/Alex_Trebek","/wiki/Jeff_Probst","/wiki/Bob_Bergen","/wiki/Don_Pardo","/wiki/John_Harlan_(announcer)","/wiki/Johnny_Gilbert","/wiki/Merv_Griffin","/wiki/Harry_Friedman","/wiki/List_of_Jeopardy!_contestants","/wiki/I_Lost_on_Jeopardy","/wiki/What_Is..._Cliff_Clavin%3F","/wiki/White_Men_Can%27t_Jump","/wiki/Celebrity_Jeopardy!_(Saturday_Night_Live)","/wiki/Miracle_on_Evergreen_Terrace","/wiki/Little_Expressionless_Animals","/wiki/Universe_of_Energy#Universe_of_Energy:_Ellen.27s_Energy_Adventure_.281996.E2.80.93present.29","/wiki/Jeopardy!_audition_process","/wiki/List_of_Jeopardy!_contestants","/wiki/Category:Jeopardy!_contestants","/wiki/Jeopardy!_broadcast_information","/wiki/Merchandise_based_on_Jeopardy!","//upload.wikimedia.org/wikipedia/commons/thumb/8/89/Symbol_book_class2.svg/16px-Symbol_book_class2.svg.png","/wiki/Book:Jeopardy!","//upload.wikimedia.org/wikipedia/en/thumb/4/48/Folder_Hexagonal_Icon.svg/16px-Folder_Hexagonal_Icon.svg.png","/wiki/Category:Jeopardy!","//upload.wikimedia.org/wikipedia/en/thumb/f/fd/Portal-puzzle.svg/16px-Portal-puzzle.svg.png","/wiki/Portal:Television","//en.wikipedia.org/w/index.php?title=Special:CentralAutoLogin/start&type=1x1&from=enwiki","http://en.wikipedia.org/w/index.php?title=Watson_(computer)&oldid=564488219","/wiki/Help:Category","/wiki/Category:IBM_supercomputers","/wiki/Category:Jeopardy!_contestants","/wiki/Category:Natural_language_processing_software","/wiki/Category:One-of-a-kind_computers","/wiki/Category:Power_Architecture","/wiki/Category:Commons_category_with_local_link_same_as_on_Wikidata","/w/index.php?title=Special:UserLogin&returnto=Watson+%28computer%29&type=signup","/w/index.php?title=Special:UserLogin&returnto=Watson+%28computer%29","/wiki/Watson_(computer)","/wiki/Talk:Watson_(computer)","#","/wiki/Watson_(computer)","/w/index.php?title=Watson_(computer)&action=edit","/w/index.php?title=Watson_(computer)&veaction=edit","/w/index.php?title=Watson_(computer)&action=history","#","/w/index.php","//bits.wikimedia.org/static-1.22wmf12/skins/vector/images/search-ltr.png?303-4","/wiki/Main_Page","/wiki/Main_Page","/wiki/Portal:Contents","/wiki/Portal:Featured_content","/wiki/Portal:Current_events","/wiki/Special:Random","https://donate.wikimedia.org/wiki/Special:FundraiserRedirector?utm_source=donate&utm_medium=sidebar&utm_campaign=C13_en.wikipedia.org&uselang=en","/wiki/Help:Contents","/wiki/Wikipedia:About","/wiki/Wikipedia:Community_portal","/wiki/Special:RecentChanges","//en.wikipedia.org/wiki/Wikipedia:Contact_us","/wiki/Special:WhatLinksHere/Watson_(computer)","/wiki/Special:RecentChangesLinked/Watson_(computer)","/wiki/Wikipedia:File_Upload_Wizard","/wiki/Special:SpecialPages","/w/index.php?title=Watson_(computer)&oldid=564488219","/w/index.php?title=Watson_(computer)&action=info","//www.wikidata.org/wiki/Q12253","/w/index.php?title=Special:Cite&page=Watson_%28computer%29&id=564488219","/w/index.php?title=Special:Book&bookcmd=book_creator&referer=Watson+%28computer%29","/w/index.php?title=Special:Book&bookcmd=render_article&arttitle=Watson+%28computer%29&oldid=564488219&writer=rl","/w/index.php?title=Watson_(computer)&printable=yes","//ar.wikipedia.org/wiki/%D9%88%D8%A7%D8%AA%D8%B3%D9%88%D9%86_(%D8%AD%D8%A7%D8%B3%D9%88%D8%A8)","//de.wikipedia.org/wiki/Watson_(K%C3%BCnstliche_Intelligenz)","//et.wikipedia.org/wiki/Watson","//es.wikipedia.org/wiki/Watson_(inteligencia_artificial)","//fr.wikipedia.org/wiki/Watson_(intelligence_artificielle)","//ko.wikipedia.org/wiki/%EC%99%93%EC%8A%A8_(%EC%BB%B4%ED%93%A8%ED%84%B0)","//it.wikipedia.org/wiki/Watson_(intelligenza_artificiale)","//hu.wikipedia.org/wiki/Watson_(mesters%C3%A9ges_intelligencia)","//my.wikipedia.org/wiki/%E1%80%9D%E1%80%95%E1%80%BA%E1%80%86%E1%80%84%E1%80%BA_(%E1%80%9C%E1%80%B0%E1%80%9E%E1%80%AC%E1%80%B8%E1%80%90%E1%80%AD%E1%80%AF%E1%80%B7%E1%81%8F_%E1%80%89%E1%80%AC%E1%80%8F%E1%80%BA%E1%80%9B%E1%80%8A%E1%80%BA%E1%80%80%E1%80%AD%E1%80%AF_%E1%80%85%E1%80%AE%E1%80%85%E1%80%89%E1%80%BA%E1%80%90%E1%80%AF%E1%80%95%E1%80%91%E1%80%AC%E1%80%B8%E1%80%9E%E1%80%B1%E1%80%AC_%E1%80%80%E1%80%BD%E1%80%94%E1%80%BA%E1%80%95%E1%80%BB%E1%80%B0%E1%80%90%E1%80%AC_%E1%80%86%E1%80%B1%E1%80%AC%E1%80%B7%E1%80%96%E1%80%BA%E1%80%9D%E1%80%B2%E1%80%9C%E1%80%BA)","//nl.wikipedia.org/wiki/Watson_(supercomputer)","//ja.wikipedia.org/wiki/%E3%83%AF%E3%83%88%E3%82%BD%E3%83%B3_(%E3%82%B3%E3%83%B3%E3%83%94%E3%83%A5%E3%83%BC%E3%82%BF)","//oc.wikipedia.org/wiki/Watson","//pl.wikipedia.org/wiki/Watson_(superkomputer)","//pt.wikipedia.org/wiki/Watson_(supercomputador)","//ro.wikipedia.org/wiki/Watson","//ru.wikipedia.org/wiki/IBM_Watson","//simple.wikipedia.org/wiki/Watson","//sv.wikipedia.org/wiki/Watson_(Artificiell_Intelligens_Mjukvara)","//tr.wikipedia.org/wiki/Watson_(bilgisayar)","//uk.wikipedia.org/wiki/IBM_Watson","//vi.wikipedia.org/wiki/Watson_(ph%E1%BA%A7n_m%E1%BB%81m_tr%C3%AD_tu%E1%BB%87_nh%C3%A2n_t%E1%BA%A1o)","//zh.wikipedia.org/wiki/%E6%B2%83%E6%A3%AE_(%E4%BA%BA%E5%B7%A5%E6%99%BA%E8%83%BD%E7%A8%8B%E5%BA%8F)","#","//www.wikidata.org/wiki/Q12253#sitelinks-wikipedia","//en.wikipedia.org/wiki/Wikipedia:Text_of_Creative_Commons_Attribution-ShareAlike_3.0_Unported_License","//creativecommons.org/licenses/by-sa/3.0/","//wikimediafoundation.org/wiki/Terms_of_Use","//wikimediafoundation.org/wiki/Privacy_policy","//www.wikimediafoundation.org/","//wikimediafoundation.org/wiki/Privacy_policy","/wiki/Wikipedia:About","/wiki/Wikipedia:General_disclaimer","//en.wikipedia.org/wiki/Wikipedia:Contact_us","//en.m.wikipedia.org/wiki/Watson_(computer)","//wikimediafoundation.org/","//bits.wikimedia.org/images/wikimedia-button.png","//www.mediawiki.org/","//bits.wikimedia.org/static-1.22wmf12/skins/common/images/poweredby_mediawiki_88x31.png","//bits.wikimedia.org/en.wikipedia.org/load.php?debug=false&lang=en&modules=site&only=scripts&skin=vector&*"],"instances":["computing","computer_scientist","chess_computer","database","editor","web_designer"],"pdf":["http://clair.si.umich.edu/~radev/papers/anlp00.pdf","http://clair.si.umich.edu/~radev/papers/sigir00.pdf","http://www.nymc.edu/OfficesAndServices/PublicRelations/Assets/June2012_InTouch.pdf"],"categories":["IBM supercomputers","Jeopardy! contestants","Natural language processing software","One-of-a-kind computers","Power Architecture"],"headings":["Architecture","Hardware","Software","Data","Operation","Development history","Competing on ''Jeopardy!''","Future uses of software system","See also","References","Further reading","External links"],"image":["//upload.wikimedia.org/wikipedia/en/thumb/3/31/Watson%27s_avatar.jpg/220px-Watson%27s_avatar.jpg","//bits.wikimedia.org/static-1.22wmf12/skins/common/images/magnify-clip.png","//upload.wikimedia.org/wikipedia/commons/thumb/4/41/DeepQA.svg/350px-DeepQA.svg.png","//bits.wikimedia.org/static-1.22wmf12/skins/common/images/magnify-clip.png","//upload.wikimedia.org/wikipedia/en/thumb/a/a9/Watson_Answering.jpg/220px-Watson_Answering.jpg","//bits.wikimedia.org/static-1.22wmf12/skins/common/images/magnify-clip.png","//upload.wikimedia.org/wikipedia/en/thumb/9/9b/Watson_Jeopardy.jpg/220px-Watson_Jeopardy.jpg","//bits.wikimedia.org/static-1.22wmf12/skins/common/images/magnify-clip.png","//upload.wikimedia.org/wikipedia/commons/thumb/3/3f/IBMWatson.jpg/250px-IBMWatson.jpg","//bits.wikimedia.org/static-1.22wmf12/skins/common/images/magnify-clip.png","//upload.wikimedia.org/wikipedia/en/thumb/4/4a/Commons-logo.svg/30px-Commons-logo.svg.png","//upload.wikimedia.org/wikipedia/commons/thumb/8/89/Symbol_book_class2.svg/16px-Symbol_book_class2.svg.png","//upload.wikimedia.org/wikipedia/en/thumb/4/48/Folder_Hexagonal_Icon.svg/16px-Folder_Hexagonal_Icon.svg.png","//upload.wikimedia.org/wikipedia/en/thumb/f/fd/Portal-puzzle.svg/16px-Portal-puzzle.svg.png","//en.wikipedia.org/w/index.php?title=Special:CentralAutoLogin/start&type=1x1&from=enwiki","//bits.wikimedia.org/static-1.22wmf12/skins/vector/images/search-ltr.png?303-4","//bits.wikimedia.org/images/wikimedia-button.png","//bits.wikimedia.org/static-1.22wmf12/skins/common/images/poweredby_mediawiki_88x31.png"],"tags":[["john_rennie","editor"],["yago","database"],["deep_blue","chess_computer"],["paul_horn","computer_scientist"],["avatar","computing"],["42","number#in_the_hitchhiker's_guide_to_the_galaxy"],["joshua_davis","web_designer"],["toronto","disambiguation#united_states"]],"members":["toronto","avatar","paul_horn","deep_blue","yago","42","john_rennie","joshua_davis"],"related":["Smarter_planet","Artificial_intelligence","Natural_language","IBM","Principal_investigator","David_Ferrucci","Thomas_J._Watson","Quiz_show","Brad_Rutter","Ken_Jennings","Wikipedia","Utilization_management","Lung_cancer","Memorial_Sloan–Kettering_Cancer_Center","WellPoint","Question_answering","IBM","Natural_Language_Processing","Information_Retrieval","Knowledge_Representation","Automated_reasoning","Machine_Learning","Open_domain_question_answering","Analytics","POWER7","Terabyte","Embarrassingly_parallel","John_Rennie_(editor)","IBM_Master_Inventor","Top_500_Supercomputers","Hard_drive","Hadoop","UIMA","SUSE_Linux_Enterprise_Server","DBPedia","WordNet","YAGO_(database)","Wikipedia","Alex_Trebek","Buzzer","Brad_Rutter","Perception","Deep_Blue_(chess_computer)","Garry_Kasparov","Ken_Jennings","Paul_Horn_(computer_scientist)","Rensselaer_Polytechnic_Institute","Carnegie_Mellon_University","University_of_Massachusetts_Amherst","University_of_Southern_California","Information_Sciences_Institute","University_of_Texas_at_Austin","Massachusetts_Institute_of_Technology","New_York_Medical_College","University_of_Trento","Queens_College,_City_University_of_New_York","Harry_Friedman","Ken_Jennings","Brad_Rutter","Turing_test","Stephen_L._Baker","Non-dairy_creamer","Dairy","Avatar_(computing)","Joshua_Davis_(web_designer)","George_Eyser","Regression_analysis","Toronto","Canada","American_League","Semicolon","Toronto_Blue_Jays","World_Vision","World_Community_Grid","Overlord_meme","Internet_meme","Deep_Space_Homer","Yorktown_Heights,_New_York","Medical_diagnosis","Business_analytics","Technical_support","Knowledge_worker","John_Searle","Chinese_room","Thought_experiment","United_States_House_of_Representatives","Rush_D._Holt,_Jr.","Jim_Himes","Jared_Polis","Nan_Hayworth","Bill_Cassidy","General_counsel","Rensselaer_Polytechnic_Institute","Nuance_Communications","Clinical_decision_support_system","Columbia_University","University_of_Maryland","Wellpoint","YouTube","Utilization_management","Lung_cancer","Memorial_Sloan–Kettering_Cancer_Center","WellPoint","Blue_Gene","Commonsense_knowledge_problem","Strong_AI","Twitter","Hashtag","IEEE","Computer_History_Museum"]}