{"cursor":"4496","size":15,"audio":[],"currentlang":"en","article":"\n\nA 'yeast artificial chromosome' ('YAC') is a vector used to clone DNA fragments\nlarger than 100 kb and up to 3000 kb. YACs are useful for the physical mapping\nof complex genomes and for the cloning of large genes. First described in 1983\nby Murray and Szostak, a YAC is an artificially constructed chromosome that\ncontains a centromere, telomeres and an autonomous replicating sequence (ARS)\nelement, which are required for replication and preservation of YAC in yeast\ncells. ARS elements are thought to act as replication origins. A YAC is built\nusing an initial circular plasmid, which is typically broken into two linear\nmolecules using restriction enzymes; DNA ligase is then used to ligate a\nsequence or gene of interest between the two linear molecules, forming a single\nlarge linear piece of DNA..\n\nA plasmid-derived origin of replication (ori) and an antibiotic resistance gene\nallow the YAC vector to be amplified and selected for in [[Escherichia coli|E.\ncoli]]. TRP1 and URA3 genes are included in the YAC vector to provide a\nselection system for identifying transformed yeast cells that include YAC by\ncomplementing recessive alleles trp1 and ura3 in yeast host cell. YAC vector\ncloning site for foreign DNA is located within the SUP4 gene. This gene\ncompensates for a mutation in the yeast host cell that causes the accumulation\nof red pigment. The host cells are normally red, and those transformed with YAC\nonly, will form colourless colonies. Cloning of a foreign DNA fragment into the\nYAC causes insertional inactivation, restoring the red colour. Therefore the\ncolonies that contain the foreign DNA fragment are red. Strachan T. (2011).\nHuman molecular genetics / Tom Strachan and Andrew Read, 4th ed.\n","linknr":229,"url":"yeast_artificial_chromosome","recorded":1376422045,"links":["/w/index.php?title=Yeast_artificial_chromosome&action=edit","/w/index.php?title=Yeast_artificial_chromosome&action=edit","//bits.wikimedia.org/favicon/wikipedia.ico","/w/opensearch_desc.php","//en.wikipedia.org/w/api.php?action=rsd","//creativecommons.org/licenses/by-sa/3.0/","/w/index.php?title=Special:RecentChanges&feed=atom","http://en.wikipedia.org/wiki/Yeast_artificial_chromosome","//bits.wikimedia.org/en.wikipedia.org/load.php?debug=false&lang=en&modules=ext.gadget.DRN-wizard%2CReferenceTooltips%2Ccharinsert%2Cteahouse%7Cext.rtlcite%2Cwikihiero%7Cext.uls.nojs%7Cmediawiki.legacy.commonPrint%2Cshared%7Cmw.PopUpMediaTransform%7Cskins.vector&only=styles&skin=vector&*","//bits.wikimedia.org/en.wikipedia.org/load.php?debug=false&lang=en&modules=ext.visualEditor.viewPageTarget.noscript&only=styles&skin=vector&*","//bits.wikimedia.org/en.wikipedia.org/load.php?debug=false&lang=en&modules=site&only=styles&skin=vector&*","//bits.wikimedia.org/en.wikipedia.org/load.php?debug=false&lang=en&modules=startup&only=scripts&skin=vector&*","//bits.wikimedia.org/geoiplookup","//meta.wikimedia.org","#mw-navigation","#p-search","/wiki/File:Microtiter_plates,_Wash_U_Human_YAC_Library,_1993.JPG","//upload.wikimedia.org/wikipedia/commons/thumb/3/35/Microtiter_plates%2C_Wash_U_Human_YAC_Library%2C_1993.JPG/220px-Microtiter_plates%2C_Wash_U_Human_YAC_Library%2C_1993.JPG","/wiki/File:Microtiter_plates,_Wash_U_Human_YAC_Library,_1993.JPG","//bits.wikimedia.org/static-1.22wmf12/skins/common/images/magnify-clip.png","/wiki/Vector_(molecular_biology)","/wiki/Molecular_cloning","/wiki/DNA","/wiki/Base_pair","/wiki/Jack_W._Szostak","/wiki/Chromosome","/wiki/Centromere","/wiki/Telomere","/wiki/Autonomously_replicating_sequence","/wiki/ARS","/wiki/Yeast","/wiki/ARS","/wiki/Origin_of_replication","/wiki/Plasmid","/wiki/Restriction_enzyme","/wiki/DNA_ligase","/wiki/Wikipedia:Citation_needed","/wiki/Ori_(genetics)","/wiki/Antibiotic_resistance","/wiki/Escherichia_coli","/wiki/Transformation_(genetics)","#cite_note-1","#Advantages_and_Disadvantages","#See_also","#References","#External_links","/w/index.php?title=Yeast_artificial_chromosome&action=edit&section=1","/w/index.php?title=Yeast_artificial_chromosome&veaction=edit&section=1","/w/index.php?title=YIps&action=edit&redlink=1","/w/index.php?title=YEps&action=edit&redlink=1","/wiki/Bacterial_artificial_chromosome","/wiki/Posttranslational_modification","#cite_note-2","#cite_note-3","/wiki/Human_Genome_Project","/wiki/Bacterial_artificial_chromosome","/w/index.php?title=Yeast_artificial_chromosome&action=edit&section=2","/w/index.php?title=Yeast_artificial_chromosome&veaction=edit&section=2","/wiki/Bacterial_artificial_chromosome","/wiki/Cosmid","/wiki/Fosmid","/wiki/Genetic_engineering","/wiki/Human_artificial_chromosome","/wiki/Autonomously_replicating_sequence","/w/index.php?title=Yeast_artificial_chromosome&action=edit&section=3","/w/index.php?title=Yeast_artificial_chromosome&veaction=edit&section=3","#cite_ref-1","#cite_ref-2","#cite_ref-3","/w/index.php?title=Yeast_artificial_chromosome&action=edit&section=4","/w/index.php?title=Yeast_artificial_chromosome&veaction=edit&section=4","http://www.nlm.nih.gov/cgi/mesh/2011/MB_cgi?mode=&term=Yeast+Artificial+Chromosomes","/wiki/Medical_Subject_Headings","/wiki/Template:Nucleic_acids","/wiki/Template_talk:Nucleic_acids","//en.wikipedia.org/w/index.php?title=Template:Nucleic_acids&action=edit","/wiki/Nucleic_acid","/wiki/Nucleobases","/wiki/Nucleosides","/wiki/Nucleotides","/wiki/Deoxynucleotides","/wiki/RNA","/wiki/Non-coding_RNA","/wiki/RNA#In_translation","/wiki/Messenger_RNA","/wiki/Precursor_mRNA","/wiki/Transfer_RNA","/wiki/Ribosomal_RNA","/wiki/Transfer-messenger_RNA","/wiki/RNA#Regulatory_RNAs","/wiki/MicroRNA","/wiki/Small_interfering_RNA","/wiki/Piwi-interacting_RNA","/wiki/Antisense_RNA","/wiki/RNA_interference","/wiki/RNA#In_RNA_processing","/wiki/Small_nuclear_RNA","/wiki/Small_nucleolar_RNA","/wiki/Guide_RNA","/wiki/Small_hairpin_RNA","/wiki/Small_temporal_RNA","/wiki/Trans-acting_siRNA","/wiki/Subgenomic_RNA","/w/index.php?title=Sutherland_RNA&action=edit&redlink=1","/wiki/DNA","/wiki/Complementary_DNA","/wiki/Chloroplast_DNA","/wiki/GDNA","/wiki/Multicopy_single-stranded_DNA","/wiki/Mitochondrial_DNA","/wiki/Nucleic_acid_analogues","/wiki/Xeno_Nucleic_Acid","/wiki/Glycol_nucleic_acid","/wiki/Threose_nucleic_acid","/w/index.php?title=Hexose_nucleic_acid&action=edit&redlink=1","/wiki/Locked_nucleic_acid","/wiki/Peptide_nucleic_acid","/wiki/Morpholino","/wiki/Cloning_vector","/wiki/Phagemid","/wiki/Plasmid","/wiki/Lambda_phage","/wiki/Cosmid","/wiki/Fosmid","/wiki/P1-derived_artificial_chromosome","/wiki/Bacterial_artificial_chromosome","/wiki/Human_artificial_chromosome","/wiki/Biochemistry","/wiki/Template:Metabolism","/wiki/Template:Carbohydrates","/wiki/Template:Alcohols","/wiki/Template:Glycoproteins","/wiki/Template:Glycosides","/wiki/Template:Lipids","/wiki/Template:Eicosanoids","/wiki/Template:Fatty_acids","/wiki/Template:Fatty-acid_metabolism_intermediates","/wiki/Template:Phospholipids","/wiki/Template:Sphingolipids","/wiki/Template:Cholesterol_and_steroid_intermediates","/wiki/Template:Nucleic_acids","/wiki/Template:Nucleobases,_nucleosides,_and_nucleotides","/wiki/Template:Nucleotide_metabolism_intermediates","/wiki/Template:Protein_topics","/wiki/Template:Amino_acids","/wiki/Template:Amino_acid_metabolism_intermediates","/wiki/Template:Tetrapyrroles","/wiki/Template:Heme_metabolism_intermediates","/wiki/File:DNA_stub.png","//upload.wikimedia.org/wikipedia/commons/thumb/6/61/DNA_stub.png/40px-DNA_stub.png","/wiki/Genetics","/wiki/Wikipedia:Stub","//en.wikipedia.org/w/index.php?title=Yeast_artificial_chromosome&action=edit","/wiki/Template:Genetics-stub","/wiki/Template_talk:Genetics-stub","//en.wikipedia.org/w/index.php?title=Template:Genetics-stub&action=edit","/wiki/File:Lq-dna.png","//upload.wikimedia.org/wikipedia/commons/thumb/3/39/Lq-dna.png/30px-Lq-dna.png","/wiki/Biotechnology","/wiki/Wikipedia:Stub","//en.wikipedia.org/w/index.php?title=Yeast_artificial_chromosome&action=edit","/wiki/Template:Biotech-stub","/w/index.php?title=Template_talk:Biotech-stub&action=edit&redlink=1","//en.wikipedia.org/w/index.php?title=Template:Biotech-stub&action=edit","//en.wikipedia.org/w/index.php?title=Special:CentralAutoLogin/start&type=1x1&from=enwiki","http://en.wikipedia.org/w/index.php?title=Yeast_artificial_chromosome&oldid=540080844","/wiki/Help:Category","/wiki/Category:Molecular_biology","/wiki/Category:Genetics_stubs","/wiki/Category:Biotechnology_stubs","/wiki/Category:All_articles_with_unsourced_statements","/wiki/Category:Articles_with_unsourced_statements_from_January_2011","/w/index.php?title=Special:UserLogin&returnto=Yeast+artificial+chromosome&type=signup","/w/index.php?title=Special:UserLogin&returnto=Yeast+artificial+chromosome","/wiki/Yeast_artificial_chromosome","/wiki/Talk:Yeast_artificial_chromosome","#","/wiki/Yeast_artificial_chromosome","/w/index.php?title=Yeast_artificial_chromosome&action=edit","/w/index.php?title=Yeast_artificial_chromosome&veaction=edit","/w/index.php?title=Yeast_artificial_chromosome&action=history","#","/w/index.php","//bits.wikimedia.org/static-1.22wmf12/skins/vector/images/search-ltr.png?303-4","/wiki/Main_Page","/wiki/Main_Page","/wiki/Portal:Contents","/wiki/Portal:Featured_content","/wiki/Portal:Current_events","/wiki/Special:Random","https://donate.wikimedia.org/wiki/Special:FundraiserRedirector?utm_source=donate&utm_medium=sidebar&utm_campaign=C13_en.wikipedia.org&uselang=en","/wiki/Help:Contents","/wiki/Wikipedia:About","/wiki/Wikipedia:Community_portal","/wiki/Special:RecentChanges","//en.wikipedia.org/wiki/Wikipedia:Contact_us","/wiki/Special:WhatLinksHere/Yeast_artificial_chromosome","/wiki/Special:RecentChangesLinked/Yeast_artificial_chromosome","/wiki/Wikipedia:File_Upload_Wizard","/wiki/Special:SpecialPages","/w/index.php?title=Yeast_artificial_chromosome&oldid=540080844","/w/index.php?title=Yeast_artificial_chromosome&action=info","//www.wikidata.org/wiki/Q420895","/w/index.php?title=Special:Cite&page=Yeast_artificial_chromosome&id=540080844","/w/index.php?title=Special:Book&bookcmd=book_creator&referer=Yeast+artificial+chromosome","/w/index.php?title=Special:Book&bookcmd=render_article&arttitle=Yeast+artificial+chromosome&oldid=540080844&writer=rl","/w/index.php?title=Yeast_artificial_chromosome&printable=yes","//ca.wikipedia.org/wiki/Cromosoma_artificial_del_llevat","//de.wikipedia.org/wiki/Yeast_Artificial_Chromosome","//es.wikipedia.org/wiki/Cromosoma_artificial_de_levadura","//fr.wikipedia.org/wiki/Chromosome_artificiel_de_levure","//it.wikipedia.org/wiki/Yeast_artificial_chromosome","//zh.wikipedia.org/wiki/%E9%85%B5%E6%AF%8D%E8%8F%8C%E4%BA%BA%E5%B7%A5%E6%9F%93%E8%89%B2%E9%AB%94","#","//www.wikidata.org/wiki/Q420895#sitelinks-wikipedia","//en.wikipedia.org/wiki/Wikipedia:Text_of_Creative_Commons_Attribution-ShareAlike_3.0_Unported_License","//creativecommons.org/licenses/by-sa/3.0/","//wikimediafoundation.org/wiki/Terms_of_Use","//wikimediafoundation.org/wiki/Privacy_policy","//www.wikimediafoundation.org/","//wikimediafoundation.org/wiki/Privacy_policy","/wiki/Wikipedia:About","/wiki/Wikipedia:General_disclaimer","//en.wikipedia.org/wiki/Wikipedia:Contact_us","//en.m.wikipedia.org/wiki/Yeast_artificial_chromosome","//wikimediafoundation.org/","//bits.wikimedia.org/images/wikimedia-button.png","//www.mediawiki.org/","//bits.wikimedia.org/static-1.22wmf12/skins/common/images/poweredby_mediawiki_88x31.png","//bits.wikimedia.org/en.wikipedia.org/load.php?debug=false&lang=en&modules=site&only=scripts&skin=vector&*"],"instances":["genetics","genetics","molecular_biology"],"pdf":[],"categories":["Molecular biology"],"headings":["Advantages and Disadvantages","See also","References","External links"],"image":["//upload.wikimedia.org/wikipedia/commons/thumb/3/35/Microtiter_plates%2C_Wash_U_Human_YAC_Library%2C_1993.JPG/220px-Microtiter_plates%2C_Wash_U_Human_YAC_Library%2C_1993.JPG","//bits.wikimedia.org/static-1.22wmf12/skins/common/images/magnify-clip.png","//upload.wikimedia.org/wikipedia/commons/thumb/6/61/DNA_stub.png/40px-DNA_stub.png","//upload.wikimedia.org/wikipedia/commons/thumb/3/39/Lq-dna.png/30px-Lq-dna.png","//en.wikipedia.org/w/index.php?title=Special:CentralAutoLogin/start&type=1x1&from=enwiki","//bits.wikimedia.org/static-1.22wmf12/skins/vector/images/search-ltr.png?303-4","//bits.wikimedia.org/images/wikimedia-button.png","//bits.wikimedia.org/static-1.22wmf12/skins/common/images/poweredby_mediawiki_88x31.png"],"tags":[["vector","molecular_biology"],["ori","genetics"],["transformation","genetics"]],"members":["ori","transformation","vector"],"related":["Vector_(molecular_biology)","Molecular_cloning","DNA","Base_pair","Jack_W._Szostak","Chromosome","Centromere","Telomere","Autonomously_replicating_sequence","ARS","Yeast","ARS","Origin_of_replication","Plasmid","Restriction_enzyme","DNA_ligase","Ori_(genetics)","Antibiotic_resistance","Transformation_(genetics)","YIps","YEps","Bacterial_artificial_chromosome","Posttranslational_modification","Human_Genome_Project","Bacterial_artificial_chromosome","Bacterial_artificial_chromosome","Cosmid","Fosmid","Genetic_engineering","Human_artificial_chromosome","Autonomously_replicating_sequence"]}